page_type,시도,시군구,읍면동,리,학교명,학교급,대상,source_html,confidence,is_valid,validation_note
school,강원특별자치도,강릉시,강릉시교동,,강릉명륜고등학교,고등학교,고등학생,C:\Users\user\Documents\GitHub\studynavi\강원과외\강릉시과외\강릉시교동과외\강릉명륜고과외\index.html,high,true,정상
school,강원특별자치도,강릉시,강릉시교동,,강릉제일고등학교,고등학교,고등학생,C:\Users\user\Documents\GitHub\studynavi\강원과외\강릉시과외\강릉시교동과외\강릉제일고과외\index.html,high,true,정상
school,강원특별자치도,강릉시,강릉시교동,,강일여자고등학교,고등학교,고등학생,C:\Users\user\Documents\GitHub\studynavi\강원과외\강릉시과외\강릉시교동과외\강일여자고과외\index.html,high,true,정상
school,강원특별자치도,강릉시,강릉시교동,,관동중학교,중학교,중학생,C:\Users\user\Documents\GitHub\studynavi\강원과외\강릉시과외\강릉시교동과외\관동중과외\index.html,high,true,정상
school,강원특별자치도,강릉시,강릉시교동,,솔올중학교,중학교,중학생,C:\Users\user\Documents\GitHub\studynavi\강원과외\강릉시과외\강릉시교동과외\솔올중과외\index.html,high,true,정상
school,강원특별자치도,강릉시,강릉시교동,,율곡중학교,중학교,중학생,C:\Users\user\Documents\GitHub\studynavi\강원과외\강릉시과외\강릉시교동과외\율곡중과외\index.html,high,true,정상
school,강원특별자치도,강릉시,노암동,,경포중학교,중학교,중학생,C:\Users\user\Documents\GitHub\studynavi\강원과외\강릉시과외\강원노암동과외\경포중과외\index.html,high,true,정상
school,강원특별자치도,강릉시,용강동,,강릉해람중학교,중학교,중학생,C:\Users\user\Documents\GitHub\studynavi\강원과외\강릉시과외\강원용강동과외\강릉해람중과외\index.html,high,true,정상
school,강원특별자치도,강릉시,옥천동,,강릉여자고등학교,고등학교,고등학생,C:\Users\user\Documents\GitHub\studynavi\강원과외\강릉시과외\옥천동과외\강릉여자고과외\index.html,high,true,정상
school,강원특별자치도,강릉시,입암동,,강릉중학교,중학교,중학생,C:\Users\user\Documents\GitHub\studynavi\강원과외\강릉시과외\입암동과외\강릉중과외\index.html,high,true,정상
school,강원특별자치도,강릉시,입암동,,강릉중앙고등학교,고등학교,고등학생,C:\Users\user\Documents\GitHub\studynavi\강원과외\강릉시과외\입암동과외\강릉중앙고과외\index.html,high,true,정상
school,강원특별자치도,강릉시,지변동,,강릉문성고등학교,고등학교,고등학생,C:\Users\user\Documents\GitHub\studynavi\강원과외\강릉시과외\지변동과외\강릉문성고과외\index.html,high,true,정상
school,강원특별자치도,강릉시,초당동,,강릉고등학교,고등학교,고등학생,C:\Users\user\Documents\GitHub\studynavi\강원과외\강릉시과외\초당동과외\강릉고과외\index.html,high,true,정상
school,강원특별자치도,강릉시,포남동,,경포고등학교,고등학교,고등학생,C:\Users\user\Documents\GitHub\studynavi\강원과외\강릉시과외\포남동과외\경포고과외\index.html,high,true,정상
school,강원특별자치도,강릉시,포남동,,동명중학교,중학교,중학생,C:\Users\user\Documents\GitHub\studynavi\강원과외\강릉시과외\포남동과외\동명중과외\index.html,high,true,정상
school,강원특별자치도,동해시,부곡동,,묵호고등학교,고등학교,고등학생,C:\Users\user\Documents\GitHub\studynavi\강원과외\동해시과외\강원부곡동과외\묵호고과외\index.html,high,true,정상
school,강원특별자치도,동해시,용정동,,북평중학교,중학교,중학생,C:\Users\user\Documents\GitHub\studynavi\강원과외\동해시과외\강원용정동과외\북평중과외\index.html,high,true,정상
school,강원특별자치도,동해시,천곡동,,동해삼육고등학교,고등학교,고등학생,C:\Users\user\Documents\GitHub\studynavi\강원과외\동해시과외\강원천곡동과외\동해삼육고과외\index.html,high,true,정상
school,강원특별자치도,동해시,천곡동,,동해삼육중학교,중학교,중학생,C:\Users\user\Documents\GitHub\studynavi\강원과외\동해시과외\강원천곡동과외\동해삼육중과외\index.html,high,true,정상
school,강원특별자치도,동해시,천곡동,,북평여자고등학교,고등학교,고등학생,C:\Users\user\Documents\GitHub\studynavi\강원과외\동해시과외\강원천곡동과외\북평여자고과외\index.html,high,true,정상
school,강원특별자치도,동해시,단봉동,,예람중학교,중학교,중학생,C:\Users\user\Documents\GitHub\studynavi\강원과외\동해시과외\단봉동과외\예람중과외\index.html,high,true,정상
school,강원특별자치도,동해시,동회동,,동해광희고등학교,고등학교,고등학생,C:\Users\user\Documents\GitHub\studynavi\강원과외\동해시과외\동회동과외\동해광희고과외\index.html,high,true,정상
school,강원특별자치도,동해시,동회동,,동해광희중학교,중학교,중학생,C:\Users\user\Documents\GitHub\studynavi\강원과외\동해시과외\동회동과외\동해광희중과외\index.html,high,true,정상
school,강원특별자치도,동해시,동회동,,북평고등학교,고등학교,고등학생,C:\Users\user\Documents\GitHub\studynavi\강원과외\동해시과외\동회동과외\북평고과외\index.html,high,true,정상
school,강원특별자치도,동해시,발한동,,동해중학교,중학교,중학생,C:\Users\user\Documents\GitHub\studynavi\강원과외\동해시과외\발한동과외\동해중과외\index.html,high,true,정상
school,강원특별자치도,동해시,발한동,,하랑중학교,중학교,중학생,C:\Users\user\Documents\GitHub\studynavi\강원과외\동해시과외\발한동과외\하랑중과외\index.html,high,true,정상
school,강원특별자치도,삼척시,남양동,,삼일고등학교,고등학교,고등학생,C:\Users\user\Documents\GitHub\studynavi\강원과외\삼척시과외\남양동과외\삼일고과외\index.html,high,true,정상
school,강원특별자치도,삼척시,남양동,,삼일중학교,중학교,중학생,C:\Users\user\Documents\GitHub\studynavi\강원과외\삼척시과외\남양동과외\삼일중과외\index.html,high,true,정상
school,강원특별자치도,삼척시,남양동,,삼척여자고등학교,고등학교,고등학생,C:\Users\user\Documents\GitHub\studynavi\강원과외\삼척시과외\남양동과외\삼척여자고과외\index.html,high,true,정상
school,강원특별자치도,삼척시,당저동,,삼척고등학교,고등학교,고등학생,C:\Users\user\Documents\GitHub\studynavi\강원과외\삼척시과외\당저동과외\삼척고과외\index.html,high,true,정상
school,강원특별자치도,삼척시,당저동,,청아중학교,중학교,중학생,C:\Users\user\Documents\GitHub\studynavi\강원과외\삼척시과외\당저동과외\청아중과외\index.html,high,true,정상
school,강원특별자치도,삼척시,자원동,,삼척중학교,중학교,중학생,C:\Users\user\Documents\GitHub\studynavi\강원과외\삼척시과외\자원동과외\삼척중과외\index.html,high,true,정상
school,강원특별자치도,속초시,금호동,,속초해랑중학교,중학교,중학생,C:\Users\user\Documents\GitHub\studynavi\강원과외\속초시과외\강원금호동과외\속초해랑중과외\index.html,high,true,정상
school,강원특별자치도,속초시,노학동,,설온중학교,중학교,중학생,C:\Users\user\Documents\GitHub\studynavi\강원과외\속초시과외\노학동과외\설온중과외\index.html,high,true,정상
school,강원특별자치도,속초시,속초시교동,,설악중학교,중학교,중학생,C:\Users\user\Documents\GitHub\studynavi\강원과외\속초시과외\속초시교동과외\설악중과외\index.html,high,true,정상
school,강원특별자치도,속초시,속초시교동,,속초여자고등학교,고등학교,고등학생,C:\Users\user\Documents\GitHub\studynavi\강원과외\속초시과외\속초시교동과외\속초여자고과외\index.html,high,true,정상
school,강원특별자치도,속초시,속초시교동,,속초중학교,중학교,중학생,C:\Users\user\Documents\GitHub\studynavi\강원과외\속초시과외\속초시교동과외\속초중과외\index.html,high,true,정상
school,강원특별자치도,속초시,장사동,,속초고등학교,고등학교,고등학생,C:\Users\user\Documents\GitHub\studynavi\강원과외\속초시과외\장사동과외\속초고과외\index.html,high,true,정상
school,강원특별자치도,속초시,조양동,,설악고등학교,고등학교,고등학생,C:\Users\user\Documents\GitHub\studynavi\강원과외\속초시과외\조양동과외\설악고과외\index.html,high,true,정상
school,강원특별자치도,양구군,남동,,대암중학교,중학교,중학생,C:\Users\user\Documents\GitHub\studynavi\강원과외\양구군과외\강원남동과외\대암중과외\index.html,high,true,정상
school,강원특별자치도,영월군,상동,,상동고등학교,고등학교,고등학생,C:\Users\user\Documents\GitHub\studynavi\강원과외\영월군과외\강원상동과외\상동고과외\index.html,high,true,정상
school,강원특별자치도,영월군,상동,,상동중학교,중학교,중학생,C:\Users\user\Documents\GitHub\studynavi\강원과외\영월군과외\강원상동과외\상동중과외\index.html,high,true,정상
school,강원특별자치도,영월군,영월동,,옥동중학교,중학교,중학생,C:\Users\user\Documents\GitHub\studynavi\강원과외\영월군과외\영월동과외\옥동중과외\index.html,high,true,정상
school,강원특별자치도,원주시,명륜동,,원주여자중학교,중학교,중학생,C:\Users\user\Documents\GitHub\studynavi\강원과외\원주시과외\강원명륜동과외\원주여자중과외\index.html,high,true,정상
school,강원특별자치도,원주시,반곡동,,반곡중학교,중학교,중학생,C:\Users\user\Documents\GitHub\studynavi\강원과외\원주시과외\강원반곡동과외\반곡중과외\index.html,high,true,정상
school,강원특별자치도,원주시,반곡동,,버들중학교,중학교,중학생,C:\Users\user\Documents\GitHub\studynavi\강원과외\원주시과외\강원반곡동과외\버들중과외\index.html,high,true,정상
school,강원특별자치도,원주시,반곡동,,영서고등학교,고등학교,고등학생,C:\Users\user\Documents\GitHub\studynavi\강원과외\원주시과외\강원반곡동과외\영서고과외\index.html,high,true,정상
school,강원특별자치도,원주시,반곡동,,원주여자고등학교,고등학교,고등학생,C:\Users\user\Documents\GitHub\studynavi\강원과외\원주시과외\강원반곡동과외\원주여자고과외\index.html,high,true,정상
school,강원특별자치도,원주시,우산동,,진광고등학교,고등학교,고등학생,C:\Users\user\Documents\GitHub\studynavi\강원과외\원주시과외\강원우산동과외\진광고과외\index.html,high,true,정상
school,강원특별자치도,원주시,우산동,,진광중학교,중학교,중학생,C:\Users\user\Documents\GitHub\studynavi\강원과외\원주시과외\강원우산동과외\진광중과외\index.html,high,true,정상
school,강원특별자치도,원주시,일산동,,학성중학교,중학교,중학생,C:\Users\user\Documents\GitHub\studynavi\강원과외\원주시과외\강원일산동과외\학성중과외\index.html,high,true,정상
school,강원특별자치도,원주시,개운동,,상지여자고등학교,고등학교,고등학생,C:\Users\user\Documents\GitHub\studynavi\강원과외\원주시과외\개운동과외\상지여자고과외\index.html,high,true,정상
school,강원특별자치도,원주시,개운동,,상지여자중학교,중학교,중학생,C:\Users\user\Documents\GitHub\studynavi\강원과외\원주시과외\개운동과외\상지여자중과외\index.html,high,true,정상
school,강원특별자치도,원주시,개운동,,원주고등학교,고등학교,고등학생,C:\Users\user\Documents\GitHub\studynavi\강원과외\원주시과외\개운동과외\원주고과외\index.html,high,true,정상
school,강원특별자치도,원주시,관설동,,치악고등학교,고등학교,고등학생,C:\Users\user\Documents\GitHub\studynavi\강원과외\원주시과외\관설동과외\치악고과외\index.html,high,true,정상
school,강원특별자치도,원주시,단계동,,북원여자고등학교,고등학교,고등학생,C:\Users\user\Documents\GitHub\studynavi\강원과외\원주시과외\단계동과외\북원여자고과외\index.html,high,true,정상
school,강원특별자치도,원주시,단계동,,치악중학교,중학교,중학생,C:\Users\user\Documents\GitHub\studynavi\강원과외\원주시과외\단계동과외\치악중과외\index.html,high,true,정상
school,강원특별자치도,원주시,단계동,,평원중학교,중학교,중학생,C:\Users\user\Documents\GitHub\studynavi\강원과외\원주시과외\단계동과외\평원중과외\index.html,high,true,정상
school,강원특별자치도,원주시,단구동,,남원주중학교,중학교,중학생,C:\Users\user\Documents\GitHub\studynavi\강원과외\원주시과외\단구동과외\남원주중과외\index.html,high,true,정상
school,강원특별자치도,원주시,단구동,,단구중학교,중학교,중학생,C:\Users\user\Documents\GitHub\studynavi\강원과외\원주시과외\단구동과외\단구중과외\index.html,high,true,정상
school,강원특별자치도,원주시,단구동,,원주중학교,중학교,중학생,C:\Users\user\Documents\GitHub\studynavi\강원과외\원주시과외\단구동과외\원주중과외\index.html,high,true,정상
school,강원특별자치도,원주시,마지동,,신림중학교,중학교,중학생,C:\Users\user\Documents\GitHub\studynavi\강원과외\원주시과외\마지동과외\신림중과외\index.html,high,true,정상
school,강원특별자치도,원주시,무실동,,대성고등학교,고등학교,고등학생,C:\Users\user\Documents\GitHub\studynavi\강원과외\원주시과외\무실동과외\대성고과외\index.html,high,true,정상
school,강원특별자치도,원주시,무실동,,원주대성중학교,중학교,중학생,C:\Users\user\Documents\GitHub\studynavi\강원과외\원주시과외\무실동과외\원주대성중과외\index.html,high,true,정상
school,강원특별자치도,원주시,무실동,,원주삼육고등학교,고등학교,고등학생,C:\Users\user\Documents\GitHub\studynavi\강원과외\원주시과외\무실동과외\원주삼육고과외\index.html,high,true,정상
school,강원특별자치도,원주시,무실동,,원주삼육중학교,중학교,중학생,C:\Users\user\Documents\GitHub\studynavi\강원과외\원주시과외\무실동과외\원주삼육중과외\index.html,high,true,정상
school,강원특별자치도,원주시,태장동,,강원과학고등학교,고등학교,고등학생,C:\Users\user\Documents\GitHub\studynavi\강원과외\원주시과외\태장동과외\강원과학고과외\index.html,high,true,정상
school,강원특별자치도,원주시,태장동,,북원중학교,중학교,중학생,C:\Users\user\Documents\GitHub\studynavi\강원과외\원주시과외\태장동과외\북원중과외\index.html,high,true,정상
school,강원특별자치도,원주시,태장동,,태장중학교,중학교,중학생,C:\Users\user\Documents\GitHub\studynavi\강원과외\원주시과외\태장동과외\태장중과외\index.html,high,true,정상
school,강원특별자치도,원주시,행구동,,미래고등학교,고등학교,고등학생,C:\Users\user\Documents\GitHub\studynavi\강원과외\원주시과외\행구동과외\미래고과외\index.html,high,true,정상
school,강원특별자치도,정선군,신동,,함백고등학교,고등학교,고등학생,C:\Users\user\Documents\GitHub\studynavi\강원과외\정선군과외\강원신동과외\함백고과외\index.html,high,true,정상
school,강원특별자치도,정선군,신동,,함백중학교,중학교,중학생,C:\Users\user\Documents\GitHub\studynavi\강원과외\정선군과외\강원신동과외\함백중과외\index.html,high,true,정상
school,강원특별자치도,춘천시,낙원동,,성수고등학교,고등학교,고등학생,C:\Users\user\Documents\GitHub\studynavi\강원과외\춘천시과외\강원낙원동과외\성수고과외\index.html,high,true,정상
school,강원특별자치도,춘천시,낙원동,,성수여자고등학교,고등학교,고등학생,C:\Users\user\Documents\GitHub\studynavi\강원과외\춘천시과외\강원낙원동과외\성수여자고과외\index.html,high,true,정상
school,강원특별자치도,춘천시,효자동,,봄내중학교,중학교,중학생,C:\Users\user\Documents\GitHub\studynavi\강원과외\춘천시과외\강원효자동과외\봄내중과외\index.html,high,true,정상
school,강원특별자치도,춘천시,사농동,,소양중학교,중학교,중학생,C:\Users\user\Documents\GitHub\studynavi\강원과외\춘천시과외\사농동과외\소양중과외\index.html,high,true,정상
school,강원특별자치도,춘천시,석사동,,우석중학교,중학교,중학생,C:\Users\user\Documents\GitHub\studynavi\강원과외\춘천시과외\석사동과외\우석중과외\index.html,high,true,정상
school,강원특별자치도,춘천시,송암동,,강원체육중학교,중학교,중학생,C:\Users\user\Documents\GitHub\studynavi\강원과외\춘천시과외\송암동과외\강원체육중과외\index.html,high,true,정상
school,강원특별자치도,춘천시,온의동,,남춘천여자중학교,중학교,중학생,C:\Users\user\Documents\GitHub\studynavi\강원과외\춘천시과외\온의동과외\남춘천여자중과외\index.html,high,true,정상
school,강원특별자치도,춘천시,온의동,,남춘천중학교,중학교,중학생,C:\Users\user\Documents\GitHub\studynavi\강원과외\춘천시과외\온의동과외\남춘천중과외\index.html,high,true,정상
school,강원특별자치도,춘천시,춘천시교동,,유봉여자고등학교,고등학교,고등학생,C:\Users\user\Documents\GitHub\studynavi\강원과외\춘천시과외\춘천시교동과외\유봉여자고과외\index.html,high,true,정상
school,강원특별자치도,춘천시,춘천시교동,,유봉여자중학교,중학교,중학생,C:\Users\user\Documents\GitHub\studynavi\강원과외\춘천시과외\춘천시교동과외\유봉여자중과외\index.html,high,true,정상
school,강원특별자치도,춘천시,퇴계동,,대룡중학교,중학교,중학생,C:\Users\user\Documents\GitHub\studynavi\강원과외\춘천시과외\퇴계동과외\대룡중과외\index.html,high,true,정상
school,강원특별자치도,춘천시,퇴계동,,퇴계중학교,중학교,중학생,C:\Users\user\Documents\GitHub\studynavi\강원과외\춘천시과외\퇴계동과외\퇴계중과외\index.html,high,true,정상
school,강원특별자치도,춘천시,후평동,,강원대학교사범대학부설고등학교,고등학교,고등학생,C:\Users\user\Documents\GitHub\studynavi\강원과외\춘천시과외\후평동과외\강원대학교사범대학부설고과외\index.html,high,true,정상
school,강원특별자치도,춘천시,후평동,,봉의고등학교,고등학교,고등학생,C:\Users\user\Documents\GitHub\studynavi\강원과외\춘천시과외\후평동과외\봉의고과외\index.html,high,true,정상
school,강원특별자치도,춘천시,후평동,,봉의중학교,중학교,중학생,C:\Users\user\Documents\GitHub\studynavi\강원과외\춘천시과외\후평동과외\봉의중과외\index.html,high,true,정상
school,강원특별자치도,춘천시,후평동,,후평중학교,중학교,중학생,C:\Users\user\Documents\GitHub\studynavi\강원과외\춘천시과외\후평동과외\후평중과외\index.html,high,true,정상
school,강원특별자치도,태백시,장성동,,태백중학교,중학교,중학생,C:\Users\user\Documents\GitHub\studynavi\강원과외\태백시과외\강원장성동과외\태백중과외\index.html,high,true,정상
school,강원특별자치도,태백시,장성동,,한국항공고등학교,고등학교,고등학생,C:\Users\user\Documents\GitHub\studynavi\강원과외\태백시과외\강원장성동과외\한국항공고과외\index.html,high,true,정상
school,강원특별자치도,태백시,문곡동,,장성여자고등학교,고등학교,고등학생,C:\Users\user\Documents\GitHub\studynavi\강원과외\태백시과외\문곡동과외\장성여자고과외\index.html,high,true,정상
school,강원특별자치도,태백시,철암동,,철암고등학교,고등학교,고등학생,C:\Users\user\Documents\GitHub\studynavi\강원과외\태백시과외\철암동과외\철암고과외\index.html,high,true,정상
school,강원특별자치도,태백시,철암동,,철암중학교,중학교,중학생,C:\Users\user\Documents\GitHub\studynavi\강원과외\태백시과외\철암동과외\철암중과외\index.html,high,true,정상
school,강원특별자치도,태백시,황지동,,상장중학교,중학교,중학생,C:\Users\user\Documents\GitHub\studynavi\강원과외\태백시과외\황지동과외\상장중과외\index.html,high,true,정상
school,강원특별자치도,태백시,황지동,,세연중학교,중학교,중학생,C:\Users\user\Documents\GitHub\studynavi\강원과외\태백시과외\황지동과외\세연중과외\index.html,high,true,정상
school,강원특별자치도,태백시,황지동,,함태중학교,중학교,중학생,C:\Users\user\Documents\GitHub\studynavi\강원과외\태백시과외\황지동과외\함태중과외\index.html,high,true,정상
school,강원특별자치도,태백시,황지동,,황지고등학교,고등학교,고등학생,C:\Users\user\Documents\GitHub\studynavi\강원과외\태백시과외\황지동과외\황지고과외\index.html,high,true,정상
school,강원특별자치도,태백시,황지동,,황지중학교,중학교,중학생,C:\Users\user\Documents\GitHub\studynavi\강원과외\태백시과외\황지동과외\황지중과외\index.html,high,true,정상
school,강원특별자치도,평창군,평창군서동,,미탄중학교,중학교,중학생,C:\Users\user\Documents\GitHub\studynavi\강원과외\평창군과외\평창군서동과외\미탄중과외\index.html,high,true,정상
school,강원특별자치도,화천군,간동,,간동고등학교,고등학교,고등학생,C:\Users\user\Documents\GitHub\studynavi\강원과외\화천군과외\간동과외\간동고과외\index.html,high,true,정상
school,강원특별자치도,화천군,간동,,간동중학교,중학교,중학생,C:\Users\user\Documents\GitHub\studynavi\강원과외\화천군과외\간동과외\간동중과외\index.html,high,true,정상
school,강원특별자치도,횡성군,대동,,대동여자중학교,중학교,중학생,C:\Users\user\Documents\GitHub\studynavi\강원과외\횡성군과외\강원대동과외\대동여자중과외\index.html,high,true,정상
school,강원특별자치도,횡성군,횡성군서동,,안흥고등학교,고등학교,고등학생,C:\Users\user\Documents\GitHub\studynavi\강원과외\횡성군과외\횡성군서동과외\안흥고과외\index.html,high,true,정상
school,강원특별자치도,횡성군,횡성군서동,,안흥중학교,중학교,중학생,C:\Users\user\Documents\GitHub\studynavi\강원과외\횡성군과외\횡성군서동과외\안흥중과외\index.html,high,true,정상
school,경기도,고양시,가좌동,,가좌고등학교,고등학교,고등학생,C:\Users\user\Documents\GitHub\studynavi\경기과외\고양시과외\경기가좌동과외\가좌고과외\index.html,high,true,정상
school,경기도,고양시,가좌동,,고양송산중학교,중학교,중학생,C:\Users\user\Documents\GitHub\studynavi\경기과외\고양시과외\경기가좌동과외\고양송산중과외\index.html,high,true,정상
school,경기도,고양시,동산동,,고양동산고등학교,고등학교,고등학생,C:\Users\user\Documents\GitHub\studynavi\경기과외\고양시과외\경기동산동과외\고양동산고과외\index.html,high,true,정상
school,경기도,고양시,백석동,,백마고등학교,고등학교,고등학생,C:\Users\user\Documents\GitHub\studynavi\경기과외\고양시과외\경기백석동과외\백마고과외\index.html,high,true,정상
school,경기도,고양시,백석동,,백석중학교,중학교,중학생,C:\Users\user\Documents\GitHub\studynavi\경기과외\고양시과외\경기백석동과외\백석중과외\index.html,high,true,정상
school,경기도,고양시,백석동,,백신고등학교,고등학교,고등학생,C:\Users\user\Documents\GitHub\studynavi\경기과외\고양시과외\경기백석동과외\백신고과외\index.html,high,true,정상
school,경기도,고양시,신원동,,신원고등학교,고등학교,고등학생,C:\Users\user\Documents\GitHub\studynavi\경기과외\고양시과외\경기신원동과외\신원고과외\index.html,high,true,정상
school,경기도,고양시,신원동,,신원중학교,중학교,중학생,C:\Users\user\Documents\GitHub\studynavi\경기과외\고양시과외\경기신원동과외\신원중과외\index.html,high,true,정상
school,경기도,고양시,일산동,,신일중학교,중학교,중학생,C:\Users\user\Documents\GitHub\studynavi\경기과외\고양시과외\경기일산동과외\신일중과외\index.html,high,true,정상
school,경기도,고양시,일산동,,일산고등학교,고등학교,고등학생,C:\Users\user\Documents\GitHub\studynavi\경기과외\고양시과외\경기일산동과외\일산고과외\index.html,high,true,정상
school,경기도,고양시,일산동,,일산중학교,중학교,중학생,C:\Users\user\Documents\GitHub\studynavi\경기과외\고양시과외\경기일산동과외\일산중과외\index.html,high,true,정상
school,경기도,고양시,일산동,,현산중학교,중학교,중학생,C:\Users\user\Documents\GitHub\studynavi\경기과외\고양시과외\경기일산동과외\현산중과외\index.html,high,true,정상
school,경기도,고양시,중산동,,안곡고등학교,고등학교,고등학생,C:\Users\user\Documents\GitHub\studynavi\경기과외\고양시과외\경기중산동과외\안곡고과외\index.html,high,true,정상
school,경기도,고양시,중산동,,안곡중학교,중학교,중학생,C:\Users\user\Documents\GitHub\studynavi\경기과외\고양시과외\경기중산동과외\안곡중과외\index.html,high,true,정상
school,경기도,고양시,중산동,,중산고등학교,고등학교,고등학생,C:\Users\user\Documents\GitHub\studynavi\경기과외\고양시과외\경기중산동과외\중산고과외\index.html,high,true,정상
school,경기도,고양시,중산동,,중산중학교,중학교,중학생,C:\Users\user\Documents\GitHub\studynavi\경기과외\고양시과외\경기중산동과외\중산중과외\index.html,high,true,정상
school,경기도,고양시,화정동,,백양중학교,중학교,중학생,C:\Users\user\Documents\GitHub\studynavi\경기과외\고양시과외\경기화정동과외\백양중과외\index.html,high,true,정상
school,경기도,고양시,화정동,,지도중학교,중학교,중학생,C:\Users\user\Documents\GitHub\studynavi\경기과외\고양시과외\경기화정동과외\지도중과외\index.html,high,true,정상
school,경기도,고양시,화정동,,화수고등학교,고등학교,고등학생,C:\Users\user\Documents\GitHub\studynavi\경기과외\고양시과외\경기화정동과외\화수고과외\index.html,high,true,정상
school,경기도,고양시,화정동,,화수중학교,중학교,중학생,C:\Users\user\Documents\GitHub\studynavi\경기과외\고양시과외\경기화정동과외\화수중과외\index.html,high,true,정상
school,경기도,고양시,화정동,,화정고등학교,고등학교,고등학생,C:\Users\user\Documents\GitHub\studynavi\경기과외\고양시과외\경기화정동과외\화정고과외\index.html,high,true,정상
school,경기도,고양시,화정동,,화정중학교,중학교,중학생,C:\Users\user\Documents\GitHub\studynavi\경기과외\고양시과외\경기화정동과외\화정중과외\index.html,high,true,정상
school,경기도,고양시,고양동,,고양일고등학교,고등학교,고등학생,C:\Users\user\Documents\GitHub\studynavi\경기과외\고양시과외\고양동과외\고양일고과외\index.html,high,true,정상
school,경기도,고양시,고양동,,목암중학교,중학교,중학생,C:\Users\user\Documents\GitHub\studynavi\경기과외\고양시과외\고양동과외\목암중과외\index.html,high,true,정상
school,경기도,고양시,관산동,,고양외국어고등학교,고등학교,고등학생,C:\Users\user\Documents\GitHub\studynavi\경기과외\고양시과외\관산동과외\고양외국어고과외\index.html,high,true,정상
school,경기도,고양시,관산동,,고양제일중학교,중학교,중학생,C:\Users\user\Documents\GitHub\studynavi\경기과외\고양시과외\관산동과외\고양제일중과외\index.html,high,true,정상
school,경기도,고양시,대화동,,대송중학교,중학교,중학생,C:\Users\user\Documents\GitHub\studynavi\경기과외\고양시과외\대화동과외\대송중과외\index.html,high,true,정상
school,경기도,고양시,대화동,,대화고등학교,고등학교,고등학생,C:\Users\user\Documents\GitHub\studynavi\경기과외\고양시과외\대화동과외\대화고과외\index.html,high,true,정상
school,경기도,고양시,대화동,,대화중학교,중학교,중학생,C:\Users\user\Documents\GitHub\studynavi\경기과외\고양시과외\대화동과외\대화중과외\index.html,high,true,정상
school,경기도,고양시,대화동,,일산대진고등학교,고등학교,고등학생,C:\Users\user\Documents\GitHub\studynavi\경기과외\고양시과외\대화동과외\일산대진고과외\index.html,high,true,정상
school,경기도,고양시,대화동,,장성중학교,중학교,중학생,C:\Users\user\Documents\GitHub\studynavi\경기과외\고양시과외\대화동과외\장성중과외\index.html,high,true,정상
school,경기도,고양시,대화동,,주엽고등학교,고등학교,고등학생,C:\Users\user\Documents\GitHub\studynavi\경기과외\고양시과외\대화동과외\주엽고과외\index.html,high,true,정상
school,경기도,고양시,덕은동,,덕은한강중학교,중학교,중학생,C:\Users\user\Documents\GitHub\studynavi\경기과외\고양시과외\덕은동과외\덕은한강중과외\index.html,high,true,정상
school,경기도,고양시,덕이동,,덕이고등학교,고등학교,고등학생,C:\Users\user\Documents\GitHub\studynavi\경기과외\고양시과외\덕이동과외\덕이고과외\index.html,high,true,정상
school,경기도,고양시,덕이동,,덕이중학교,중학교,중학생,C:\Users\user\Documents\GitHub\studynavi\경기과외\고양시과외\덕이동과외\덕이중과외\index.html,high,true,정상
school,경기도,고양시,덕이동,,백송고등학교,고등학교,고등학생,C:\Users\user\Documents\GitHub\studynavi\경기과외\고양시과외\덕이동과외\백송고과외\index.html,high,true,정상
school,경기도,고양시,도내동,,도래울고등학교,고등학교,고등학생,C:\Users\user\Documents\GitHub\studynavi\경기과외\고양시과외\도내동과외\도래울고과외\index.html,high,true,정상
school,경기도,고양시,도내동,,도래울중학교,중학교,중학생,C:\Users\user\Documents\GitHub\studynavi\경기과외\고양시과외\도내동과외\도래울중과외\index.html,high,true,정상
school,경기도,고양시,마두동,,백마중학교,중학교,중학생,C:\Users\user\Documents\GitHub\studynavi\경기과외\고양시과외\마두동과외\백마중과외\index.html,high,true,정상
school,경기도,고양시,마두동,,백석고등학교,고등학교,고등학생,C:\Users\user\Documents\GitHub\studynavi\경기과외\고양시과외\마두동과외\백석고과외\index.html,high,true,정상
school,경기도,고양시,마두동,,백신중학교,중학교,중학생,C:\Users\user\Documents\GitHub\studynavi\경기과외\고양시과외\마두동과외\백신중과외\index.html,high,true,정상
school,경기도,고양시,마두동,,정발고등학교,고등학교,고등학생,C:\Users\user\Documents\GitHub\studynavi\경기과외\고양시과외\마두동과외\정발고과외\index.html,high,true,정상
school,경기도,고양시,마두동,,정발중학교,중학교,중학생,C:\Users\user\Documents\GitHub\studynavi\경기과외\고양시과외\마두동과외\정발중과외\index.html,high,true,정상
school,경기도,고양시,삼송동,,고양고등학교,고등학교,고등학생,C:\Users\user\Documents\GitHub\studynavi\경기과외\고양시과외\삼송동과외\고양고과외\index.html,high,true,정상
school,경기도,고양시,삼송동,,고양중학교,중학교,중학생,C:\Users\user\Documents\GitHub\studynavi\경기과외\고양시과외\삼송동과외\고양중과외\index.html,high,true,정상
school,경기도,고양시,성사동,,성사고등학교,고등학교,고등학생,C:\Users\user\Documents\GitHub\studynavi\경기과외\고양시과외\성사동과외\성사고과외\index.html,high,true,정상
school,경기도,고양시,성사동,,성사중학교,중학교,중학생,C:\Users\user\Documents\GitHub\studynavi\경기과외\고양시과외\성사동과외\성사중과외\index.html,high,true,정상
school,경기도,고양시,식사동,,고양국제고등학교,고등학교,고등학생,C:\Users\user\Documents\GitHub\studynavi\경기과외\고양시과외\식사동과외\고양국제고과외\index.html,high,true,정상
school,경기도,고양시,식사동,,일산양일중학교,중학교,중학생,C:\Users\user\Documents\GitHub\studynavi\경기과외\고양시과외\식사동과외\일산양일중과외\index.html,high,true,정상
school,경기도,고양시,식사동,,저현고등학교,고등학교,고등학생,C:\Users\user\Documents\GitHub\studynavi\경기과외\고양시과외\식사동과외\저현고과외\index.html,high,true,정상
school,경기도,고양시,정발산동,,저동고등학교,고등학교,고등학생,C:\Users\user\Documents\GitHub\studynavi\경기과외\고양시과외\정발산동과외\저동고과외\index.html,high,true,정상
school,경기도,고양시,정발산동,,저동중학교,중학교,중학생,C:\Users\user\Documents\GitHub\studynavi\경기과외\고양시과외\정발산동과외\저동중과외\index.html,high,true,정상
school,경기도,고양시,주교동,,원당중학교,중학교,중학생,C:\Users\user\Documents\GitHub\studynavi\경기과외\고양시과외\주교동과외\원당중과외\index.html,high,true,정상
school,경기도,고양시,주엽동,,경기영상과학고등학교,고등학교,고등학생,C:\Users\user\Documents\GitHub\studynavi\경기과외\고양시과외\주엽동과외\경기영상과학고과외\index.html,high,true,정상
school,경기도,고양시,주엽동,,발산중학교,중학교,중학생,C:\Users\user\Documents\GitHub\studynavi\경기과외\고양시과외\주엽동과외\발산중과외\index.html,high,true,정상
school,경기도,고양시,주엽동,,오마중학교,중학교,중학생,C:\Users\user\Documents\GitHub\studynavi\경기과외\고양시과외\주엽동과외\오마중과외\index.html,high,true,정상
school,경기도,고양시,주엽동,,한수중학교,중학교,중학생,C:\Users\user\Documents\GitHub\studynavi\경기과외\고양시과외\주엽동과외\한수중과외\index.html,high,true,정상
school,경기도,고양시,지축동,,지축중학교,중학교,중학생,C:\Users\user\Documents\GitHub\studynavi\경기과외\고양시과외\지축동과외\지축중과외\index.html,high,true,정상
school,경기도,고양시,탄현동,,일산동고등학교,고등학교,고등학생,C:\Users\user\Documents\GitHub\studynavi\경기과외\고양시과외\탄현동과외\일산동고과외\index.html,high,true,정상
school,경기도,고양시,탄현동,,일산동중학교,중학교,중학생,C:\Users\user\Documents\GitHub\studynavi\경기과외\고양시과외\탄현동과외\일산동중과외\index.html,high,true,정상
school,경기도,고양시,탄현동,,호곡중학교,중학교,중학생,C:\Users\user\Documents\GitHub\studynavi\경기과외\고양시과외\탄현동과외\호곡중과외\index.html,high,true,정상
school,경기도,고양시,토당동,,능곡고등학교,고등학교,고등학생,C:\Users\user\Documents\GitHub\studynavi\경기과외\고양시과외\토당동과외\능곡고과외\index.html,high,true,정상
school,경기도,고양시,토당동,,능곡중학교,중학교,중학생,C:\Users\user\Documents\GitHub\studynavi\경기과외\고양시과외\토당동과외\능곡중과외\index.html,high,true,정상
school,경기도,고양시,풍동,,세원고등학교,고등학교,고등학생,C:\Users\user\Documents\GitHub\studynavi\경기과외\고양시과외\풍동과외\세원고과외\index.html,high,true,정상
school,경기도,고양시,풍동,,풍동고등학교,고등학교,고등학생,C:\Users\user\Documents\GitHub\studynavi\경기과외\고양시과외\풍동과외\풍동고과외\index.html,high,true,정상
school,경기도,고양시,풍동,,풍동중학교,중학교,중학생,C:\Users\user\Documents\GitHub\studynavi\경기과외\고양시과외\풍동과외\풍동중과외\index.html,high,true,정상
school,경기도,고양시,풍동,,풍산중학교,중학교,중학생,C:\Users\user\Documents\GitHub\studynavi\경기과외\고양시과외\풍동과외\풍산중과외\index.html,high,true,정상
school,경기도,고양시,행신동,,가람중학교,중학교,중학생,C:\Users\user\Documents\GitHub\studynavi\경기과외\고양시과외\행신동과외\가람중과외\index.html,high,true,정상
school,경기도,고양시,행신동,,무원고등학교,고등학교,고등학생,C:\Users\user\Documents\GitHub\studynavi\경기과외\고양시과외\행신동과외\무원고과외\index.html,high,true,정상
school,경기도,고양시,행신동,,무원중학교,중학교,중학생,C:\Users\user\Documents\GitHub\studynavi\경기과외\고양시과외\행신동과외\무원중과외\index.html,high,true,정상
school,경기도,고양시,행신동,,백양고등학교,고등학교,고등학생,C:\Users\user\Documents\GitHub\studynavi\경기과외\고양시과외\행신동과외\백양고과외\index.html,high,true,정상
school,경기도,고양시,행신동,,서정고등학교,고등학교,고등학생,C:\Users\user\Documents\GitHub\studynavi\경기과외\고양시과외\행신동과외\서정고과외\index.html,high,true,정상
school,경기도,고양시,행신동,,서정중학교,중학교,중학생,C:\Users\user\Documents\GitHub\studynavi\경기과외\고양시과외\행신동과외\서정중과외\index.html,high,true,정상
school,경기도,고양시,행신동,,신능중학교,중학교,중학생,C:\Users\user\Documents\GitHub\studynavi\경기과외\고양시과외\행신동과외\신능중과외\index.html,high,true,정상
school,경기도,고양시,행신동,,행신고등학교,고등학교,고등학생,C:\Users\user\Documents\GitHub\studynavi\경기과외\고양시과외\행신동과외\행신고과외\index.html,high,true,정상
school,경기도,고양시,행신동,,행신중학교,중학교,중학생,C:\Users\user\Documents\GitHub\studynavi\경기과외\고양시과외\행신동과외\행신중과외\index.html,high,true,정상
school,경기도,고양시,향동동,,향동고등학교,고등학교,고등학생,C:\Users\user\Documents\GitHub\studynavi\경기과외\고양시과외\향동동과외\향동고과외\index.html,high,true,정상
school,경기도,고양시,향동동,,향동중학교,중학교,중학생,C:\Users\user\Documents\GitHub\studynavi\경기과외\고양시과외\향동동과외\향동중과외\index.html,high,true,정상
school,경기도,고양시,화전동,,덕양중학교,중학교,중학생,C:\Users\user\Documents\GitHub\studynavi\경기과외\고양시과외\화전동과외\덕양중과외\index.html,high,true,정상
school,경기도,과천시,갈현동,,과천율목중학교,중학교,중학생,C:\Users\user\Documents\GitHub\studynavi\경기과외\과천시과외\경기갈현동과외\과천율목중과외\index.html,high,true,정상
school,경기도,과천시,갈현동,,과천중앙고등학교,고등학교,고등학생,C:\Users\user\Documents\GitHub\studynavi\경기과외\과천시과외\경기갈현동과외\과천중앙고과외\index.html,high,true,정상
school,경기도,과천시,중앙동,,과천여자고등학교,고등학교,고등학생,C:\Users\user\Documents\GitHub\studynavi\경기과외\과천시과외\경기중앙동과외\과천여자고과외\index.html,high,true,정상
school,경기도,과천시,중앙동,,과천외국어고등학교,고등학교,고등학생,C:\Users\user\Documents\GitHub\studynavi\경기과외\과천시과외\경기중앙동과외\과천외국어고과외\index.html,high,true,정상
school,경기도,과천시,중앙동,,과천중학교,중학교,중학생,C:\Users\user\Documents\GitHub\studynavi\경기과외\과천시과외\경기중앙동과외\과천중과외\index.html,high,true,정상
school,경기도,과천시,별양동,,과천고등학교,고등학교,고등학생,C:\Users\user\Documents\GitHub\studynavi\경기과외\과천시과외\별양동과외\과천고과외\index.html,high,true,정상
school,경기도,과천시,별양동,,과천문원중학교,중학교,중학생,C:\Users\user\Documents\GitHub\studynavi\경기과외\과천시과외\별양동과외\과천문원중과외\index.html,high,true,정상
school,경기도,광명시,광명동,,경기항공고등학교,고등학교,고등학생,C:\Users\user\Documents\GitHub\studynavi\경기과외\광명시과외\광명동과외\경기항공고과외\index.html,high,true,정상
school,경기도,광명시,광명동,,광남중학교,중학교,중학생,C:\Users\user\Documents\GitHub\studynavi\경기과외\광명시과외\광명동과외\광남중과외\index.html,high,true,정상
school,경기도,광명시,광명동,,광문고등학교,고등학교,고등학생,C:\Users\user\Documents\GitHub\studynavi\경기과외\광명시과외\광명동과외\광문고과외\index.html,high,true,정상
school,경기도,광명시,광명동,,광문중학교,중학교,중학생,C:\Users\user\Documents\GitHub\studynavi\경기과외\광명시과외\광명동과외\광문중과외\index.html,high,true,정상
school,경기도,광명시,광명동,,명문고등학교,고등학교,고등학생,C:\Users\user\Documents\GitHub\studynavi\경기과외\광명시과외\광명동과외\명문고과외\index.html,high,true,정상
school,경기도,광명시,소하동,,광휘고등학교,고등학교,고등학생,C:\Users\user\Documents\GitHub\studynavi\경기과외\광명시과외\소하동과외\광휘고과외\index.html,high,true,정상
school,경기도,광명시,소하동,,소하고등학교,고등학교,고등학생,C:\Users\user\Documents\GitHub\studynavi\경기과외\광명시과외\소하동과외\소하고과외\index.html,high,true,정상
school,경기도,광명시,소하동,,소하중학교,중학교,중학생,C:\Users\user\Documents\GitHub\studynavi\경기과외\광명시과외\소하동과외\소하중과외\index.html,high,true,정상
school,경기도,광명시,소하동,,안서중학교,중학교,중학생,C:\Users\user\Documents\GitHub\studynavi\경기과외\광명시과외\소하동과외\안서중과외\index.html,high,true,정상
school,경기도,광명시,소하동,,운산고등학교,고등학교,고등학생,C:\Users\user\Documents\GitHub\studynavi\경기과외\광명시과외\소하동과외\운산고과외\index.html,high,true,정상
school,경기도,광명시,소하동,,충현고등학교,고등학교,고등학생,C:\Users\user\Documents\GitHub\studynavi\경기과외\광명시과외\소하동과외\충현고과외\index.html,high,true,정상
school,경기도,광명시,소하동,,충현중학교,중학교,중학생,C:\Users\user\Documents\GitHub\studynavi\경기과외\광명시과외\소하동과외\충현중과외\index.html,high,true,정상
school,경기도,광명시,일직동,,빛가온중학교,중학교,중학생,C:\Users\user\Documents\GitHub\studynavi\경기과외\광명시과외\일직동과외\빛가온중과외\index.html,high,true,정상
school,경기도,광명시,철산동,,광명고등학교,고등학교,고등학생,C:\Users\user\Documents\GitHub\studynavi\경기과외\광명시과외\철산동과외\광명고과외\index.html,high,true,정상
school,경기도,광명시,철산동,,광명북고등학교,고등학교,고등학생,C:\Users\user\Documents\GitHub\studynavi\경기과외\광명시과외\철산동과외\광명북고과외\index.html,high,true,정상
school,경기도,광명시,철산동,,광명북중학교,중학교,중학생,C:\Users\user\Documents\GitHub\studynavi\경기과외\광명시과외\철산동과외\광명북중과외\index.html,high,true,정상
school,경기도,광명시,철산동,,광명중학교,중학교,중학생,C:\Users\user\Documents\GitHub\studynavi\경기과외\광명시과외\철산동과외\광명중과외\index.html,high,true,정상
school,경기도,광명시,철산동,,철산중학교,중학교,중학생,C:\Users\user\Documents\GitHub\studynavi\경기과외\광명시과외\철산동과외\철산중과외\index.html,high,true,정상
school,경기도,광명시,하안동,,가림중학교,중학교,중학생,C:\Users\user\Documents\GitHub\studynavi\경기과외\광명시과외\하안동과외\가림중과외\index.html,high,true,정상
school,경기도,광명시,하안동,,진성고등학교,고등학교,고등학생,C:\Users\user\Documents\GitHub\studynavi\경기과외\광명시과외\하안동과외\진성고과외\index.html,high,true,정상
school,경기도,광명시,하안동,,하안북중학교,중학교,중학생,C:\Users\user\Documents\GitHub\studynavi\경기과외\광명시과외\하안동과외\하안북중과외\index.html,high,true,정상
school,경기도,광명시,하안동,,하안중학교,중학교,중학생,C:\Users\user\Documents\GitHub\studynavi\경기과외\광명시과외\하안동과외\하안중과외\index.html,high,true,정상
school,경기도,광주시,신현동,,신현중학교,중학교,중학생,C:\Users\user\Documents\GitHub\studynavi\경기과외\광주시과외\경기신현동과외\신현중과외\index.html,high,true,정상
school,경기도,광주시,태전동,,광주광남중학교,중학교,중학생,C:\Users\user\Documents\GitHub\studynavi\경기과외\광주시과외\경기태전동과외\광주광남중과외\index.html,high,true,정상
school,경기도,광주시,태전동,,태전고등학교,고등학교,고등학생,C:\Users\user\Documents\GitHub\studynavi\경기과외\광주시과외\경기태전동과외\태전고과외\index.html,high,true,정상
school,경기도,광주시,태전동,,태전중학교,중학교,중학생,C:\Users\user\Documents\GitHub\studynavi\경기과외\광주시과외\경기태전동과외\태전중과외\index.html,high,true,정상
school,경기도,광주시,경안동,,광주중학교,중학교,중학생,C:\Users\user\Documents\GitHub\studynavi\경기과외\광주시과외\경안동과외\광주중과외\index.html,high,true,정상
school,경기도,광주시,광주시송정동,,경화여자English Business고등학교,고등학교,고등학생,C:\Users\user\Documents\GitHub\studynavi\경기과외\광주시과외\광주시송정동과외\경화여자English Business고과외\index.html,high,true,정상
school,경기도,광주시,광주시송정동,,경화여자고등학교,고등학교,고등학생,C:\Users\user\Documents\GitHub\studynavi\경기과외\광주시과외\광주시송정동과외\경화여자고과외\index.html,high,true,정상
school,경기도,광주시,광주시송정동,,경화여자중학교,중학교,중학생,C:\Users\user\Documents\GitHub\studynavi\경기과외\광주시과외\광주시송정동과외\경화여자중과외\index.html,high,true,정상
school,경기도,광주시,광주시송정동,,광주고등학교,고등학교,고등학생,C:\Users\user\Documents\GitHub\studynavi\경기과외\광주시과외\광주시송정동과외\광주고과외\index.html,high,true,정상
school,경기도,광주시,광주시장지동,,경안중학교,중학교,중학생,C:\Users\user\Documents\GitHub\studynavi\경기과외\광주시과외\광주시장지동과외\경안중과외\index.html,high,true,정상
school,경기도,광주시,광주시장지동,,광남고등학교,고등학교,고등학생,C:\Users\user\Documents\GitHub\studynavi\경기과외\광주시과외\광주시장지동과외\광남고과외\index.html,high,true,정상
school,경기도,광주시,역동,,광주중앙고등학교,고등학교,고등학생,C:\Users\user\Documents\GitHub\studynavi\경기과외\광주시과외\역동과외\광주중앙고과외\index.html,high,true,정상
school,경기도,광주시,탄벌동,,탄벌중학교,중학교,중학생,C:\Users\user\Documents\GitHub\studynavi\경기과외\광주시과외\탄벌동과외\탄벌중과외\index.html,high,true,정상
school,경기도,구리시,갈매동,,갈매고등학교,고등학교,고등학생,C:\Users\user\Documents\GitHub\studynavi\경기과외\구리시과외\갈매동과외\갈매고과외\index.html,high,true,정상
school,경기도,구리시,갈매동,,갈매중학교,중학교,중학생,C:\Users\user\Documents\GitHub\studynavi\경기과외\구리시과외\갈매동과외\갈매중과외\index.html,high,true,정상
school,경기도,구리시,토평동,,구리여자고등학교,고등학교,고등학생,C:\Users\user\Documents\GitHub\studynavi\경기과외\구리시과외\경기토평동과외\구리여자고과외\index.html,high,true,정상
school,경기도,구리시,토평동,,구리여자중학교,중학교,중학생,C:\Users\user\Documents\GitHub\studynavi\경기과외\구리시과외\경기토평동과외\구리여자중과외\index.html,high,true,정상
school,경기도,구리시,토평동,,토평고등학교,고등학교,고등학생,C:\Users\user\Documents\GitHub\studynavi\경기과외\구리시과외\경기토평동과외\토평고과외\index.html,high,true,정상
school,경기도,구리시,토평동,,토평중학교,중학교,중학생,C:\Users\user\Documents\GitHub\studynavi\경기과외\구리시과외\경기토평동과외\토평중과외\index.html,high,true,정상
school,경기도,구리시,교문동,,교문중학교,중학교,중학생,C:\Users\user\Documents\GitHub\studynavi\경기과외\구리시과외\교문동과외\교문중과외\index.html,high,true,정상
school,경기도,구리시,교문동,,서울삼육고등학교,고등학교,고등학생,C:\Users\user\Documents\GitHub\studynavi\경기과외\구리시과외\교문동과외\서울삼육고과외\index.html,high,true,정상
school,경기도,구리시,교문동,,장자중학교,중학교,중학생,C:\Users\user\Documents\GitHub\studynavi\경기과외\구리시과외\교문동과외\장자중과외\index.html,high,true,정상
school,경기도,구리시,수택동,,구리고등학교,고등학교,고등학생,C:\Users\user\Documents\GitHub\studynavi\경기과외\구리시과외\수택동과외\구리고과외\index.html,high,true,정상
school,경기도,구리시,수택동,,구리중학교,중학교,중학생,C:\Users\user\Documents\GitHub\studynavi\경기과외\구리시과외\수택동과외\구리중과외\index.html,high,true,정상
school,경기도,구리시,수택동,,수택고등학교,고등학교,고등학생,C:\Users\user\Documents\GitHub\studynavi\경기과외\구리시과외\수택동과외\수택고과외\index.html,high,true,정상
school,경기도,구리시,인창동,,동구중학교,중학교,중학생,C:\Users\user\Documents\GitHub\studynavi\경기과외\구리시과외\인창동과외\동구중과외\index.html,high,true,정상
school,경기도,구리시,인창동,,인창고등학교,고등학교,고등학생,C:\Users\user\Documents\GitHub\studynavi\경기과외\구리시과외\인창동과외\인창고과외\index.html,high,true,정상
school,경기도,구리시,인창동,,인창중학교,중학교,중학생,C:\Users\user\Documents\GitHub\studynavi\경기과외\구리시과외\인창동과외\인창중과외\index.html,high,true,정상
school,경기도,군포시,군포시당동,,군포중학교,중학교,중학생,C:\Users\user\Documents\GitHub\studynavi\경기과외\군포시과외\군포시당동과외\군포중과외\index.html,high,true,정상
school,경기도,군포시,군포시당동,,당동중학교,중학교,중학생,C:\Users\user\Documents\GitHub\studynavi\경기과외\군포시과외\군포시당동과외\당동중과외\index.html,high,true,정상
school,경기도,군포시,군포시당동,,용호고등학교,고등학교,고등학생,C:\Users\user\Documents\GitHub\studynavi\경기과외\군포시과외\군포시당동과외\용호고과외\index.html,high,true,정상
school,경기도,군포시,군포시당동,,용호중학교,중학교,중학생,C:\Users\user\Documents\GitHub\studynavi\경기과외\군포시과외\군포시당동과외\용호중과외\index.html,high,true,정상
school,경기도,군포시,군포시부곡동,,군포중앙고등학교,고등학교,고등학생,C:\Users\user\Documents\GitHub\studynavi\경기과외\군포시과외\군포시부곡동과외\군포중앙고과외\index.html,high,true,정상
school,경기도,군포시,군포시부곡동,,부곡중앙중학교,중학교,중학생,C:\Users\user\Documents\GitHub\studynavi\경기과외\군포시과외\군포시부곡동과외\부곡중앙중과외\index.html,high,true,정상
school,경기도,군포시,금정동,,군포고등학교,고등학교,고등학생,C:\Users\user\Documents\GitHub\studynavi\경기과외\군포시과외\금정동과외\군포고과외\index.html,high,true,정상
school,경기도,군포시,금정동,,금정중학교,중학교,중학생,C:\Users\user\Documents\GitHub\studynavi\경기과외\군포시과외\금정동과외\금정중과외\index.html,high,true,정상
school,경기도,군포시,금정동,,흥진고등학교,고등학교,고등학생,C:\Users\user\Documents\GitHub\studynavi\경기과외\군포시과외\금정동과외\흥진고과외\index.html,high,true,정상
school,경기도,군포시,금정동,,흥진중학교,중학교,중학생,C:\Users\user\Documents\GitHub\studynavi\경기과외\군포시과외\금정동과외\흥진중과외\index.html,high,true,정상
school,경기도,군포시,당정동,,당정중학교,중학교,중학생,C:\Users\user\Documents\GitHub\studynavi\경기과외\군포시과외\당정동과외\당정중과외\index.html,high,true,정상
school,경기도,군포시,산본동,,경기폴리텍고등학교,고등학교,고등학생,C:\Users\user\Documents\GitHub\studynavi\경기과외\군포시과외\산본동과외\경기폴리텍고과외\index.html,high,true,정상
school,경기도,군포시,산본동,,곡란중학교,중학교,중학생,C:\Users\user\Documents\GitHub\studynavi\경기과외\군포시과외\산본동과외\곡란중과외\index.html,high,true,정상
school,경기도,군포시,산본동,,궁내중학교,중학교,중학생,C:\Users\user\Documents\GitHub\studynavi\경기과외\군포시과외\산본동과외\궁내중과외\index.html,high,true,정상
school,경기도,군포시,산본동,,도장중학교,중학교,중학생,C:\Users\user\Documents\GitHub\studynavi\경기과외\군포시과외\산본동과외\도장중과외\index.html,high,true,정상
school,경기도,군포시,산본동,,산본고등학교,고등학교,고등학생,C:\Users\user\Documents\GitHub\studynavi\경기과외\군포시과외\산본동과외\산본고과외\index.html,high,true,정상
school,경기도,군포시,산본동,,산본중학교,중학교,중학생,C:\Users\user\Documents\GitHub\studynavi\경기과외\군포시과외\산본동과외\산본중과외\index.html,high,true,정상
school,경기도,군포시,산본동,,수리고등학교,고등학교,고등학생,C:\Users\user\Documents\GitHub\studynavi\경기과외\군포시과외\산본동과외\수리고과외\index.html,high,true,정상
school,경기도,군포시,산본동,,수리중학교,중학교,중학생,C:\Users\user\Documents\GitHub\studynavi\경기과외\군포시과외\산본동과외\수리중과외\index.html,high,true,정상
school,경기도,김포시,감정동,,감정중학교,중학교,중학생,C:\Users\user\Documents\GitHub\studynavi\경기과외\김포시과외\감정동과외\감정중과외\index.html,high,true,정상
school,경기도,김포시,구래동,,김포한가람중학교,중학교,중학생,C:\Users\user\Documents\GitHub\studynavi\경기과외\김포시과외\구래동과외\김포한가람중과외\index.html,high,true,정상
school,경기도,김포시,구래동,,김포호수고등학교,고등학교,고등학생,C:\Users\user\Documents\GitHub\studynavi\경기과외\김포시과외\구래동과외\김포호수고과외\index.html,high,true,정상
school,경기도,김포시,구래동,,나래중학교,중학교,중학생,C:\Users\user\Documents\GitHub\studynavi\경기과외\김포시과외\구래동과외\나래중과외\index.html,high,true,정상
school,경기도,김포시,마산동,,솔터고등학교,고등학교,고등학생,C:\Users\user\Documents\GitHub\studynavi\경기과외\김포시과외\마산동과외\솔터고과외\index.html,high,true,정상
school,경기도,김포시,마산동,,은여울중학교,중학교,중학생,C:\Users\user\Documents\GitHub\studynavi\경기과외\김포시과외\마산동과외\은여울중과외\index.html,high,true,정상
school,경기도,김포시,북변동,,금파중학교,중학교,중학생,C:\Users\user\Documents\GitHub\studynavi\경기과외\김포시과외\북변동과외\금파중과외\index.html,high,true,정상
school,경기도,김포시,북변동,,김포중학교,중학교,중학생,C:\Users\user\Documents\GitHub\studynavi\경기과외\김포시과외\북변동과외\김포중과외\index.html,high,true,정상
school,경기도,김포시,사우동,,김포고등학교,고등학교,고등학생,C:\Users\user\Documents\GitHub\studynavi\경기과외\김포시과외\사우동과외\김포고과외\index.html,high,true,정상
school,경기도,김포시,사우동,,김포여자중학교,중학교,중학생,C:\Users\user\Documents\GitHub\studynavi\경기과외\김포시과외\사우동과외\김포여자중과외\index.html,high,true,정상
school,경기도,김포시,사우동,,사우고등학교,고등학교,고등학생,C:\Users\user\Documents\GitHub\studynavi\경기과외\김포시과외\사우동과외\사우고과외\index.html,high,true,정상
school,경기도,김포시,운양동,,김포제일고등학교,고등학교,고등학생,C:\Users\user\Documents\GitHub\studynavi\경기과외\김포시과외\운양동과외\김포제일고과외\index.html,high,true,정상
school,경기도,김포시,운양동,,모담중학교,중학교,중학생,C:\Users\user\Documents\GitHub\studynavi\경기과외\김포시과외\운양동과외\모담중과외\index.html,high,true,정상
school,경기도,김포시,운양동,,운양고등학교,고등학교,고등학생,C:\Users\user\Documents\GitHub\studynavi\경기과외\김포시과외\운양동과외\운양고과외\index.html,high,true,정상
school,경기도,김포시,운양동,,하늘빛중학교,중학교,중학생,C:\Users\user\Documents\GitHub\studynavi\경기과외\김포시과외\운양동과외\하늘빛중과외\index.html,high,true,정상
school,경기도,김포시,장기동,,고창중학교,중학교,중학생,C:\Users\user\Documents\GitHub\studynavi\경기과외\김포시과외\장기동과외\고창중과외\index.html,high,true,정상
school,경기도,김포시,장기동,,운양중학교,중학교,중학생,C:\Users\user\Documents\GitHub\studynavi\경기과외\김포시과외\장기동과외\운양중과외\index.html,high,true,정상
school,경기도,김포시,장기동,,운유고등학교,고등학교,고등학생,C:\Users\user\Documents\GitHub\studynavi\경기과외\김포시과외\장기동과외\운유고과외\index.html,high,true,정상
school,경기도,김포시,장기동,,장기고등학교,고등학교,고등학생,C:\Users\user\Documents\GitHub\studynavi\경기과외\김포시과외\장기동과외\장기고과외\index.html,high,true,정상
school,경기도,김포시,장기동,,장기중학교,중학교,중학생,C:\Users\user\Documents\GitHub\studynavi\경기과외\김포시과외\장기동과외\장기중과외\index.html,high,true,정상
school,경기도,김포시,장기동,,푸른솔중학교,중학교,중학생,C:\Users\user\Documents\GitHub\studynavi\경기과외\김포시과외\장기동과외\푸른솔중과외\index.html,high,true,정상
school,경기도,김포시,풍무동,,양도중학교,중학교,중학생,C:\Users\user\Documents\GitHub\studynavi\경기과외\김포시과외\풍무동과외\양도중과외\index.html,high,true,정상
school,경기도,김포시,풍무동,,풍무고등학교,고등학교,고등학생,C:\Users\user\Documents\GitHub\studynavi\경기과외\김포시과외\풍무동과외\풍무고과외\index.html,high,true,정상
school,경기도,김포시,풍무동,,풍무중학교,중학교,중학생,C:\Users\user\Documents\GitHub\studynavi\경기과외\김포시과외\풍무동과외\풍무중과외\index.html,high,true,정상
school,경기도,남양주시,가운동,,가운고등학교,고등학교,고등학생,C:\Users\user\Documents\GitHub\studynavi\경기과외\남양주시과외\가운동과외\가운고과외\index.html,high,true,정상
school,경기도,남양주시,수동,,수동중학교,중학교,중학생,C:\Users\user\Documents\GitHub\studynavi\경기과외\남양주시과외\경기수동과외\수동중과외\index.html,high,true,정상
school,경기도,남양주시,광동,,광동고등학교,고등학교,고등학생,C:\Users\user\Documents\GitHub\studynavi\경기과외\남양주시과외\광동과외\광동고과외\index.html,high,true,정상
school,경기도,남양주시,광동,,광동중학교,중학교,중학생,C:\Users\user\Documents\GitHub\studynavi\경기과외\남양주시과외\광동과외\광동중과외\index.html,high,true,정상
school,경기도,남양주시,남양주시금곡동,,금곡고등학교,고등학교,고등학생,C:\Users\user\Documents\GitHub\studynavi\경기과외\남양주시과외\남양주시금곡동과외\금곡고과외\index.html,high,true,정상
school,경기도,남양주시,남양주시금곡동,,금곡중학교,중학교,중학생,C:\Users\user\Documents\GitHub\studynavi\경기과외\남양주시과외\남양주시금곡동과외\금곡중과외\index.html,high,true,정상
school,경기도,남양주시,다산동,,가운중학교,중학교,중학생,C:\Users\user\Documents\GitHub\studynavi\경기과외\남양주시과외\다산동과외\가운중과외\index.html,high,true,정상
school,경기도,남양주시,다산동,,남양주다산고등학교,고등학교,고등학생,C:\Users\user\Documents\GitHub\studynavi\경기과외\남양주시과외\다산동과외\남양주다산고과외\index.html,high,true,정상
school,경기도,남양주시,다산동,,남양주다산중학교,중학교,중학생,C:\Users\user\Documents\GitHub\studynavi\경기과외\남양주시과외\다산동과외\남양주다산중과외\index.html,high,true,정상
school,경기도,남양주시,다산동,,다산새봄중학교,중학교,중학생,C:\Users\user\Documents\GitHub\studynavi\경기과외\남양주시과외\다산동과외\다산새봄중과외\index.html,high,true,정상
school,경기도,남양주시,다산동,,다산한강중학교,중학교,중학생,C:\Users\user\Documents\GitHub\studynavi\경기과외\남양주시과외\다산동과외\다산한강중과외\index.html,high,true,정상
school,경기도,남양주시,다산동,,도농고등학교,고등학교,고등학생,C:\Users\user\Documents\GitHub\studynavi\경기과외\남양주시과외\다산동과외\도농고과외\index.html,high,true,정상
school,경기도,남양주시,다산동,,도농중학교,중학교,중학생,C:\Users\user\Documents\GitHub\studynavi\경기과외\남양주시과외\다산동과외\도농중과외\index.html,high,true,정상
school,경기도,남양주시,다산동,,동화고등학교,고등학교,고등학생,C:\Users\user\Documents\GitHub\studynavi\경기과외\남양주시과외\다산동과외\동화고과외\index.html,high,true,정상
school,경기도,남양주시,다산동,,동화중학교,중학교,중학생,C:\Users\user\Documents\GitHub\studynavi\경기과외\남양주시과외\다산동과외\동화중과외\index.html,high,true,정상
school,경기도,남양주시,별내동,,별가람고등학교,고등학교,고등학생,C:\Users\user\Documents\GitHub\studynavi\경기과외\남양주시과외\별내동과외\별가람고과외\index.html,high,true,정상
school,경기도,남양주시,별내동,,별내고등학교,고등학교,고등학생,C:\Users\user\Documents\GitHub\studynavi\경기과외\남양주시과외\별내동과외\별내고과외\index.html,high,true,정상
school,경기도,남양주시,별내동,,한별중학교,중학교,중학생,C:\Users\user\Documents\GitHub\studynavi\경기과외\남양주시과외\별내동과외\한별중과외\index.html,high,true,정상
school,경기도,남양주시,별내동,,화접중학교,중학교,중학생,C:\Users\user\Documents\GitHub\studynavi\경기과외\남양주시과외\별내동과외\화접중과외\index.html,high,true,정상
school,경기도,남양주시,지금동,,미금중학교,중학교,중학생,C:\Users\user\Documents\GitHub\studynavi\경기과외\남양주시과외\지금동과외\미금중과외\index.html,high,true,정상
school,경기도,남양주시,평내동,,장내중학교,중학교,중학생,C:\Users\user\Documents\GitHub\studynavi\경기과외\남양주시과외\평내동과외\장내중과외\index.html,high,true,정상
school,경기도,남양주시,평내동,,평내고등학교,고등학교,고등학생,C:\Users\user\Documents\GitHub\studynavi\경기과외\남양주시과외\평내동과외\평내고과외\index.html,high,true,정상
school,경기도,남양주시,평내동,,평내중학교,중학교,중학생,C:\Users\user\Documents\GitHub\studynavi\경기과외\남양주시과외\평내동과외\평내중과외\index.html,high,true,정상
school,경기도,남양주시,호평동,,판곡고등학교,고등학교,고등학생,C:\Users\user\Documents\GitHub\studynavi\경기과외\남양주시과외\호평동과외\판곡고과외\index.html,high,true,정상
school,경기도,남양주시,호평동,,판곡중학교,중학교,중학생,C:\Users\user\Documents\GitHub\studynavi\경기과외\남양주시과외\호평동과외\판곡중과외\index.html,high,true,정상
school,경기도,남양주시,호평동,,하랑중학교,중학교,중학생,C:\Users\user\Documents\GitHub\studynavi\경기과외\남양주시과외\호평동과외\하랑중과외\index.html,high,true,정상
school,경기도,남양주시,호평동,,호평고등학교,고등학교,고등학생,C:\Users\user\Documents\GitHub\studynavi\경기과외\남양주시과외\호평동과외\호평고과외\index.html,high,true,정상
school,경기도,남양주시,호평동,,호평중학교,중학교,중학생,C:\Users\user\Documents\GitHub\studynavi\경기과외\남양주시과외\호평동과외\호평중과외\index.html,high,true,정상
school,경기도,동두천시,동두천시송내동,,송내중앙중학교,중학교,중학생,C:\Users\user\Documents\GitHub\studynavi\경기과외\동두천시과외\동두천시송내동과외\송내중앙중과외\index.html,high,true,정상
school,경기도,동두천시,동두천시안흥동,,신흥고등학교,고등학교,고등학생,C:\Users\user\Documents\GitHub\studynavi\경기과외\동두천시과외\동두천시안흥동과외\신흥고과외\index.html,high,true,정상
school,경기도,동두천시,동두천시안흥동,,신흥중학교,중학교,중학생,C:\Users\user\Documents\GitHub\studynavi\경기과외\동두천시과외\동두천시안흥동과외\신흥중과외\index.html,high,true,정상
school,경기도,동두천시,생연동,,동두천고등학교,고등학교,고등학생,C:\Users\user\Documents\GitHub\studynavi\경기과외\동두천시과외\생연동과외\동두천고과외\index.html,high,true,정상
school,경기도,동두천시,생연동,,동두천여자중학교,중학교,중학생,C:\Users\user\Documents\GitHub\studynavi\경기과외\동두천시과외\생연동과외\동두천여자중과외\index.html,high,true,정상
school,경기도,동두천시,생연동,,동두천중학교,중학교,중학생,C:\Users\user\Documents\GitHub\studynavi\경기과외\동두천시과외\생연동과외\동두천중과외\index.html,high,true,정상
school,경기도,동두천시,생연동,,생연중학교,중학교,중학생,C:\Users\user\Documents\GitHub\studynavi\경기과외\동두천시과외\생연동과외\생연중과외\index.html,high,true,정상
school,경기도,동두천시,생연동,,한빛누리고등학교,고등학교,고등학생,C:\Users\user\Documents\GitHub\studynavi\경기과외\동두천시과외\생연동과외\한빛누리고과외\index.html,high,true,정상
school,경기도,동두천시,생연동,,한빛누리중학교,중학교,중학생,C:\Users\user\Documents\GitHub\studynavi\경기과외\동두천시과외\생연동과외\한빛누리중과외\index.html,high,true,정상
school,경기도,동두천시,지행동,,동두천외국어고등학교,고등학교,고등학생,C:\Users\user\Documents\GitHub\studynavi\경기과외\동두천시과외\지행동과외\동두천외국어고과외\index.html,high,true,정상
school,경기도,동두천시,지행동,,동두천중앙고등학교,고등학교,고등학생,C:\Users\user\Documents\GitHub\studynavi\경기과외\동두천시과외\지행동과외\동두천중앙고과외\index.html,high,true,정상
school,경기도,부천시,오정동,,덕산고등학교,고등학교,고등학생,C:\Users\user\Documents\GitHub\studynavi\경기과외\부천시과외\경기오정동과외\덕산고과외\index.html,high,true,정상
school,경기도,부천시,오정동,,덕산중학교,중학교,중학생,C:\Users\user\Documents\GitHub\studynavi\경기과외\부천시과외\경기오정동과외\덕산중과외\index.html,high,true,정상
school,경기도,부천시,고강동,,수주고등학교,고등학교,고등학생,C:\Users\user\Documents\GitHub\studynavi\경기과외\부천시과외\고강동과외\수주고과외\index.html,high,true,정상
school,경기도,부천시,고강동,,수주중학교,중학교,중학생,C:\Users\user\Documents\GitHub\studynavi\경기과외\부천시과외\고강동과외\수주중과외\index.html,high,true,정상
school,경기도,부천시,괴안동,,부천동여자중학교,중학교,중학생,C:\Users\user\Documents\GitHub\studynavi\경기과외\부천시과외\괴안동과외\부천동여자중과외\index.html,high,true,정상
school,경기도,부천시,괴안동,,부천동중학교,중학교,중학생,C:\Users\user\Documents\GitHub\studynavi\경기과외\부천시과외\괴안동과외\부천동중과외\index.html,high,true,정상
school,경기도,부천시,도당동,,도당고등학교,고등학교,고등학생,C:\Users\user\Documents\GitHub\studynavi\경기과외\부천시과외\도당동과외\도당고과외\index.html,high,true,정상
school,경기도,부천시,도당동,,도당중학교,중학교,중학생,C:\Users\user\Documents\GitHub\studynavi\경기과외\부천시과외\도당동과외\도당중과외\index.html,high,true,정상
school,경기도,부천시,도당동,,부천북고등학교,고등학교,고등학생,C:\Users\user\Documents\GitHub\studynavi\경기과외\부천시과외\도당동과외\부천북고과외\index.html,high,true,정상
school,경기도,부천시,범박동,,범박고등학교,고등학교,고등학생,C:\Users\user\Documents\GitHub\studynavi\경기과외\부천시과외\범박동과외\범박고과외\index.html,high,true,정상
school,경기도,부천시,범박동,,범박중학교,중학교,중학생,C:\Users\user\Documents\GitHub\studynavi\경기과외\부천시과외\범박동과외\범박중과외\index.html,high,true,정상
school,경기도,부천시,범박동,,부천일신중학교,중학교,중학생,C:\Users\user\Documents\GitHub\studynavi\경기과외\부천시과외\범박동과외\부천일신중과외\index.html,high,true,정상
school,경기도,부천시,범박동,,시온고등학교,고등학교,고등학생,C:\Users\user\Documents\GitHub\studynavi\경기과외\부천시과외\범박동과외\시온고과외\index.html,high,true,정상
school,경기도,부천시,부천시내동,,내동중학교,중학교,중학생,C:\Users\user\Documents\GitHub\studynavi\경기과외\부천시과외\부천시내동과외\내동중과외\index.html,high,true,정상
school,경기도,부천시,부천시상동,,부인중학교,중학교,중학생,C:\Users\user\Documents\GitHub\studynavi\경기과외\부천시과외\부천시상동과외\부인중과외\index.html,high,true,정상
school,경기도,부천시,부천시상동,,부천여자고등학교,고등학교,고등학생,C:\Users\user\Documents\GitHub\studynavi\경기과외\부천시과외\부천시상동과외\부천여자고과외\index.html,high,true,정상
school,경기도,부천시,부천시상동,,상도중학교,중학교,중학생,C:\Users\user\Documents\GitHub\studynavi\경기과외\부천시과외\부천시상동과외\상도중과외\index.html,high,true,정상
school,경기도,부천시,부천시상동,,상동고등학교,고등학교,고등학생,C:\Users\user\Documents\GitHub\studynavi\경기과외\부천시과외\부천시상동과외\상동고과외\index.html,high,true,정상
school,경기도,부천시,부천시상동,,상동중학교,중학교,중학생,C:\Users\user\Documents\GitHub\studynavi\경기과외\부천시과외\부천시상동과외\상동중과외\index.html,high,true,정상
school,경기도,부천시,부천시상동,,상원고등학교,고등학교,고등학생,C:\Users\user\Documents\GitHub\studynavi\경기과외\부천시과외\부천시상동과외\상원고과외\index.html,high,true,정상
school,경기도,부천시,부천시상동,,상일고등학교,고등학교,고등학생,C:\Users\user\Documents\GitHub\studynavi\경기과외\부천시과외\부천시상동과외\상일고과외\index.html,high,true,정상
school,경기도,부천시,부천시상동,,상일중학교,중학교,중학생,C:\Users\user\Documents\GitHub\studynavi\경기과외\부천시과외\부천시상동과외\상일중과외\index.html,high,true,정상
school,경기도,부천시,부천시상동,,석천중학교,중학교,중학생,C:\Users\user\Documents\GitHub\studynavi\경기과외\부천시과외\부천시상동과외\석천중과외\index.html,high,true,정상
school,경기도,부천시,부천시송내동,,부천고등학교,고등학교,고등학생,C:\Users\user\Documents\GitHub\studynavi\경기과외\부천시과외\부천시송내동과외\부천고과외\index.html,high,true,정상
school,경기도,부천시,부천시송내동,,부천남중학교,중학교,중학생,C:\Users\user\Documents\GitHub\studynavi\경기과외\부천시과외\부천시송내동과외\부천남중과외\index.html,high,true,정상
school,경기도,부천시,부천시송내동,,부천여자중학교,중학교,중학생,C:\Users\user\Documents\GitHub\studynavi\경기과외\부천시과외\부천시송내동과외\부천여자중과외\index.html,high,true,정상
school,경기도,부천시,부천시송내동,,성주중학교,중학교,중학생,C:\Users\user\Documents\GitHub\studynavi\경기과외\부천시과외\부천시송내동과외\성주중과외\index.html,high,true,정상
school,경기도,부천시,부천시송내동,,송내고등학교,고등학교,고등학생,C:\Users\user\Documents\GitHub\studynavi\경기과외\부천시과외\부천시송내동과외\송내고과외\index.html,high,true,정상
school,경기도,부천시,부천시중동,,경기국제통상고등학교,고등학교,고등학생,C:\Users\user\Documents\GitHub\studynavi\경기과외\부천시과외\부천시중동과외\경기국제통상고과외\index.html,high,true,정상
school,경기도,부천시,부천시중동,,계남고등학교,고등학교,고등학생,C:\Users\user\Documents\GitHub\studynavi\경기과외\부천시과외\부천시중동과외\계남고과외\index.html,high,true,정상
school,경기도,부천시,부천시중동,,계남중학교,중학교,중학생,C:\Users\user\Documents\GitHub\studynavi\경기과외\부천시과외\부천시중동과외\계남중과외\index.html,high,true,정상
school,경기도,부천시,부천시중동,,부명고등학교,고등학교,고등학생,C:\Users\user\Documents\GitHub\studynavi\경기과외\부천시과외\부천시중동과외\부명고과외\index.html,high,true,정상
school,경기도,부천시,부천시중동,,부명중학교,중학교,중학생,C:\Users\user\Documents\GitHub\studynavi\경기과외\부천시과외\부천시중동과외\부명중과외\index.html,high,true,정상
school,경기도,부천시,부천시중동,,부천부곡중학교,중학교,중학생,C:\Users\user\Documents\GitHub\studynavi\경기과외\부천시과외\부천시중동과외\부천부곡중과외\index.html,high,true,정상
school,경기도,부천시,부천시중동,,부천부흥중학교,중학교,중학생,C:\Users\user\Documents\GitHub\studynavi\경기과외\부천시과외\부천시중동과외\부천부흥중과외\index.html,high,true,정상
school,경기도,부천시,부천시중동,,부천중학교,중학교,중학생,C:\Users\user\Documents\GitHub\studynavi\경기과외\부천시과외\부천시중동과외\부천중과외\index.html,high,true,정상
school,경기도,부천시,부천시중동,,심원고등학교,고등학교,고등학생,C:\Users\user\Documents\GitHub\studynavi\경기과외\부천시과외\부천시중동과외\심원고과외\index.html,high,true,정상
school,경기도,부천시,부천시중동,,심원중학교,중학교,중학생,C:\Users\user\Documents\GitHub\studynavi\경기과외\부천시과외\부천시중동과외\심원중과외\index.html,high,true,정상
school,경기도,부천시,부천시중동,,원미고등학교,고등학교,고등학생,C:\Users\user\Documents\GitHub\studynavi\경기과외\부천시과외\부천시중동과외\원미고과외\index.html,high,true,정상
school,경기도,부천시,부천시중동,,중원고등학교,고등학교,고등학생,C:\Users\user\Documents\GitHub\studynavi\경기과외\부천시과외\부천시중동과외\중원고과외\index.html,high,true,정상
school,경기도,부천시,부천시중동,,중원중학교,중학교,중학생,C:\Users\user\Documents\GitHub\studynavi\경기과외\부천시과외\부천시중동과외\중원중과외\index.html,high,true,정상
school,경기도,부천시,부천시중동,,중흥고등학교,고등학교,고등학생,C:\Users\user\Documents\GitHub\studynavi\경기과외\부천시과외\부천시중동과외\중흥고과외\index.html,high,true,정상
school,경기도,부천시,소사동,,소명여자고등학교,고등학교,고등학생,C:\Users\user\Documents\GitHub\studynavi\경기과외\부천시과외\소사동과외\소명여자고과외\index.html,high,true,정상
school,경기도,부천시,소사동,,소명여자중학교,중학교,중학생,C:\Users\user\Documents\GitHub\studynavi\경기과외\부천시과외\소사동과외\소명여자중과외\index.html,high,true,정상
school,경기도,부천시,소사본동,,부일중학교,중학교,중학생,C:\Users\user\Documents\GitHub\studynavi\경기과외\부천시과외\소사본동과외\부일중과외\index.html,high,true,정상
school,경기도,부천시,소사본동,,소사고등학교,고등학교,고등학생,C:\Users\user\Documents\GitHub\studynavi\경기과외\부천시과외\소사본동과외\소사고과외\index.html,high,true,정상
school,경기도,부천시,소사본동,,소사중학교,중학교,중학생,C:\Users\user\Documents\GitHub\studynavi\경기과외\부천시과외\소사본동과외\소사중과외\index.html,high,true,정상
school,경기도,부천시,심곡본동,,정명고등학교,고등학교,고등학생,C:\Users\user\Documents\GitHub\studynavi\경기과외\부천시과외\심곡본동과외\정명고과외\index.html,high,true,정상
school,경기도,부천시,여월동,,까치울중학교,중학교,중학생,C:\Users\user\Documents\GitHub\studynavi\경기과외\부천시과외\여월동과외\까치울중과외\index.html,high,true,정상
school,경기도,부천시,여월동,,부천여월중학교,중학교,중학생,C:\Users\user\Documents\GitHub\studynavi\경기과외\부천시과외\여월동과외\부천여월중과외\index.html,high,true,정상
school,경기도,부천시,역곡동,,역곡고등학교,고등학교,고등학생,C:\Users\user\Documents\GitHub\studynavi\경기과외\부천시과외\역곡동과외\역곡고과외\index.html,high,true,정상
school,경기도,부천시,역곡동,,역곡중학교,중학교,중학생,C:\Users\user\Documents\GitHub\studynavi\경기과외\부천시과외\역곡동과외\역곡중과외\index.html,high,true,정상
school,경기도,부천시,옥길동,,옥길새길중학교,중학교,중학생,C:\Users\user\Documents\GitHub\studynavi\경기과외\부천시과외\옥길동과외\옥길새길중과외\index.html,high,true,정상
school,경기도,부천시,옥길동,,옥길중학교,중학교,중학생,C:\Users\user\Documents\GitHub\studynavi\경기과외\부천시과외\옥길동과외\옥길중과외\index.html,high,true,정상
school,경기도,부천시,원미동,,원미중학교,중학교,중학생,C:\Users\user\Documents\GitHub\studynavi\경기과외\부천시과외\원미동과외\원미중과외\index.html,high,true,정상
school,경기도,부천시,원종동,,원종고등학교,고등학교,고등학생,C:\Users\user\Documents\GitHub\studynavi\경기과외\부천시과외\원종동과외\원종고과외\index.html,high,true,정상
school,경기도,부천시,작동,,성곡중학교,중학교,중학생,C:\Users\user\Documents\GitHub\studynavi\경기과외\부천시과외\작동과외\성곡중과외\index.html,high,true,정상
school,경기도,성남시,신흥동,,성남여자중학교,중학교,중학생,C:\Users\user\Documents\GitHub\studynavi\경기과외\성남시과외\경기신흥동과외\성남여자중과외\index.html,high,true,정상
school,경기도,성남시,태평동,,태평중학교,중학교,중학생,C:\Users\user\Documents\GitHub\studynavi\경기과외\성남시과외\경기태평동과외\태평중과외\index.html,high,true,정상
school,경기도,성남시,구미동,,구미중학교,중학교,중학생,C:\Users\user\Documents\GitHub\studynavi\경기과외\성남시과외\구미동과외\구미중과외\index.html,high,true,정상
school,경기도,성남시,구미동,,불곡고등학교,고등학교,고등학생,C:\Users\user\Documents\GitHub\studynavi\경기과외\성남시과외\구미동과외\불곡고과외\index.html,high,true,정상
school,경기도,성남시,구미동,,불곡중학교,중학교,중학생,C:\Users\user\Documents\GitHub\studynavi\경기과외\성남시과외\구미동과외\불곡중과외\index.html,high,true,정상
school,경기도,성남시,금광동,,금광중학교,중학교,중학생,C:\Users\user\Documents\GitHub\studynavi\경기과외\성남시과외\금광동과외\금광중과외\index.html,high,true,정상
school,경기도,성남시,금광동,,대원중학교,중학교,중학생,C:\Users\user\Documents\GitHub\studynavi\경기과외\성남시과외\금광동과외\대원중과외\index.html,high,true,정상
school,경기도,성남시,금광동,,성남동중학교,중학교,중학생,C:\Users\user\Documents\GitHub\studynavi\경기과외\성남시과외\금광동과외\성남동중과외\index.html,high,true,정상
school,경기도,성남시,금광동,,숭신여자고등학교,고등학교,고등학생,C:\Users\user\Documents\GitHub\studynavi\경기과외\성남시과외\금광동과외\숭신여자고과외\index.html,high,true,정상
school,경기도,성남시,금광동,,숭신여자중학교,중학교,중학생,C:\Users\user\Documents\GitHub\studynavi\경기과외\성남시과외\금광동과외\숭신여자중과외\index.html,high,true,정상
school,경기도,성남시,단대동,,상원여자중학교,중학교,중학생,C:\Users\user\Documents\GitHub\studynavi\경기과외\성남시과외\단대동과외\상원여자중과외\index.html,high,true,정상
school,경기도,성남시,단대동,,성남문원중학교,중학교,중학생,C:\Users\user\Documents\GitHub\studynavi\경기과외\성남시과외\단대동과외\성남문원중과외\index.html,high,true,정상
school,경기도,성남시,단대동,,성남서중학교,중학교,중학생,C:\Users\user\Documents\GitHub\studynavi\경기과외\성남시과외\단대동과외\성남서중과외\index.html,high,true,정상
school,경기도,성남시,대장동,,판교대장중학교,중학교,중학생,C:\Users\user\Documents\GitHub\studynavi\경기과외\성남시과외\대장동과외\판교대장중과외\index.html,high,true,정상
school,경기도,성남시,도촌동,,도촌중학교,중학교,중학생,C:\Users\user\Documents\GitHub\studynavi\경기과외\성남시과외\도촌동과외\도촌중과외\index.html,high,true,정상
school,경기도,성남시,동원동,,이우고등학교,고등학교,고등학생,C:\Users\user\Documents\GitHub\studynavi\경기과외\성남시과외\동원동과외\이우고과외\index.html,high,true,정상
school,경기도,성남시,동원동,,이우중학교,중학교,중학생,C:\Users\user\Documents\GitHub\studynavi\경기과외\성남시과외\동원동과외\이우중과외\index.html,high,true,정상
school,경기도,성남시,백현동,,보평고등학교,고등학교,고등학생,C:\Users\user\Documents\GitHub\studynavi\경기과외\성남시과외\백현동과외\보평고과외\index.html,high,true,정상
school,경기도,성남시,백현동,,보평중학교,중학교,중학생,C:\Users\user\Documents\GitHub\studynavi\경기과외\성남시과외\백현동과외\보평중과외\index.html,high,true,정상
school,경기도,성남시,백현동,,성남외국어고등학교,고등학교,고등학생,C:\Users\user\Documents\GitHub\studynavi\경기과외\성남시과외\백현동과외\성남외국어고과외\index.html,high,true,정상
school,경기도,성남시,백현동,,신백현중학교,중학교,중학생,C:\Users\user\Documents\GitHub\studynavi\경기과외\성남시과외\백현동과외\신백현중과외\index.html,high,true,정상
school,경기도,성남시,복정동,,복정고등학교,고등학교,고등학생,C:\Users\user\Documents\GitHub\studynavi\경기과외\성남시과외\복정동과외\복정고과외\index.html,high,true,정상
school,경기도,성남시,분당동,,분당대진고등학교,고등학교,고등학생,C:\Users\user\Documents\GitHub\studynavi\경기과외\성남시과외\분당동과외\분당대진고과외\index.html,high,true,정상
school,경기도,성남시,분당동,,장안중학교,중학교,중학생,C:\Users\user\Documents\GitHub\studynavi\경기과외\성남시과외\분당동과외\장안중과외\index.html,high,true,정상
school,경기도,성남시,산성동,,창성중학교,중학교,중학생,C:\Users\user\Documents\GitHub\studynavi\경기과외\성남시과외\산성동과외\창성중과외\index.html,high,true,정상
school,경기도,성남시,삼평동,,삼평중학교,중학교,중학생,C:\Users\user\Documents\GitHub\studynavi\경기과외\성남시과외\삼평동과외\삼평중과외\index.html,high,true,정상
school,경기도,성남시,삼평동,,판교고등학교,고등학교,고등학생,C:\Users\user\Documents\GitHub\studynavi\경기과외\성남시과외\삼평동과외\판교고과외\index.html,high,true,정상
school,경기도,성남시,서현동,,서현고등학교,고등학교,고등학생,C:\Users\user\Documents\GitHub\studynavi\경기과외\성남시과외\서현동과외\서현고과외\index.html,high,true,정상
school,경기도,성남시,서현동,,서현중학교,중학교,중학생,C:\Users\user\Documents\GitHub\studynavi\경기과외\성남시과외\서현동과외\서현중과외\index.html,high,true,정상
school,경기도,성남시,서현동,,양영중학교,중학교,중학생,C:\Users\user\Documents\GitHub\studynavi\경기과외\성남시과외\서현동과외\양영중과외\index.html,high,true,정상
school,경기도,성남시,성남동,,동광고등학교,고등학교,고등학생,C:\Users\user\Documents\GitHub\studynavi\경기과외\성남시과외\성남동과외\동광고과외\index.html,high,true,정상
school,경기도,성남시,성남동,,동광중학교,중학교,중학생,C:\Users\user\Documents\GitHub\studynavi\경기과외\성남시과외\성남동과외\동광중과외\index.html,high,true,정상
school,경기도,성남시,성남동,,성남고등학교,고등학교,고등학생,C:\Users\user\Documents\GitHub\studynavi\경기과외\성남시과외\성남동과외\성남고과외\index.html,high,true,정상
school,경기도,성남시,성남동,,성남여자고등학교,고등학교,고등학생,C:\Users\user\Documents\GitHub\studynavi\경기과외\성남시과외\성남동과외\성남여자고과외\index.html,high,true,정상
school,경기도,성남시,성남동,,성남중학교,중학교,중학생,C:\Users\user\Documents\GitHub\studynavi\경기과외\성남시과외\성남동과외\성남중과외\index.html,high,true,정상
school,경기도,성남시,성남동,,성일고등학교,고등학교,고등학생,C:\Users\user\Documents\GitHub\studynavi\경기과외\성남시과외\성남동과외\성일고과외\index.html,high,true,정상
school,경기도,성남시,성남시금곡동,,청솔중학교,중학교,중학생,C:\Users\user\Documents\GitHub\studynavi\경기과외\성남시과외\성남시금곡동과외\청솔중과외\index.html,high,true,정상
school,경기도,성남시,성남시은행동,,은행중학교,중학교,중학생,C:\Users\user\Documents\GitHub\studynavi\경기과외\성남시과외\성남시은행동과외\은행중과외\index.html,high,true,정상
school,경기도,성남시,성남시정자동,,늘푸른고등학교,고등학교,고등학생,C:\Users\user\Documents\GitHub\studynavi\경기과외\성남시과외\성남시정자동과외\늘푸른고과외\index.html,high,true,정상
school,경기도,성남시,성남시정자동,,늘푸른중학교,중학교,중학생,C:\Users\user\Documents\GitHub\studynavi\경기과외\성남시과외\성남시정자동과외\늘푸른중과외\index.html,high,true,정상
school,경기도,성남시,성남시정자동,,백현중학교,중학교,중학생,C:\Users\user\Documents\GitHub\studynavi\경기과외\성남시과외\성남시정자동과외\백현중과외\index.html,high,true,정상
school,경기도,성남시,성남시정자동,,분당중학교,중학교,중학생,C:\Users\user\Documents\GitHub\studynavi\경기과외\성남시과외\성남시정자동과외\분당중과외\index.html,high,true,정상
school,경기도,성남시,성남시정자동,,분당중앙고등학교,고등학교,고등학생,C:\Users\user\Documents\GitHub\studynavi\경기과외\성남시과외\성남시정자동과외\분당중앙고과외\index.html,high,true,정상
school,경기도,성남시,성남시정자동,,정자중학교,중학교,중학생,C:\Users\user\Documents\GitHub\studynavi\경기과외\성남시과외\성남시정자동과외\정자중과외\index.html,high,true,정상
school,경기도,성남시,성남시정자동,,한솔고등학교,고등학교,고등학생,C:\Users\user\Documents\GitHub\studynavi\경기과외\성남시과외\성남시정자동과외\한솔고과외\index.html,high,true,정상
school,경기도,성남시,수내동,,내정중학교,중학교,중학생,C:\Users\user\Documents\GitHub\studynavi\경기과외\성남시과외\수내동과외\내정중과외\index.html,high,true,정상
school,경기도,성남시,수내동,,분당고등학교,고등학교,고등학생,C:\Users\user\Documents\GitHub\studynavi\경기과외\성남시과외\수내동과외\분당고과외\index.html,high,true,정상
school,경기도,성남시,수내동,,샛별중학교,중학교,중학생,C:\Users\user\Documents\GitHub\studynavi\경기과외\성남시과외\수내동과외\샛별중과외\index.html,high,true,정상
school,경기도,성남시,수내동,,수내고등학교,고등학교,고등학생,C:\Users\user\Documents\GitHub\studynavi\경기과외\성남시과외\수내동과외\수내고과외\index.html,high,true,정상
school,경기도,성남시,수내동,,수내중학교,중학교,중학생,C:\Users\user\Documents\GitHub\studynavi\경기과외\성남시과외\수내동과외\수내중과외\index.html,high,true,정상
school,경기도,성남시,수진동,,수진중학교,중학교,중학생,C:\Users\user\Documents\GitHub\studynavi\경기과외\성남시과외\수진동과외\수진중과외\index.html,high,true,정상
school,경기도,성남시,수진동,,풍생고등학교,고등학교,고등학생,C:\Users\user\Documents\GitHub\studynavi\경기과외\성남시과외\수진동과외\풍생고과외\index.html,high,true,정상
school,경기도,성남시,수진동,,풍생중학교,중학교,중학생,C:\Users\user\Documents\GitHub\studynavi\경기과외\성남시과외\수진동과외\풍생중과외\index.html,high,true,정상
school,경기도,성남시,심곡동,,효성고등학교,고등학교,고등학생,C:\Users\user\Documents\GitHub\studynavi\경기과외\성남시과외\심곡동과외\효성고과외\index.html,high,true,정상
school,경기도,성남시,야탑동,,분당아람고등학교,고등학교,고등학생,C:\Users\user\Documents\GitHub\studynavi\경기과외\성남시과외\야탑동과외\분당아람고과외\index.html,high,true,정상
school,경기도,성남시,야탑동,,분당영덕여자고등학교,고등학교,고등학생,C:\Users\user\Documents\GitHub\studynavi\경기과외\성남시과외\야탑동과외\분당영덕여자고과외\index.html,high,true,정상
school,경기도,성남시,야탑동,,야탑고등학교,고등학교,고등학생,C:\Users\user\Documents\GitHub\studynavi\경기과외\성남시과외\야탑동과외\야탑고과외\index.html,high,true,정상
school,경기도,성남시,야탑동,,야탑중학교,중학교,중학생,C:\Users\user\Documents\GitHub\studynavi\경기과외\성남시과외\야탑동과외\야탑중과외\index.html,high,true,정상
school,경기도,성남시,야탑동,,태원고등학교,고등학교,고등학생,C:\Users\user\Documents\GitHub\studynavi\경기과외\성남시과외\야탑동과외\태원고과외\index.html,high,true,정상
school,경기도,성남시,야탑동,,하탑중학교,중학교,중학생,C:\Users\user\Documents\GitHub\studynavi\경기과외\성남시과외\야탑동과외\하탑중과외\index.html,high,true,정상
school,경기도,성남시,운중동,,운중중학교,중학교,중학생,C:\Users\user\Documents\GitHub\studynavi\경기과외\성남시과외\운중동과외\운중중과외\index.html,high,true,정상
school,경기도,성남시,이매동,,돌마고등학교,고등학교,고등학생,C:\Users\user\Documents\GitHub\studynavi\경기과외\성남시과외\이매동과외\돌마고과외\index.html,high,true,정상
school,경기도,성남시,이매동,,매송중학교,중학교,중학생,C:\Users\user\Documents\GitHub\studynavi\경기과외\성남시과외\이매동과외\매송중과외\index.html,high,true,정상
school,경기도,성남시,이매동,,송림고등학교,고등학교,고등학생,C:\Users\user\Documents\GitHub\studynavi\경기과외\성남시과외\이매동과외\송림고과외\index.html,high,true,정상
school,경기도,성남시,이매동,,송림중학교,중학교,중학생,C:\Users\user\Documents\GitHub\studynavi\경기과외\성남시과외\이매동과외\송림중과외\index.html,high,true,정상
school,경기도,성남시,이매동,,이매고등학교,고등학교,고등학생,C:\Users\user\Documents\GitHub\studynavi\경기과외\성남시과외\이매동과외\이매고과외\index.html,high,true,정상
school,경기도,성남시,이매동,,이매중학교,중학교,중학생,C:\Users\user\Documents\GitHub\studynavi\경기과외\성남시과외\이매동과외\이매중과외\index.html,high,true,정상
school,경기도,성남시,창곡동,,위례중앙중학교,중학교,중학생,C:\Users\user\Documents\GitHub\studynavi\경기과외\성남시과외\창곡동과외\위례중앙중과외\index.html,high,true,정상
school,경기도,성남시,창곡동,,위례한빛고등학교,고등학교,고등학생,C:\Users\user\Documents\GitHub\studynavi\경기과외\성남시과외\창곡동과외\위례한빛고과외\index.html,high,true,정상
school,경기도,성남시,창곡동,,위례한빛중학교,중학교,중학생,C:\Users\user\Documents\GitHub\studynavi\경기과외\성남시과외\창곡동과외\위례한빛중과외\index.html,high,true,정상
school,경기도,성남시,판교동,,낙생고등학교,고등학교,고등학생,C:\Users\user\Documents\GitHub\studynavi\경기과외\성남시과외\판교동과외\낙생고과외\index.html,high,true,정상
school,경기도,성남시,판교동,,낙원중학교,중학교,중학생,C:\Users\user\Documents\GitHub\studynavi\경기과외\성남시과외\판교동과외\낙원중과외\index.html,high,true,정상
school,경기도,성남시,판교동,,판교중학교,중학교,중학생,C:\Users\user\Documents\GitHub\studynavi\경기과외\성남시과외\판교동과외\판교중과외\index.html,high,true,정상
school,경기도,성남시,하대원동,,성남테크노과학고등학교,고등학교,고등학생,C:\Users\user\Documents\GitHub\studynavi\경기과외\성남시과외\하대원동과외\성남테크노과학고과외\index.html,high,true,정상
school,경기도,성남시,하대원동,,영성중학교,중학교,중학생,C:\Users\user\Documents\GitHub\studynavi\경기과외\성남시과외\하대원동과외\영성중과외\index.html,high,true,정상
school,경기도,수원시,탑동,,한봄고등학교,고등학교,고등학생,C:\Users\user\Documents\GitHub\studynavi\경기과외\수원시과외\경기탑동과외\한봄고과외\index.html,high,true,정상
school,경기도,수원시,하동,,이의고등학교,고등학교,고등학생,C:\Users\user\Documents\GitHub\studynavi\경기과외\수원시과외\경기하동과외\이의고과외\index.html,high,true,정상
school,경기도,수원시,하동,,이의중학교,중학교,중학생,C:\Users\user\Documents\GitHub\studynavi\경기과외\수원시과외\경기하동과외\이의중과외\index.html,high,true,정상
school,경기도,수원시,고등동,,수원여자고등학교,고등학교,고등학생,C:\Users\user\Documents\GitHub\studynavi\경기과외\수원시과외\고등동과외\수원여자고과외\index.html,high,true,정상
school,경기도,수원시,고색동,,고색고등학교,고등학교,고등학생,C:\Users\user\Documents\GitHub\studynavi\경기과외\수원시과외\고색동과외\고색고과외\index.html,high,true,정상
school,경기도,수원시,고색동,,고색중학교,중학교,중학생,C:\Users\user\Documents\GitHub\studynavi\경기과외\수원시과외\고색동과외\고색중과외\index.html,high,true,정상
school,경기도,수원시,곡반정동,,곡반중학교,중학교,중학생,C:\Users\user\Documents\GitHub\studynavi\경기과외\수원시과외\곡반정동과외\곡반중과외\index.html,high,true,정상
school,경기도,수원시,구운동,,구운중학교,중학교,중학생,C:\Users\user\Documents\GitHub\studynavi\경기과외\수원시과외\구운동과외\구운중과외\index.html,high,true,정상
school,경기도,수원시,권선동,,곡선중학교,중학교,중학생,C:\Users\user\Documents\GitHub\studynavi\경기과외\수원시과외\권선동과외\곡선중과외\index.html,high,true,정상
school,경기도,수원시,권선동,,곡정고등학교,고등학교,고등학생,C:\Users\user\Documents\GitHub\studynavi\경기과외\수원시과외\권선동과외\곡정고과외\index.html,high,true,정상
school,경기도,수원시,권선동,,권선고등학교,고등학교,고등학생,C:\Users\user\Documents\GitHub\studynavi\경기과외\수원시과외\권선동과외\권선고과외\index.html,high,true,정상
school,경기도,수원시,권선동,,규장중학교,중학교,중학생,C:\Users\user\Documents\GitHub\studynavi\경기과외\수원시과외\권선동과외\규장중과외\index.html,high,true,정상
school,경기도,수원시,권선동,,남수원중학교,중학교,중학생,C:\Users\user\Documents\GitHub\studynavi\경기과외\수원시과외\권선동과외\남수원중과외\index.html,high,true,정상
school,경기도,수원시,권선동,,화홍고등학교,고등학교,고등학생,C:\Users\user\Documents\GitHub\studynavi\경기과외\수원시과외\권선동과외\화홍고과외\index.html,high,true,정상
school,경기도,수원시,권선동,,화홍중학교,중학교,중학생,C:\Users\user\Documents\GitHub\studynavi\경기과외\수원시과외\권선동과외\화홍중과외\index.html,high,true,정상
school,경기도,수원시,당수동,,경기대명고등학교,고등학교,고등학생,C:\Users\user\Documents\GitHub\studynavi\경기과외\수원시과외\당수동과외\경기대명고과외\index.html,high,true,정상
school,경기도,수원시,망포동,,망포고등학교,고등학교,고등학생,C:\Users\user\Documents\GitHub\studynavi\경기과외\수원시과외\망포동과외\망포고과외\index.html,high,true,정상
school,경기도,수원시,망포동,,망포중학교,중학교,중학생,C:\Users\user\Documents\GitHub\studynavi\경기과외\수원시과외\망포동과외\망포중과외\index.html,high,true,정상
school,경기도,수원시,망포동,,영동중학교,중학교,중학생,C:\Users\user\Documents\GitHub\studynavi\경기과외\수원시과외\망포동과외\영동중과외\index.html,high,true,정상
school,경기도,수원시,망포동,,잠원중학교,중학교,중학생,C:\Users\user\Documents\GitHub\studynavi\경기과외\수원시과외\망포동과외\잠원중과외\index.html,high,true,정상
school,경기도,수원시,매교동,,수원고등학교,고등학교,고등학생,C:\Users\user\Documents\GitHub\studynavi\경기과외\수원시과외\매교동과외\수원고과외\index.html,high,true,정상
school,경기도,수원시,매교동,,수원중학교,중학교,중학생,C:\Users\user\Documents\GitHub\studynavi\경기과외\수원시과외\매교동과외\수원중과외\index.html,high,true,정상
school,경기도,수원시,매탄동,,동수원중학교,중학교,중학생,C:\Users\user\Documents\GitHub\studynavi\경기과외\수원시과외\매탄동과외\동수원중과외\index.html,high,true,정상
school,경기도,수원시,매탄동,,매원고등학교,고등학교,고등학생,C:\Users\user\Documents\GitHub\studynavi\경기과외\수원시과외\매탄동과외\매원고과외\index.html,high,true,정상
school,경기도,수원시,매탄동,,매원중학교,중학교,중학생,C:\Users\user\Documents\GitHub\studynavi\경기과외\수원시과외\매탄동과외\매원중과외\index.html,high,true,정상
school,경기도,수원시,매탄동,,매탄고등학교,고등학교,고등학생,C:\Users\user\Documents\GitHub\studynavi\경기과외\수원시과외\매탄동과외\매탄고과외\index.html,high,true,정상
school,경기도,수원시,매탄동,,매탄중학교,중학교,중학생,C:\Users\user\Documents\GitHub\studynavi\경기과외\수원시과외\매탄동과외\매탄중과외\index.html,high,true,정상
school,경기도,수원시,매탄동,,매현중학교,중학교,중학생,C:\Users\user\Documents\GitHub\studynavi\경기과외\수원시과외\매탄동과외\매현중과외\index.html,high,true,정상
school,경기도,수원시,매탄동,,산남중학교,중학교,중학생,C:\Users\user\Documents\GitHub\studynavi\경기과외\수원시과외\매탄동과외\산남중과외\index.html,high,true,정상
school,경기도,수원시,매탄동,,수원원일중학교,중학교,중학생,C:\Users\user\Documents\GitHub\studynavi\경기과외\수원시과외\매탄동과외\수원원일중과외\index.html,high,true,정상
school,경기도,수원시,매탄동,,효원고등학교,고등학교,고등학생,C:\Users\user\Documents\GitHub\studynavi\경기과외\수원시과외\매탄동과외\효원고과외\index.html,high,true,정상
school,경기도,수원시,매향동,,매향중학교,중학교,중학생,C:\Users\user\Documents\GitHub\studynavi\경기과외\수원시과외\매향동과외\매향중과외\index.html,high,true,정상
school,경기도,수원시,매향동,,삼일고등학교,고등학교,고등학생,C:\Users\user\Documents\GitHub\studynavi\경기과외\수원시과외\매향동과외\삼일고과외\index.html,high,true,정상
school,경기도,수원시,매향동,,삼일중학교,중학교,중학생,C:\Users\user\Documents\GitHub\studynavi\경기과외\수원시과외\매향동과외\삼일중과외\index.html,high,true,정상
school,경기도,수원시,서둔동,,서호중학교,중학교,중학생,C:\Users\user\Documents\GitHub\studynavi\경기과외\수원시과외\서둔동과외\서호중과외\index.html,high,true,정상
school,경기도,수원시,세류동,,권선중학교,중학교,중학생,C:\Users\user\Documents\GitHub\studynavi\경기과외\수원시과외\세류동과외\권선중과외\index.html,high,true,정상
school,경기도,수원시,세류동,,세류중학교,중학교,중학생,C:\Users\user\Documents\GitHub\studynavi\경기과외\수원시과외\세류동과외\세류중과외\index.html,high,true,정상
school,경기도,수원시,송죽동,,경기과학고등학교,고등학교,고등학생,C:\Users\user\Documents\GitHub\studynavi\경기과외\수원시과외\송죽동과외\경기과학고과외\index.html,high,true,정상
school,경기도,수원시,송죽동,,송원중학교,중학교,중학생,C:\Users\user\Documents\GitHub\studynavi\경기과외\수원시과외\송죽동과외\송원중과외\index.html,high,true,정상
school,경기도,수원시,수원시금곡동,,상촌중학교,중학교,중학생,C:\Users\user\Documents\GitHub\studynavi\경기과외\수원시과외\수원시금곡동과외\상촌중과외\index.html,high,true,정상
school,경기도,수원시,수원시금곡동,,수원칠보고등학교,고등학교,고등학생,C:\Users\user\Documents\GitHub\studynavi\경기과외\수원시과외\수원시금곡동과외\수원칠보고과외\index.html,high,true,정상
school,경기도,수원시,수원시금곡동,,칠보중학교,중학교,중학생,C:\Users\user\Documents\GitHub\studynavi\경기과외\수원시과외\수원시금곡동과외\칠보중과외\index.html,high,true,정상
school,경기도,수원시,수원시정자동,,대평고등학교,고등학교,고등학생,C:\Users\user\Documents\GitHub\studynavi\경기과외\수원시과외\수원시정자동과외\대평고과외\index.html,high,true,정상
school,경기도,수원시,수원시정자동,,대평중학교,중학교,중학생,C:\Users\user\Documents\GitHub\studynavi\경기과외\수원시과외\수원시정자동과외\대평중과외\index.html,high,true,정상
school,경기도,수원시,수원시정자동,,명인중학교,중학교,중학생,C:\Users\user\Documents\GitHub\studynavi\경기과외\수원시과외\수원시정자동과외\명인중과외\index.html,high,true,정상
school,경기도,수원시,수원시정자동,,수성고등학교,고등학교,고등학생,C:\Users\user\Documents\GitHub\studynavi\경기과외\수원시과외\수원시정자동과외\수성고과외\index.html,high,true,정상
school,경기도,수원시,수원시정자동,,장안고등학교,고등학교,고등학생,C:\Users\user\Documents\GitHub\studynavi\경기과외\수원시과외\수원시정자동과외\장안고과외\index.html,high,true,정상
school,경기도,수원시,연무동,,창용중학교,중학교,중학생,C:\Users\user\Documents\GitHub\studynavi\경기과외\수원시과외\연무동과외\창용중과외\index.html,high,true,정상
school,경기도,수원시,영통동,,수원하이텍고등학교,고등학교,고등학생,C:\Users\user\Documents\GitHub\studynavi\경기과외\수원시과외\영통동과외\수원하이텍고과외\index.html,high,true,정상
school,경기도,수원시,영통동,,영덕고등학교,고등학교,고등학생,C:\Users\user\Documents\GitHub\studynavi\경기과외\수원시과외\영통동과외\영덕고과외\index.html,high,true,정상
school,경기도,수원시,영통동,,영덕중학교,중학교,중학생,C:\Users\user\Documents\GitHub\studynavi\경기과외\수원시과외\영통동과외\영덕중과외\index.html,high,true,정상
school,경기도,수원시,영통동,,영일중학교,중학교,중학생,C:\Users\user\Documents\GitHub\studynavi\경기과외\수원시과외\영통동과외\영일중과외\index.html,high,true,정상
school,경기도,수원시,영통동,,영통중학교,중학교,중학생,C:\Users\user\Documents\GitHub\studynavi\경기과외\수원시과외\영통동과외\영통중과외\index.html,high,true,정상
school,경기도,수원시,영통동,,청명고등학교,고등학교,고등학생,C:\Users\user\Documents\GitHub\studynavi\경기과외\수원시과외\영통동과외\청명고과외\index.html,high,true,정상
school,경기도,수원시,영통동,,청명중학교,중학교,중학생,C:\Users\user\Documents\GitHub\studynavi\경기과외\수원시과외\영통동과외\청명중과외\index.html,high,true,정상
school,경기도,수원시,영통동,,태장고등학교,고등학교,고등학생,C:\Users\user\Documents\GitHub\studynavi\경기과외\수원시과외\영통동과외\태장고과외\index.html,high,true,정상
school,경기도,수원시,영통동,,태장중학교,중학교,중학생,C:\Users\user\Documents\GitHub\studynavi\경기과외\수원시과외\영통동과외\태장중과외\index.html,high,true,정상
school,경기도,수원시,영화동,,수원북중학교,중학교,중학생,C:\Users\user\Documents\GitHub\studynavi\경기과외\수원시과외\영화동과외\수원북중과외\index.html,high,true,정상
school,경기도,수원시,오목천동,,영신여자고등학교,고등학교,고등학생,C:\Users\user\Documents\GitHub\studynavi\경기과외\수원시과외\오목천동과외\영신여자고과외\index.html,high,true,정상
school,경기도,수원시,오목천동,,영신중학교,중학교,중학생,C:\Users\user\Documents\GitHub\studynavi\경기과외\수원시과외\오목천동과외\영신중과외\index.html,high,true,정상
school,경기도,수원시,우만동,,동성중학교,중학교,중학생,C:\Users\user\Documents\GitHub\studynavi\경기과외\수원시과외\우만동과외\동성중과외\index.html,high,true,정상
school,경기도,수원시,우만동,,유신고등학교,고등학교,고등학생,C:\Users\user\Documents\GitHub\studynavi\경기과외\수원시과외\우만동과외\유신고과외\index.html,high,true,정상
school,경기도,수원시,우만동,,창현고등학교,고등학교,고등학생,C:\Users\user\Documents\GitHub\studynavi\경기과외\수원시과외\우만동과외\창현고과외\index.html,high,true,정상
school,경기도,수원시,원천동,,광교호수중학교,중학교,중학생,C:\Users\user\Documents\GitHub\studynavi\경기과외\수원시과외\원천동과외\광교호수중과외\index.html,high,true,정상
school,경기도,수원시,원천동,,원천중학교,중학교,중학생,C:\Users\user\Documents\GitHub\studynavi\경기과외\수원시과외\원천동과외\원천중과외\index.html,high,true,정상
school,경기도,수원시,원천동,,중앙기독고등학교,고등학교,고등학생,C:\Users\user\Documents\GitHub\studynavi\경기과외\수원시과외\원천동과외\중앙기독고과외\index.html,high,true,정상
school,경기도,수원시,원천동,,중앙기독중학교,중학교,중학생,C:\Users\user\Documents\GitHub\studynavi\경기과외\수원시과외\원천동과외\중앙기독중과외\index.html,high,true,정상
school,경기도,수원시,율전동,,율전중학교,중학교,중학생,C:\Users\user\Documents\GitHub\studynavi\경기과외\수원시과외\율전동과외\율전중과외\index.html,high,true,정상
school,경기도,수원시,이목동,,동우여자고등학교,고등학교,고등학생,C:\Users\user\Documents\GitHub\studynavi\경기과외\수원시과외\이목동과외\동우여자고과외\index.html,high,true,정상
school,경기도,수원시,이목동,,동원동우고등학교,고등학교,고등학생,C:\Users\user\Documents\GitHub\studynavi\경기과외\수원시과외\이목동과외\동원동우고과외\index.html,high,true,정상
school,경기도,수원시,이목동,,이목중학교,중학교,중학생,C:\Users\user\Documents\GitHub\studynavi\경기과외\수원시과외\이목동과외\이목중과외\index.html,high,true,정상
school,경기도,수원시,이의동,,광교고등학교,고등학교,고등학생,C:\Users\user\Documents\GitHub\studynavi\경기과외\수원시과외\이의동과외\광교고과외\index.html,high,true,정상
school,경기도,수원시,이의동,,광교중학교,중학교,중학생,C:\Users\user\Documents\GitHub\studynavi\경기과외\수원시과외\이의동과외\광교중과외\index.html,high,true,정상
school,경기도,수원시,이의동,,수원다산중학교,중학교,중학생,C:\Users\user\Documents\GitHub\studynavi\경기과외\수원시과외\이의동과외\수원다산중과외\index.html,high,true,정상
school,경기도,수원시,이의동,,수원외국어고등학교,고등학교,고등학생,C:\Users\user\Documents\GitHub\studynavi\경기과외\수원시과외\이의동과외\수원외국어고과외\index.html,high,true,정상
school,경기도,수원시,이의동,,연무중학교,중학교,중학생,C:\Users\user\Documents\GitHub\studynavi\경기과외\수원시과외\이의동과외\연무중과외\index.html,high,true,정상
school,경기도,수원시,조원동,,수성중학교,중학교,중학생,C:\Users\user\Documents\GitHub\studynavi\경기과외\수원시과외\조원동과외\수성중과외\index.html,high,true,정상
school,경기도,수원시,조원동,,수일고등학교,고등학교,고등학생,C:\Users\user\Documents\GitHub\studynavi\경기과외\수원시과외\조원동과외\수일고과외\index.html,high,true,정상
school,경기도,수원시,조원동,,수일여자중학교,중학교,중학생,C:\Users\user\Documents\GitHub\studynavi\경기과외\수원시과외\조원동과외\수일여자중과외\index.html,high,true,정상
school,경기도,수원시,조원동,,조원고등학교,고등학교,고등학생,C:\Users\user\Documents\GitHub\studynavi\경기과외\수원시과외\조원동과외\조원고과외\index.html,high,true,정상
school,경기도,수원시,조원동,,조원중학교,중학교,중학생,C:\Users\user\Documents\GitHub\studynavi\경기과외\수원시과외\조원동과외\조원중과외\index.html,high,true,정상
school,경기도,수원시,천천동,,경기체육중학교,중학교,중학생,C:\Users\user\Documents\GitHub\studynavi\경기과외\수원시과외\천천동과외\경기체육중과외\index.html,high,true,정상
school,경기도,수원시,천천동,,영생고등학교,고등학교,고등학생,C:\Users\user\Documents\GitHub\studynavi\경기과외\수원시과외\천천동과외\영생고과외\index.html,high,true,정상
school,경기도,수원시,천천동,,천천고등학교,고등학교,고등학생,C:\Users\user\Documents\GitHub\studynavi\경기과외\수원시과외\천천동과외\천천고과외\index.html,high,true,정상
school,경기도,수원시,천천동,,천천중학교,중학교,중학생,C:\Users\user\Documents\GitHub\studynavi\경기과외\수원시과외\천천동과외\천천중과외\index.html,high,true,정상
school,경기도,수원시,파장동,,수일중학교,중학교,중학생,C:\Users\user\Documents\GitHub\studynavi\경기과외\수원시과외\파장동과외\수일중과외\index.html,high,true,정상
school,경기도,수원시,호매실동,,능실중학교,중학교,중학생,C:\Users\user\Documents\GitHub\studynavi\경기과외\수원시과외\호매실동과외\능실중과외\index.html,high,true,정상
school,경기도,수원시,호매실동,,호매실고등학교,고등학교,고등학생,C:\Users\user\Documents\GitHub\studynavi\경기과외\수원시과외\호매실동과외\호매실고과외\index.html,high,true,정상
school,경기도,수원시,호매실동,,호매실중학교,중학교,중학생,C:\Users\user\Documents\GitHub\studynavi\경기과외\수원시과외\호매실동과외\호매실중과외\index.html,high,true,정상
school,경기도,수원시,화서동,,수원제일중학교,중학교,중학생,C:\Users\user\Documents\GitHub\studynavi\경기과외\수원시과외\화서동과외\수원제일중과외\index.html,high,true,정상
school,경기도,수원시,화서동,,숙지고등학교,고등학교,고등학생,C:\Users\user\Documents\GitHub\studynavi\경기과외\수원시과외\화서동과외\숙지고과외\index.html,high,true,정상
school,경기도,수원시,화서동,,숙지중학교,중학교,중학생,C:\Users\user\Documents\GitHub\studynavi\경기과외\수원시과외\화서동과외\숙지중과외\index.html,high,true,정상
school,경기도,수원시,화서동,,영복여자고등학교,고등학교,고등학생,C:\Users\user\Documents\GitHub\studynavi\경기과외\수원시과외\화서동과외\영복여자고과외\index.html,high,true,정상
school,경기도,수원시,화서동,,영복여자중학교,중학교,중학생,C:\Users\user\Documents\GitHub\studynavi\경기과외\수원시과외\화서동과외\영복여자중과외\index.html,high,true,정상
school,경기도,수원시,화서동,,율천고등학교,고등학교,고등학생,C:\Users\user\Documents\GitHub\studynavi\경기과외\수원시과외\화서동과외\율천고과외\index.html,high,true,정상
school,경기도,수원시,화서동,,율현중학교,중학교,중학생,C:\Users\user\Documents\GitHub\studynavi\경기과외\수원시과외\화서동과외\율현중과외\index.html,high,true,정상
school,경기도,수원시,화서동,,정천중학교,중학교,중학생,C:\Users\user\Documents\GitHub\studynavi\경기과외\수원시과외\화서동과외\정천중과외\index.html,high,true,정상
school,경기도,시흥시,거모동,,군자중학교,중학교,중학생,C:\Users\user\Documents\GitHub\studynavi\경기과외\시흥시과외\거모동과외\군자중과외\index.html,high,true,정상
school,경기도,시흥시,신천동,,신천고등학교,고등학교,고등학생,C:\Users\user\Documents\GitHub\studynavi\경기과외\시흥시과외\경기신천동과외\신천고과외\index.html,high,true,정상
school,경기도,시흥시,신천동,,신천중학교,중학교,중학생,C:\Users\user\Documents\GitHub\studynavi\경기과외\시흥시과외\경기신천동과외\신천중과외\index.html,high,true,정상
school,경기도,시흥시,과림동,,한국글로벌중학교,중학교,중학생,C:\Users\user\Documents\GitHub\studynavi\경기과외\시흥시과외\과림동과외\한국글로벌중과외\index.html,high,true,정상
school,경기도,시흥시,논곡동,,논곡중학교,중학교,중학생,C:\Users\user\Documents\GitHub\studynavi\경기과외\시흥시과외\논곡동과외\논곡중과외\index.html,high,true,정상
school,경기도,시흥시,능곡동,,시흥능곡고등학교,고등학교,고등학생,C:\Users\user\Documents\GitHub\studynavi\경기과외\시흥시과외\능곡동과외\시흥능곡고과외\index.html,high,true,정상
school,경기도,시흥시,능곡동,,시흥능곡중학교,중학교,중학생,C:\Users\user\Documents\GitHub\studynavi\경기과외\시흥시과외\능곡동과외\시흥능곡중과외\index.html,high,true,정상
school,경기도,시흥시,대야동,,대흥중학교,중학교,중학생,C:\Users\user\Documents\GitHub\studynavi\경기과외\시흥시과외\대야동과외\대흥중과외\index.html,high,true,정상
school,경기도,시흥시,대야동,,은계중학교,중학교,중학생,C:\Users\user\Documents\GitHub\studynavi\경기과외\시흥시과외\대야동과외\은계중과외\index.html,high,true,정상
school,경기도,시흥시,매화동,,시흥매화고등학교,고등학교,고등학생,C:\Users\user\Documents\GitHub\studynavi\경기과외\시흥시과외\매화동과외\시흥매화고과외\index.html,high,true,정상
school,경기도,시흥시,매화동,,시흥매화중학교,중학교,중학생,C:\Users\user\Documents\GitHub\studynavi\경기과외\시흥시과외\매화동과외\시흥매화중과외\index.html,high,true,정상
school,경기도,시흥시,배곧동,,배곧라라중학교,중학교,중학생,C:\Users\user\Documents\GitHub\studynavi\경기과외\시흥시과외\배곧동과외\배곧라라중과외\index.html,high,true,정상
school,경기도,시흥시,배곧동,,배곧중학교,중학교,중학생,C:\Users\user\Documents\GitHub\studynavi\경기과외\시흥시과외\배곧동과외\배곧중과외\index.html,high,true,정상
school,경기도,시흥시,배곧동,,배곧해솔중학교,중학교,중학생,C:\Users\user\Documents\GitHub\studynavi\경기과외\시흥시과외\배곧동과외\배곧해솔중과외\index.html,high,true,정상
school,경기도,시흥시,시흥시은행동,,소래고등학교,고등학교,고등학생,C:\Users\user\Documents\GitHub\studynavi\경기과외\시흥시과외\시흥시은행동과외\소래고과외\index.html,high,true,정상
school,경기도,시흥시,시흥시은행동,,소래중학교,중학교,중학생,C:\Users\user\Documents\GitHub\studynavi\경기과외\시흥시과외\시흥시은행동과외\소래중과외\index.html,high,true,정상
school,경기도,시흥시,시흥시은행동,,시흥은행중학교,중학교,중학생,C:\Users\user\Documents\GitHub\studynavi\경기과외\시흥시과외\시흥시은행동과외\시흥은행중과외\index.html,high,true,정상
school,경기도,시흥시,시흥시은행동,,은행고등학교,고등학교,고등학생,C:\Users\user\Documents\GitHub\studynavi\경기과외\시흥시과외\시흥시은행동과외\은행고과외\index.html,high,true,정상
school,경기도,시흥시,월곶동,,월곶중학교,중학교,중학생,C:\Users\user\Documents\GitHub\studynavi\경기과외\시흥시과외\월곶동과외\월곶중과외\index.html,high,true,정상
school,경기도,시흥시,장곡동,,응곡중학교,중학교,중학생,C:\Users\user\Documents\GitHub\studynavi\경기과외\시흥시과외\장곡동과외\응곡중과외\index.html,high,true,정상
school,경기도,시흥시,장곡동,,장곡고등학교,고등학교,고등학생,C:\Users\user\Documents\GitHub\studynavi\경기과외\시흥시과외\장곡동과외\장곡고과외\index.html,high,true,정상
school,경기도,시흥시,장곡동,,장곡중학교,중학교,중학생,C:\Users\user\Documents\GitHub\studynavi\경기과외\시흥시과외\장곡동과외\장곡중과외\index.html,high,true,정상
school,경기도,시흥시,장현동,,시흥가온중학교,중학교,중학생,C:\Users\user\Documents\GitHub\studynavi\경기과외\시흥시과외\장현동과외\시흥가온중과외\index.html,high,true,정상
school,경기도,시흥시,정왕동,,경기스마트고등학교,고등학교,고등학생,C:\Users\user\Documents\GitHub\studynavi\경기과외\시흥시과외\정왕동과외\경기스마트고과외\index.html,high,true,정상
school,경기도,시흥시,정왕동,,군서고등학교,고등학교,고등학생,C:\Users\user\Documents\GitHub\studynavi\경기과외\시흥시과외\정왕동과외\군서고과외\index.html,high,true,정상
school,경기도,시흥시,정왕동,,배곧고등학교,고등학교,고등학생,C:\Users\user\Documents\GitHub\studynavi\경기과외\시흥시과외\정왕동과외\배곧고과외\index.html,high,true,정상
school,경기도,시흥시,정왕동,,서해고등학교,고등학교,고등학생,C:\Users\user\Documents\GitHub\studynavi\경기과외\시흥시과외\정왕동과외\서해고과외\index.html,high,true,정상
school,경기도,시흥시,정왕동,,서해중학교,중학교,중학생,C:\Users\user\Documents\GitHub\studynavi\경기과외\시흥시과외\정왕동과외\서해중과외\index.html,high,true,정상
school,경기도,시흥시,정왕동,,송운중학교,중학교,중학생,C:\Users\user\Documents\GitHub\studynavi\경기과외\시흥시과외\정왕동과외\송운중과외\index.html,high,true,정상
school,경기도,시흥시,정왕동,,시화나래중학교,중학교,중학생,C:\Users\user\Documents\GitHub\studynavi\경기과외\시흥시과외\정왕동과외\시화나래중과외\index.html,high,true,정상
school,경기도,시흥시,정왕동,,시화중학교,중학교,중학생,C:\Users\user\Documents\GitHub\studynavi\경기과외\시흥시과외\정왕동과외\시화중과외\index.html,high,true,정상
school,경기도,시흥시,정왕동,,시흥중학교,중학교,중학생,C:\Users\user\Documents\GitHub\studynavi\경기과외\시흥시과외\정왕동과외\시흥중과외\index.html,high,true,정상
school,경기도,시흥시,정왕동,,정왕고등학교,고등학교,고등학생,C:\Users\user\Documents\GitHub\studynavi\경기과외\시흥시과외\정왕동과외\정왕고과외\index.html,high,true,정상
school,경기도,시흥시,정왕동,,정왕중학교,중학교,중학생,C:\Users\user\Documents\GitHub\studynavi\경기과외\시흥시과외\정왕동과외\정왕중과외\index.html,high,true,정상
school,경기도,시흥시,정왕동,,함현고등학교,고등학교,고등학생,C:\Users\user\Documents\GitHub\studynavi\경기과외\시흥시과외\정왕동과외\함현고과외\index.html,high,true,정상
school,경기도,시흥시,정왕동,,함현중학교,중학교,중학생,C:\Users\user\Documents\GitHub\studynavi\경기과외\시흥시과외\정왕동과외\함현중과외\index.html,high,true,정상
school,경기도,시흥시,조남동,,목감고등학교,고등학교,고등학생,C:\Users\user\Documents\GitHub\studynavi\경기과외\시흥시과외\조남동과외\목감고과외\index.html,high,true,정상
school,경기도,시흥시,조남동,,조남중학교,중학교,중학생,C:\Users\user\Documents\GitHub\studynavi\경기과외\시흥시과외\조남동과외\조남중과외\index.html,high,true,정상
school,경기도,시흥시,하상동,,시흥고등학교,고등학교,고등학생,C:\Users\user\Documents\GitHub\studynavi\경기과외\시흥시과외\하상동과외\시흥고과외\index.html,high,true,정상
school,경기도,시흥시,하상동,,연성중학교,중학교,중학생,C:\Users\user\Documents\GitHub\studynavi\경기과외\시흥시과외\하상동과외\연성중과외\index.html,high,true,정상
school,경기도,안산시,사동,,석호중학교,중학교,중학생,C:\Users\user\Documents\GitHub\studynavi\경기과외\안산시과외\경기사동과외\석호중과외\index.html,high,true,정상
school,경기도,안산시,사동,,성안고등학교,고등학교,고등학생,C:\Users\user\Documents\GitHub\studynavi\경기과외\안산시과외\경기사동과외\성안고과외\index.html,high,true,정상
school,경기도,안산시,사동,,성안중학교,중학교,중학생,C:\Users\user\Documents\GitHub\studynavi\경기과외\안산시과외\경기사동과외\성안중과외\index.html,high,true,정상
school,경기도,안산시,사동,,시곡중학교,중학교,중학생,C:\Users\user\Documents\GitHub\studynavi\경기과외\안산시과외\경기사동과외\시곡중과외\index.html,high,true,정상
school,경기도,안산시,사동,,안산해솔중학교,중학교,중학생,C:\Users\user\Documents\GitHub\studynavi\경기과외\안산시과외\경기사동과외\안산해솔중과외\index.html,high,true,정상
school,경기도,안산시,사동,,안산해양중학교,중학교,중학생,C:\Users\user\Documents\GitHub\studynavi\경기과외\안산시과외\경기사동과외\안산해양중과외\index.html,high,true,정상
school,경기도,안산시,신길동,,신길고등학교,고등학교,고등학생,C:\Users\user\Documents\GitHub\studynavi\경기과외\안산시과외\경기신길동과외\신길고과외\index.html,high,true,정상
school,경기도,안산시,신길동,,신길중학교,중학교,중학생,C:\Users\user\Documents\GitHub\studynavi\경기과외\안산시과외\경기신길동과외\신길중과외\index.html,high,true,정상
school,경기도,안산시,와동,,안산강서고등학교,고등학교,고등학생,C:\Users\user\Documents\GitHub\studynavi\경기과외\안산시과외\경기와동과외\안산강서고과외\index.html,high,true,정상
school,경기도,안산시,와동,,와동중학교,중학교,중학생,C:\Users\user\Documents\GitHub\studynavi\경기과외\안산시과외\경기와동과외\와동중과외\index.html,high,true,정상
school,경기도,안산시,고잔동,,경안고등학교,고등학교,고등학생,C:\Users\user\Documents\GitHub\studynavi\경기과외\안산시과외\고잔동과외\경안고과외\index.html,high,true,정상
school,경기도,안산시,고잔동,,고잔고등학교,고등학교,고등학생,C:\Users\user\Documents\GitHub\studynavi\경기과외\안산시과외\고잔동과외\고잔고과외\index.html,high,true,정상
school,경기도,안산시,고잔동,,단원고등학교,고등학교,고등학생,C:\Users\user\Documents\GitHub\studynavi\경기과외\안산시과외\고잔동과외\단원고과외\index.html,high,true,정상
school,경기도,안산시,고잔동,,단원중학교,중학교,중학생,C:\Users\user\Documents\GitHub\studynavi\경기과외\안산시과외\고잔동과외\단원중과외\index.html,high,true,정상
school,경기도,안산시,고잔동,,송호중학교,중학교,중학생,C:\Users\user\Documents\GitHub\studynavi\경기과외\안산시과외\고잔동과외\송호중과외\index.html,high,true,정상
school,경기도,안산시,고잔동,,양지고등학교,고등학교,고등학생,C:\Users\user\Documents\GitHub\studynavi\경기과외\안산시과외\고잔동과외\양지고과외\index.html,high,true,정상
school,경기도,안산시,고잔동,,양지중학교,중학교,중학생,C:\Users\user\Documents\GitHub\studynavi\경기과외\안산시과외\고잔동과외\양지중과외\index.html,high,true,정상
school,경기도,안산시,고잔동,,중앙중학교,중학교,중학생,C:\Users\user\Documents\GitHub\studynavi\경기과외\안산시과외\고잔동과외\중앙중과외\index.html,high,true,정상
school,경기도,안산시,대부북동,,대부고등학교,고등학교,고등학생,C:\Users\user\Documents\GitHub\studynavi\경기과외\안산시과외\대부북동과외\대부고과외\index.html,high,true,정상
school,경기도,안산시,대부북동,,대부중학교,중학교,중학생,C:\Users\user\Documents\GitHub\studynavi\경기과외\안산시과외\대부북동과외\대부중과외\index.html,high,true,정상
school,경기도,안산시,본오동,,본오중학교,중학교,중학생,C:\Users\user\Documents\GitHub\studynavi\경기과외\안산시과외\본오동과외\본오중과외\index.html,high,true,정상
school,경기도,안산시,본오동,,상록고등학교,고등학교,고등학생,C:\Users\user\Documents\GitHub\studynavi\경기과외\안산시과외\본오동과외\상록고과외\index.html,high,true,정상
school,경기도,안산시,본오동,,상록중학교,중학교,중학생,C:\Users\user\Documents\GitHub\studynavi\경기과외\안산시과외\본오동과외\상록중과외\index.html,high,true,정상
school,경기도,안산시,본오동,,안산동산고등학교,고등학교,고등학생,C:\Users\user\Documents\GitHub\studynavi\경기과외\안산시과외\본오동과외\안산동산고과외\index.html,high,true,정상
school,경기도,안산시,본오동,,이호중학교,중학교,중학생,C:\Users\user\Documents\GitHub\studynavi\경기과외\안산시과외\본오동과외\이호중과외\index.html,high,true,정상
school,경기도,안산시,선부동,,석수중학교,중학교,중학생,C:\Users\user\Documents\GitHub\studynavi\경기과외\안산시과외\선부동과외\석수중과외\index.html,high,true,정상
school,경기도,안산시,선부동,,선부고등학교,고등학교,고등학생,C:\Users\user\Documents\GitHub\studynavi\경기과외\안산시과외\선부동과외\선부고과외\index.html,high,true,정상
school,경기도,안산시,선부동,,선부중학교,중학교,중학생,C:\Users\user\Documents\GitHub\studynavi\경기과외\안산시과외\선부동과외\선부중과외\index.html,high,true,정상
school,경기도,안산시,선부동,,선일중학교,중학교,중학생,C:\Users\user\Documents\GitHub\studynavi\경기과외\안산시과외\선부동과외\선일중과외\index.html,high,true,정상
school,경기도,안산시,선부동,,원일중학교,중학교,중학생,C:\Users\user\Documents\GitHub\studynavi\경기과외\안산시과외\선부동과외\원일중과외\index.html,high,true,정상
school,경기도,안산시,성포동,,경수중학교,중학교,중학생,C:\Users\user\Documents\GitHub\studynavi\경기과외\안산시과외\성포동과외\경수중과외\index.html,high,true,정상
school,경기도,안산시,성포동,,성포고등학교,고등학교,고등학생,C:\Users\user\Documents\GitHub\studynavi\경기과외\안산시과외\성포동과외\성포고과외\index.html,high,true,정상
school,경기도,안산시,안산시부곡동,,부곡고등학교,고등학교,고등학생,C:\Users\user\Documents\GitHub\studynavi\경기과외\안산시과외\안산시부곡동과외\부곡고과외\index.html,high,true,정상
school,경기도,안산시,안산시부곡동,,안산부곡중학교,중학교,중학생,C:\Users\user\Documents\GitHub\studynavi\경기과외\안산시과외\안산시부곡동과외\안산부곡중과외\index.html,high,true,정상
school,경기도,안산시,안산시이동,,송호고등학교,고등학교,고등학생,C:\Users\user\Documents\GitHub\studynavi\경기과외\안산시과외\안산시이동과외\송호고과외\index.html,high,true,정상
school,경기도,안산시,안산시일동,,안산성호중학교,중학교,중학생,C:\Users\user\Documents\GitHub\studynavi\경기과외\안산시과외\안산시일동과외\안산성호중과외\index.html,high,true,정상
school,경기도,안산시,원곡동,,관산중학교,중학교,중학생,C:\Users\user\Documents\GitHub\studynavi\경기과외\안산시과외\원곡동과외\관산중과외\index.html,high,true,정상
school,경기도,안산시,원곡동,,원곡고등학교,고등학교,고등학생,C:\Users\user\Documents\GitHub\studynavi\경기과외\안산시과외\원곡동과외\원곡고과외\index.html,high,true,정상
school,경기도,안산시,원곡동,,원곡중학교,중학교,중학생,C:\Users\user\Documents\GitHub\studynavi\경기과외\안산시과외\원곡동과외\원곡중과외\index.html,high,true,정상
school,경기도,안산시,월피동,,광덕고등학교,고등학교,고등학생,C:\Users\user\Documents\GitHub\studynavi\경기과외\안산시과외\월피동과외\광덕고과외\index.html,high,true,정상
school,경기도,안산시,월피동,,광덕중학교,중학교,중학생,C:\Users\user\Documents\GitHub\studynavi\경기과외\안산시과외\월피동과외\광덕중과외\index.html,high,true,정상
school,경기도,안산시,월피동,,성포중학교,중학교,중학생,C:\Users\user\Documents\GitHub\studynavi\경기과외\안산시과외\월피동과외\성포중과외\index.html,high,true,정상
school,경기도,안산시,장상동,,안산고등학교,고등학교,고등학생,C:\Users\user\Documents\GitHub\studynavi\경기과외\안산시과외\장상동과외\안산고과외\index.html,high,true,정상
school,경기도,안산시,장상동,,안산중학교,중학교,중학생,C:\Users\user\Documents\GitHub\studynavi\경기과외\안산시과외\장상동과외\안산중과외\index.html,high,true,정상
school,경기도,안산시,초지동,,별망중학교,중학교,중학생,C:\Users\user\Documents\GitHub\studynavi\경기과외\안산시과외\초지동과외\별망중과외\index.html,high,true,정상
school,경기도,안산시,초지동,,초지고등학교,고등학교,고등학생,C:\Users\user\Documents\GitHub\studynavi\경기과외\안산시과외\초지동과외\초지고과외\index.html,high,true,정상
school,경기도,안산시,초지동,,초지중학교,중학교,중학생,C:\Users\user\Documents\GitHub\studynavi\경기과외\안산시과외\초지동과외\초지중과외\index.html,high,true,정상
school,경기도,안산시,팔곡일동,,경기모바일과학고등학교,고등학교,고등학생,C:\Users\user\Documents\GitHub\studynavi\경기과외\안산시과외\팔곡일동과외\경기모바일과학고과외\index.html,high,true,정상
school,경기도,안산시,팔곡일동,,반월중학교,중학교,중학생,C:\Users\user\Documents\GitHub\studynavi\경기과외\안산시과외\팔곡일동과외\반월중과외\index.html,high,true,정상
school,경기도,안성시,구포동,,안법고등학교,고등학교,고등학생,C:\Users\user\Documents\GitHub\studynavi\경기과외\안성시과외\경기구포동과외\안법고과외\index.html,high,true,정상
school,경기도,안성시,낙원동,,명륜여자중학교,중학교,중학생,C:\Users\user\Documents\GitHub\studynavi\경기과외\안성시과외\경기낙원동과외\명륜여자중과외\index.html,high,true,정상
school,경기도,안성시,금산동,,안성고등학교,고등학교,고등학생,C:\Users\user\Documents\GitHub\studynavi\경기과외\안성시과외\금산동과외\안성고과외\index.html,high,true,정상
school,경기도,안성시,금산동,,안성중학교,중학교,중학생,C:\Users\user\Documents\GitHub\studynavi\경기과외\안성시과외\금산동과외\안성중과외\index.html,high,true,정상
school,경기도,안성시,당왕동,,비룡중학교,중학교,중학생,C:\Users\user\Documents\GitHub\studynavi\경기과외\안성시과외\당왕동과외\비룡중과외\index.html,high,true,정상
school,경기도,안성시,당왕동,,안청중학교,중학교,중학생,C:\Users\user\Documents\GitHub\studynavi\경기과외\안성시과외\당왕동과외\안청중과외\index.html,high,true,정상
school,경기도,안성시,발화동,,가온고등학교,고등학교,고등학생,C:\Users\user\Documents\GitHub\studynavi\경기과외\안성시과외\발화동과외\가온고과외\index.html,high,true,정상
school,경기도,안성시,봉남동,,안성여자중학교,중학교,중학생,C:\Users\user\Documents\GitHub\studynavi\경기과외\안성시과외\봉남동과외\안성여자중과외\index.html,high,true,정상
school,경기도,안성시,신소현동,,안성여자고등학교,고등학교,고등학생,C:\Users\user\Documents\GitHub\studynavi\경기과외\안성시과외\신소현동과외\안성여자고과외\index.html,high,true,정상
school,경기도,안성시,안성시서동,,일죽고등학교,고등학교,고등학생,C:\Users\user\Documents\GitHub\studynavi\경기과외\안성시과외\안성시서동과외\일죽고과외\index.html,high,true,정상
school,경기도,안성시,안성시서동,,일죽중학교,중학교,중학생,C:\Users\user\Documents\GitHub\studynavi\경기과외\안성시과외\안성시서동과외\일죽중과외\index.html,high,true,정상
school,경기도,안양시,비산동,,부흥고등학교,고등학교,고등학생,C:\Users\user\Documents\GitHub\studynavi\경기과외\안양시과외\경기비산동과외\부흥고과외\index.html,high,true,정상
school,경기도,안양시,비산동,,비산중학교,중학교,중학생,C:\Users\user\Documents\GitHub\studynavi\경기과외\안양시과외\경기비산동과외\비산중과외\index.html,high,true,정상
school,경기도,안양시,비산동,,안양부흥중학교,중학교,중학생,C:\Users\user\Documents\GitHub\studynavi\경기과외\안양시과외\경기비산동과외\안양부흥중과외\index.html,high,true,정상
school,경기도,안양시,비산동,,임곡중학교,중학교,중학생,C:\Users\user\Documents\GitHub\studynavi\경기과외\안양시과외\경기비산동과외\임곡중과외\index.html,high,true,정상
school,경기도,안양시,호계동,,대안여자중학교,중학교,중학생,C:\Users\user\Documents\GitHub\studynavi\경기과외\안양시과외\경기호계동과외\대안여자중과외\index.html,high,true,정상
school,경기도,안양시,호계동,,대안중학교,중학교,중학생,C:\Users\user\Documents\GitHub\studynavi\경기과외\안양시과외\경기호계동과외\대안중과외\index.html,high,true,정상
school,경기도,안양시,호계동,,범계중학교,중학교,중학생,C:\Users\user\Documents\GitHub\studynavi\경기과외\안양시과외\경기호계동과외\범계중과외\index.html,high,true,정상
school,경기도,안양시,호계동,,신기중학교,중학교,중학생,C:\Users\user\Documents\GitHub\studynavi\경기과외\안양시과외\경기호계동과외\신기중과외\index.html,high,true,정상
school,경기도,안양시,호계동,,평촌고등학교,고등학교,고등학생,C:\Users\user\Documents\GitHub\studynavi\경기과외\안양시과외\경기호계동과외\평촌고과외\index.html,high,true,정상
school,경기도,안양시,호계동,,호계중학교,중학교,중학생,C:\Users\user\Documents\GitHub\studynavi\경기과외\안양시과외\경기호계동과외\호계중과외\index.html,high,true,정상
school,경기도,안양시,호계동,,호성중학교,중학교,중학생,C:\Users\user\Documents\GitHub\studynavi\경기과외\안양시과외\경기호계동과외\호성중과외\index.html,high,true,정상
school,경기도,안양시,관양동,,관양고등학교,고등학교,고등학생,C:\Users\user\Documents\GitHub\studynavi\경기과외\안양시과외\관양동과외\관양고과외\index.html,high,true,정상
school,경기도,안양시,관양동,,관양중학교,중학교,중학생,C:\Users\user\Documents\GitHub\studynavi\경기과외\안양시과외\관양동과외\관양중과외\index.html,high,true,정상
school,경기도,안양시,관양동,,부림중학교,중학교,중학생,C:\Users\user\Documents\GitHub\studynavi\경기과외\안양시과외\관양동과외\부림중과외\index.html,high,true,정상
school,경기도,안양시,관양동,,부안중학교,중학교,중학생,C:\Users\user\Documents\GitHub\studynavi\경기과외\안양시과외\관양동과외\부안중과외\index.html,high,true,정상
school,경기도,안양시,관양동,,인덕원고등학교,고등학교,고등학생,C:\Users\user\Documents\GitHub\studynavi\경기과외\안양시과외\관양동과외\인덕원고과외\index.html,high,true,정상
school,경기도,안양시,관양동,,인덕원중학교,중학교,중학생,C:\Users\user\Documents\GitHub\studynavi\경기과외\안양시과외\관양동과외\인덕원중과외\index.html,high,true,정상
school,경기도,안양시,박달동,,박달중학교,중학교,중학생,C:\Users\user\Documents\GitHub\studynavi\경기과외\안양시과외\박달동과외\박달중과외\index.html,high,true,정상
school,경기도,안양시,박달동,,안양고등학교,고등학교,고등학생,C:\Users\user\Documents\GitHub\studynavi\경기과외\안양시과외\박달동과외\안양고과외\index.html,high,true,정상
school,경기도,안양시,석수동,,안양중학교,중학교,중학생,C:\Users\user\Documents\GitHub\studynavi\경기과외\안양시과외\석수동과외\안양중과외\index.html,high,true,정상
school,경기도,안양시,석수동,,연현중학교,중학교,중학생,C:\Users\user\Documents\GitHub\studynavi\경기과외\안양시과외\석수동과외\연현중과외\index.html,high,true,정상
school,경기도,안양시,석수동,,충훈고등학교,고등학교,고등학생,C:\Users\user\Documents\GitHub\studynavi\경기과외\안양시과외\석수동과외\충훈고과외\index.html,high,true,정상
school,경기도,안양시,안양동,,근명고등학교,고등학교,고등학생,C:\Users\user\Documents\GitHub\studynavi\경기과외\안양시과외\안양동과외\근명고과외\index.html,high,true,정상
school,경기도,안양시,안양동,,근명중학교,중학교,중학생,C:\Users\user\Documents\GitHub\studynavi\경기과외\안양시과외\안양동과외\근명중과외\index.html,high,true,정상
school,경기도,안양시,안양동,,성문고등학교,고등학교,고등학생,C:\Users\user\Documents\GitHub\studynavi\경기과외\안양시과외\안양동과외\성문고과외\index.html,high,true,정상
school,경기도,안양시,안양동,,성문중학교,중학교,중학생,C:\Users\user\Documents\GitHub\studynavi\경기과외\안양시과외\안양동과외\성문중과외\index.html,high,true,정상
school,경기도,안양시,안양동,,신성고등학교,고등학교,고등학생,C:\Users\user\Documents\GitHub\studynavi\경기과외\안양시과외\안양동과외\신성고과외\index.html,high,true,정상
school,경기도,안양시,안양동,,신성중학교,중학교,중학생,C:\Users\user\Documents\GitHub\studynavi\경기과외\안양시과외\안양동과외\신성중과외\index.html,high,true,정상
school,경기도,안양시,안양동,,신안중학교,중학교,중학생,C:\Users\user\Documents\GitHub\studynavi\경기과외\안양시과외\안양동과외\신안중과외\index.html,high,true,정상
school,경기도,안양시,안양동,,안양서중학교,중학교,중학생,C:\Users\user\Documents\GitHub\studynavi\경기과외\안양시과외\안양동과외\안양서중과외\index.html,high,true,정상
school,경기도,안양시,안양동,,안양여자고등학교,고등학교,고등학생,C:\Users\user\Documents\GitHub\studynavi\경기과외\안양시과외\안양동과외\안양여자고과외\index.html,high,true,정상
school,경기도,안양시,안양동,,안양여자중학교,중학교,중학생,C:\Users\user\Documents\GitHub\studynavi\경기과외\안양시과외\안양동과외\안양여자중과외\index.html,high,true,정상
school,경기도,안양시,안양동,,안양외국어고등학교,고등학교,고등학생,C:\Users\user\Documents\GitHub\studynavi\경기과외\안양시과외\안양동과외\안양외국어고과외\index.html,high,true,정상
school,경기도,안양시,안양동,,양명고등학교,고등학교,고등학생,C:\Users\user\Documents\GitHub\studynavi\경기과외\안양시과외\안양동과외\양명고과외\index.html,high,true,정상
school,경기도,안양시,안양동,,양명여자고등학교,고등학교,고등학생,C:\Users\user\Documents\GitHub\studynavi\경기과외\안양시과외\안양동과외\양명여자고과외\index.html,high,true,정상
school,경기도,안양시,평촌동,,귀인중학교,중학교,중학생,C:\Users\user\Documents\GitHub\studynavi\경기과외\안양시과외\평촌동과외\귀인중과외\index.html,high,true,정상
school,경기도,안양시,평촌동,,동안고등학교,고등학교,고등학생,C:\Users\user\Documents\GitHub\studynavi\경기과외\안양시과외\평촌동과외\동안고과외\index.html,high,true,정상
school,경기도,안양시,평촌동,,백영고등학교,고등학교,고등학생,C:\Users\user\Documents\GitHub\studynavi\경기과외\안양시과외\평촌동과외\백영고과외\index.html,high,true,정상
school,경기도,안양시,평촌동,,평촌중학교,중학교,중학생,C:\Users\user\Documents\GitHub\studynavi\경기과외\안양시과외\평촌동과외\평촌중과외\index.html,high,true,정상
school,경기도,양주시,고암동,,덕정고등학교,고등학교,고등학생,C:\Users\user\Documents\GitHub\studynavi\경기과외\양주시과외\고암동과외\덕정고과외\index.html,high,true,정상
school,경기도,양주시,고암동,,회천중학교,중학교,중학생,C:\Users\user\Documents\GitHub\studynavi\경기과외\양주시과외\고암동과외\회천중과외\index.html,high,true,정상
school,경기도,양주시,고읍동,,덕현중학교,중학교,중학생,C:\Users\user\Documents\GitHub\studynavi\경기과외\양주시과외\고읍동과외\덕현중과외\index.html,high,true,정상
school,경기도,양주시,덕계동,,덕계고등학교,고등학교,고등학생,C:\Users\user\Documents\GitHub\studynavi\경기과외\양주시과외\덕계동과외\덕계고과외\index.html,high,true,정상
school,경기도,양주시,덕계동,,덕계중학교,중학교,중학생,C:\Users\user\Documents\GitHub\studynavi\경기과외\양주시과외\덕계동과외\덕계중과외\index.html,high,true,정상
school,경기도,양주시,덕정동,,고암중학교,중학교,중학생,C:\Users\user\Documents\GitHub\studynavi\경기과외\양주시과외\덕정동과외\고암중과외\index.html,high,true,정상
school,경기도,양주시,덕정동,,덕정중학교,중학교,중학생,C:\Users\user\Documents\GitHub\studynavi\경기과외\양주시과외\덕정동과외\덕정중과외\index.html,high,true,정상
school,경기도,양주시,만송동,,덕현고등학교,고등학교,고등학생,C:\Users\user\Documents\GitHub\studynavi\경기과외\양주시과외\만송동과외\덕현고과외\index.html,high,true,정상
school,경기도,양주시,삼숭동,,삼숭중학교,중학교,중학생,C:\Users\user\Documents\GitHub\studynavi\경기과외\양주시과외\삼숭동과외\삼숭중과외\index.html,high,true,정상
school,경기도,양주시,삼숭동,,양주고등학교,고등학교,고등학생,C:\Users\user\Documents\GitHub\studynavi\경기과외\양주시과외\삼숭동과외\양주고과외\index.html,high,true,정상
school,경기도,양주시,옥정동,,옥빛고등학교,고등학교,고등학생,C:\Users\user\Documents\GitHub\studynavi\경기과외\양주시과외\옥정동과외\옥빛고과외\index.html,high,true,정상
school,경기도,양주시,옥정동,,옥빛중학교,중학교,중학생,C:\Users\user\Documents\GitHub\studynavi\경기과외\양주시과외\옥정동과외\옥빛중과외\index.html,high,true,정상
school,경기도,양주시,옥정동,,옥정고등학교,고등학교,고등학생,C:\Users\user\Documents\GitHub\studynavi\경기과외\양주시과외\옥정동과외\옥정고과외\index.html,high,true,정상
school,경기도,양주시,옥정동,,옥정중학교,중학교,중학생,C:\Users\user\Documents\GitHub\studynavi\경기과외\양주시과외\옥정동과외\옥정중과외\index.html,high,true,정상
school,경기도,양주시,옥정동,,율정중학교,중학교,중학생,C:\Users\user\Documents\GitHub\studynavi\경기과외\양주시과외\옥정동과외\율정중과외\index.html,high,true,정상
school,경기도,양평군,양동,,양동고등학교,고등학교,고등학생,C:\Users\user\Documents\GitHub\studynavi\경기과외\양평군과외\경기양동과외\양동고과외\index.html,high,true,정상
school,경기도,양평군,양동,,양동중학교,중학교,중학생,C:\Users\user\Documents\GitHub\studynavi\경기과외\양평군과외\경기양동과외\양동중과외\index.html,high,true,정상
school,경기도,여주시,교동,,세종중학교,중학교,중학생,C:\Users\user\Documents\GitHub\studynavi\경기과외\여주시과외\경기교동과외\세종중과외\index.html,high,true,정상
school,경기도,여주시,교동,,여주고등학교,고등학교,고등학생,C:\Users\user\Documents\GitHub\studynavi\경기과외\여주시과외\경기교동과외\여주고과외\index.html,high,true,정상
school,경기도,여주시,여주시상동,,세종고등학교,고등학교,고등학생,C:\Users\user\Documents\GitHub\studynavi\경기과외\여주시과외\여주시상동과외\세종고과외\index.html,high,true,정상
school,경기도,여주시,여주시상동,,여주여자중학교,중학교,중학생,C:\Users\user\Documents\GitHub\studynavi\경기과외\여주시과외\여주시상동과외\여주여자중과외\index.html,high,true,정상
school,경기도,여주시,점동,,점동고등학교,고등학교,고등학생,C:\Users\user\Documents\GitHub\studynavi\경기과외\여주시과외\점동과외\점동고과외\index.html,high,true,정상
school,경기도,여주시,점동,,점동중학교,중학교,중학생,C:\Users\user\Documents\GitHub\studynavi\경기과외\여주시과외\점동과외\점동중과외\index.html,high,true,정상
school,경기도,오산시,가수동,,가수중학교,중학교,중학생,C:\Users\user\Documents\GitHub\studynavi\경기과외\오산시과외\가수동과외\가수중과외\index.html,high,true,정상
school,경기도,오산시,금암동,,문시중학교,중학교,중학생,C:\Users\user\Documents\GitHub\studynavi\경기과외\오산시과외\경기금암동과외\문시중과외\index.html,high,true,정상
school,경기도,오산시,금암동,,세교고등학교,고등학교,고등학생,C:\Users\user\Documents\GitHub\studynavi\경기과외\오산시과외\경기금암동과외\세교고과외\index.html,high,true,정상
school,경기도,오산시,수청동,,매홀고등학교,고등학교,고등학생,C:\Users\user\Documents\GitHub\studynavi\경기과외\오산시과외\경기수청동과외\매홀고과외\index.html,high,true,정상
school,경기도,오산시,수청동,,매홀중학교,중학교,중학생,C:\Users\user\Documents\GitHub\studynavi\경기과외\오산시과외\경기수청동과외\매홀중과외\index.html,high,true,정상
school,경기도,오산시,원동,,성호고등학교,고등학교,고등학생,C:\Users\user\Documents\GitHub\studynavi\경기과외\오산시과외\경기원동과외\성호고과외\index.html,high,true,정상
school,경기도,오산시,원동,,성호중학교,중학교,중학생,C:\Users\user\Documents\GitHub\studynavi\경기과외\오산시과외\경기원동과외\성호중과외\index.html,high,true,정상
school,경기도,오산시,원동,,오산원일중학교,중학교,중학생,C:\Users\user\Documents\GitHub\studynavi\경기과외\오산시과외\경기원동과외\오산원일중과외\index.html,high,true,정상
school,경기도,오산시,원동,,운암고등학교,고등학교,고등학생,C:\Users\user\Documents\GitHub\studynavi\경기과외\오산시과외\경기원동과외\운암고과외\index.html,high,true,정상
school,경기도,오산시,원동,,운암중학교,중학교,중학생,C:\Users\user\Documents\GitHub\studynavi\경기과외\오산시과외\경기원동과외\운암중과외\index.html,high,true,정상
school,경기도,오산시,청학동,,오산고등학교,고등학교,고등학생,C:\Users\user\Documents\GitHub\studynavi\경기과외\오산시과외\경기청학동과외\오산고과외\index.html,high,true,정상
school,경기도,오산시,청학동,,오산중학교,중학교,중학생,C:\Users\user\Documents\GitHub\studynavi\경기과외\오산시과외\경기청학동과외\오산중과외\index.html,high,true,정상
school,경기도,오산시,궐동,,대호중학교,중학교,중학생,C:\Users\user\Documents\GitHub\studynavi\경기과외\오산시과외\궐동과외\대호중과외\index.html,high,true,정상
school,경기도,오산시,부산동,,운천고등학교,고등학교,고등학생,C:\Users\user\Documents\GitHub\studynavi\경기과외\오산시과외\부산동과외\운천고과외\index.html,high,true,정상
school,경기도,오산시,오산시세교동,,세마고등학교,고등학교,고등학생,C:\Users\user\Documents\GitHub\studynavi\경기과외\오산시과외\오산시세교동과외\세마고과외\index.html,high,true,정상
school,경기도,오산시,오산시세교동,,세마중학교,중학교,중학생,C:\Users\user\Documents\GitHub\studynavi\경기과외\오산시과외\오산시세교동과외\세마중과외\index.html,high,true,정상
school,경기도,오산시,오산시오산동,,운천중학교,중학교,중학생,C:\Users\user\Documents\GitHub\studynavi\경기과외\오산시과외\오산시오산동과외\운천중과외\index.html,high,true,정상
school,경기도,용인시,남동,,태성고등학교,고등학교,고등학생,C:\Users\user\Documents\GitHub\studynavi\경기과외\용인시과외\경기남동과외\태성고과외\index.html,high,true,정상
school,경기도,용인시,남동,,태성중학교,중학교,중학생,C:\Users\user\Documents\GitHub\studynavi\경기과외\용인시과외\경기남동과외\태성중과외\index.html,high,true,정상
school,경기도,용인시,동천동,,손곡중학교,중학교,중학생,C:\Users\user\Documents\GitHub\studynavi\경기과외\용인시과외\경기동천동과외\손곡중과외\index.html,high,true,정상
school,경기도,용인시,동천동,,용인한빛중학교,중학교,중학생,C:\Users\user\Documents\GitHub\studynavi\경기과외\용인시과외\경기동천동과외\용인한빛중과외\index.html,high,true,정상
school,경기도,용인시,신봉동,,신봉고등학교,고등학교,고등학생,C:\Users\user\Documents\GitHub\studynavi\경기과외\용인시과외\경기신봉동과외\신봉고과외\index.html,high,true,정상
school,경기도,용인시,신봉동,,신봉중학교,중학교,중학생,C:\Users\user\Documents\GitHub\studynavi\경기과외\용인시과외\경기신봉동과외\신봉중과외\index.html,high,true,정상
school,경기도,용인시,신봉동,,용인홍천고등학교,고등학교,고등학생,C:\Users\user\Documents\GitHub\studynavi\경기과외\용인시과외\경기신봉동과외\용인홍천고과외\index.html,high,true,정상
school,경기도,용인시,신봉동,,홍천중학교,중학교,중학생,C:\Users\user\Documents\GitHub\studynavi\경기과외\용인시과외\경기신봉동과외\홍천중과외\index.html,high,true,정상
school,경기도,용인시,용동,,용동중학교,중학교,중학생,C:\Users\user\Documents\GitHub\studynavi\경기과외\용인시과외\경기용동과외\용동중과외\index.html,high,true,정상
school,경기도,용인시,고림동,,고림고등학교,고등학교,고등학생,C:\Users\user\Documents\GitHub\studynavi\경기과외\용인시과외\고림동과외\고림고과외\index.html,high,true,정상
school,경기도,용인시,고림동,,고림중학교,중학교,중학생,C:\Users\user\Documents\GitHub\studynavi\경기과외\용인시과외\고림동과외\고림중과외\index.html,high,true,정상
school,경기도,용인시,고림동,,고진중학교,중학교,중학생,C:\Users\user\Documents\GitHub\studynavi\경기과외\용인시과외\고림동과외\고진중과외\index.html,high,true,정상
school,경기도,용인시,고림동,,덕영고등학교,고등학교,고등학생,C:\Users\user\Documents\GitHub\studynavi\경기과외\용인시과외\고림동과외\덕영고과외\index.html,high,true,정상
school,경기도,용인시,구갈동,,성지고등학교,고등학교,고등학생,C:\Users\user\Documents\GitHub\studynavi\경기과외\용인시과외\구갈동과외\성지고과외\index.html,high,true,정상
school,경기도,용인시,구갈동,,성지중학교,중학교,중학생,C:\Users\user\Documents\GitHub\studynavi\경기과외\용인시과외\구갈동과외\성지중과외\index.html,high,true,정상
school,경기도,용인시,김량장동,,용신중학교,중학교,중학생,C:\Users\user\Documents\GitHub\studynavi\경기과외\용인시과외\김량장동과외\용신중과외\index.html,high,true,정상
school,경기도,용인시,김량장동,,용인중학교,중학교,중학생,C:\Users\user\Documents\GitHub\studynavi\경기과외\용인시과외\김량장동과외\용인중과외\index.html,high,true,정상
school,경기도,용인시,농서동,,서천고등학교,고등학교,고등학생,C:\Users\user\Documents\GitHub\studynavi\경기과외\용인시과외\농서동과외\서천고과외\index.html,high,true,정상
school,경기도,용인시,동백동,,동백고등학교,고등학교,고등학생,C:\Users\user\Documents\GitHub\studynavi\경기과외\용인시과외\동백동과외\동백고과외\index.html,high,true,정상
school,경기도,용인시,동백동,,동백중학교,중학교,중학생,C:\Users\user\Documents\GitHub\studynavi\경기과외\용인시과외\동백동과외\동백중과외\index.html,high,true,정상
school,경기도,용인시,동백동,,용인백현고등학교,고등학교,고등학생,C:\Users\user\Documents\GitHub\studynavi\경기과외\용인시과외\동백동과외\용인백현고과외\index.html,high,true,정상
school,경기도,용인시,동백동,,용인백현중학교,중학교,중학생,C:\Users\user\Documents\GitHub\studynavi\경기과외\용인시과외\동백동과외\용인백현중과외\index.html,high,true,정상
school,경기도,용인시,마북동,,구성고등학교,고등학교,고등학생,C:\Users\user\Documents\GitHub\studynavi\경기과외\용인시과외\마북동과외\구성고과외\index.html,high,true,정상
school,경기도,용인시,마북동,,구성중학교,중학교,중학생,C:\Users\user\Documents\GitHub\studynavi\경기과외\용인시과외\마북동과외\구성중과외\index.html,high,true,정상
school,경기도,용인시,보라동,,나곡중학교,중학교,중학생,C:\Users\user\Documents\GitHub\studynavi\경기과외\용인시과외\보라동과외\나곡중과외\index.html,high,true,정상
school,경기도,용인시,보라동,,보라고등학교,고등학교,고등학생,C:\Users\user\Documents\GitHub\studynavi\경기과외\용인시과외\보라동과외\보라고과외\index.html,high,true,정상
school,경기도,용인시,보라동,,보라중학교,중학교,중학생,C:\Users\user\Documents\GitHub\studynavi\경기과외\용인시과외\보라동과외\보라중과외\index.html,high,true,정상
school,경기도,용인시,보정동,,보정고등학교,고등학교,고등학생,C:\Users\user\Documents\GitHub\studynavi\경기과외\용인시과외\보정동과외\보정고과외\index.html,high,true,정상
school,경기도,용인시,보정동,,소현중학교,중학교,중학생,C:\Users\user\Documents\GitHub\studynavi\경기과외\용인시과외\보정동과외\소현중과외\index.html,high,true,정상
school,경기도,용인시,보정동,,용인신촌중학교,중학교,중학생,C:\Users\user\Documents\GitHub\studynavi\경기과외\용인시과외\보정동과외\용인신촌중과외\index.html,high,true,정상
school,경기도,용인시,상갈동,,상갈중학교,중학교,중학생,C:\Users\user\Documents\GitHub\studynavi\경기과외\용인시과외\상갈동과외\상갈중과외\index.html,high,true,정상
school,경기도,용인시,상갈동,,신갈고등학교,고등학교,고등학생,C:\Users\user\Documents\GitHub\studynavi\경기과외\용인시과외\상갈동과외\신갈고과외\index.html,high,true,정상
school,경기도,용인시,상하동,,상하중학교,중학교,중학생,C:\Users\user\Documents\GitHub\studynavi\경기과외\용인시과외\상하동과외\상하중과외\index.html,high,true,정상
school,경기도,용인시,상현동,,상현고등학교,고등학교,고등학생,C:\Users\user\Documents\GitHub\studynavi\경기과외\용인시과외\상현동과외\상현고과외\index.html,high,true,정상
school,경기도,용인시,상현동,,상현중학교,중학교,중학생,C:\Users\user\Documents\GitHub\studynavi\경기과외\용인시과외\상현동과외\상현중과외\index.html,high,true,정상
school,경기도,용인시,상현동,,서원고등학교,고등학교,고등학생,C:\Users\user\Documents\GitHub\studynavi\경기과외\용인시과외\상현동과외\서원고과외\index.html,high,true,정상
school,경기도,용인시,상현동,,서원중학교,중학교,중학생,C:\Users\user\Documents\GitHub\studynavi\경기과외\용인시과외\상현동과외\서원중과외\index.html,high,true,정상
school,경기도,용인시,서천동,,서천중학교,중학교,중학생,C:\Users\user\Documents\GitHub\studynavi\경기과외\용인시과외\서천동과외\서천중과외\index.html,high,true,정상
school,경기도,용인시,성복동,,성복고등학교,고등학교,고등학생,C:\Users\user\Documents\GitHub\studynavi\경기과외\용인시과외\성복동과외\성복고과외\index.html,high,true,정상
school,경기도,용인시,성복동,,성복중학교,중학교,중학생,C:\Users\user\Documents\GitHub\studynavi\경기과외\용인시과외\성복동과외\성복중과외\index.html,high,true,정상
school,경기도,용인시,성복동,,성서중학교,중학교,중학생,C:\Users\user\Documents\GitHub\studynavi\경기과외\용인시과외\성복동과외\성서중과외\index.html,high,true,정상
school,경기도,용인시,신갈동,,구갈중학교,중학교,중학생,C:\Users\user\Documents\GitHub\studynavi\경기과외\용인시과외\신갈동과외\구갈중과외\index.html,high,true,정상
school,경기도,용인시,신갈동,,기흥고등학교,고등학교,고등학생,C:\Users\user\Documents\GitHub\studynavi\경기과외\용인시과외\신갈동과외\기흥고과외\index.html,high,true,정상
school,경기도,용인시,신갈동,,신갈중학교,중학교,중학생,C:\Users\user\Documents\GitHub\studynavi\경기과외\용인시과외\신갈동과외\신갈중과외\index.html,high,true,정상
school,경기도,용인시,신갈동,,용인신릉중학교,중학교,중학생,C:\Users\user\Documents\GitHub\studynavi\경기과외\용인시과외\신갈동과외\용인신릉중과외\index.html,high,true,정상
school,경기도,용인시,언남동,,언동중학교,중학교,중학생,C:\Users\user\Documents\GitHub\studynavi\경기과외\용인시과외\언남동과외\언동중과외\index.html,high,true,정상
school,경기도,용인시,역북동,,용인고등학교,고등학교,고등학생,C:\Users\user\Documents\GitHub\studynavi\경기과외\용인시과외\역북동과외\용인고과외\index.html,high,true,정상
school,경기도,용인시,영덕동,,흥덕고등학교,고등학교,고등학생,C:\Users\user\Documents\GitHub\studynavi\경기과외\용인시과외\영덕동과외\흥덕고과외\index.html,high,true,정상
school,경기도,용인시,영덕동,,흥덕중학교,중학교,중학생,C:\Users\user\Documents\GitHub\studynavi\경기과외\용인시과외\영덕동과외\흥덕중과외\index.html,high,true,정상
school,경기도,용인시,용인시내동,,헌산중학교,중학교,중학생,C:\Users\user\Documents\GitHub\studynavi\경기과외\용인시과외\용인시내동과외\헌산중과외\index.html,high,true,정상
school,경기도,용인시,용인시이동,,송전중학교,중학교,중학생,C:\Users\user\Documents\GitHub\studynavi\경기과외\용인시과외\용인시이동과외\송전중과외\index.html,high,true,정상
school,경기도,용인시,용인시이동,,용인바이오고등학교,고등학교,고등학생,C:\Users\user\Documents\GitHub\studynavi\경기과외\용인시과외\용인시이동과외\용인바이오고과외\index.html,high,true,정상
school,경기도,용인시,용인시이동,,용천중학교,중학교,중학생,C:\Users\user\Documents\GitHub\studynavi\경기과외\용인시과외\용인시이동과외\용천중과외\index.html,high,true,정상
school,경기도,용인시,용인시중동,,어정중학교,중학교,중학생,C:\Users\user\Documents\GitHub\studynavi\경기과외\용인시과외\용인시중동과외\어정중과외\index.html,high,true,정상
school,경기도,용인시,용인시중동,,초당고등학교,고등학교,고등학생,C:\Users\user\Documents\GitHub\studynavi\경기과외\용인시과외\용인시중동과외\초당고과외\index.html,high,true,정상
school,경기도,용인시,용인시중동,,초당중학교,중학교,중학생,C:\Users\user\Documents\GitHub\studynavi\경기과외\용인시과외\용인시중동과외\초당중과외\index.html,high,true,정상
school,경기도,용인시,죽전동,,대지고등학교,고등학교,고등학생,C:\Users\user\Documents\GitHub\studynavi\경기과외\용인시과외\죽전동과외\대지고과외\index.html,high,true,정상
school,경기도,용인시,죽전동,,대지중학교,중학교,중학생,C:\Users\user\Documents\GitHub\studynavi\경기과외\용인시과외\죽전동과외\대지중과외\index.html,high,true,정상
school,경기도,용인시,죽전동,,용인대덕중학교,중학교,중학생,C:\Users\user\Documents\GitHub\studynavi\경기과외\용인시과외\죽전동과외\용인대덕중과외\index.html,high,true,정상
school,경기도,용인시,죽전동,,죽전고등학교,고등학교,고등학생,C:\Users\user\Documents\GitHub\studynavi\경기과외\용인시과외\죽전동과외\죽전고과외\index.html,high,true,정상
school,경기도,용인시,죽전동,,죽전중학교,중학교,중학생,C:\Users\user\Documents\GitHub\studynavi\경기과외\용인시과외\죽전동과외\죽전중과외\index.html,high,true,정상
school,경기도,용인시,죽전동,,현암고등학교,고등학교,고등학생,C:\Users\user\Documents\GitHub\studynavi\경기과외\용인시과외\죽전동과외\현암고과외\index.html,high,true,정상
school,경기도,용인시,죽전동,,현암중학교,중학교,중학생,C:\Users\user\Documents\GitHub\studynavi\경기과외\용인시과외\죽전동과외\현암중과외\index.html,high,true,정상
school,경기도,용인시,청덕동,,청덕고등학교,고등학교,고등학생,C:\Users\user\Documents\GitHub\studynavi\경기과외\용인시과외\청덕동과외\청덕고과외\index.html,high,true,정상
school,경기도,용인시,청덕동,,청덕중학교,중학교,중학생,C:\Users\user\Documents\GitHub\studynavi\경기과외\용인시과외\청덕동과외\청덕중과외\index.html,high,true,정상
school,경기도,용인시,풍덕천동,,문정중학교,중학교,중학생,C:\Users\user\Documents\GitHub\studynavi\경기과외\용인시과외\풍덕천동과외\문정중과외\index.html,high,true,정상
school,경기도,용인시,풍덕천동,,수지고등학교,고등학교,고등학생,C:\Users\user\Documents\GitHub\studynavi\경기과외\용인시과외\풍덕천동과외\수지고과외\index.html,high,true,정상
school,경기도,용인시,풍덕천동,,수지중학교,중학교,중학생,C:\Users\user\Documents\GitHub\studynavi\경기과외\용인시과외\풍덕천동과외\수지중과외\index.html,high,true,정상
school,경기도,용인시,풍덕천동,,이현중학교,중학교,중학생,C:\Users\user\Documents\GitHub\studynavi\경기과외\용인시과외\풍덕천동과외\이현중과외\index.html,high,true,정상
school,경기도,용인시,풍덕천동,,정평중학교,중학교,중학생,C:\Users\user\Documents\GitHub\studynavi\경기과외\용인시과외\풍덕천동과외\정평중과외\index.html,high,true,정상
school,경기도,용인시,풍덕천동,,풍덕고등학교,고등학교,고등학생,C:\Users\user\Documents\GitHub\studynavi\경기과외\용인시과외\풍덕천동과외\풍덕고과외\index.html,high,true,정상
school,경기도,의왕시,삼동,,의왕고등학교,고등학교,고등학생,C:\Users\user\Documents\GitHub\studynavi\경기과외\의왕시과외\경기삼동과외\의왕고과외\index.html,high,true,정상
school,경기도,의왕시,고천동,,경기외국어고등학교,고등학교,고등학생,C:\Users\user\Documents\GitHub\studynavi\경기과외\의왕시과외\고천동과외\경기외국어고과외\index.html,high,true,정상
school,경기도,의왕시,고천동,,우성고등학교,고등학교,고등학생,C:\Users\user\Documents\GitHub\studynavi\경기과외\의왕시과외\고천동과외\우성고과외\index.html,high,true,정상
school,경기도,의왕시,내손동,,갈뫼중학교,중학교,중학생,C:\Users\user\Documents\GitHub\studynavi\경기과외\의왕시과외\내손동과외\갈뫼중과외\index.html,high,true,정상
school,경기도,의왕시,내손동,,내손고등학교,고등학교,고등학생,C:\Users\user\Documents\GitHub\studynavi\경기과외\의왕시과외\내손동과외\내손고과외\index.html,high,true,정상
school,경기도,의왕시,내손동,,내손중학교,중학교,중학생,C:\Users\user\Documents\GitHub\studynavi\경기과외\의왕시과외\내손동과외\내손중과외\index.html,high,true,정상
school,경기도,의왕시,내손동,,백운고등학교,고등학교,고등학생,C:\Users\user\Documents\GitHub\studynavi\경기과외\의왕시과외\내손동과외\백운고과외\index.html,high,true,정상
school,경기도,의왕시,오전동,,고천중학교,중학교,중학생,C:\Users\user\Documents\GitHub\studynavi\경기과외\의왕시과외\오전동과외\고천중과외\index.html,high,true,정상
school,경기도,의왕시,오전동,,모락고등학교,고등학교,고등학생,C:\Users\user\Documents\GitHub\studynavi\경기과외\의왕시과외\오전동과외\모락고과외\index.html,high,true,정상
school,경기도,의왕시,오전동,,모락중학교,중학교,중학생,C:\Users\user\Documents\GitHub\studynavi\경기과외\의왕시과외\오전동과외\모락중과외\index.html,high,true,정상
school,경기도,의왕시,오전동,,의왕중학교,중학교,중학생,C:\Users\user\Documents\GitHub\studynavi\경기과외\의왕시과외\오전동과외\의왕중과외\index.html,high,true,정상
school,경기도,의왕시,월암동,,의왕부곡중학교,중학교,중학생,C:\Users\user\Documents\GitHub\studynavi\경기과외\의왕시과외\월암동과외\의왕부곡중과외\index.html,high,true,정상
school,경기도,의왕시,의왕시청계동,,덕장중학교,중학교,중학생,C:\Users\user\Documents\GitHub\studynavi\경기과외\의왕시과외\의왕시청계동과외\덕장중과외\index.html,high,true,정상
school,경기도,의왕시,포일동,,백운중학교,중학교,중학생,C:\Users\user\Documents\GitHub\studynavi\경기과외\의왕시과외\포일동과외\백운중과외\index.html,high,true,정상
school,경기도,의정부시,가능동,,경민IT고등학교,고등학교,고등학생,C:\Users\user\Documents\GitHub\studynavi\경기과외\의정부시과외\가능동과외\경민IT고과외\index.html,high,true,정상
school,경기도,의정부시,가능동,,경민고등학교,고등학교,고등학생,C:\Users\user\Documents\GitHub\studynavi\경기과외\의정부시과외\가능동과외\경민고과외\index.html,high,true,정상
school,경기도,의정부시,가능동,,경민여자중학교,중학교,중학생,C:\Users\user\Documents\GitHub\studynavi\경기과외\의정부시과외\가능동과외\경민여자중과외\index.html,high,true,정상
school,경기도,의정부시,가능동,,경민중학교,중학교,중학생,C:\Users\user\Documents\GitHub\studynavi\경기과외\의정부시과외\가능동과외\경민중과외\index.html,high,true,정상
school,경기도,의정부시,가능동,,다온중학교,중학교,중학생,C:\Users\user\Documents\GitHub\studynavi\경기과외\의정부시과외\가능동과외\다온중과외\index.html,high,true,정상
school,경기도,의정부시,가능동,,의정부고등학교,고등학교,고등학생,C:\Users\user\Documents\GitHub\studynavi\경기과외\의정부시과외\가능동과외\의정부고과외\index.html,high,true,정상
school,경기도,의정부시,가능동,,의정부광동고등학교,고등학교,고등학생,C:\Users\user\Documents\GitHub\studynavi\경기과외\의정부시과외\가능동과외\의정부광동고과외\index.html,high,true,정상
school,경기도,의정부시,가능동,,의정부여자고등학교,고등학교,고등학생,C:\Users\user\Documents\GitHub\studynavi\경기과외\의정부시과외\가능동과외\의정부여자고과외\index.html,high,true,정상
school,경기도,의정부시,가능동,,의정부여자중학교,중학교,중학생,C:\Users\user\Documents\GitHub\studynavi\경기과외\의정부시과외\가능동과외\의정부여자중과외\index.html,high,true,정상
school,경기도,의정부시,가능동,,의정부중학교,중학교,중학생,C:\Users\user\Documents\GitHub\studynavi\경기과외\의정부시과외\가능동과외\의정부중과외\index.html,high,true,정상
school,경기도,의정부시,낙양동,,송양고등학교,고등학교,고등학생,C:\Users\user\Documents\GitHub\studynavi\경기과외\의정부시과외\경기낙양동과외\송양고과외\index.html,high,true,정상
school,경기도,의정부시,낙양동,,송양중학교,중학교,중학생,C:\Users\user\Documents\GitHub\studynavi\경기과외\의정부시과외\경기낙양동과외\송양중과외\index.html,high,true,정상
school,경기도,의정부시,용현동,,동국대학교사범대학부속영석고등학교,고등학교,고등학생,C:\Users\user\Documents\GitHub\studynavi\경기과외\의정부시과외\경기용현동과외\동국대학교사범대학부속영석고과외\index.html,high,true,정상
school,경기도,의정부시,용현동,,솔뫼중학교,중학교,중학생,C:\Users\user\Documents\GitHub\studynavi\경기과외\의정부시과외\경기용현동과외\솔뫼중과외\index.html,high,true,정상
school,경기도,의정부시,고산동,,훈민중학교,중학교,중학생,C:\Users\user\Documents\GitHub\studynavi\경기과외\의정부시과외\고산동과외\훈민중과외\index.html,high,true,정상
school,경기도,의정부시,금오동,,금오중학교,중학교,중학생,C:\Users\user\Documents\GitHub\studynavi\경기과외\의정부시과외\금오동과외\금오중과외\index.html,high,true,정상
school,경기도,의정부시,금오동,,천보중학교,중학교,중학생,C:\Users\user\Documents\GitHub\studynavi\경기과외\의정부시과외\금오동과외\천보중과외\index.html,high,true,정상
school,경기도,의정부시,녹양동,,경기북과학고등학교,고등학교,고등학생,C:\Users\user\Documents\GitHub\studynavi\경기과외\의정부시과외\녹양동과외\경기북과학고과외\index.html,high,true,정상
school,경기도,의정부시,녹양동,,녹양중학교,중학교,중학생,C:\Users\user\Documents\GitHub\studynavi\경기과외\의정부시과외\녹양동과외\녹양중과외\index.html,high,true,정상
school,경기도,의정부시,민락동,,민락중학교,중학교,중학생,C:\Users\user\Documents\GitHub\studynavi\경기과외\의정부시과외\민락동과외\민락중과외\index.html,high,true,정상
school,경기도,의정부시,민락동,,부용고등학교,고등학교,고등학생,C:\Users\user\Documents\GitHub\studynavi\경기과외\의정부시과외\민락동과외\부용고과외\index.html,high,true,정상
school,경기도,의정부시,민락동,,부용중학교,중학교,중학생,C:\Users\user\Documents\GitHub\studynavi\경기과외\의정부시과외\민락동과외\부용중과외\index.html,high,true,정상
school,경기도,의정부시,민락동,,송현고등학교,고등학교,고등학생,C:\Users\user\Documents\GitHub\studynavi\경기과외\의정부시과외\민락동과외\송현고과외\index.html,high,true,정상
school,경기도,의정부시,민락동,,충의중학교,중학교,중학생,C:\Users\user\Documents\GitHub\studynavi\경기과외\의정부시과외\민락동과외\충의중과외\index.html,high,true,정상
school,경기도,의정부시,신곡동,,발곡고등학교,고등학교,고등학생,C:\Users\user\Documents\GitHub\studynavi\경기과외\의정부시과외\신곡동과외\발곡고과외\index.html,high,true,정상
school,경기도,의정부시,신곡동,,발곡중학교,중학교,중학생,C:\Users\user\Documents\GitHub\studynavi\경기과외\의정부시과외\신곡동과외\발곡중과외\index.html,high,true,정상
school,경기도,의정부시,신곡동,,신곡중학교,중학교,중학생,C:\Users\user\Documents\GitHub\studynavi\경기과외\의정부시과외\신곡동과외\신곡중과외\index.html,high,true,정상
school,경기도,의정부시,신곡동,,효자고등학교,고등학교,고등학생,C:\Users\user\Documents\GitHub\studynavi\경기과외\의정부시과외\신곡동과외\효자고과외\index.html,high,true,정상
school,경기도,의정부시,신곡동,,효자중학교,중학교,중학생,C:\Users\user\Documents\GitHub\studynavi\경기과외\의정부시과외\신곡동과외\효자중과외\index.html,high,true,정상
school,경기도,의정부시,의정부동,,상우고등학교,고등학교,고등학생,C:\Users\user\Documents\GitHub\studynavi\경기과외\의정부시과외\의정부동과외\상우고과외\index.html,high,true,정상
school,경기도,의정부시,장암동,,동암중학교,중학교,중학생,C:\Users\user\Documents\GitHub\studynavi\경기과외\의정부시과외\장암동과외\동암중과외\index.html,high,true,정상
school,경기도,의정부시,호원동,,호원고등학교,고등학교,고등학생,C:\Users\user\Documents\GitHub\studynavi\경기과외\의정부시과외\호원동과외\호원고과외\index.html,high,true,정상
school,경기도,의정부시,호원동,,호원중학교,중학교,중학생,C:\Users\user\Documents\GitHub\studynavi\경기과외\의정부시과외\호원동과외\호원중과외\index.html,high,true,정상
school,경기도,의정부시,호원동,,회룡중학교,중학교,중학생,C:\Users\user\Documents\GitHub\studynavi\경기과외\의정부시과외\호원동과외\회룡중과외\index.html,high,true,정상
school,경기도,이천시,갈산동,,이현고등학교,고등학교,고등학생,C:\Users\user\Documents\GitHub\studynavi\경기과외\이천시과외\경기갈산동과외\이현고과외\index.html,high,true,정상
school,경기도,이천시,관고동,,이천양정여자고등학교,고등학교,고등학생,C:\Users\user\Documents\GitHub\studynavi\경기과외\이천시과외\관고동과외\이천양정여자고과외\index.html,high,true,정상
school,경기도,이천시,관고동,,이천양정여자중학교,중학교,중학생,C:\Users\user\Documents\GitHub\studynavi\경기과외\이천시과외\관고동과외\이천양정여자중과외\index.html,high,true,정상
school,경기도,이천시,사음동,,다산고등학교,고등학교,고등학생,C:\Users\user\Documents\GitHub\studynavi\경기과외\이천시과외\사음동과외\다산고과외\index.html,high,true,정상
school,경기도,이천시,이천사동,,이천사동중학교,중학교,중학생,C:\Users\user\Documents\GitHub\studynavi\경기과외\이천시과외\이천사동과외\이천사동중과외\index.html,high,true,정상
school,경기도,이천시,이천시서동,,부원고등학교,고등학교,고등학생,C:\Users\user\Documents\GitHub\studynavi\경기과외\이천시과외\이천시서동과외\부원고과외\index.html,high,true,정상
school,경기도,이천시,이천시송정동,,이천송정중학교,중학교,중학생,C:\Users\user\Documents\GitHub\studynavi\경기과외\이천시과외\이천시송정동과외\이천송정중과외\index.html,high,true,정상
school,경기도,이천시,이천시안흥동,,이천제일고등학교,고등학교,고등학생,C:\Users\user\Documents\GitHub\studynavi\경기과외\이천시과외\이천시안흥동과외\이천제일고과외\index.html,high,true,정상
school,경기도,이천시,이천시안흥동,,이천중학교,중학교,중학생,C:\Users\user\Documents\GitHub\studynavi\경기과외\이천시과외\이천시안흥동과외\이천중과외\index.html,high,true,정상
school,경기도,이천시,증포동,,이천고등학교,고등학교,고등학생,C:\Users\user\Documents\GitHub\studynavi\경기과외\이천시과외\증포동과외\이천고과외\index.html,high,true,정상
school,경기도,이천시,증포동,,증포중학교,중학교,중학생,C:\Users\user\Documents\GitHub\studynavi\경기과외\이천시과외\증포동과외\증포중과외\index.html,high,true,정상
school,경기도,이천시,창전동,,설봉중학교,중학교,중학생,C:\Users\user\Documents\GitHub\studynavi\경기과외\이천시과외\창전동과외\설봉중과외\index.html,high,true,정상
school,경기도,파주시,금릉동,,금촌고등학교,고등학교,고등학생,C:\Users\user\Documents\GitHub\studynavi\경기과외\파주시과외\금릉동과외\금촌고과외\index.html,high,true,정상
school,경기도,파주시,금릉동,,금촌중학교,중학교,중학생,C:\Users\user\Documents\GitHub\studynavi\경기과외\파주시과외\금릉동과외\금촌중과외\index.html,high,true,정상
school,경기도,파주시,금촌동,,금릉중학교,중학교,중학생,C:\Users\user\Documents\GitHub\studynavi\경기과외\파주시과외\금촌동과외\금릉중과외\index.html,high,true,정상
school,경기도,파주시,다율동,,다율중학교,중학교,중학생,C:\Users\user\Documents\GitHub\studynavi\경기과외\파주시과외\다율동과외\다율중과외\index.html,high,true,정상
school,경기도,파주시,동패동,,교하중학교,중학교,중학생,C:\Users\user\Documents\GitHub\studynavi\경기과외\파주시과외\동패동과외\교하중과외\index.html,high,true,정상
school,경기도,파주시,동패동,,동패고등학교,고등학교,고등학생,C:\Users\user\Documents\GitHub\studynavi\경기과외\파주시과외\동패동과외\동패고과외\index.html,high,true,정상
school,경기도,파주시,동패동,,동패중학교,중학교,중학생,C:\Users\user\Documents\GitHub\studynavi\경기과외\파주시과외\동패동과외\동패중과외\index.html,high,true,정상
school,경기도,파주시,동패동,,두일중학교,중학교,중학생,C:\Users\user\Documents\GitHub\studynavi\경기과외\파주시과외\동패동과외\두일중과외\index.html,high,true,정상
school,경기도,파주시,동패동,,심학중학교,중학교,중학생,C:\Users\user\Documents\GitHub\studynavi\경기과외\파주시과외\동패동과외\심학중과외\index.html,high,true,정상
school,경기도,파주시,목동동,,산내중학교,중학교,중학생,C:\Users\user\Documents\GitHub\studynavi\경기과외\파주시과외\목동동과외\산내중과외\index.html,high,true,정상
school,경기도,파주시,목동동,,산들중학교,중학교,중학생,C:\Users\user\Documents\GitHub\studynavi\경기과외\파주시과외\목동동과외\산들중과외\index.html,high,true,정상
school,경기도,파주시,목동동,,운정고등학교,고등학교,고등학생,C:\Users\user\Documents\GitHub\studynavi\경기과외\파주시과외\목동동과외\운정고과외\index.html,high,true,정상
school,경기도,파주시,목동동,,해솔중학교,중학교,중학생,C:\Users\user\Documents\GitHub\studynavi\경기과외\파주시과외\목동동과외\해솔중과외\index.html,high,true,정상
school,경기도,파주시,문산동,,문산동중학교,중학교,중학생,C:\Users\user\Documents\GitHub\studynavi\경기과외\파주시과외\문산동과외\문산동중과외\index.html,high,true,정상
school,경기도,파주시,야당동,,운정중학교,중학교,중학생,C:\Users\user\Documents\GitHub\studynavi\경기과외\파주시과외\야당동과외\운정중과외\index.html,high,true,정상
school,경기도,파주시,야당동,,한빛고등학교,고등학교,고등학생,C:\Users\user\Documents\GitHub\studynavi\경기과외\파주시과외\야당동과외\한빛고과외\index.html,high,true,정상
school,경기도,파주시,야당동,,한빛중학교,중학교,중학생,C:\Users\user\Documents\GitHub\studynavi\경기과외\파주시과외\야당동과외\한빛중과외\index.html,high,true,정상
school,경기도,파주시,야동동,,문산제일고등학교,고등학교,고등학생,C:\Users\user\Documents\GitHub\studynavi\경기과외\파주시과외\야동동과외\문산제일고과외\index.html,high,true,정상
school,경기도,파주시,야동동,,문산중학교,중학교,중학생,C:\Users\user\Documents\GitHub\studynavi\경기과외\파주시과외\야동동과외\문산중과외\index.html,high,true,정상
school,경기도,파주시,와동동,,지산고등학교,고등학교,고등학생,C:\Users\user\Documents\GitHub\studynavi\경기과외\파주시과외\와동동과외\지산고과외\index.html,high,true,정상
school,경기도,파주시,와동동,,지산중학교,중학교,중학생,C:\Users\user\Documents\GitHub\studynavi\경기과외\파주시과외\와동동과외\지산중과외\index.html,high,true,정상
school,경기도,파주시,와동동,,한가람중학교,중학교,중학생,C:\Users\user\Documents\GitHub\studynavi\경기과외\파주시과외\와동동과외\한가람중과외\index.html,high,true,정상
school,경기도,파주시,파주시당동,,문산고등학교,고등학교,고등학생,C:\Users\user\Documents\GitHub\studynavi\경기과외\파주시과외\파주시당동과외\문산고과외\index.html,high,true,정상
school,경기도,파주시,파주시당동,,문산북중학교,중학교,중학생,C:\Users\user\Documents\GitHub\studynavi\경기과외\파주시과외\파주시당동과외\문산북중과외\index.html,high,true,정상
school,경기도,평택시,고덕동,,민세중학교,중학교,중학생,C:\Users\user\Documents\GitHub\studynavi\경기과외\평택시과외\경기고덕동과외\민세중과외\index.html,high,true,정상
school,경기도,평택시,고덕동,,송탄고등학교,고등학교,고등학생,C:\Users\user\Documents\GitHub\studynavi\경기과외\평택시과외\경기고덕동과외\송탄고과외\index.html,high,true,정상
school,경기도,평택시,고덕동,,해창중학교,중학교,중학생,C:\Users\user\Documents\GitHub\studynavi\경기과외\평택시과외\경기고덕동과외\해창중과외\index.html,high,true,정상
school,경기도,평택시,장안동,,은혜고등학교,고등학교,고등학생,C:\Users\user\Documents\GitHub\studynavi\경기과외\평택시과외\경기장안동과외\은혜고과외\index.html,high,true,정상
school,경기도,평택시,장안동,,은혜중학교,중학교,중학생,C:\Users\user\Documents\GitHub\studynavi\경기과외\평택시과외\경기장안동과외\은혜중과외\index.html,high,true,정상
school,경기도,평택시,지산동,,송탄중학교,중학교,중학생,C:\Users\user\Documents\GitHub\studynavi\경기과외\평택시과외\경기지산동과외\송탄중과외\index.html,high,true,정상
school,경기도,평택시,동삭동,,동삭중학교,중학교,중학생,C:\Users\user\Documents\GitHub\studynavi\경기과외\평택시과외\동삭동과외\동삭중과외\index.html,high,true,정상
school,경기도,평택시,비전동,,비전고등학교,고등학교,고등학생,C:\Users\user\Documents\GitHub\studynavi\경기과외\평택시과외\비전동과외\비전고과외\index.html,high,true,정상
school,경기도,평택시,비전동,,비전중학교,중학교,중학생,C:\Users\user\Documents\GitHub\studynavi\경기과외\평택시과외\비전동과외\비전중과외\index.html,high,true,정상
school,경기도,평택시,비전동,,소사벌중학교,중학교,중학생,C:\Users\user\Documents\GitHub\studynavi\경기과외\평택시과외\비전동과외\소사벌중과외\index.html,high,true,정상
school,경기도,평택시,비전동,,신한고등학교,고등학교,고등학생,C:\Users\user\Documents\GitHub\studynavi\경기과외\평택시과외\비전동과외\신한고과외\index.html,high,true,정상
school,경기도,평택시,비전동,,평택고등학교,고등학교,고등학생,C:\Users\user\Documents\GitHub\studynavi\경기과외\평택시과외\비전동과외\평택고과외\index.html,high,true,정상
school,경기도,평택시,비전동,,평택여자중학교,중학교,중학생,C:\Users\user\Documents\GitHub\studynavi\경기과외\평택시과외\비전동과외\평택여자중과외\index.html,high,true,정상
school,경기도,평택시,비전동,,한광고등학교,고등학교,고등학생,C:\Users\user\Documents\GitHub\studynavi\경기과외\평택시과외\비전동과외\한광고과외\index.html,high,true,정상
school,경기도,평택시,비전동,,한광여자고등학교,고등학교,고등학생,C:\Users\user\Documents\GitHub\studynavi\경기과외\평택시과외\비전동과외\한광여자고과외\index.html,high,true,정상
school,경기도,평택시,비전동,,한광여자중학교,중학교,중학생,C:\Users\user\Documents\GitHub\studynavi\경기과외\평택시과외\비전동과외\한광여자중과외\index.html,high,true,정상
school,경기도,평택시,비전동,,한광중학교,중학교,중학생,C:\Users\user\Documents\GitHub\studynavi\경기과외\평택시과외\비전동과외\한광중과외\index.html,high,true,정상
school,경기도,평택시,서정동,,라온고등학교,고등학교,고등학생,C:\Users\user\Documents\GitHub\studynavi\경기과외\평택시과외\서정동과외\라온고과외\index.html,high,true,정상
school,경기도,평택시,서정동,,라온중학교,중학교,중학생,C:\Users\user\Documents\GitHub\studynavi\경기과외\평택시과외\서정동과외\라온중과외\index.html,high,true,정상
school,경기도,평택시,용이동,,용이중학교,중학교,중학생,C:\Users\user\Documents\GitHub\studynavi\경기과외\평택시과외\용이동과외\용이중과외\index.html,high,true,정상
school,경기도,평택시,용이동,,평택중학교,중학교,중학생,C:\Users\user\Documents\GitHub\studynavi\경기과외\평택시과외\용이동과외\평택중과외\index.html,high,true,정상
school,경기도,평택시,이충동,,이충고등학교,고등학교,고등학생,C:\Users\user\Documents\GitHub\studynavi\경기과외\평택시과외\이충동과외\이충고과외\index.html,high,true,정상
school,경기도,평택시,이충동,,이충중학교,중학교,중학생,C:\Users\user\Documents\GitHub\studynavi\경기과외\평택시과외\이충동과외\이충중과외\index.html,high,true,정상
school,경기도,평택시,장당동,,장당중학교,중학교,중학생,C:\Users\user\Documents\GitHub\studynavi\경기과외\평택시과외\장당동과외\장당중과외\index.html,high,true,정상
school,경기도,평택시,장당동,,효명고등학교,고등학교,고등학생,C:\Users\user\Documents\GitHub\studynavi\경기과외\평택시과외\장당동과외\효명고과외\index.html,high,true,정상
school,경기도,평택시,장당동,,효명중학교,중학교,중학생,C:\Users\user\Documents\GitHub\studynavi\경기과외\평택시과외\장당동과외\효명중과외\index.html,high,true,정상
school,경기도,평택시,죽백동,,배다리중학교,중학교,중학생,C:\Users\user\Documents\GitHub\studynavi\경기과외\평택시과외\죽백동과외\배다리중과외\index.html,high,true,정상
school,경기도,평택시,평택시서동,,포승중학교,중학교,중학생,C:\Users\user\Documents\GitHub\studynavi\경기과외\평택시과외\평택시서동과외\포승중과외\index.html,high,true,정상
school,경기도,평택시,평택시세교동,,세교중학교,중학교,중학생,C:\Users\user\Documents\GitHub\studynavi\경기과외\평택시과외\평택시세교동과외\세교중과외\index.html,high,true,정상
school,경기도,평택시,평택시세교동,,평택여자고등학교,고등학교,고등학생,C:\Users\user\Documents\GitHub\studynavi\경기과외\평택시과외\평택시세교동과외\평택여자고과외\index.html,high,true,정상
school,경기도,평택시,평택시신장동,,태광고등학교,고등학교,고등학생,C:\Users\user\Documents\GitHub\studynavi\경기과외\평택시과외\평택시신장동과외\태광고과외\index.html,high,true,정상
school,경기도,평택시,평택시신장동,,태광중학교,중학교,중학생,C:\Users\user\Documents\GitHub\studynavi\경기과외\평택시과외\평택시신장동과외\태광중과외\index.html,high,true,정상
school,경기도,포천시,신읍동,,포천고등학교,고등학교,고등학생,C:\Users\user\Documents\GitHub\studynavi\경기과외\포천시과외\신읍동과외\포천고과외\index.html,high,true,정상
school,경기도,포천시,포천시이동,,이동중학교,중학교,중학생,C:\Users\user\Documents\GitHub\studynavi\경기과외\포천시과외\포천시이동과외\이동중과외\index.html,high,true,정상
school,경기도,포천시,포천시일동,,일동고등학교,고등학교,고등학생,C:\Users\user\Documents\GitHub\studynavi\경기과외\포천시과외\포천시일동과외\일동고과외\index.html,high,true,정상
school,경기도,포천시,포천시일동,,일동중학교,중학교,중학생,C:\Users\user\Documents\GitHub\studynavi\경기과외\포천시과외\포천시일동과외\일동중과외\index.html,high,true,정상
school,경기도,하남시,감이동,,감일고등학교,고등학교,고등학생,C:\Users\user\Documents\GitHub\studynavi\경기과외\하남시과외\감이동과외\감일고과외\index.html,high,true,정상
school,경기도,하남시,감이동,,감일중학교,중학교,중학생,C:\Users\user\Documents\GitHub\studynavi\경기과외\하남시과외\감이동과외\감일중과외\index.html,high,true,정상
school,경기도,하남시,감일동,,감일백제중학교,중학교,중학생,C:\Users\user\Documents\GitHub\studynavi\경기과외\하남시과외\감일동과외\감일백제중과외\index.html,high,true,정상
school,경기도,하남시,덕풍동,,남한고등학교,고등학교,고등학생,C:\Users\user\Documents\GitHub\studynavi\경기과외\하남시과외\덕풍동과외\남한고과외\index.html,high,true,정상
school,경기도,하남시,덕풍동,,덕풍중학교,중학교,중학생,C:\Users\user\Documents\GitHub\studynavi\경기과외\하남시과외\덕풍동과외\덕풍중과외\index.html,high,true,정상
school,경기도,하남시,덕풍동,,동부중학교,중학교,중학생,C:\Users\user\Documents\GitHub\studynavi\경기과외\하남시과외\덕풍동과외\동부중과외\index.html,high,true,정상
school,경기도,하남시,덕풍동,,풍산고등학교,고등학교,고등학생,C:\Users\user\Documents\GitHub\studynavi\경기과외\하남시과외\덕풍동과외\풍산고과외\index.html,high,true,정상
school,경기도,하남시,망월동,,미사고등학교,고등학교,고등학생,C:\Users\user\Documents\GitHub\studynavi\경기과외\하남시과외\망월동과외\미사고과외\index.html,high,true,정상
school,경기도,하남시,망월동,,미사중학교,중학교,중학생,C:\Users\user\Documents\GitHub\studynavi\경기과외\하남시과외\망월동과외\미사중과외\index.html,high,true,정상
school,경기도,하남시,망월동,,윤슬중학교,중학교,중학생,C:\Users\user\Documents\GitHub\studynavi\경기과외\하남시과외\망월동과외\윤슬중과외\index.html,high,true,정상
school,경기도,하남시,망월동,,하남고등학교,고등학교,고등학생,C:\Users\user\Documents\GitHub\studynavi\경기과외\하남시과외\망월동과외\하남고과외\index.html,high,true,정상
school,경기도,하남시,선동,,미사강변고등학교,고등학교,고등학생,C:\Users\user\Documents\GitHub\studynavi\경기과외\하남시과외\선동과외\미사강변고과외\index.html,high,true,정상
school,경기도,하남시,선동,,미사강변중학교,중학교,중학생,C:\Users\user\Documents\GitHub\studynavi\경기과외\하남시과외\선동과외\미사강변중과외\index.html,high,true,정상
school,경기도,하남시,선동,,은가람중학교,중학교,중학생,C:\Users\user\Documents\GitHub\studynavi\경기과외\하남시과외\선동과외\은가람중과외\index.html,high,true,정상
school,경기도,하남시,창우동,,하남중학교,중학교,중학생,C:\Users\user\Documents\GitHub\studynavi\경기과외\하남시과외\창우동과외\하남중과외\index.html,high,true,정상
school,경기도,하남시,하남시신장동,,남한중학교,중학교,중학생,C:\Users\user\Documents\GitHub\studynavi\경기과외\하남시과외\하남시신장동과외\남한중과외\index.html,high,true,정상
school,경기도,하남시,하남시신장동,,신장고등학교,고등학교,고등학생,C:\Users\user\Documents\GitHub\studynavi\경기과외\하남시과외\하남시신장동과외\신장고과외\index.html,high,true,정상
school,경기도,하남시,하남시신장동,,신장중학교,중학교,중학생,C:\Users\user\Documents\GitHub\studynavi\경기과외\하남시과외\하남시신장동과외\신장중과외\index.html,high,true,정상
school,경기도,하남시,하남시신장동,,신평중학교,중학교,중학생,C:\Users\user\Documents\GitHub\studynavi\경기과외\하남시과외\하남시신장동과외\신평중과외\index.html,high,true,정상
school,경기도,하남시,학암동,,위례고등학교,고등학교,고등학생,C:\Users\user\Documents\GitHub\studynavi\경기과외\하남시과외\학암동과외\위례고과외\index.html,high,true,정상
school,경기도,하남시,학암동,,위례중학교,중학교,중학생,C:\Users\user\Documents\GitHub\studynavi\경기과외\하남시과외\학암동과외\위례중과외\index.html,high,true,정상
school,경기도,화성시,목동,,동탄목동중학교,중학교,중학생,C:\Users\user\Documents\GitHub\studynavi\경기과외\화성시과외\경기목동과외\동탄목동중과외\index.html,high,true,정상
school,경기도,화성시,목동,,창의고등학교,고등학교,고등학생,C:\Users\user\Documents\GitHub\studynavi\경기과외\화성시과외\경기목동과외\창의고과외\index.html,high,true,정상
school,경기도,화성시,반송동,,나루고등학교,고등학교,고등학생,C:\Users\user\Documents\GitHub\studynavi\경기과외\화성시과외\경기반송동과외\나루고과외\index.html,high,true,정상
school,경기도,화성시,반송동,,동탄고등학교,고등학교,고등학생,C:\Users\user\Documents\GitHub\studynavi\경기과외\화성시과외\경기반송동과외\동탄고과외\index.html,high,true,정상
school,경기도,화성시,반송동,,동탄국제고등학교,고등학교,고등학생,C:\Users\user\Documents\GitHub\studynavi\경기과외\화성시과외\경기반송동과외\동탄국제고과외\index.html,high,true,정상
school,경기도,화성시,반송동,,반송고등학교,고등학교,고등학생,C:\Users\user\Documents\GitHub\studynavi\경기과외\화성시과외\경기반송동과외\반송고과외\index.html,high,true,정상
school,경기도,화성시,반송동,,반송중학교,중학교,중학생,C:\Users\user\Documents\GitHub\studynavi\경기과외\화성시과외\경기반송동과외\반송중과외\index.html,high,true,정상
school,경기도,화성시,반송동,,석우중학교,중학교,중학생,C:\Users\user\Documents\GitHub\studynavi\경기과외\화성시과외\경기반송동과외\석우중과외\index.html,high,true,정상
school,경기도,화성시,반송동,,솔빛중학교,중학교,중학생,C:\Users\user\Documents\GitHub\studynavi\경기과외\화성시과외\경기반송동과외\솔빛중과외\index.html,high,true,정상
school,경기도,화성시,송동,,방교중학교,중학교,중학생,C:\Users\user\Documents\GitHub\studynavi\경기과외\화성시과외\경기송동과외\방교중과외\index.html,high,true,정상
school,경기도,화성시,신동,,신동고등학교,고등학교,고등학생,C:\Users\user\Documents\GitHub\studynavi\경기과외\화성시과외\경기신동과외\신동고과외\index.html,high,true,정상
school,경기도,화성시,신동,,화성신동중학교,중학교,중학생,C:\Users\user\Documents\GitHub\studynavi\경기과외\화성시과외\경기신동과외\화성신동중과외\index.html,high,true,정상
school,경기도,화성시,기산동,,기산중학교,중학교,중학생,C:\Users\user\Documents\GitHub\studynavi\경기과외\화성시과외\기산동과외\기산중과외\index.html,high,true,정상
school,경기도,화성시,기아자동,,장안여자중학교,중학교,중학생,C:\Users\user\Documents\GitHub\studynavi\경기과외\화성시과외\기아자동과외\장안여자중과외\index.html,high,true,정상
school,경기도,화성시,기안동,,기안중학교,중학교,중학생,C:\Users\user\Documents\GitHub\studynavi\경기과외\화성시과외\기안동과외\기안중과외\index.html,high,true,정상
school,경기도,화성시,능동,,능동고등학교,고등학교,고등학생,C:\Users\user\Documents\GitHub\studynavi\경기과외\화성시과외\능동과외\능동고과외\index.html,high,true,정상
school,경기도,화성시,능동,,능동중학교,중학교,중학생,C:\Users\user\Documents\GitHub\studynavi\경기과외\화성시과외\능동과외\능동중과외\index.html,high,true,정상
school,경기도,화성시,능동,,푸른중학교,중학교,중학생,C:\Users\user\Documents\GitHub\studynavi\경기과외\화성시과외\능동과외\푸른중과외\index.html,high,true,정상
school,경기도,화성시,반월동,,동학중학교,중학교,중학생,C:\Users\user\Documents\GitHub\studynavi\경기과외\화성시과외\반월동과외\동학중과외\index.html,high,true,정상
school,경기도,화성시,반월동,,화성반월고등학교,고등학교,고등학생,C:\Users\user\Documents\GitHub\studynavi\경기과외\화성시과외\반월동과외\화성반월고과외\index.html,high,true,정상
school,경기도,화성시,반월동,,화성반월중학교,중학교,중학생,C:\Users\user\Documents\GitHub\studynavi\경기과외\화성시과외\반월동과외\화성반월중과외\index.html,high,true,정상
school,경기도,화성시,병점동,,병점고등학교,고등학교,고등학생,C:\Users\user\Documents\GitHub\studynavi\경기과외\화성시과외\병점동과외\병점고과외\index.html,high,true,정상
school,경기도,화성시,병점동,,병점중학교,중학교,중학생,C:\Users\user\Documents\GitHub\studynavi\경기과외\화성시과외\병점동과외\병점중과외\index.html,high,true,정상
school,경기도,화성시,병점동,,안화고등학교,고등학교,고등학생,C:\Users\user\Documents\GitHub\studynavi\경기과외\화성시과외\병점동과외\안화고과외\index.html,high,true,정상
school,경기도,화성시,병점동,,안화중학교,중학교,중학생,C:\Users\user\Documents\GitHub\studynavi\경기과외\화성시과외\병점동과외\안화중과외\index.html,high,true,정상
school,경기도,화성시,산척동,,이솔고등학교,고등학교,고등학생,C:\Users\user\Documents\GitHub\studynavi\경기과외\화성시과외\산척동과외\이솔고과외\index.html,high,true,정상
school,경기도,화성시,산척동,,정현고등학교,고등학교,고등학생,C:\Users\user\Documents\GitHub\studynavi\경기과외\화성시과외\산척동과외\정현고과외\index.html,high,true,정상
school,경기도,화성시,산척동,,청림중학교,중학교,중학생,C:\Users\user\Documents\GitHub\studynavi\경기과외\화성시과외\산척동과외\청림중과외\index.html,high,true,정상
school,경기도,화성시,산척동,,화성세정중학교,중학교,중학생,C:\Users\user\Documents\GitHub\studynavi\경기과외\화성시과외\산척동과외\화성세정중과외\index.html,high,true,정상
school,경기도,화성시,새솔동,,새솔고등학교,고등학교,고등학생,C:\Users\user\Documents\GitHub\studynavi\경기과외\화성시과외\새솔동과외\새솔고과외\index.html,high,true,정상
school,경기도,화성시,석우동,,예당고등학교,고등학교,고등학생,C:\Users\user\Documents\GitHub\studynavi\경기과외\화성시과외\석우동과외\예당고과외\index.html,high,true,정상
school,경기도,화성시,석우동,,예당중학교,중학교,중학생,C:\Users\user\Documents\GitHub\studynavi\경기과외\화성시과외\석우동과외\예당중과외\index.html,high,true,정상
school,경기도,화성시,송산동,,안용중학교,중학교,중학생,C:\Users\user\Documents\GitHub\studynavi\경기과외\화성시과외\송산동과외\안용중과외\index.html,high,true,정상
school,경기도,화성시,영천동,,다원중학교,중학교,중학생,C:\Users\user\Documents\GitHub\studynavi\경기과외\화성시과외\영천동과외\다원중과외\index.html,high,true,정상
school,경기도,화성시,영천동,,치동고등학교,고등학교,고등학생,C:\Users\user\Documents\GitHub\studynavi\경기과외\화성시과외\영천동과외\치동고과외\index.html,high,true,정상
school,경기도,화성시,영천동,,치동중학교,중학교,중학생,C:\Users\user\Documents\GitHub\studynavi\경기과외\화성시과외\영천동과외\치동중과외\index.html,high,true,정상
school,경기도,화성시,영천동,,한백고등학교,고등학교,고등학생,C:\Users\user\Documents\GitHub\studynavi\경기과외\화성시과외\영천동과외\한백고과외\index.html,high,true,정상
school,경기도,화성시,영천동,,한백중학교,중학교,중학생,C:\Users\user\Documents\GitHub\studynavi\경기과외\화성시과외\영천동과외\한백중과외\index.html,high,true,정상
school,경기도,화성시,진안동,,진안중학교,중학교,중학생,C:\Users\user\Documents\GitHub\studynavi\경기과외\화성시과외\진안동과외\진안중과외\index.html,high,true,정상
school,경기도,화성시,행정동,,향남고등학교,고등학교,고등학생,C:\Users\user\Documents\GitHub\studynavi\경기과외\화성시과외\행정동과외\향남고과외\index.html,high,true,정상
school,경기도,화성시,행정동,,향남중학교,중학교,중학생,C:\Users\user\Documents\GitHub\studynavi\경기과외\화성시과외\행정동과외\향남중과외\index.html,high,true,정상
school,경기도,화성시,화성동,,화성동화중학교,중학교,중학생,C:\Users\user\Documents\GitHub\studynavi\경기과외\화성시과외\화성동과외\화성동화중과외\index.html,high,true,정상
school,경기도,화성시,화성시오산동,,이산고등학교,고등학교,고등학생,C:\Users\user\Documents\GitHub\studynavi\경기과외\화성시과외\화성시오산동과외\이산고과외\index.html,high,true,정상
school,경기도,화성시,화성시오산동,,이산중학교,중학교,중학생,C:\Users\user\Documents\GitHub\studynavi\경기과외\화성시과외\화성시오산동과외\이산중과외\index.html,high,true,정상
school,경기도,화성시,화성시장지동,,서연고등학교,고등학교,고등학생,C:\Users\user\Documents\GitHub\studynavi\경기과외\화성시과외\화성시장지동과외\서연고과외\index.html,high,true,정상
school,경기도,화성시,화성시장지동,,서연중학교,중학교,중학생,C:\Users\user\Documents\GitHub\studynavi\경기과외\화성시과외\화성시장지동과외\서연중과외\index.html,high,true,정상
school,경기도,화성시,화성시청계동,,동탄중학교,중학교,중학생,C:\Users\user\Documents\GitHub\studynavi\경기과외\화성시과외\화성시청계동과외\동탄중과외\index.html,high,true,정상
school,경기도,화성시,화성시청계동,,동탄중앙고등학교,고등학교,고등학생,C:\Users\user\Documents\GitHub\studynavi\경기과외\화성시과외\화성시청계동과외\동탄중앙고과외\index.html,high,true,정상
school,경기도,화성시,화성시청계동,,청계중학교,중학교,중학생,C:\Users\user\Documents\GitHub\studynavi\경기과외\화성시과외\화성시청계동과외\청계중과외\index.html,high,true,정상
school,경상남도,거제시,고현동,,거제고현중학교,중학교,중학생,C:\Users\user\Documents\GitHub\studynavi\경남과외\거제시과외\고현동과외\거제고현중과외\index.html,high,true,정상
school,경상남도,거제시,고현동,,거제중앙고등학교,고등학교,고등학생,C:\Users\user\Documents\GitHub\studynavi\경남과외\거제시과외\고현동과외\거제중앙고과외\index.html,high,true,정상
school,경상남도,거제시,고현동,,거제중앙중학교,중학교,중학생,C:\Users\user\Documents\GitHub\studynavi\경남과외\거제시과외\고현동과외\거제중앙중과외\index.html,high,true,정상
school,경상남도,거제시,고현동,,계룡중학교,중학교,중학생,C:\Users\user\Documents\GitHub\studynavi\경남과외\거제시과외\고현동과외\계룡중과외\index.html,high,true,정상
school,경상남도,거제시,고현동,,신현중학교,중학교,중학생,C:\Users\user\Documents\GitHub\studynavi\경남과외\거제시과외\고현동과외\신현중과외\index.html,high,true,정상
school,경상남도,거제시,문동동,,거제상문고등학교,고등학교,고등학생,C:\Users\user\Documents\GitHub\studynavi\경남과외\거제시과외\문동동과외\거제상문고과외\index.html,high,true,정상
school,경상남도,거제시,수월동,,수월중학교,중학교,중학생,C:\Users\user\Documents\GitHub\studynavi\경남과외\거제시과외\수월동과외\수월중과외\index.html,high,true,정상
school,경상남도,거제시,아주동,,거제고등학교,고등학교,고등학생,C:\Users\user\Documents\GitHub\studynavi\경남과외\거제시과외\아주동과외\거제고과외\index.html,high,true,정상
school,경상남도,거제시,아주동,,거제중학교,중학교,중학생,C:\Users\user\Documents\GitHub\studynavi\경남과외\거제시과외\아주동과외\거제중과외\index.html,high,true,정상
school,경상남도,거제시,옥포동,,옥포성지중학교,중학교,중학생,C:\Users\user\Documents\GitHub\studynavi\경남과외\거제시과외\옥포동과외\옥포성지중과외\index.html,high,true,정상
school,경상남도,거제시,옥포동,,옥포중학교,중학교,중학생,C:\Users\user\Documents\GitHub\studynavi\경남과외\거제시과외\옥포동과외\옥포중과외\index.html,high,true,정상
school,경상남도,거제시,장승포동,,해성고등학교,고등학교,고등학생,C:\Users\user\Documents\GitHub\studynavi\경남과외\거제시과외\장승포동과외\해성고과외\index.html,high,true,정상
school,경상남도,거제시,장승포동,,해성중학교,중학교,중학생,C:\Users\user\Documents\GitHub\studynavi\경남과외\거제시과외\장승포동과외\해성중과외\index.html,high,true,정상
school,경상남도,거제시,장평동,,거제장평중학교,중학교,중학생,C:\Users\user\Documents\GitHub\studynavi\경남과외\거제시과외\장평동과외\거제장평중과외\index.html,high,true,정상
school,경상남도,거창군,상동,,혜성여자중학교,중학교,중학생,C:\Users\user\Documents\GitHub\studynavi\경남과외\거창군과외\경남상동과외\혜성여자중과외\index.html,high,true,정상
school,경상남도,거창군,동동,,거창중학교,중학교,중학생,C:\Users\user\Documents\GitHub\studynavi\경남과외\거창군과외\동동과외\거창중과외\index.html,high,true,정상
school,경상남도,고성군,당동,,고성동중학교,중학교,중학생,C:\Users\user\Documents\GitHub\studynavi\경남과외\고성군과외\경남당동과외\고성동중과외\index.html,high,true,정상
school,경상남도,김해시,구산동,,구산고등학교,고등학교,고등학생,C:\Users\user\Documents\GitHub\studynavi\경남과외\김해시과외\경남구산동과외\구산고과외\index.html,high,true,정상
school,경상남도,김해시,구산동,,구산중학교,중학교,중학생,C:\Users\user\Documents\GitHub\studynavi\경남과외\김해시과외\경남구산동과외\구산중과외\index.html,high,true,정상
school,경상남도,김해시,내덕동,,내덕중학교,중학교,중학생,C:\Users\user\Documents\GitHub\studynavi\경남과외\김해시과외\경남내덕동과외\내덕중과외\index.html,high,true,정상
school,경상남도,김해시,대동,,김해대동중학교,중학교,중학생,C:\Users\user\Documents\GitHub\studynavi\경남과외\김해시과외\경남대동과외\김해대동중과외\index.html,high,true,정상
school,경상남도,김해시,대성동,,김해여자고등학교,고등학교,고등학생,C:\Users\user\Documents\GitHub\studynavi\경남과외\김해시과외\경남대성동과외\김해여자고과외\index.html,high,true,정상
school,경상남도,김해시,대성동,,김해여자중학교,중학교,중학생,C:\Users\user\Documents\GitHub\studynavi\경남과외\김해시과외\경남대성동과외\김해여자중과외\index.html,high,true,정상
school,경상남도,김해시,대청동,,김해대청고등학교,고등학교,고등학생,C:\Users\user\Documents\GitHub\studynavi\경남과외\김해시과외\경남대청동과외\김해대청고과외\index.html,high,true,정상
school,경상남도,김해시,대청동,,대청중학교,중학교,중학생,C:\Users\user\Documents\GitHub\studynavi\경남과외\김해시과외\경남대청동과외\대청중과외\index.html,high,true,정상
school,경상남도,김해시,부곡동,,월산중학교,중학교,중학생,C:\Users\user\Documents\GitHub\studynavi\경남과외\김해시과외\경남부곡동과외\월산중과외\index.html,high,true,정상
school,경상남도,김해시,부곡동,,장유고등학교,고등학교,고등학생,C:\Users\user\Documents\GitHub\studynavi\경남과외\김해시과외\경남부곡동과외\장유고과외\index.html,high,true,정상
school,경상남도,김해시,안동,,김해한일여자고등학교,고등학교,고등학생,C:\Users\user\Documents\GitHub\studynavi\경남과외\김해시과외\경남안동과외\김해한일여자고과외\index.html,high,true,정상
school,경상남도,김해시,율하동,,김해수남고등학교,고등학교,고등학생,C:\Users\user\Documents\GitHub\studynavi\경남과외\김해시과외\경남율하동과외\김해수남고과외\index.html,high,true,정상
school,경상남도,김해시,율하동,,김해외국어고등학교,고등학교,고등학생,C:\Users\user\Documents\GitHub\studynavi\경남과외\김해시과외\경남율하동과외\김해외국어고과외\index.html,high,true,정상
school,경상남도,김해시,율하동,,김해율하고등학교,고등학교,고등학생,C:\Users\user\Documents\GitHub\studynavi\경남과외\김해시과외\경남율하동과외\김해율하고과외\index.html,high,true,정상
school,경상남도,김해시,율하동,,수남중학교,중학교,중학생,C:\Users\user\Documents\GitHub\studynavi\경남과외\김해시과외\경남율하동과외\수남중과외\index.html,high,true,정상
school,경상남도,김해시,율하동,,율하중학교,중학교,중학생,C:\Users\user\Documents\GitHub\studynavi\경남과외\김해시과외\경남율하동과외\율하중과외\index.html,high,true,정상
school,경상남도,김해시,관동동,,관동중학교,중학교,중학생,C:\Users\user\Documents\GitHub\studynavi\경남과외\김해시과외\관동동과외\관동중과외\index.html,high,true,정상
school,경상남도,김해시,김해시내동,,가야중학교,중학교,중학생,C:\Users\user\Documents\GitHub\studynavi\경남과외\김해시과외\김해시내동과외\가야중과외\index.html,high,true,정상
school,경상남도,김해시,김해시내동,,경운중학교,중학교,중학생,C:\Users\user\Documents\GitHub\studynavi\경남과외\김해시과외\김해시내동과외\경운중과외\index.html,high,true,정상
school,경상남도,김해시,김해시내동,,김해가야고등학교,고등학교,고등학생,C:\Users\user\Documents\GitHub\studynavi\경남과외\김해시과외\김해시내동과외\김해가야고과외\index.html,high,true,정상
school,경상남도,김해시,김해시내동,,내동중학교,중학교,중학생,C:\Users\user\Documents\GitHub\studynavi\경남과외\김해시과외\김해시내동과외\내동중과외\index.html,high,true,정상
school,경상남도,김해시,김해시내동,,임호중학교,중학교,중학생,C:\Users\user\Documents\GitHub\studynavi\경남과외\김해시과외\김해시내동과외\임호중과외\index.html,high,true,정상
school,경상남도,김해시,김해시삼문동,,김해삼문고등학교,고등학교,고등학생,C:\Users\user\Documents\GitHub\studynavi\경남과외\김해시과외\김해시삼문동과외\김해삼문고과외\index.html,high,true,정상
school,경상남도,김해시,김해시삼문동,,능동중학교,중학교,중학생,C:\Users\user\Documents\GitHub\studynavi\경남과외\김해시과외\김해시삼문동과외\능동중과외\index.html,high,true,정상
school,경상남도,김해시,김해시외동,,김해경원고등학교,고등학교,고등학생,C:\Users\user\Documents\GitHub\studynavi\경남과외\김해시과외\김해시외동과외\김해경원고과외\index.html,high,true,정상
school,경상남도,김해시,김해시외동,,김해임호고등학교,고등학교,고등학생,C:\Users\user\Documents\GitHub\studynavi\경남과외\김해시과외\김해시외동과외\김해임호고과외\index.html,high,true,정상
school,경상남도,김해시,김해시외동,,김해제일고등학교,고등학교,고등학생,C:\Users\user\Documents\GitHub\studynavi\경남과외\김해시과외\김해시외동과외\김해제일고과외\index.html,high,true,정상
school,경상남도,김해시,김해시외동,,봉명중학교,중학교,중학생,C:\Users\user\Documents\GitHub\studynavi\경남과외\김해시과외\김해시외동과외\봉명중과외\index.html,high,true,정상
school,경상남도,김해시,동상동,,김해중앙여자고등학교,고등학교,고등학생,C:\Users\user\Documents\GitHub\studynavi\경남과외\김해시과외\동상동과외\김해중앙여자고과외\index.html,high,true,정상
school,경상남도,김해시,동상동,,김해중앙여자중학교,중학교,중학생,C:\Users\user\Documents\GitHub\studynavi\경남과외\김해시과외\동상동과외\김해중앙여자중과외\index.html,high,true,정상
school,경상남도,김해시,부원동,,김해중학교,중학교,중학생,C:\Users\user\Documents\GitHub\studynavi\경남과외\김해시과외\부원동과외\김해중과외\index.html,high,true,정상
school,경상남도,김해시,삼계동,,김해분성고등학교,고등학교,고등학생,C:\Users\user\Documents\GitHub\studynavi\경남과외\김해시과외\삼계동과외\김해분성고과외\index.html,high,true,정상
school,경상남도,김해시,삼계동,,김해분성여자고등학교,고등학교,고등학생,C:\Users\user\Documents\GitHub\studynavi\경남과외\김해시과외\삼계동과외\김해분성여자고과외\index.html,high,true,정상
school,경상남도,김해시,삼계동,,김해삼계중학교,중학교,중학생,C:\Users\user\Documents\GitHub\studynavi\경남과외\김해시과외\삼계동과외\김해삼계중과외\index.html,high,true,정상
school,경상남도,김해시,삼계동,,분성중학교,중학교,중학생,C:\Users\user\Documents\GitHub\studynavi\경남과외\김해시과외\삼계동과외\분성중과외\index.html,high,true,정상
school,경상남도,김해시,삼방동,,김해삼방고등학교,고등학교,고등학생,C:\Users\user\Documents\GitHub\studynavi\경남과외\김해시과외\삼방동과외\김해삼방고과외\index.html,high,true,정상
school,경상남도,김해시,삼방동,,김해영운고등학교,고등학교,고등학생,C:\Users\user\Documents\GitHub\studynavi\경남과외\김해시과외\삼방동과외\김해영운고과외\index.html,high,true,정상
school,경상남도,김해시,삼방동,,신어중학교,중학교,중학생,C:\Users\user\Documents\GitHub\studynavi\경남과외\김해시과외\삼방동과외\신어중과외\index.html,high,true,정상
school,경상남도,김해시,삼방동,,영운중학교,중학교,중학생,C:\Users\user\Documents\GitHub\studynavi\경남과외\김해시과외\삼방동과외\영운중과외\index.html,high,true,정상
school,경상남도,김해시,삼정동,,김해고등학교,고등학교,고등학생,C:\Users\user\Documents\GitHub\studynavi\경남과외\김해시과외\삼정동과외\김해고과외\index.html,high,true,정상
school,경상남도,김해시,삼정동,,삼정중학교,중학교,중학생,C:\Users\user\Documents\GitHub\studynavi\경남과외\김해시과외\삼정동과외\삼정중과외\index.html,high,true,정상
school,경상남도,김해시,신문동,,장유중학교,중학교,중학생,C:\Users\user\Documents\GitHub\studynavi\경남과외\김해시과외\신문동과외\장유중과외\index.html,high,true,정상
school,경상남도,김해시,어방동,,김해대곡중학교,중학교,중학생,C:\Users\user\Documents\GitHub\studynavi\경남과외\김해시과외\어방동과외\김해대곡중과외\index.html,high,true,정상
school,경상남도,김해시,장유동,,김해모산중학교,중학교,중학생,C:\Users\user\Documents\GitHub\studynavi\경남과외\김해시과외\장유동과외\김해모산중과외\index.html,high,true,정상
school,경상남도,김해시,지내동,,활천중학교,중학교,중학생,C:\Users\user\Documents\GitHub\studynavi\경남과외\김해시과외\지내동과외\활천중과외\index.html,high,true,정상
school,경상남도,남해군,삼동,,꽃내중학교,중학교,중학생,C:\Users\user\Documents\GitHub\studynavi\경남과외\남해군과외\경남삼동과외\꽃내중과외\index.html,high,true,정상
school,경상남도,남해군,이동,,남해고등학교,고등학교,고등학생,C:\Users\user\Documents\GitHub\studynavi\경남과외\남해군과외\경남이동과외\남해고과외\index.html,high,true,정상
school,경상남도,남해군,이동,,이동중학교,중학교,중학생,C:\Users\user\Documents\GitHub\studynavi\경남과외\남해군과외\경남이동과외\이동중과외\index.html,high,true,정상
school,경상남도,밀양시,가곡동,,세종고등학교,고등학교,고등학생,C:\Users\user\Documents\GitHub\studynavi\경남과외\밀양시과외\경남가곡동과외\세종고과외\index.html,high,true,정상
school,경상남도,밀양시,가곡동,,세종중학교,중학교,중학생,C:\Users\user\Documents\GitHub\studynavi\경남과외\밀양시과외\경남가곡동과외\세종중과외\index.html,high,true,정상
school,경상남도,밀양시,내이동,,밀성고등학교,고등학교,고등학생,C:\Users\user\Documents\GitHub\studynavi\경남과외\밀양시과외\내이동과외\밀성고과외\index.html,high,true,정상
school,경상남도,밀양시,내이동,,밀성여자중학교,중학교,중학생,C:\Users\user\Documents\GitHub\studynavi\경남과외\밀양시과외\내이동과외\밀성여자중과외\index.html,high,true,정상
school,경상남도,밀양시,내이동,,밀성제일고등학교,고등학교,고등학생,C:\Users\user\Documents\GitHub\studynavi\경남과외\밀양시과외\내이동과외\밀성제일고과외\index.html,high,true,정상
school,경상남도,밀양시,내이동,,밀성중학교,중학교,중학생,C:\Users\user\Documents\GitHub\studynavi\경남과외\밀양시과외\내이동과외\밀성중과외\index.html,high,true,정상
school,경상남도,밀양시,내이동,,밀양고등학교,고등학교,고등학생,C:\Users\user\Documents\GitHub\studynavi\경남과외\밀양시과외\내이동과외\밀양고과외\index.html,high,true,정상
school,경상남도,밀양시,내일동,,밀양여자고등학교,고등학교,고등학생,C:\Users\user\Documents\GitHub\studynavi\경남과외\밀양시과외\내일동과외\밀양여자고과외\index.html,high,true,정상
school,경상남도,밀양시,밀양동,,밀양동강중학교,중학교,중학생,C:\Users\user\Documents\GitHub\studynavi\경남과외\밀양시과외\밀양동과외\밀양동강중과외\index.html,high,true,정상
school,경상남도,밀양시,밀양시삼문동,,밀양여자중학교,중학교,중학생,C:\Users\user\Documents\GitHub\studynavi\경남과외\밀양시과외\밀양시삼문동과외\밀양여자중과외\index.html,high,true,정상
school,경상남도,밀양시,밀양시삼문동,,밀양중학교,중학교,중학생,C:\Users\user\Documents\GitHub\studynavi\경남과외\밀양시과외\밀양시삼문동과외\밀양중과외\index.html,high,true,정상
school,경상남도,사천시,용강동,,삼천포여자중학교,중학교,중학생,C:\Users\user\Documents\GitHub\studynavi\경남과외\사천시과외\경남용강동과외\삼천포여자중과외\index.html,high,true,정상
school,경상남도,사천시,용강동,,삼천포제일중학교,중학교,중학생,C:\Users\user\Documents\GitHub\studynavi\경남과외\사천시과외\경남용강동과외\삼천포제일중과외\index.html,high,true,정상
school,경상남도,사천시,정동,,사천여자중학교,중학교,중학생,C:\Users\user\Documents\GitHub\studynavi\경남과외\사천시과외\경남정동과외\사천여자중과외\index.html,high,true,정상
school,경상남도,사천시,동금동,,삼천포여자고등학교,고등학교,고등학생,C:\Users\user\Documents\GitHub\studynavi\경남과외\사천시과외\동금동과외\삼천포여자고과외\index.html,high,true,정상
school,경상남도,사천시,벌리동,,삼천포고등학교,고등학교,고등학생,C:\Users\user\Documents\GitHub\studynavi\경남과외\사천시과외\벌리동과외\삼천포고과외\index.html,high,true,정상
school,경상남도,사천시,벌리동,,삼천포중학교,중학교,중학생,C:\Users\user\Documents\GitHub\studynavi\경남과외\사천시과외\벌리동과외\삼천포중과외\index.html,high,true,정상
school,경상남도,사천시,벌리동,,삼천포중앙고등학교,고등학교,고등학생,C:\Users\user\Documents\GitHub\studynavi\경남과외\사천시과외\벌리동과외\삼천포중앙고과외\index.html,high,true,정상
school,경상남도,사천시,벌리동,,삼천포중앙여자중학교,중학교,중학생,C:\Users\user\Documents\GitHub\studynavi\경남과외\사천시과외\벌리동과외\삼천포중앙여자중과외\index.html,high,true,정상
school,경상남도,사천시,송포동,,남양중학교,중학교,중학생,C:\Users\user\Documents\GitHub\studynavi\경남과외\사천시과외\송포동과외\남양중과외\index.html,high,true,정상
school,경상남도,양산시,원동,,원동중학교,중학교,중학생,C:\Users\user\Documents\GitHub\studynavi\경남과외\양산시과외\경남원동과외\원동중과외\index.html,high,true,정상
school,경상남도,양산시,남부동,,양산남부고등학교,고등학교,고등학생,C:\Users\user\Documents\GitHub\studynavi\경남과외\양산시과외\남부동과외\양산남부고과외\index.html,high,true,정상
school,경상남도,양산시,남부동,,양산중앙중학교,중학교,중학생,C:\Users\user\Documents\GitHub\studynavi\경남과외\양산시과외\남부동과외\양산중앙중과외\index.html,high,true,정상
school,경상남도,양산시,물금동,,물금동아중학교,중학교,중학생,C:\Users\user\Documents\GitHub\studynavi\경남과외\양산시과외\물금동과외\물금동아중과외\index.html,high,true,정상
school,경상남도,양산시,북부동,,양산고등학교,고등학교,고등학생,C:\Users\user\Documents\GitHub\studynavi\경남과외\양산시과외\북부동과외\양산고과외\index.html,high,true,정상
school,경상남도,양산시,북부동,,양산중학교,중학교,중학생,C:\Users\user\Documents\GitHub\studynavi\경남과외\양산시과외\북부동과외\양산중과외\index.html,high,true,정상
school,경상남도,양산시,북정동,,삼성중학교,중학교,중학생,C:\Users\user\Documents\GitHub\studynavi\경남과외\양산시과외\북정동과외\삼성중과외\index.html,high,true,정상
school,경상남도,양산시,삼호동,,개운중학교,중학교,중학생,C:\Users\user\Documents\GitHub\studynavi\경남과외\양산시과외\삼호동과외\개운중과외\index.html,high,true,정상
school,경상남도,양산시,삼호동,,서창고등학교,고등학교,고등학생,C:\Users\user\Documents\GitHub\studynavi\경남과외\양산시과외\삼호동과외\서창고과외\index.html,high,true,정상
school,경상남도,양산시,삼호동,,서창중학교,중학교,중학생,C:\Users\user\Documents\GitHub\studynavi\경남과외\양산시과외\삼호동과외\서창중과외\index.html,high,true,정상
school,경상남도,양산시,삼호동,,효암고등학교,고등학교,고등학생,C:\Users\user\Documents\GitHub\studynavi\경남과외\양산시과외\삼호동과외\효암고과외\index.html,high,true,정상
school,경상남도,양산시,양산시교동,,양산여자고등학교,고등학교,고등학생,C:\Users\user\Documents\GitHub\studynavi\경남과외\양산시과외\양산시교동과외\양산여자고과외\index.html,high,true,정상
school,경상남도,양산시,양산시교동,,양산여자중학교,중학교,중학생,C:\Users\user\Documents\GitHub\studynavi\경남과외\양산시과외\양산시교동과외\양산여자중과외\index.html,high,true,정상
school,경상남도,양산시,양산시교동,,양산제일고등학교,고등학교,고등학생,C:\Users\user\Documents\GitHub\studynavi\경남과외\양산시과외\양산시교동과외\양산제일고과외\index.html,high,true,정상
school,경상남도,양산시,어곡동,,경남외국어고등학교,고등학교,고등학생,C:\Users\user\Documents\GitHub\studynavi\경남과외\양산시과외\어곡동과외\경남외국어고과외\index.html,high,true,정상
school,경상남도,양산시,평산동,,웅상고등학교,고등학교,고등학생,C:\Users\user\Documents\GitHub\studynavi\경남과외\양산시과외\평산동과외\웅상고과외\index.html,high,true,정상
school,경상남도,양산시,평산동,,웅상여자중학교,중학교,중학생,C:\Users\user\Documents\GitHub\studynavi\경남과외\양산시과외\평산동과외\웅상여자중과외\index.html,high,true,정상
school,경상남도,양산시,평산동,,웅상중학교,중학교,중학생,C:\Users\user\Documents\GitHub\studynavi\경남과외\양산시과외\평산동과외\웅상중과외\index.html,high,true,정상
school,경상남도,진주시,가좌동,,개양중학교,중학교,중학생,C:\Users\user\Documents\GitHub\studynavi\경남과외\진주시과외\경남가좌동과외\개양중과외\index.html,high,true,정상
school,경상남도,진주시,가좌동,,경상국립대학교사범대학부설고등학교,고등학교,고등학생,C:\Users\user\Documents\GitHub\studynavi\경남과외\진주시과외\경남가좌동과외\경상국립대학교사범대학부설고과외\index.html,high,true,정상
school,경상남도,진주시,가좌동,,경상국립대학교사범대학부설중학교,중학교,중학생,C:\Users\user\Documents\GitHub\studynavi\경남과외\진주시과외\경남가좌동과외\경상국립대학교사범대학부설중과외\index.html,high,true,정상
school,경상남도,진주시,상봉동,,경진고등학교,고등학교,고등학생,C:\Users\user\Documents\GitHub\studynavi\경남과외\진주시과외\경남상봉동과외\경진고과외\index.html,high,true,정상
school,경상남도,진주시,상봉동,,진주고등학교,고등학교,고등학생,C:\Users\user\Documents\GitHub\studynavi\경남과외\진주시과외\경남상봉동과외\진주고과외\index.html,high,true,정상
school,경상남도,진주시,상봉동,,진주봉원중학교,중학교,중학생,C:\Users\user\Documents\GitHub\studynavi\경남과외\진주시과외\경남상봉동과외\진주봉원중과외\index.html,high,true,정상
school,경상남도,진주시,상봉동,,진주여자고등학교,고등학교,고등학생,C:\Users\user\Documents\GitHub\studynavi\경남과외\진주시과외\경남상봉동과외\진주여자고과외\index.html,high,true,정상
school,경상남도,진주시,상봉동,,진주중학교,중학교,중학생,C:\Users\user\Documents\GitHub\studynavi\경남과외\진주시과외\경남상봉동과외\진주중과외\index.html,high,true,정상
school,경상남도,진주시,상평동,,삼현여자고등학교,고등학교,고등학생,C:\Users\user\Documents\GitHub\studynavi\경남과외\진주시과외\상평동과외\삼현여자고과외\index.html,high,true,정상
school,경상남도,진주시,상평동,,삼현여자중학교,중학교,중학생,C:\Users\user\Documents\GitHub\studynavi\경남과외\진주시과외\상평동과외\삼현여자중과외\index.html,high,true,정상
school,경상남도,진주시,이현동,,대아고등학교,고등학교,고등학생,C:\Users\user\Documents\GitHub\studynavi\경남과외\진주시과외\이현동과외\대아고과외\index.html,high,true,정상
school,경상남도,진주시,이현동,,대아중학교,중학교,중학생,C:\Users\user\Documents\GitHub\studynavi\경남과외\진주시과외\이현동과외\대아중과외\index.html,high,true,정상
school,경상남도,진주시,이현동,,진주여자중학교,중학교,중학생,C:\Users\user\Documents\GitHub\studynavi\경남과외\진주시과외\이현동과외\진주여자중과외\index.html,high,true,정상
school,경상남도,진주시,진주동,,진주동중학교,중학교,중학생,C:\Users\user\Documents\GitHub\studynavi\경남과외\진주시과외\진주동과외\진주동중과외\index.html,high,true,정상
school,경상남도,진주시,초전동,,명신고등학교,고등학교,고등학생,C:\Users\user\Documents\GitHub\studynavi\경남과외\진주시과외\초전동과외\명신고과외\index.html,high,true,정상
school,경상남도,진주시,초전동,,진주동명고등학교,고등학교,고등학생,C:\Users\user\Documents\GitHub\studynavi\경남과외\진주시과외\초전동과외\진주동명고과외\index.html,high,true,정상
school,경상남도,진주시,초전동,,진주동명중학교,중학교,중학생,C:\Users\user\Documents\GitHub\studynavi\경남과외\진주시과외\초전동과외\진주동명중과외\index.html,high,true,정상
school,경상남도,진주시,충무공동,,대곡중학교,중학교,중학생,C:\Users\user\Documents\GitHub\studynavi\경남과외\진주시과외\충무공동과외\대곡중과외\index.html,high,true,정상
school,경상남도,진주시,충무공동,,문산중학교,중학교,중학생,C:\Users\user\Documents\GitHub\studynavi\경남과외\진주시과외\충무공동과외\문산중과외\index.html,high,true,정상
school,경상남도,진주시,충무공동,,진양고등학교,고등학교,고등학생,C:\Users\user\Documents\GitHub\studynavi\경남과외\진주시과외\충무공동과외\진양고과외\index.html,high,true,정상
school,경상남도,진주시,칠암동,,진주남중학교,중학교,중학생,C:\Users\user\Documents\GitHub\studynavi\경남과외\진주시과외\칠암동과외\진주남중과외\index.html,high,true,정상
school,경상남도,진주시,평거동,,경해여자고등학교,고등학교,고등학생,C:\Users\user\Documents\GitHub\studynavi\경남과외\진주시과외\평거동과외\경해여자고과외\index.html,high,true,정상
school,경상남도,진주시,평거동,,경해여자중학교,중학교,중학생,C:\Users\user\Documents\GitHub\studynavi\경남과외\진주시과외\평거동과외\경해여자중과외\index.html,high,true,정상
school,경상남도,진주시,평거동,,선명여자고등학교,고등학교,고등학생,C:\Users\user\Documents\GitHub\studynavi\경남과외\진주시과외\평거동과외\선명여자고과외\index.html,high,true,정상
school,경상남도,진주시,평거동,,진주제일중학교,중학교,중학생,C:\Users\user\Documents\GitHub\studynavi\경남과외\진주시과외\평거동과외\진주제일중과외\index.html,high,true,정상
school,경상남도,진주시,하대동,,진명여자중학교,중학교,중학생,C:\Users\user\Documents\GitHub\studynavi\경남과외\진주시과외\하대동과외\진명여자중과외\index.html,high,true,정상
school,경상남도,진주시,하대동,,진주제일여자고등학교,고등학교,고등학생,C:\Users\user\Documents\GitHub\studynavi\경남과외\진주시과외\하대동과외\진주제일여자고과외\index.html,high,true,정상
school,경상남도,진주시,하대동,,진주중앙고등학교,고등학교,고등학생,C:\Users\user\Documents\GitHub\studynavi\경남과외\진주시과외\하대동과외\진주중앙고과외\index.html,high,true,정상
school,경상남도,진주시,하대동,,진주중앙중학교,중학교,중학생,C:\Users\user\Documents\GitHub\studynavi\경남과외\진주시과외\하대동과외\진주중앙중과외\index.html,high,true,정상
school,경상남도,창녕군,낙동,,남지여자중학교,중학교,중학생,C:\Users\user\Documents\GitHub\studynavi\경남과외\창녕군과외\경남낙동과외\남지여자중과외\index.html,high,true,정상
school,경상남도,창녕군,낙동,,남지중학교,중학교,중학생,C:\Users\user\Documents\GitHub\studynavi\경남과외\창녕군과외\경남낙동과외\남지중과외\index.html,high,true,정상
school,경상남도,창원시,가음동,,남산중학교,중학교,중학생,C:\Users\user\Documents\GitHub\studynavi\경남과외\창원시과외\가음동과외\남산중과외\index.html,high,true,정상
school,경상남도,창원시,가음동,,창원남산고등학교,고등학교,고등학생,C:\Users\user\Documents\GitHub\studynavi\경남과외\창원시과외\가음동과외\창원남산고과외\index.html,high,true,정상
school,경상남도,창원시,가음정동,,창원상남중학교,중학교,중학생,C:\Users\user\Documents\GitHub\studynavi\경남과외\창원시과외\가음정동과외\창원상남중과외\index.html,high,true,정상
school,경상남도,창원시,가포동,,마산가포고등학교,고등학교,고등학생,C:\Users\user\Documents\GitHub\studynavi\경남과외\창원시과외\가포동과외\마산가포고과외\index.html,high,true,정상
school,경상남도,창원시,구암동,,구암중학교,중학교,중학생,C:\Users\user\Documents\GitHub\studynavi\경남과외\창원시과외\경남구암동과외\구암중과외\index.html,high,true,정상
school,경상남도,창원시,구암동,,마산구암고등학교,고등학교,고등학생,C:\Users\user\Documents\GitHub\studynavi\경남과외\창원시과외\경남구암동과외\마산구암고과외\index.html,high,true,정상
school,경상남도,창원시,대방동,,대방중학교,중학교,중학생,C:\Users\user\Documents\GitHub\studynavi\경남과외\창원시과외\경남대방동과외\대방중과외\index.html,high,true,정상
school,경상남도,창원시,대방동,,안남중학교,중학교,중학생,C:\Users\user\Documents\GitHub\studynavi\경남과외\창원시과외\경남대방동과외\안남중과외\index.html,high,true,정상
school,경상남도,창원시,대방동,,창원대암고등학교,고등학교,고등학생,C:\Users\user\Documents\GitHub\studynavi\경남과외\창원시과외\경남대방동과외\창원대암고과외\index.html,high,true,정상
school,경상남도,창원시,문화동,,마산제일여자고등학교,고등학교,고등학생,C:\Users\user\Documents\GitHub\studynavi\경남과외\창원시과외\경남문화동과외\마산제일여자고과외\index.html,high,true,정상
school,경상남도,창원시,문화동,,마산제일여자중학교,중학교,중학생,C:\Users\user\Documents\GitHub\studynavi\경남과외\창원시과외\경남문화동과외\마산제일여자중과외\index.html,high,true,정상
school,경상남도,창원시,봉곡동,,봉곡중학교,중학교,중학생,C:\Users\user\Documents\GitHub\studynavi\경남과외\창원시과외\경남봉곡동과외\봉곡중과외\index.html,high,true,정상
school,경상남도,창원시,봉곡동,,창원봉림고등학교,고등학교,고등학생,C:\Users\user\Documents\GitHub\studynavi\경남과외\창원시과외\경남봉곡동과외\창원봉림고과외\index.html,high,true,정상
school,경상남도,창원시,성내동,,웅천고등학교,고등학교,고등학생,C:\Users\user\Documents\GitHub\studynavi\경남과외\창원시과외\경남성내동과외\웅천고과외\index.html,high,true,정상
school,경상남도,창원시,신월동,,마산중앙고등학교,고등학교,고등학생,C:\Users\user\Documents\GitHub\studynavi\경남과외\창원시과외\경남신월동과외\마산중앙고과외\index.html,high,true,정상
school,경상남도,창원시,신월동,,신월중학교,중학교,중학생,C:\Users\user\Documents\GitHub\studynavi\경남과외\창원시과외\경남신월동과외\신월중과외\index.html,high,true,정상
school,경상남도,창원시,신월동,,창원신월고등학교,고등학교,고등학생,C:\Users\user\Documents\GitHub\studynavi\경남과외\창원시과외\경남신월동과외\창원신월고과외\index.html,high,true,정상
school,경상남도,창원시,신월동,,토월중학교,중학교,중학생,C:\Users\user\Documents\GitHub\studynavi\경남과외\창원시과외\경남신월동과외\토월중과외\index.html,high,true,정상
school,경상남도,창원시,양덕동,,한일여자고등학교,고등학교,고등학생,C:\Users\user\Documents\GitHub\studynavi\경남과외\창원시과외\경남양덕동과외\한일여자고과외\index.html,high,true,정상
school,경상남도,창원시,용호동,,창원용호고등학교,고등학교,고등학생,C:\Users\user\Documents\GitHub\studynavi\경남과외\창원시과외\경남용호동과외\창원용호고과외\index.html,high,true,정상
school,경상남도,창원시,용호동,,창원중앙고등학교,고등학교,고등학생,C:\Users\user\Documents\GitHub\studynavi\경남과외\창원시과외\경남용호동과외\창원중앙고과외\index.html,high,true,정상
school,경상남도,창원시,중앙동,,경원중학교,중학교,중학생,C:\Users\user\Documents\GitHub\studynavi\경남과외\창원시과외\경남중앙동과외\경원중과외\index.html,high,true,정상
school,경상남도,창원시,중앙동,,창원경일고등학교,고등학교,고등학생,C:\Users\user\Documents\GitHub\studynavi\경남과외\창원시과외\경남중앙동과외\창원경일고과외\index.html,high,true,정상
school,경상남도,창원시,중앙동,,창원여자고등학교,고등학교,고등학생,C:\Users\user\Documents\GitHub\studynavi\경남과외\창원시과외\경남중앙동과외\창원여자고과외\index.html,high,true,정상
school,경상남도,창원시,현동,,구산중학교,중학교,중학생,C:\Users\user\Documents\GitHub\studynavi\경남과외\창원시과외\경남현동과외\구산중과외\index.html,high,true,정상
school,경상남도,창원시,경화동,,진해남중학교,중학교,중학생,C:\Users\user\Documents\GitHub\studynavi\경남과외\창원시과외\경화동과외\진해남중과외\index.html,high,true,정상
school,경상남도,창원시,경화동,,진해중앙고등학교,고등학교,고등학생,C:\Users\user\Documents\GitHub\studynavi\경남과외\창원시과외\경화동과외\진해중앙고과외\index.html,high,true,정상
school,경상남도,창원시,교방동,,의신중학교,중학교,중학생,C:\Users\user\Documents\GitHub\studynavi\경남과외\창원시과외\교방동과외\의신중과외\index.html,high,true,정상
school,경상남도,창원시,교방동,,합포고등학교,고등학교,고등학생,C:\Users\user\Documents\GitHub\studynavi\경남과외\창원시과외\교방동과외\합포고과외\index.html,high,true,정상
school,경상남도,창원시,남문동,,웅천중학교,중학교,중학생,C:\Users\user\Documents\GitHub\studynavi\경남과외\창원시과외\남문동과외\웅천중과외\index.html,high,true,정상
school,경상남도,창원시,도계동,,도계중학교,중학교,중학생,C:\Users\user\Documents\GitHub\studynavi\경남과외\창원시과외\도계동과외\도계중과외\index.html,high,true,정상
school,경상남도,창원시,도계동,,창원고등학교,고등학교,고등학생,C:\Users\user\Documents\GitHub\studynavi\경남과외\창원시과외\도계동과외\창원고과외\index.html,high,true,정상
school,경상남도,창원시,도계동,,창원중학교,중학교,중학생,C:\Users\user\Documents\GitHub\studynavi\경남과외\창원시과외\도계동과외\창원중과외\index.html,high,true,정상
school,경상남도,창원시,두대동,,창원문성고등학교,고등학교,고등학생,C:\Users\user\Documents\GitHub\studynavi\경남과외\창원시과외\두대동과외\창원문성고과외\index.html,high,true,정상
school,경상남도,창원시,두동,,웅동중학교,중학교,중학생,C:\Users\user\Documents\GitHub\studynavi\경남과외\창원시과외\두동과외\웅동중과외\index.html,high,true,정상
school,경상남도,창원시,명곡동,,창원명곡고등학교,고등학교,고등학생,C:\Users\user\Documents\GitHub\studynavi\경남과외\창원시과외\명곡동과외\창원명곡고과외\index.html,high,true,정상
school,경상남도,창원시,명서동,,명곡여자중학교,중학교,중학생,C:\Users\user\Documents\GitHub\studynavi\경남과외\창원시과외\명서동과외\명곡여자중과외\index.html,high,true,정상
school,경상남도,창원시,명서동,,명서중학교,중학교,중학생,C:\Users\user\Documents\GitHub\studynavi\경남과외\창원시과외\명서동과외\명서중과외\index.html,high,true,정상
school,경상남도,창원시,명서동,,창원명지여자고등학교,고등학교,고등학생,C:\Users\user\Documents\GitHub\studynavi\경남과외\창원시과외\명서동과외\창원명지여자고과외\index.html,high,true,정상
school,경상남도,창원시,무동,,창북중학교,중학교,중학생,C:\Users\user\Documents\GitHub\studynavi\경남과외\창원시과외\무동과외\창북중과외\index.html,high,true,정상
school,경상남도,창원시,반림동,,반림중학교,중학교,중학생,C:\Users\user\Documents\GitHub\studynavi\경남과외\창원시과외\반림동과외\반림중과외\index.html,high,true,정상
school,경상남도,창원시,반림동,,반송여자중학교,중학교,중학생,C:\Users\user\Documents\GitHub\studynavi\경남과외\창원시과외\반림동과외\반송여자중과외\index.html,high,true,정상
school,경상남도,창원시,반림동,,반송중학교,중학교,중학생,C:\Users\user\Documents\GitHub\studynavi\경남과외\창원시과외\반림동과외\반송중과외\index.html,high,true,정상
school,경상남도,창원시,반지동,,창원중앙중학교,중학교,중학생,C:\Users\user\Documents\GitHub\studynavi\경남과외\창원시과외\반지동과외\창원중앙중과외\index.html,high,true,정상
school,경상남도,창원시,봉암동,,창신고등학교,고등학교,고등학생,C:\Users\user\Documents\GitHub\studynavi\경남과외\창원시과외\봉암동과외\창신고과외\index.html,high,true,정상
school,경상남도,창원시,봉암동,,창신중학교,중학교,중학생,C:\Users\user\Documents\GitHub\studynavi\경남과외\창원시과외\봉암동과외\창신중과외\index.html,high,true,정상
school,경상남도,창원시,사림동,,봉림중학교,중학교,중학생,C:\Users\user\Documents\GitHub\studynavi\경남과외\창원시과외\사림동과외\봉림중과외\index.html,high,true,정상
school,경상남도,창원시,사파동,,사파중학교,중학교,중학생,C:\Users\user\Documents\GitHub\studynavi\경남과외\창원시과외\사파동과외\사파중과외\index.html,high,true,정상
school,경상남도,창원시,사파동,,창원사파고등학교,고등학교,고등학생,C:\Users\user\Documents\GitHub\studynavi\경남과외\창원시과외\사파동과외\창원사파고과외\index.html,high,true,정상
school,경상남도,창원시,산호동,,마산용마고등학교,고등학교,고등학생,C:\Users\user\Documents\GitHub\studynavi\경남과외\창원시과외\산호동과외\마산용마고과외\index.html,high,true,정상
school,경상남도,창원시,산호동,,합포중학교,중학교,중학생,C:\Users\user\Documents\GitHub\studynavi\경남과외\창원시과외\산호동과외\합포중과외\index.html,high,true,정상
school,경상남도,창원시,상남동,,웅남중학교,중학교,중학생,C:\Users\user\Documents\GitHub\studynavi\경남과외\창원시과외\상남동과외\웅남중과외\index.html,high,true,정상
school,경상남도,창원시,상남동,,창원중앙여자고등학교,고등학교,고등학생,C:\Users\user\Documents\GitHub\studynavi\경남과외\창원시과외\상남동과외\창원중앙여자고과외\index.html,high,true,정상
school,경상남도,창원시,서상동,,창원과학고등학교,고등학교,고등학생,C:\Users\user\Documents\GitHub\studynavi\경남과외\창원시과외\서상동과외\창원과학고과외\index.html,high,true,정상
school,경상남도,창원시,석동,,석동중학교,중학교,중학생,C:\Users\user\Documents\GitHub\studynavi\경남과외\창원시과외\석동과외\석동중과외\index.html,high,true,정상
school,경상남도,창원시,석동,,진해세화여자고등학교,고등학교,고등학생,C:\Users\user\Documents\GitHub\studynavi\경남과외\창원시과외\석동과외\진해세화여자고과외\index.html,high,true,정상
school,경상남도,창원시,성주동,,삼정자중학교,중학교,중학생,C:\Users\user\Documents\GitHub\studynavi\경남과외\창원시과외\성주동과외\삼정자중과외\index.html,high,true,정상
school,경상남도,창원시,소계동,,경상고등학교,고등학교,고등학생,C:\Users\user\Documents\GitHub\studynavi\경남과외\창원시과외\소계동과외\경상고과외\index.html,high,true,정상
school,경상남도,창원시,신촌동,,양곡중학교,중학교,중학생,C:\Users\user\Documents\GitHub\studynavi\경남과외\창원시과외\신촌동과외\양곡중과외\index.html,high,true,정상
school,경상남도,창원시,안민동,,안민중학교,중학교,중학생,C:\Users\user\Documents\GitHub\studynavi\경남과외\창원시과외\안민동과외\안민중과외\index.html,high,true,정상
school,경상남도,창원시,여좌동,,진해고등학교,고등학교,고등학생,C:\Users\user\Documents\GitHub\studynavi\경남과외\창원시과외\여좌동과외\진해고과외\index.html,high,true,정상
school,경상남도,창원시,여좌동,,진해여자고등학교,고등학교,고등학생,C:\Users\user\Documents\GitHub\studynavi\경남과외\창원시과외\여좌동과외\진해여자고과외\index.html,high,true,정상
school,경상남도,창원시,여좌동,,진해여자중학교,중학교,중학생,C:\Users\user\Documents\GitHub\studynavi\경남과외\창원시과외\여좌동과외\진해여자중과외\index.html,high,true,정상
school,경상남도,창원시,여좌동,,진해중학교,중학교,중학생,C:\Users\user\Documents\GitHub\studynavi\경남과외\창원시과외\여좌동과외\진해중과외\index.html,high,true,정상
school,경상남도,창원시,완월동,,마산고등학교,고등학교,고등학생,C:\Users\user\Documents\GitHub\studynavi\경남과외\창원시과외\완월동과외\마산고과외\index.html,high,true,정상
school,경상남도,창원시,완월동,,마산여자고등학교,고등학교,고등학생,C:\Users\user\Documents\GitHub\studynavi\경남과외\창원시과외\완월동과외\마산여자고과외\index.html,high,true,정상
school,경상남도,창원시,완월동,,성지여자고등학교,고등학교,고등학생,C:\Users\user\Documents\GitHub\studynavi\경남과외\창원시과외\완월동과외\성지여자고과외\index.html,high,true,정상
school,경상남도,창원시,완월동,,성지여자중학교,중학교,중학생,C:\Users\user\Documents\GitHub\studynavi\경남과외\창원시과외\완월동과외\성지여자중과외\index.html,high,true,정상
school,경상남도,창원시,용원동,,용원중학교,중학교,중학생,C:\Users\user\Documents\GitHub\studynavi\경남과외\창원시과외\용원동과외\용원중과외\index.html,high,true,정상
school,경상남도,창원시,용원동,,진해신항중학교,중학교,중학생,C:\Users\user\Documents\GitHub\studynavi\경남과외\창원시과외\용원동과외\진해신항중과외\index.html,high,true,정상
school,경상남도,창원시,용원동,,진해용원고등학교,고등학교,고등학생,C:\Users\user\Documents\GitHub\studynavi\경남과외\창원시과외\용원동과외\진해용원고과외\index.html,high,true,정상
school,경상남도,창원시,월영동,,마산서중학교,중학교,중학생,C:\Users\user\Documents\GitHub\studynavi\경남과외\창원시과외\월영동과외\마산서중과외\index.html,high,true,정상
school,경상남도,창원시,자산동,,마산중학교,중학교,중학생,C:\Users\user\Documents\GitHub\studynavi\경남과외\창원시과외\자산동과외\마산중과외\index.html,high,true,정상
school,경상남도,창원시,자은동,,동진중학교,중학교,중학생,C:\Users\user\Documents\GitHub\studynavi\경남과외\창원시과외\자은동과외\동진중과외\index.html,high,true,정상
school,경상남도,창원시,자은동,,진해냉천중학교,중학교,중학생,C:\Users\user\Documents\GitHub\studynavi\경남과외\창원시과외\자은동과외\진해냉천중과외\index.html,high,true,정상
school,경상남도,창원시,진동,,마산삼진고등학교,고등학교,고등학생,C:\Users\user\Documents\GitHub\studynavi\경남과외\창원시과외\진동과외\마산삼진고과외\index.html,high,true,정상
school,경상남도,창원시,진동,,마산삼진중학교,중학교,중학생,C:\Users\user\Documents\GitHub\studynavi\경남과외\창원시과외\진동과외\마산삼진중과외\index.html,high,true,정상
school,경상남도,창원시,진동,,태봉고등학교,고등학교,고등학생,C:\Users\user\Documents\GitHub\studynavi\경남과외\창원시과외\진동과외\태봉고과외\index.html,high,true,정상
school,경상남도,창원시,창원동,,창원동중학교,중학교,중학생,C:\Users\user\Documents\GitHub\studynavi\경남과외\창원시과외\창원동과외\창원동중과외\index.html,high,true,정상
school,경상남도,창원시,창원시내동,,창원경일여자고등학교,고등학교,고등학생,C:\Users\user\Documents\GitHub\studynavi\경남과외\창원시과외\창원시내동과외\창원경일여자고과외\index.html,high,true,정상
school,경상남도,창원시,창원시외동,,창원남고등학교,고등학교,고등학생,C:\Users\user\Documents\GitHub\studynavi\경남과외\창원시과외\창원시외동과외\창원남고과외\index.html,high,true,정상
school,경상남도,창원시,창원시외동,,창원남중학교,중학교,중학생,C:\Users\user\Documents\GitHub\studynavi\경남과외\창원시과외\창원시외동과외\창원남중과외\index.html,high,true,정상
school,경상남도,창원시,청안동,,안골포중학교,중학교,중학생,C:\Users\user\Documents\GitHub\studynavi\경남과외\창원시과외\청안동과외\안골포중과외\index.html,high,true,정상
school,경상남도,창원시,토월동,,창원토월고등학교,고등학교,고등학생,C:\Users\user\Documents\GitHub\studynavi\경남과외\창원시과외\토월동과외\창원토월고과외\index.html,high,true,정상
school,경상남도,창원시,팔용동,,창원성민여자고등학교,고등학교,고등학생,C:\Users\user\Documents\GitHub\studynavi\경남과외\창원시과외\팔용동과외\창원성민여자고과외\index.html,high,true,정상
school,경상남도,창원시,팔용동,,창원여자중학교,중학교,중학생,C:\Users\user\Documents\GitHub\studynavi\경남과외\창원시과외\팔용동과외\창원여자중과외\index.html,high,true,정상
school,경상남도,창원시,팔용동,,팔룡중학교,중학교,중학생,C:\Users\user\Documents\GitHub\studynavi\경남과외\창원시과외\팔용동과외\팔룡중과외\index.html,high,true,정상
school,경상남도,창원시,풍호동,,동진여자중학교,중학교,중학생,C:\Users\user\Documents\GitHub\studynavi\경남과외\창원시과외\풍호동과외\동진여자중과외\index.html,high,true,정상
school,경상남도,창원시,합성동,,마산중앙중학교,중학교,중학생,C:\Users\user\Documents\GitHub\studynavi\경남과외\창원시과외\합성동과외\마산중앙중과외\index.html,high,true,정상
school,경상남도,창원시,합성동,,양덕여자중학교,중학교,중학생,C:\Users\user\Documents\GitHub\studynavi\경남과외\창원시과외\합성동과외\양덕여자중과외\index.html,high,true,정상
school,경상남도,창원시,합성동,,양덕중학교,중학교,중학생,C:\Users\user\Documents\GitHub\studynavi\경남과외\창원시과외\합성동과외\양덕중과외\index.html,high,true,정상
school,경상남도,창원시,해운동,,해운중학교,중학교,중학생,C:\Users\user\Documents\GitHub\studynavi\경남과외\창원시과외\해운동과외\해운중과외\index.html,high,true,정상
school,경상남도,창원시,호계본동,,호계중학교,중학교,중학생,C:\Users\user\Documents\GitHub\studynavi\경남과외\창원시과외\호계본동과외\호계중과외\index.html,high,true,정상
school,경상남도,창원시,회원동,,마산동중학교,중학교,중학생,C:\Users\user\Documents\GitHub\studynavi\경남과외\창원시과외\회원동과외\마산동중과외\index.html,high,true,정상
school,경상남도,창원시,회원동,,마산무학여자고등학교,고등학교,고등학생,C:\Users\user\Documents\GitHub\studynavi\경남과외\창원시과외\회원동과외\마산무학여자고과외\index.html,high,true,정상
school,경상남도,창원시,회원동,,마산무학여자중학교,중학교,중학생,C:\Users\user\Documents\GitHub\studynavi\경남과외\창원시과외\회원동과외\마산무학여자중과외\index.html,high,true,정상
school,경상남도,창원시,회원동,,마산여자중학교,중학교,중학생,C:\Users\user\Documents\GitHub\studynavi\경남과외\창원시과외\회원동과외\마산여자중과외\index.html,high,true,정상
school,경상남도,통영시,도천동,,통영여자고등학교,고등학교,고등학생,C:\Users\user\Documents\GitHub\studynavi\경남과외\통영시과외\도천동과외\통영여자고과외\index.html,high,true,정상
school,경상남도,통영시,도천동,,통영여자중학교,중학교,중학생,C:\Users\user\Documents\GitHub\studynavi\경남과외\통영시과외\도천동과외\통영여자중과외\index.html,high,true,정상
school,경상남도,통영시,무전동,,통영중앙중학교,중학교,중학생,C:\Users\user\Documents\GitHub\studynavi\경남과외\통영시과외\무전동과외\통영중앙중과외\index.html,high,true,정상
school,경상남도,통영시,봉평동,,통영중학교,중학교,중학생,C:\Users\user\Documents\GitHub\studynavi\경남과외\통영시과외\봉평동과외\통영중과외\index.html,high,true,정상
school,경상남도,통영시,북신동,,충무고등학교,고등학교,고등학생,C:\Users\user\Documents\GitHub\studynavi\경남과외\통영시과외\북신동과외\충무고과외\index.html,high,true,정상
school,경상남도,통영시,인평동,,충무여자중학교,중학교,중학생,C:\Users\user\Documents\GitHub\studynavi\경남과외\통영시과외\인평동과외\충무여자중과외\index.html,high,true,정상
school,경상남도,통영시,인평동,,충무중학교,중학교,중학생,C:\Users\user\Documents\GitHub\studynavi\경남과외\통영시과외\인평동과외\충무중과외\index.html,high,true,정상
school,경상남도,하동군,하동,,금남고등학교,고등학교,고등학생,C:\Users\user\Documents\GitHub\studynavi\경남과외\하동군과외\경남하동과외\금남고과외\index.html,high,true,정상
school,경상남도,하동군,하동,,금남중학교,중학교,중학생,C:\Users\user\Documents\GitHub\studynavi\경남과외\하동군과외\경남하동과외\금남중과외\index.html,high,true,정상
school,경상남도,하동군,하동,,악양중학교,중학교,중학생,C:\Users\user\Documents\GitHub\studynavi\경남과외\하동군과외\경남하동과외\악양중과외\index.html,high,true,정상
school,경상남도,하동군,하동,,옥종고등학교,고등학교,고등학생,C:\Users\user\Documents\GitHub\studynavi\경남과외\하동군과외\경남하동과외\옥종고과외\index.html,high,true,정상
school,경상남도,하동군,하동,,옥종중학교,중학교,중학생,C:\Users\user\Documents\GitHub\studynavi\경남과외\하동군과외\경남하동과외\옥종중과외\index.html,high,true,정상
school,경상남도,하동군,하동,,진교고등학교,고등학교,고등학생,C:\Users\user\Documents\GitHub\studynavi\경남과외\하동군과외\경남하동과외\진교고과외\index.html,high,true,정상
school,경상남도,하동군,하동,,진교중학교,중학교,중학생,C:\Users\user\Documents\GitHub\studynavi\경남과외\하동군과외\경남하동과외\진교중과외\index.html,high,true,정상
school,경상남도,하동군,하동,,청암중학교,중학교,중학생,C:\Users\user\Documents\GitHub\studynavi\경남과외\하동군과외\경남하동과외\청암중과외\index.html,high,true,정상
school,경상남도,하동군,하동,,하동고등학교,고등학교,고등학생,C:\Users\user\Documents\GitHub\studynavi\경남과외\하동군과외\경남하동과외\하동고과외\index.html,high,true,정상
school,경상남도,하동군,하동,,하동여자고등학교,고등학교,고등학생,C:\Users\user\Documents\GitHub\studynavi\경남과외\하동군과외\경남하동과외\하동여자고과외\index.html,high,true,정상
school,경상남도,하동군,하동,,하동중학교,중학교,중학생,C:\Users\user\Documents\GitHub\studynavi\경남과외\하동군과외\경남하동과외\하동중과외\index.html,high,true,정상
school,경상남도,하동군,하동,,하동중앙중학교,중학교,중학생,C:\Users\user\Documents\GitHub\studynavi\경남과외\하동군과외\경남하동과외\하동중앙중과외\index.html,high,true,정상
school,경상남도,하동군,하동,,한다사중학교,중학교,중학생,C:\Users\user\Documents\GitHub\studynavi\경남과외\하동군과외\경남하동과외\한다사중과외\index.html,high,true,정상
school,경상남도,하동군,하동,,화개중학교,중학교,중학생,C:\Users\user\Documents\GitHub\studynavi\경남과외\하동군과외\경남하동과외\화개중과외\index.html,high,true,정상
school,경상남도,함양군,수동,,수동중학교,중학교,중학생,C:\Users\user\Documents\GitHub\studynavi\경남과외\함양군과외\경남수동과외\수동중과외\index.html,high,true,정상
school,경상남도,합천군,신성동,,대병중학교,중학교,중학생,C:\Users\user\Documents\GitHub\studynavi\경남과외\합천군과외\경남신성동과외\대병중과외\index.html,high,true,정상
school,경상남도,합천군,합천군교동,,합천고등학교,고등학교,고등학생,C:\Users\user\Documents\GitHub\studynavi\경남과외\합천군과외\합천군교동과외\합천고과외\index.html,high,true,정상
school,경상북도,경산시,갑제동,,경산과학고등학교,고등학교,고등학생,C:\Users\user\Documents\GitHub\studynavi\경북과외\경산시과외\갑제동과외\경산과학고과외\index.html,high,true,정상
school,경상북도,경산시,경산시사동,,사동고등학교,고등학교,고등학생,C:\Users\user\Documents\GitHub\studynavi\경북과외\경산시과외\경산시사동과외\사동고과외\index.html,high,true,정상
school,경상북도,경산시,경산시사동,,사동중학교,중학교,중학생,C:\Users\user\Documents\GitHub\studynavi\경북과외\경산시과외\경산시사동과외\사동중과외\index.html,high,true,정상
school,경상북도,경산시,계양동,,경산고등학교,고등학교,고등학생,C:\Users\user\Documents\GitHub\studynavi\경북과외\경산시과외\계양동과외\경산고과외\index.html,high,true,정상
school,경상북도,경산시,계양동,,경산중학교,중학교,중학생,C:\Users\user\Documents\GitHub\studynavi\경북과외\경산시과외\계양동과외\경산중과외\index.html,high,true,정상
school,경상북도,경산시,백천동,,문명고등학교,고등학교,고등학생,C:\Users\user\Documents\GitHub\studynavi\경북과외\경산시과외\백천동과외\문명고과외\index.html,high,true,정상
school,경상북도,경산시,백천동,,문명중학교,중학교,중학생,C:\Users\user\Documents\GitHub\studynavi\경북과외\경산시과외\백천동과외\문명중과외\index.html,high,true,정상
school,경상북도,경산시,백천동,,삼성현중학교,중학교,중학생,C:\Users\user\Documents\GitHub\studynavi\경북과외\경산시과외\백천동과외\삼성현중과외\index.html,high,true,정상
school,경상북도,경산시,사정동,,장산중학교,중학교,중학생,C:\Users\user\Documents\GitHub\studynavi\경북과외\경산시과외\사정동과외\장산중과외\index.html,high,true,정상
school,경상북도,경산시,신교동,,경북체육중학교,중학교,중학생,C:\Users\user\Documents\GitHub\studynavi\경북과외\경산시과외\신교동과외\경북체육중과외\index.html,high,true,정상
school,경상북도,경산시,옥곡동,,경산여자고등학교,고등학교,고등학생,C:\Users\user\Documents\GitHub\studynavi\경북과외\경산시과외\옥곡동과외\경산여자고과외\index.html,high,true,정상
school,경상북도,경산시,옥곡동,,경산여자중학교,중학교,중학생,C:\Users\user\Documents\GitHub\studynavi\경북과외\경산시과외\옥곡동과외\경산여자중과외\index.html,high,true,정상
school,경상북도,경주시,외동,,외동중학교,중학교,중학생,C:\Users\user\Documents\GitHub\studynavi\경북과외\경주시과외\경북외동과외\외동중과외\index.html,high,true,정상
school,경상북도,경주시,용강동,,근화여자고등학교,고등학교,고등학생,C:\Users\user\Documents\GitHub\studynavi\경북과외\경주시과외\경북용강동과외\근화여자고과외\index.html,high,true,정상
school,경상북도,경주시,용강동,,근화여자중학교,중학교,중학생,C:\Users\user\Documents\GitHub\studynavi\경북과외\경주시과외\경북용강동과외\근화여자중과외\index.html,high,true,정상
school,경상북도,경주시,서악동,,경주여자중학교,중학교,중학생,C:\Users\user\Documents\GitHub\studynavi\경북과외\경주시과외\서악동과외\경주여자중과외\index.html,high,true,정상
school,경상북도,경주시,성건동,,경주여자고등학교,고등학교,고등학생,C:\Users\user\Documents\GitHub\studynavi\경북과외\경주시과외\성건동과외\경주여자고과외\index.html,high,true,정상
school,경상북도,경주시,시래동,,불국중학교,중학교,중학생,C:\Users\user\Documents\GitHub\studynavi\경북과외\경주시과외\시래동과외\불국중과외\index.html,high,true,정상
school,경상북도,경주시,인왕동,,선덕여자고등학교,고등학교,고등학생,C:\Users\user\Documents\GitHub\studynavi\경북과외\경주시과외\인왕동과외\선덕여자고과외\index.html,high,true,정상
school,경상북도,경주시,인왕동,,선덕여자중학교,중학교,중학생,C:\Users\user\Documents\GitHub\studynavi\경북과외\경주시과외\인왕동과외\선덕여자중과외\index.html,high,true,정상
school,경상북도,경주시,장항재동,,경주화랑고등학교,고등학교,고등학생,C:\Users\user\Documents\GitHub\studynavi\경북과외\경주시과외\장항재동과외\경주화랑고과외\index.html,high,true,정상
school,경상북도,경주시,충효동,,문화중학교,중학교,중학생,C:\Users\user\Documents\GitHub\studynavi\경북과외\경주시과외\충효동과외\문화중과외\index.html,high,true,정상
school,경상북도,경주시,충효동,,신라고등학교,고등학교,고등학생,C:\Users\user\Documents\GitHub\studynavi\경북과외\경주시과외\충효동과외\신라고과외\index.html,high,true,정상
school,경상북도,경주시,충효동,,월성중학교,중학교,중학생,C:\Users\user\Documents\GitHub\studynavi\경북과외\경주시과외\충효동과외\월성중과외\index.html,high,true,정상
school,경상북도,경주시,황성동,,계림고등학교,고등학교,고등학생,C:\Users\user\Documents\GitHub\studynavi\경북과외\경주시과외\황성동과외\계림고과외\index.html,high,true,정상
school,경상북도,경주시,황성동,,계림중학교,중학교,중학생,C:\Users\user\Documents\GitHub\studynavi\경북과외\경주시과외\황성동과외\계림중과외\index.html,high,true,정상
school,경상북도,경주시,황성동,,서라벌여자중학교,중학교,중학생,C:\Users\user\Documents\GitHub\studynavi\경북과외\경주시과외\황성동과외\서라벌여자중과외\index.html,high,true,정상
school,경상북도,경주시,황성동,,신라중학교,중학교,중학생,C:\Users\user\Documents\GitHub\studynavi\경북과외\경주시과외\황성동과외\신라중과외\index.html,high,true,정상
school,경상북도,경주시,황오동,,경주고등학교,고등학교,고등학생,C:\Users\user\Documents\GitHub\studynavi\경북과외\경주시과외\황오동과외\경주고과외\index.html,high,true,정상
school,경상북도,경주시,황오동,,경주중학교,중학교,중학생,C:\Users\user\Documents\GitHub\studynavi\경북과외\경주시과외\황오동과외\경주중과외\index.html,high,true,정상
school,경상북도,구미시,거의동,,옥계중학교,중학교,중학생,C:\Users\user\Documents\GitHub\studynavi\경북과외\구미시과외\거의동과외\옥계중과외\index.html,high,true,정상
school,경상북도,구미시,강동,,오상고등학교,고등학교,고등학생,C:\Users\user\Documents\GitHub\studynavi\경북과외\구미시과외\경북강동과외\오상고과외\index.html,high,true,정상
school,경상북도,구미시,강동,,오상중학교,중학교,중학생,C:\Users\user\Documents\GitHub\studynavi\경북과외\구미시과외\경북강동과외\오상중과외\index.html,high,true,정상
school,경상북도,구미시,강동,,해평중학교,중학교,중학생,C:\Users\user\Documents\GitHub\studynavi\경북과외\구미시과외\경북강동과외\해평중과외\index.html,high,true,정상
school,경상북도,구미시,봉곡동,,경구고등학교,고등학교,고등학생,C:\Users\user\Documents\GitHub\studynavi\경북과외\구미시과외\경북봉곡동과외\경구고과외\index.html,high,true,정상
school,경상북도,구미시,봉곡동,,경구중학교,중학교,중학생,C:\Users\user\Documents\GitHub\studynavi\경북과외\구미시과외\경북봉곡동과외\경구중과외\index.html,high,true,정상
school,경상북도,구미시,봉곡동,,봉곡중학교,중학교,중학생,C:\Users\user\Documents\GitHub\studynavi\경북과외\구미시과외\경북봉곡동과외\봉곡중과외\index.html,high,true,정상
school,경상북도,구미시,봉곡동,,선주고등학교,고등학교,고등학생,C:\Users\user\Documents\GitHub\studynavi\경북과외\구미시과외\경북봉곡동과외\선주고과외\index.html,high,true,정상
school,경상북도,구미시,봉곡동,,선주중학교,중학교,중학생,C:\Users\user\Documents\GitHub\studynavi\경북과외\구미시과외\경북봉곡동과외\선주중과외\index.html,high,true,정상
school,경상북도,구미시,송정동,,송정여자중학교,중학교,중학생,C:\Users\user\Documents\GitHub\studynavi\경북과외\구미시과외\경북송정동과외\송정여자중과외\index.html,high,true,정상
school,경상북도,구미시,신평동,,구미신평중학교,중학교,중학생,C:\Users\user\Documents\GitHub\studynavi\경북과외\구미시과외\경북신평동과외\구미신평중과외\index.html,high,true,정상
school,경상북도,구미시,지산동,,구미제일고등학교,고등학교,고등학생,C:\Users\user\Documents\GitHub\studynavi\경북과외\구미시과외\경북지산동과외\구미제일고과외\index.html,high,true,정상
school,경상북도,구미시,광평동,,광평중학교,중학교,중학생,C:\Users\user\Documents\GitHub\studynavi\경북과외\구미시과외\광평동과외\광평중과외\index.html,high,true,정상
school,경상북도,구미시,광평동,,금오고등학교,고등학교,고등학생,C:\Users\user\Documents\GitHub\studynavi\경북과외\구미시과외\광평동과외\금오고과외\index.html,high,true,정상
school,경상북도,구미시,구미시산동,,구미산동고등학교,고등학교,고등학생,C:\Users\user\Documents\GitHub\studynavi\경북과외\구미시과외\구미시산동과외\구미산동고과외\index.html,high,true,정상
school,경상북도,구미시,구미시산동,,구미인덕중학교,중학교,중학생,C:\Users\user\Documents\GitHub\studynavi\경북과외\구미시과외\구미시산동과외\구미인덕중과외\index.html,high,true,정상
school,경상북도,구미시,구미시산동,,산동중학교,중학교,중학생,C:\Users\user\Documents\GitHub\studynavi\경북과외\구미시과외\구미시산동과외\산동중과외\index.html,high,true,정상
school,경상북도,구미시,구평동,,인동고등학교,고등학교,고등학생,C:\Users\user\Documents\GitHub\studynavi\경북과외\구미시과외\구평동과외\인동고과외\index.html,high,true,정상
school,경상북도,구미시,구평동,,천생중학교,중학교,중학생,C:\Users\user\Documents\GitHub\studynavi\경북과외\구미시과외\구평동과외\천생중과외\index.html,high,true,정상
school,경상북도,구미시,남통동,,경북외국어고등학교,고등학교,고등학생,C:\Users\user\Documents\GitHub\studynavi\경북과외\구미시과외\남통동과외\경북외국어고과외\index.html,high,true,정상
school,경상북도,구미시,도량동,,구미고등학교,고등학교,고등학생,C:\Users\user\Documents\GitHub\studynavi\경북과외\구미시과외\도량동과외\구미고과외\index.html,high,true,정상
school,경상북도,구미시,도량동,,구미여자고등학교,고등학교,고등학생,C:\Users\user\Documents\GitHub\studynavi\경북과외\구미시과외\도량동과외\구미여자고과외\index.html,high,true,정상
school,경상북도,구미시,도량동,,구미중학교,중학교,중학생,C:\Users\user\Documents\GitHub\studynavi\경북과외\구미시과외\도량동과외\구미중과외\index.html,high,true,정상
school,경상북도,구미시,도량동,,도송중학교,중학교,중학생,C:\Users\user\Documents\GitHub\studynavi\경북과외\구미시과외\도량동과외\도송중과외\index.html,high,true,정상
school,경상북도,구미시,사곡동,,사곡고등학교,고등학교,고등학생,C:\Users\user\Documents\GitHub\studynavi\경북과외\구미시과외\사곡동과외\사곡고과외\index.html,high,true,정상
school,경상북도,구미시,상모동,,상모고등학교,고등학교,고등학생,C:\Users\user\Documents\GitHub\studynavi\경북과외\구미시과외\상모동과외\상모고과외\index.html,high,true,정상
school,경상북도,구미시,오태동,,오태중학교,중학교,중학생,C:\Users\user\Documents\GitHub\studynavi\경북과외\구미시과외\오태동과외\오태중과외\index.html,high,true,정상
school,경상북도,구미시,옥계동,,옥계동부중학교,중학교,중학생,C:\Users\user\Documents\GitHub\studynavi\경북과외\구미시과외\옥계동과외\옥계동부중과외\index.html,high,true,정상
school,경상북도,구미시,옥계동,,해마루중학교,중학교,중학생,C:\Users\user\Documents\GitHub\studynavi\경북과외\구미시과외\옥계동과외\해마루중과외\index.html,high,true,정상
school,경상북도,구미시,원평동,,구미여자중학교,중학교,중학생,C:\Users\user\Documents\GitHub\studynavi\경북과외\구미시과외\원평동과외\구미여자중과외\index.html,high,true,정상
school,경상북도,구미시,인의동,,인동중학교,중학교,중학생,C:\Users\user\Documents\GitHub\studynavi\경북과외\구미시과외\인의동과외\인동중과외\index.html,high,true,정상
school,경상북도,구미시,임은동,,금오중학교,중학교,중학생,C:\Users\user\Documents\GitHub\studynavi\경북과외\구미시과외\임은동과외\금오중과외\index.html,high,true,정상
school,경상북도,구미시,임은동,,상모중학교,중학교,중학생,C:\Users\user\Documents\GitHub\studynavi\경북과외\구미시과외\임은동과외\상모중과외\index.html,high,true,정상
school,경상북도,구미시,진평동,,진평중학교,중학교,중학생,C:\Users\user\Documents\GitHub\studynavi\경북과외\구미시과외\진평동과외\진평중과외\index.html,high,true,정상
school,경상북도,구미시,형곡동,,형곡고등학교,고등학교,고등학생,C:\Users\user\Documents\GitHub\studynavi\경북과외\구미시과외\형곡동과외\형곡고과외\index.html,high,true,정상
school,경상북도,구미시,형곡동,,형곡중학교,중학교,중학생,C:\Users\user\Documents\GitHub\studynavi\경북과외\구미시과외\형곡동과외\형곡중과외\index.html,high,true,정상
school,경상북도,구미시,형곡동,,형남중학교,중학교,중학생,C:\Users\user\Documents\GitHub\studynavi\경북과외\구미시과외\형곡동과외\형남중과외\index.html,high,true,정상
school,경상북도,김천시,교동,,한일여자고등학교,고등학교,고등학생,C:\Users\user\Documents\GitHub\studynavi\경북과외\김천시과외\경북교동과외\한일여자고과외\index.html,high,true,정상
school,경상북도,김천시,교동,,한일여자중학교,중학교,중학생,C:\Users\user\Documents\GitHub\studynavi\경북과외\김천시과외\경북교동과외\한일여자중과외\index.html,high,true,정상
school,경상북도,김천시,부곡동,,김천고등학교,고등학교,고등학생,C:\Users\user\Documents\GitHub\studynavi\경북과외\김천시과외\경북부곡동과외\김천고과외\index.html,high,true,정상
school,경상북도,김천시,부곡동,,김천중학교,중학교,중학생,C:\Users\user\Documents\GitHub\studynavi\경북과외\김천시과외\경북부곡동과외\김천중과외\index.html,high,true,정상
school,경상북도,김천시,평화동,,성의여자고등학교,고등학교,고등학생,C:\Users\user\Documents\GitHub\studynavi\경북과외\김천시과외\경북평화동과외\성의여자고과외\index.html,high,true,정상
school,경상북도,김천시,평화동,,성의여자중학교,중학교,중학생,C:\Users\user\Documents\GitHub\studynavi\경북과외\김천시과외\경북평화동과외\성의여자중과외\index.html,high,true,정상
school,경상북도,김천시,황금동,,김천석천중학교,중학교,중학생,C:\Users\user\Documents\GitHub\studynavi\경북과외\김천시과외\경북황금동과외\김천석천중과외\index.html,high,true,정상
school,경상북도,김천시,김천시성내동,,김천여자중학교,중학교,중학생,C:\Users\user\Documents\GitHub\studynavi\경북과외\김천시과외\김천시성내동과외\김천여자중과외\index.html,high,true,정상
school,경상북도,김천시,모암동,,김천여자고등학교,고등학교,고등학생,C:\Users\user\Documents\GitHub\studynavi\경북과외\김천시과외\모암동과외\김천여자고과외\index.html,high,true,정상
school,경상북도,김천시,삼락동,,김천중앙중학교,중학교,중학생,C:\Users\user\Documents\GitHub\studynavi\경북과외\김천시과외\삼락동과외\김천중앙중과외\index.html,high,true,정상
school,경상북도,김천시,율곡동,,운남중학교,중학교,중학생,C:\Users\user\Documents\GitHub\studynavi\경북과외\김천시과외\율곡동과외\운남중과외\index.html,high,true,정상
school,경상북도,김천시,율곡동,,율곡고등학교,고등학교,고등학생,C:\Users\user\Documents\GitHub\studynavi\경북과외\김천시과외\율곡동과외\율곡고과외\index.html,high,true,정상
school,경상북도,김천시,율곡동,,율곡중학교,중학교,중학생,C:\Users\user\Documents\GitHub\studynavi\경북과외\김천시과외\율곡동과외\율곡중과외\index.html,high,true,정상
school,경상북도,김천시,지좌동,,문성중학교,중학교,중학생,C:\Users\user\Documents\GitHub\studynavi\경북과외\김천시과외\지좌동과외\문성중과외\index.html,high,true,정상
school,경상북도,김천시,지좌동,,성의고등학교,고등학교,고등학생,C:\Users\user\Documents\GitHub\studynavi\경북과외\김천시과외\지좌동과외\성의고과외\index.html,high,true,정상
school,경상북도,김천시,지좌동,,성의중학교,중학교,중학생,C:\Users\user\Documents\GitHub\studynavi\경북과외\김천시과외\지좌동과외\성의중과외\index.html,high,true,정상
school,경상북도,문경시,모전동,,문경여자중학교,중학교,중학생,C:\Users\user\Documents\GitHub\studynavi\경북과외\문경시과외\모전동과외\문경여자중과외\index.html,high,true,정상
school,경상북도,문경시,모전동,,점촌고등학교,고등학교,고등학생,C:\Users\user\Documents\GitHub\studynavi\경북과외\문경시과외\모전동과외\점촌고과외\index.html,high,true,정상
school,경상북도,문경시,모전동,,점촌중학교,중학교,중학생,C:\Users\user\Documents\GitHub\studynavi\경북과외\문경시과외\모전동과외\점촌중과외\index.html,high,true,정상
school,경상북도,문경시,점촌동,,문경여자고등학교,고등학교,고등학생,C:\Users\user\Documents\GitHub\studynavi\경북과외\문경시과외\점촌동과외\문경여자고과외\index.html,high,true,정상
school,경상북도,문경시,흥덕동,,문경중학교,중학교,중학생,C:\Users\user\Documents\GitHub\studynavi\경북과외\문경시과외\흥덕동과외\문경중과외\index.html,high,true,정상
school,경상북도,문경시,흥덕동,,문창고등학교,고등학교,고등학생,C:\Users\user\Documents\GitHub\studynavi\경북과외\문경시과외\흥덕동과외\문창고과외\index.html,high,true,정상
school,경상북도,상주시,계산동,,성신여자중학교,중학교,중학생,C:\Users\user\Documents\GitHub\studynavi\경북과외\상주시과외\경북계산동과외\성신여자중과외\index.html,high,true,정상
school,경상북도,상주시,계산동,,우석여자고등학교,고등학교,고등학생,C:\Users\user\Documents\GitHub\studynavi\경북과외\상주시과외\경북계산동과외\우석여자고과외\index.html,high,true,정상
school,경상북도,상주시,낙양동,,남산중학교,중학교,중학생,C:\Users\user\Documents\GitHub\studynavi\경북과외\상주시과외\경북낙양동과외\남산중과외\index.html,high,true,정상
school,경상북도,상주시,신봉동,,상주고등학교,고등학교,고등학생,C:\Users\user\Documents\GitHub\studynavi\경북과외\상주시과외\경북신봉동과외\상주고과외\index.html,high,true,정상
school,경상북도,상주시,화동,,화동중학교,중학교,중학생,C:\Users\user\Documents\GitHub\studynavi\경북과외\상주시과외\경북화동과외\화동중과외\index.html,high,true,정상
school,경상북도,상주시,남성동,,상주여자중학교,중학교,중학생,C:\Users\user\Documents\GitHub\studynavi\경북과외\상주시과외\남성동과외\상주여자중과외\index.html,high,true,정상
school,경상북도,상주시,만산동,,상주중학교,중학교,중학생,C:\Users\user\Documents\GitHub\studynavi\경북과외\상주시과외\만산동과외\상주중과외\index.html,high,true,정상
school,경상북도,상주시,모동,,중모중학교,중학교,중학생,C:\Users\user\Documents\GitHub\studynavi\경북과외\상주시과외\모동과외\중모중과외\index.html,high,true,정상
school,경상북도,상주시,복룡동,,상주여자고등학교,고등학교,고등학생,C:\Users\user\Documents\GitHub\studynavi\경북과외\상주시과외\복룡동과외\상주여자고과외\index.html,high,true,정상
school,경상북도,상주시,상주시낙동,,낙동중학교,중학교,중학생,C:\Users\user\Documents\GitHub\studynavi\경북과외\상주시과외\상주시낙동과외\낙동중과외\index.html,high,true,정상
school,경상북도,상주시,상주시낙동,,낙운중학교,중학교,중학생,C:\Users\user\Documents\GitHub\studynavi\경북과외\상주시과외\상주시낙동과외\낙운중과외\index.html,high,true,정상
school,경상북도,안동시,금곡동,,경안고등학교,고등학교,고등학생,C:\Users\user\Documents\GitHub\studynavi\경북과외\안동시과외\경북금곡동과외\경안고과외\index.html,high,true,정상
school,경상북도,안동시,금곡동,,경안여자중학교,중학교,중학생,C:\Users\user\Documents\GitHub\studynavi\경북과외\안동시과외\경북금곡동과외\경안여자중과외\index.html,high,true,정상
school,경상북도,안동시,송현동,,경안여자고등학교,고등학교,고등학생,C:\Users\user\Documents\GitHub\studynavi\경북과외\안동시과외\경북송현동과외\경안여자고과외\index.html,high,true,정상
school,경상북도,안동시,송현동,,경안중학교,중학교,중학생,C:\Users\user\Documents\GitHub\studynavi\경북과외\안동시과외\경북송현동과외\경안중과외\index.html,high,true,정상
school,경상북도,안동시,안동,,길안중학교,중학교,중학생,C:\Users\user\Documents\GitHub\studynavi\경북과외\안동시과외\경북안동과외\길안중과외\index.html,high,true,정상
school,경상북도,안동시,안동,,북후중학교,중학교,중학생,C:\Users\user\Documents\GitHub\studynavi\경북과외\안동시과외\경북안동과외\북후중과외\index.html,high,true,정상
school,경상북도,안동시,안동,,웅부중학교,중학교,중학생,C:\Users\user\Documents\GitHub\studynavi\경북과외\안동시과외\경북안동과외\웅부중과외\index.html,high,true,정상
school,경상북도,안동시,안동,,일직중학교,중학교,중학생,C:\Users\user\Documents\GitHub\studynavi\경북과외\안동시과외\경북안동과외\일직중과외\index.html,high,true,정상
school,경상북도,안동시,안동,,풍산고등학교,고등학교,고등학생,C:\Users\user\Documents\GitHub\studynavi\경북과외\안동시과외\경북안동과외\풍산고과외\index.html,high,true,정상
school,경상북도,안동시,안동,,풍산중학교,중학교,중학생,C:\Users\user\Documents\GitHub\studynavi\경북과외\안동시과외\경북안동과외\풍산중과외\index.html,high,true,정상
school,경상북도,안동시,안동,,풍천중학교,중학교,중학생,C:\Users\user\Documents\GitHub\studynavi\경북과외\안동시과외\경북안동과외\풍천중과외\index.html,high,true,정상
school,경상북도,안동시,태화동,,경덕중학교,중학교,중학생,C:\Users\user\Documents\GitHub\studynavi\경북과외\안동시과외\경북태화동과외\경덕중과외\index.html,high,true,정상
school,경상북도,안동시,태화동,,경북하이텍고등학교,고등학교,고등학생,C:\Users\user\Documents\GitHub\studynavi\경북과외\안동시과외\경북태화동과외\경북하이텍고과외\index.html,high,true,정상
school,경상북도,안동시,태화동,,안동중학교,중학교,중학생,C:\Users\user\Documents\GitHub\studynavi\경북과외\안동시과외\경북태화동과외\안동중과외\index.html,high,true,정상
school,경상북도,안동시,태화동,,안동중앙고등학교,고등학교,고등학생,C:\Users\user\Documents\GitHub\studynavi\경북과외\안동시과외\경북태화동과외\안동중앙고과외\index.html,high,true,정상
school,경상북도,안동시,당북동,,복주여자중학교,중학교,중학생,C:\Users\user\Documents\GitHub\studynavi\경북과외\안동시과외\당북동과외\복주여자중과외\index.html,high,true,정상
school,경상북도,안동시,법상동,,안동여자고등학교,고등학교,고등학생,C:\Users\user\Documents\GitHub\studynavi\경북과외\안동시과외\법상동과외\안동여자고과외\index.html,high,true,정상
school,경상북도,안동시,법상동,,안동여자중학교,중학교,중학생,C:\Users\user\Documents\GitHub\studynavi\경북과외\안동시과외\법상동과외\안동여자중과외\index.html,high,true,정상
school,경상북도,안동시,신안동,,경일고등학교,고등학교,고등학생,C:\Users\user\Documents\GitHub\studynavi\경북과외\안동시과외\신안동과외\경일고과외\index.html,high,true,정상
school,경상북도,안동시,안기동,,성창여자고등학교,고등학교,고등학생,C:\Users\user\Documents\GitHub\studynavi\경북과외\안동시과외\안기동과외\성창여자고과외\index.html,high,true,정상
school,경상북도,안동시,안막동,,길원여자고등학교,고등학교,고등학생,C:\Users\user\Documents\GitHub\studynavi\경북과외\안동시과외\안막동과외\길원여자고과외\index.html,high,true,정상
school,경상북도,안동시,용상동,,길주중학교,중학교,중학생,C:\Users\user\Documents\GitHub\studynavi\경북과외\안동시과외\용상동과외\길주중과외\index.html,high,true,정상
school,경상북도,안동시,정상동,,안동고등학교,고등학교,고등학생,C:\Users\user\Documents\GitHub\studynavi\경북과외\안동시과외\정상동과외\안동고과외\index.html,high,true,정상
school,경상북도,안동시,정하동,,성희여자고등학교,고등학교,고등학생,C:\Users\user\Documents\GitHub\studynavi\경북과외\안동시과외\정하동과외\성희여자고과외\index.html,high,true,정상
school,경상북도,안동시,정하동,,예일메디텍고등학교,고등학교,고등학생,C:\Users\user\Documents\GitHub\studynavi\경북과외\안동시과외\정하동과외\예일메디텍고과외\index.html,high,true,정상
school,경상북도,영양군,영양군낙동,,수비고등학교,고등학교,고등학생,C:\Users\user\Documents\GitHub\studynavi\경북과외\영양군과외\영양군낙동과외\수비고과외\index.html,high,true,정상
school,경상북도,영양군,영양군낙동,,수비중학교,중학교,중학생,C:\Users\user\Documents\GitHub\studynavi\경북과외\영양군과외\영양군낙동과외\수비중과외\index.html,high,true,정상
school,경상북도,영주시,가흥동,,영주여자중학교,중학교,중학생,C:\Users\user\Documents\GitHub\studynavi\경북과외\영주시과외\가흥동과외\영주여자중과외\index.html,high,true,정상
school,경상북도,영주시,가흥동,,영주제일고등학교,고등학교,고등학생,C:\Users\user\Documents\GitHub\studynavi\경북과외\영주시과외\가흥동과외\영주제일고과외\index.html,high,true,정상
school,경상북도,영주시,영주동,,영광여자고등학교,고등학교,고등학생,C:\Users\user\Documents\GitHub\studynavi\경북과외\영주시과외\경북영주동과외\영광여자고과외\index.html,high,true,정상
school,경상북도,영주시,영주동,,영광여자중학교,중학교,중학생,C:\Users\user\Documents\GitHub\studynavi\경북과외\영주시과외\경북영주동과외\영광여자중과외\index.html,high,true,정상
school,경상북도,영주시,영주동,,영광중학교,중학교,중학생,C:\Users\user\Documents\GitHub\studynavi\경북과외\영주시과외\경북영주동과외\영광중과외\index.html,high,true,정상
school,경상북도,영주시,상망동,,영광고등학교,고등학교,고등학생,C:\Users\user\Documents\GitHub\studynavi\경북과외\영주시과외\상망동과외\영광고과외\index.html,high,true,정상
school,경상북도,영주시,하망동,,동산여자중학교,중학교,중학생,C:\Users\user\Documents\GitHub\studynavi\경북과외\영주시과외\하망동과외\동산여자중과외\index.html,high,true,정상
school,경상북도,영주시,하망동,,영주여자고등학교,고등학교,고등학생,C:\Users\user\Documents\GitHub\studynavi\경북과외\영주시과외\하망동과외\영주여자고과외\index.html,high,true,정상
school,경상북도,영주시,휴천동,,대영고등학교,고등학교,고등학생,C:\Users\user\Documents\GitHub\studynavi\경북과외\영주시과외\휴천동과외\대영고과외\index.html,high,true,정상
school,경상북도,영주시,휴천동,,대영중학교,중학교,중학생,C:\Users\user\Documents\GitHub\studynavi\경북과외\영주시과외\휴천동과외\대영중과외\index.html,high,true,정상
school,경상북도,영주시,휴천동,,영주중학교,중학교,중학생,C:\Users\user\Documents\GitHub\studynavi\경북과외\영주시과외\휴천동과외\영주중과외\index.html,high,true,정상
school,경상북도,영천시,도동,,성남여자중학교,중학교,중학생,C:\Users\user\Documents\GitHub\studynavi\경북과외\영천시과외\경북도동과외\성남여자중과외\index.html,high,true,정상
school,경상북도,영천시,도동,,영천성남여자고등학교,고등학교,고등학생,C:\Users\user\Documents\GitHub\studynavi\경북과외\영천시과외\경북도동과외\영천성남여자고과외\index.html,high,true,정상
school,경상북도,영천시,교촌동,,영천여자중학교,중학교,중학생,C:\Users\user\Documents\GitHub\studynavi\경북과외\영천시과외\교촌동과외\영천여자중과외\index.html,high,true,정상
school,경상북도,영천시,문내동,,영천중학교,중학교,중학생,C:\Users\user\Documents\GitHub\studynavi\경북과외\영천시과외\문내동과외\영천중과외\index.html,high,true,정상
school,경상북도,영천시,야사동,,영동고등학교,고등학교,고등학생,C:\Users\user\Documents\GitHub\studynavi\경북과외\영천시과외\야사동과외\영동고과외\index.html,high,true,정상
school,경상북도,영천시,야사동,,영동중학교,중학교,중학생,C:\Users\user\Documents\GitHub\studynavi\경북과외\영천시과외\야사동과외\영동중과외\index.html,high,true,정상
school,경상북도,영천시,야사동,,영천고등학교,고등학교,고등학생,C:\Users\user\Documents\GitHub\studynavi\경북과외\영천시과외\야사동과외\영천고과외\index.html,high,true,정상
school,경상북도,영천시,영천시산동,,산동중학교,중학교,중학생,C:\Users\user\Documents\GitHub\studynavi\경북과외\영천시과외\영천시산동과외\산동중과외\index.html,high,true,정상
school,경상북도,영천시,영천시성내동,,영천여자고등학교,고등학교,고등학생,C:\Users\user\Documents\GitHub\studynavi\경북과외\영천시과외\영천시성내동과외\영천여자고과외\index.html,high,true,정상
school,경상북도,영천시,화룡동,,동국대학교사범대학부속선화여자고등학교,고등학교,고등학생,C:\Users\user\Documents\GitHub\studynavi\경북과외\영천시과외\화룡동과외\동국대학교사범대학부속선화여자고과외\index.html,high,true,정상
school,경상북도,울릉군,울릉군사동,,울릉중학교,중학교,중학생,C:\Users\user\Documents\GitHub\studynavi\경북과외\울릉군과외\울릉군사동과외\울릉중과외\index.html,high,true,정상
school,경상북도,청송군,현동,,현동중학교,중학교,중학생,C:\Users\user\Documents\GitHub\studynavi\경북과외\청송군과외\경북현동과외\현동중과외\index.html,high,true,정상
school,경상북도,칠곡군,신동,,경북기계명장고등학교,고등학교,고등학생,C:\Users\user\Documents\GitHub\studynavi\경북과외\칠곡군과외\경북신동과외\경북기계명장고과외\index.html,high,true,정상
school,경상북도,칠곡군,신동,,신동중학교,중학교,중학생,C:\Users\user\Documents\GitHub\studynavi\경북과외\칠곡군과외\경북신동과외\신동중과외\index.html,high,true,정상
school,경상북도,포항시,송도동,,송도중학교,중학교,중학생,C:\Users\user\Documents\GitHub\studynavi\경북과외\포항시과외\경북송도동과외\송도중과외\index.html,high,true,정상
school,경상북도,포항시,양덕동,,양덕중학교,중학교,중학생,C:\Users\user\Documents\GitHub\studynavi\경북과외\포항시과외\경북양덕동과외\양덕중과외\index.html,high,true,정상
school,경상북도,포항시,이동,,포항이동고등학교,고등학교,고등학생,C:\Users\user\Documents\GitHub\studynavi\경북과외\포항시과외\경북이동과외\포항이동고과외\index.html,high,true,정상
school,경상북도,포항시,이동,,포항이동중학교,중학교,중학생,C:\Users\user\Documents\GitHub\studynavi\경북과외\포항시과외\경북이동과외\포항이동중과외\index.html,high,true,정상
school,경상북도,포항시,장성동,,장흥중학교,중학교,중학생,C:\Users\user\Documents\GitHub\studynavi\경북과외\포항시과외\경북장성동과외\장흥중과외\index.html,high,true,정상
school,경상북도,포항시,장성동,,포항장성고등학교,고등학교,고등학생,C:\Users\user\Documents\GitHub\studynavi\경북과외\포항시과외\경북장성동과외\포항장성고과외\index.html,high,true,정상
school,경상북도,포항시,대도동,,상도중학교,중학교,중학생,C:\Users\user\Documents\GitHub\studynavi\경북과외\포항시과외\대도동과외\상도중과외\index.html,high,true,정상
school,경상북도,포항시,대잠동,,세명고등학교,고등학교,고등학생,C:\Users\user\Documents\GitHub\studynavi\경북과외\포항시과외\대잠동과외\세명고과외\index.html,high,true,정상
school,경상북도,포항시,두호동,,두호고등학교,고등학교,고등학생,C:\Users\user\Documents\GitHub\studynavi\경북과외\포항시과외\두호동과외\두호고과외\index.html,high,true,정상
school,경상북도,포항시,득량동,,양학중학교,중학교,중학생,C:\Users\user\Documents\GitHub\studynavi\경북과외\포항시과외\득량동과외\양학중과외\index.html,high,true,정상
school,경상북도,포항시,용흥동,,대흥중학교,중학교,중학생,C:\Users\user\Documents\GitHub\studynavi\경북과외\포항시과외\용흥동과외\대흥중과외\index.html,high,true,정상
school,경상북도,포항시,용흥동,,동지여자고등학교,고등학교,고등학생,C:\Users\user\Documents\GitHub\studynavi\경북과외\포항시과외\용흥동과외\동지여자고과외\index.html,high,true,정상
school,경상북도,포항시,용흥동,,동지여자중학교,중학교,중학생,C:\Users\user\Documents\GitHub\studynavi\경북과외\포항시과외\용흥동과외\동지여자중과외\index.html,high,true,정상
school,경상북도,포항시,용흥동,,동지중학교,중학교,중학생,C:\Users\user\Documents\GitHub\studynavi\경북과외\포항시과외\용흥동과외\동지중과외\index.html,high,true,정상
school,경상북도,포항시,우현동,,대동고등학교,고등학교,고등학생,C:\Users\user\Documents\GitHub\studynavi\경북과외\포항시과외\우현동과외\대동고과외\index.html,high,true,정상
school,경상북도,포항시,우현동,,대동중학교,중학교,중학생,C:\Users\user\Documents\GitHub\studynavi\경북과외\포항시과외\우현동과외\대동중과외\index.html,high,true,정상
school,경상북도,포항시,우현동,,세화고등학교,고등학교,고등학생,C:\Users\user\Documents\GitHub\studynavi\경북과외\포항시과외\우현동과외\세화고과외\index.html,high,true,정상
school,경상북도,포항시,우현동,,유성여자고등학교,고등학교,고등학생,C:\Users\user\Documents\GitHub\studynavi\경북과외\포항시과외\우현동과외\유성여자고과외\index.html,high,true,정상
school,경상북도,포항시,우현동,,포항여자중학교,중학교,중학생,C:\Users\user\Documents\GitHub\studynavi\경북과외\포항시과외\우현동과외\포항여자중과외\index.html,high,true,정상
school,경상북도,포항시,우현동,,포항영신고등학교,고등학교,고등학생,C:\Users\user\Documents\GitHub\studynavi\경북과외\포항시과외\우현동과외\포항영신고과외\index.html,high,true,정상
school,경상북도,포항시,우현동,,포항영신중학교,중학교,중학생,C:\Users\user\Documents\GitHub\studynavi\경북과외\포항시과외\우현동과외\포항영신중과외\index.html,high,true,정상
school,경상북도,포항시,우현동,,포항중앙고등학교,고등학교,고등학생,C:\Users\user\Documents\GitHub\studynavi\경북과외\포항시과외\우현동과외\포항중앙고과외\index.html,high,true,정상
school,경상북도,포항시,우현동,,포항중앙여자고등학교,고등학교,고등학생,C:\Users\user\Documents\GitHub\studynavi\경북과외\포항시과외\우현동과외\포항중앙여자고과외\index.html,high,true,정상
school,경상북도,포항시,죽도동,,포항항도중학교,중학교,중학생,C:\Users\user\Documents\GitHub\studynavi\경북과외\포항시과외\죽도동과외\포항항도중과외\index.html,high,true,정상
school,경상북도,포항시,지곡동,,경북과학고등학교,고등학교,고등학생,C:\Users\user\Documents\GitHub\studynavi\경북과외\포항시과외\지곡동과외\경북과학고과외\index.html,high,true,정상
school,경상북도,포항시,지곡동,,포항제철고등학교,고등학교,고등학생,C:\Users\user\Documents\GitHub\studynavi\경북과외\포항시과외\지곡동과외\포항제철고과외\index.html,high,true,정상
school,경상북도,포항시,지곡동,,포항제철중학교,중학교,중학생,C:\Users\user\Documents\GitHub\studynavi\경북과외\포항시과외\지곡동과외\포항제철중과외\index.html,high,true,정상
school,경상북도,포항시,창포동,,창포중학교,중학교,중학생,C:\Users\user\Documents\GitHub\studynavi\경북과외\포항시과외\창포동과외\창포중과외\index.html,high,true,정상
school,경상북도,포항시,포항동,,포항동성고등학교,고등학교,고등학생,C:\Users\user\Documents\GitHub\studynavi\경북과외\포항시과외\포항동과외\포항동성고과외\index.html,high,true,정상
school,경상북도,포항시,포항동,,포항동해중학교,중학교,중학생,C:\Users\user\Documents\GitHub\studynavi\경북과외\포항시과외\포항동과외\포항동해중과외\index.html,high,true,정상
school,경상북도,포항시,학산동,,포항고등학교,고등학교,고등학생,C:\Users\user\Documents\GitHub\studynavi\경북과외\포항시과외\학산동과외\포항고과외\index.html,high,true,정상
school,경상북도,포항시,학산동,,포항여자고등학교,고등학교,고등학생,C:\Users\user\Documents\GitHub\studynavi\경북과외\포항시과외\학산동과외\포항여자고과외\index.html,high,true,정상
school,경상북도,포항시,학산동,,포항중학교,중학교,중학생,C:\Users\user\Documents\GitHub\studynavi\경북과외\포항시과외\학산동과외\포항중과외\index.html,high,true,정상
school,경상북도,포항시,환호동,,대도중학교,중학교,중학생,C:\Users\user\Documents\GitHub\studynavi\경북과외\포항시과외\환호동과외\대도중과외\index.html,high,true,정상
school,경상북도,포항시,환호동,,환호여자중학교,중학교,중학생,C:\Users\user\Documents\GitHub\studynavi\경북과외\포항시과외\환호동과외\환호여자중과외\index.html,high,true,정상
school,광주광역시,광산구,광산구우산동,,광산중학교,중학교,중학생,C:\Users\user\Documents\GitHub\studynavi\광주과외\광산구과외\광산구우산동과외\광산중과외\index.html,high,true,정상
school,광주광역시,광산구,산정동,,산정중학교,중학교,중학생,C:\Users\user\Documents\GitHub\studynavi\광주과외\광산구과외\광주산정동과외\산정중과외\index.html,high,true,정상
school,광주광역시,광산구,선암동,,선운중학교,중학교,중학생,C:\Users\user\Documents\GitHub\studynavi\광주과외\광산구과외\광주선암동과외\선운중과외\index.html,high,true,정상
school,광주광역시,광산구,송정동,,송광중학교,중학교,중학생,C:\Users\user\Documents\GitHub\studynavi\광주과외\광산구과외\광주송정동과외\송광중과외\index.html,high,true,정상
school,광주광역시,광산구,송정동,,송정중학교,중학교,중학생,C:\Users\user\Documents\GitHub\studynavi\광주과외\광산구과외\광주송정동과외\송정중과외\index.html,high,true,정상
school,광주광역시,광산구,용동,,평동중학교,중학교,중학생,C:\Users\user\Documents\GitHub\studynavi\광주과외\광산구과외\광주용동과외\평동중과외\index.html,high,true,정상
school,광주광역시,광산구,운남동,,금구중학교,중학교,중학생,C:\Users\user\Documents\GitHub\studynavi\광주과외\광산구과외\광주운남동과외\금구중과외\index.html,high,true,정상
school,광주광역시,광산구,운남동,,운남고등학교,고등학교,고등학생,C:\Users\user\Documents\GitHub\studynavi\광주과외\광산구과외\광주운남동과외\운남고과외\index.html,high,true,정상
school,광주광역시,광산구,운남동,,운남중학교,중학교,중학생,C:\Users\user\Documents\GitHub\studynavi\광주과외\광산구과외\광주운남동과외\운남중과외\index.html,high,true,정상
school,광주광역시,광산구,월계동,,비아고등학교,고등학교,고등학생,C:\Users\user\Documents\GitHub\studynavi\광주과외\광산구과외\광주월계동과외\비아고과외\index.html,high,true,정상
school,광주광역시,광산구,월계동,,숭덕고등학교,고등학교,고등학생,C:\Users\user\Documents\GitHub\studynavi\광주과외\광산구과외\광주월계동과외\숭덕고과외\index.html,high,true,정상
school,광주광역시,광산구,월계동,,월계중학교,중학교,중학생,C:\Users\user\Documents\GitHub\studynavi\광주과외\광산구과외\광주월계동과외\월계중과외\index.html,high,true,정상
school,광주광역시,광산구,월계동,,천곡중학교,중학교,중학생,C:\Users\user\Documents\GitHub\studynavi\광주과외\광산구과외\광주월계동과외\천곡중과외\index.html,high,true,정상
school,광주광역시,광산구,월계동,,첨단고등학교,고등학교,고등학생,C:\Users\user\Documents\GitHub\studynavi\광주과외\광산구과외\광주월계동과외\첨단고과외\index.html,high,true,정상
school,광주광역시,광산구,월계동,,첨단중학교,중학교,중학생,C:\Users\user\Documents\GitHub\studynavi\광주과외\광산구과외\광주월계동과외\첨단중과외\index.html,high,true,정상
school,광주광역시,광산구,산월동,,봉산중학교,중학교,중학생,C:\Users\user\Documents\GitHub\studynavi\광주과외\광산구과외\산월동과외\봉산중과외\index.html,high,true,정상
school,광주광역시,광산구,산월동,,월봉중학교,중학교,중학생,C:\Users\user\Documents\GitHub\studynavi\광주과외\광산구과외\산월동과외\월봉중과외\index.html,high,true,정상
school,광주광역시,광산구,서봉동,,동명고등학교,고등학교,고등학생,C:\Users\user\Documents\GitHub\studynavi\광주과외\광산구과외\서봉동과외\동명고과외\index.html,high,true,정상
school,광주광역시,광산구,소촌동,,정광고등학교,고등학교,고등학생,C:\Users\user\Documents\GitHub\studynavi\광주과외\광산구과외\소촌동과외\정광고과외\index.html,high,true,정상
school,광주광역시,광산구,소촌동,,정광중학교,중학교,중학생,C:\Users\user\Documents\GitHub\studynavi\광주과외\광산구과외\소촌동과외\정광중과외\index.html,high,true,정상
school,광주광역시,광산구,수완동,,명진고등학교,고등학교,고등학생,C:\Users\user\Documents\GitHub\studynavi\광주과외\광산구과외\수완동과외\명진고과외\index.html,high,true,정상
school,광주광역시,광산구,수완동,,수완고등학교,고등학교,고등학생,C:\Users\user\Documents\GitHub\studynavi\광주과외\광산구과외\수완동과외\수완고과외\index.html,high,true,정상
school,광주광역시,광산구,수완동,,수완중학교,중학교,중학생,C:\Users\user\Documents\GitHub\studynavi\광주과외\광산구과외\수완동과외\수완중과외\index.html,high,true,정상
school,광주광역시,광산구,수완동,,수완하나중학교,중학교,중학생,C:\Users\user\Documents\GitHub\studynavi\광주과외\광산구과외\수완동과외\수완하나중과외\index.html,high,true,정상
school,광주광역시,광산구,신창동,,광주진흥고등학교,고등학교,고등학생,C:\Users\user\Documents\GitHub\studynavi\광주과외\광산구과외\신창동과외\광주진흥고과외\index.html,high,true,정상
school,광주광역시,광산구,신창동,,광주진흥중학교,중학교,중학생,C:\Users\user\Documents\GitHub\studynavi\광주과외\광산구과외\신창동과외\광주진흥중과외\index.html,high,true,정상
school,광주광역시,광산구,신창동,,신가중학교,중학교,중학생,C:\Users\user\Documents\GitHub\studynavi\광주과외\광산구과외\신창동과외\신가중과외\index.html,high,true,정상
school,광주광역시,광산구,신창동,,신창중학교,중학교,중학생,C:\Users\user\Documents\GitHub\studynavi\광주과외\광산구과외\신창동과외\신창중과외\index.html,high,true,정상
school,광주광역시,광산구,운수동,,보문고등학교,고등학교,고등학생,C:\Users\user\Documents\GitHub\studynavi\광주과외\광산구과외\운수동과외\보문고과외\index.html,high,true,정상
school,광주광역시,광산구,월곡동,,영천중학교,중학교,중학생,C:\Users\user\Documents\GitHub\studynavi\광주과외\광산구과외\월곡동과외\영천중과외\index.html,high,true,정상
school,광주광역시,광산구,월곡동,,월곡중학교,중학교,중학생,C:\Users\user\Documents\GitHub\studynavi\광주과외\광산구과외\월곡동과외\월곡중과외\index.html,high,true,정상
school,광주광역시,광산구,월곡동,,하남중학교,중학교,중학생,C:\Users\user\Documents\GitHub\studynavi\광주과외\광산구과외\월곡동과외\하남중과외\index.html,high,true,정상
school,광주광역시,광산구,임곡동,,광일고등학교,고등학교,고등학생,C:\Users\user\Documents\GitHub\studynavi\광주과외\광산구과외\임곡동과외\광일고과외\index.html,high,true,정상
school,광주광역시,광산구,임곡동,,임곡중학교,중학교,중학생,C:\Users\user\Documents\GitHub\studynavi\광주과외\광산구과외\임곡동과외\임곡중과외\index.html,high,true,정상
school,광주광역시,광산구,장덕동,,고실중학교,중학교,중학생,C:\Users\user\Documents\GitHub\studynavi\광주과외\광산구과외\장덕동과외\고실중과외\index.html,high,true,정상
school,광주광역시,광산구,장덕동,,성덕고등학교,고등학교,고등학생,C:\Users\user\Documents\GitHub\studynavi\광주과외\광산구과외\장덕동과외\성덕고과외\index.html,high,true,정상
school,광주광역시,광산구,장덕동,,성덕중학교,중학교,중학생,C:\Users\user\Documents\GitHub\studynavi\광주과외\광산구과외\장덕동과외\성덕중과외\index.html,high,true,정상
school,광주광역시,광산구,장덕동,,장덕고등학교,고등학교,고등학생,C:\Users\user\Documents\GitHub\studynavi\광주과외\광산구과외\장덕동과외\장덕고과외\index.html,high,true,정상
school,광주광역시,광산구,장덕동,,장덕중학교,중학교,중학생,C:\Users\user\Documents\GitHub\studynavi\광주과외\광산구과외\장덕동과외\장덕중과외\index.html,high,true,정상
school,광주광역시,남구,노대동,,진남중학교,중학교,중학생,C:\Users\user\Documents\GitHub\studynavi\광주과외\남구과외\노대동과외\진남중과외\index.html,high,true,정상
school,광주광역시,남구,방림동,,동일미래과학고등학교,고등학교,고등학생,C:\Users\user\Documents\GitHub\studynavi\광주과외\남구과외\방림동과외\동일미래과학고과외\index.html,high,true,정상
school,광주광역시,남구,방림동,,설월여자고등학교,고등학교,고등학생,C:\Users\user\Documents\GitHub\studynavi\광주과외\남구과외\방림동과외\설월여자고과외\index.html,high,true,정상
school,광주광역시,남구,방림동,,숭의중학교,중학교,중학생,C:\Users\user\Documents\GitHub\studynavi\광주과외\남구과외\방림동과외\숭의중과외\index.html,high,true,정상
school,광주광역시,남구,백운동,,광주서광중학교,중학교,중학생,C:\Users\user\Documents\GitHub\studynavi\광주과외\남구과외\백운동과외\광주서광중과외\index.html,high,true,정상
school,광주광역시,남구,백운동,,광주석산고등학교,고등학교,고등학생,C:\Users\user\Documents\GitHub\studynavi\광주과외\남구과외\백운동과외\광주석산고과외\index.html,high,true,정상
school,광주광역시,남구,봉선동,,동아여자고등학교,고등학교,고등학생,C:\Users\user\Documents\GitHub\studynavi\광주과외\남구과외\봉선동과외\동아여자고과외\index.html,high,true,정상
school,광주광역시,남구,봉선동,,동아여자중학교,중학교,중학생,C:\Users\user\Documents\GitHub\studynavi\광주과외\남구과외\봉선동과외\동아여자중과외\index.html,high,true,정상
school,광주광역시,남구,봉선동,,문성고등학교,고등학교,고등학생,C:\Users\user\Documents\GitHub\studynavi\광주과외\남구과외\봉선동과외\문성고과외\index.html,high,true,정상
school,광주광역시,남구,봉선동,,문성중학교,중학교,중학생,C:\Users\user\Documents\GitHub\studynavi\광주과외\남구과외\봉선동과외\문성중과외\index.html,high,true,정상
school,광주광역시,남구,봉선동,,봉선중학교,중학교,중학생,C:\Users\user\Documents\GitHub\studynavi\광주과외\남구과외\봉선동과외\봉선중과외\index.html,high,true,정상
school,광주광역시,남구,송하동,,광주송원중학교,중학교,중학생,C:\Users\user\Documents\GitHub\studynavi\광주과외\남구과외\송하동과외\광주송원중과외\index.html,high,true,정상
school,광주광역시,남구,송하동,,광주인성고등학교,고등학교,고등학생,C:\Users\user\Documents\GitHub\studynavi\광주과외\남구과외\송하동과외\광주인성고과외\index.html,high,true,정상
school,광주광역시,남구,송하동,,송원고등학교,고등학교,고등학생,C:\Users\user\Documents\GitHub\studynavi\광주과외\남구과외\송하동과외\송원고과외\index.html,high,true,정상
school,광주광역시,남구,송하동,,송원여자고등학교,고등학교,고등학생,C:\Users\user\Documents\GitHub\studynavi\광주과외\남구과외\송하동과외\송원여자고과외\index.html,high,true,정상
school,광주광역시,남구,양림동,,광주수피아여자고등학교,고등학교,고등학생,C:\Users\user\Documents\GitHub\studynavi\광주과외\남구과외\양림동과외\광주수피아여자고과외\index.html,high,true,정상
school,광주광역시,남구,양림동,,광주수피아여자중학교,중학교,중학생,C:\Users\user\Documents\GitHub\studynavi\광주과외\남구과외\양림동과외\광주수피아여자중과외\index.html,high,true,정상
school,광주광역시,남구,월산동,,광주무진중학교,중학교,중학생,C:\Users\user\Documents\GitHub\studynavi\광주과외\남구과외\월산동과외\광주무진중과외\index.html,high,true,정상
school,광주광역시,남구,주월동,,금당중학교,중학교,중학생,C:\Users\user\Documents\GitHub\studynavi\광주과외\남구과외\주월동과외\금당중과외\index.html,high,true,정상
school,광주광역시,남구,주월동,,대광여자고등학교,고등학교,고등학생,C:\Users\user\Documents\GitHub\studynavi\광주과외\남구과외\주월동과외\대광여자고과외\index.html,high,true,정상
school,광주광역시,남구,주월동,,서진여자고등학교,고등학교,고등학생,C:\Users\user\Documents\GitHub\studynavi\광주과외\남구과외\주월동과외\서진여자고과외\index.html,high,true,정상
school,광주광역시,남구,주월동,,주월중학교,중학교,중학생,C:\Users\user\Documents\GitHub\studynavi\광주과외\남구과외\주월동과외\주월중과외\index.html,high,true,정상
school,광주광역시,남구,주월동,,호남삼육고등학교,고등학교,고등학생,C:\Users\user\Documents\GitHub\studynavi\광주과외\남구과외\주월동과외\호남삼육고과외\index.html,high,true,정상
school,광주광역시,남구,지석동,,대촌중학교,중학교,중학생,C:\Users\user\Documents\GitHub\studynavi\광주과외\남구과외\지석동과외\대촌중과외\index.html,high,true,정상
school,광주광역시,남구,진월동,,광주동성고등학교,고등학교,고등학생,C:\Users\user\Documents\GitHub\studynavi\광주과외\남구과외\진월동과외\광주동성고과외\index.html,high,true,정상
school,광주광역시,남구,진월동,,광주동성여자중학교,중학교,중학생,C:\Users\user\Documents\GitHub\studynavi\광주과외\남구과외\진월동과외\광주동성여자중과외\index.html,high,true,정상
school,광주광역시,남구,진월동,,광주동성중학교,중학교,중학생,C:\Users\user\Documents\GitHub\studynavi\광주과외\남구과외\진월동과외\광주동성중과외\index.html,high,true,정상
school,광주광역시,남구,진월동,,대성여자고등학교,고등학교,고등학생,C:\Users\user\Documents\GitHub\studynavi\광주과외\남구과외\진월동과외\대성여자고과외\index.html,high,true,정상
school,광주광역시,남구,진월동,,대성여자중학교,중학교,중학생,C:\Users\user\Documents\GitHub\studynavi\광주과외\남구과외\진월동과외\대성여자중과외\index.html,high,true,정상
school,광주광역시,남구,행암동,,효천중학교,중학교,중학생,C:\Users\user\Documents\GitHub\studynavi\광주과외\남구과외\행암동과외\효천중과외\index.html,high,true,정상
school,광주광역시,동구,계림동,,광주고등학교,고등학교,고등학생,C:\Users\user\Documents\GitHub\studynavi\광주과외\동구과외\계림동과외\광주고과외\index.html,high,true,정상
school,광주광역시,동구,장동,,전남여자고등학교,고등학교,고등학생,C:\Users\user\Documents\GitHub\studynavi\광주과외\동구과외\광주장동과외\전남여자고과외\index.html,high,true,정상
school,광주광역시,동구,지산동,,살레시오여자고등학교,고등학교,고등학생,C:\Users\user\Documents\GitHub\studynavi\광주과외\동구과외\광주지산동과외\살레시오여자고과외\index.html,high,true,정상
school,광주광역시,동구,지산동,,살레시오여자중학교,중학교,중학생,C:\Users\user\Documents\GitHub\studynavi\광주과외\동구과외\광주지산동과외\살레시오여자중과외\index.html,high,true,정상
school,광주광역시,동구,지산동,,조선대학교여자고등학교,고등학교,고등학생,C:\Users\user\Documents\GitHub\studynavi\광주과외\동구과외\광주지산동과외\조선대학교여자고과외\index.html,high,true,정상
school,광주광역시,동구,지산동,,조선대학교여자중학교,중학교,중학생,C:\Users\user\Documents\GitHub\studynavi\광주과외\동구과외\광주지산동과외\조선대학교여자중과외\index.html,high,true,정상
school,광주광역시,동구,산수동,,광주충장중학교,중학교,중학생,C:\Users\user\Documents\GitHub\studynavi\광주과외\동구과외\산수동과외\광주충장중과외\index.html,high,true,정상
school,광주광역시,동구,서석동,,조선대학교부속중학교,중학교,중학생,C:\Users\user\Documents\GitHub\studynavi\광주과외\동구과외\서석동과외\조선대학교부속중과외\index.html,high,true,정상
school,광주광역시,동구,소태동,,무등중학교,중학교,중학생,C:\Users\user\Documents\GitHub\studynavi\광주과외\동구과외\소태동과외\무등중과외\index.html,high,true,정상
school,광주광역시,동구,운림동,,운림중학교,중학교,중학생,C:\Users\user\Documents\GitHub\studynavi\광주과외\동구과외\운림동과외\운림중과외\index.html,high,true,정상
school,광주광역시,동구,학동,,조선대학교부속고등학교,고등학교,고등학생,C:\Users\user\Documents\GitHub\studynavi\광주과외\동구과외\학동과외\조선대학교부속고과외\index.html,high,true,정상
school,광주광역시,북구,각화동,,각화중학교,중학교,중학생,C:\Users\user\Documents\GitHub\studynavi\광주과외\북구과외\각화동과외\각화중과외\index.html,high,true,정상
school,광주광역시,북구,매곡동,,광주예술중학교,중학교,중학생,C:\Users\user\Documents\GitHub\studynavi\광주과외\북구과외\광주매곡동과외\광주예술중과외\index.html,high,true,정상
school,광주광역시,북구,용두동,,용두중학교,중학교,중학생,C:\Users\user\Documents\GitHub\studynavi\광주과외\북구과외\광주용두동과외\용두중과외\index.html,high,true,정상
school,광주광역시,북구,누문동,,광주제일고등학교,고등학교,고등학생,C:\Users\user\Documents\GitHub\studynavi\광주과외\북구과외\누문동과외\광주제일고과외\index.html,high,true,정상
school,광주광역시,북구,두암동,,두암중학교,중학교,중학생,C:\Users\user\Documents\GitHub\studynavi\광주과외\북구과외\두암동과외\두암중과외\index.html,high,true,정상
school,광주광역시,북구,두암동,,신광중학교,중학교,중학생,C:\Users\user\Documents\GitHub\studynavi\광주과외\북구과외\두암동과외\신광중과외\index.html,high,true,정상
school,광주광역시,북구,문흥동,,문산중학교,중학교,중학생,C:\Users\user\Documents\GitHub\studynavi\광주과외\북구과외\문흥동과외\문산중과외\index.html,high,true,정상
school,광주광역시,북구,문흥동,,문흥중학교,중학교,중학생,C:\Users\user\Documents\GitHub\studynavi\광주과외\북구과외\문흥동과외\문흥중과외\index.html,high,true,정상
school,광주광역시,북구,본촌동,,지산중학교,중학교,중학생,C:\Users\user\Documents\GitHub\studynavi\광주과외\북구과외\본촌동과외\지산중과외\index.html,high,true,정상
school,광주광역시,북구,북구우산동,,문화중학교,중학교,중학생,C:\Users\user\Documents\GitHub\studynavi\광주과외\북구과외\북구우산동과외\문화중과외\index.html,high,true,정상
school,광주광역시,북구,삼각동,,고려고등학교,고등학교,고등학생,C:\Users\user\Documents\GitHub\studynavi\광주과외\북구과외\삼각동과외\고려고과외\index.html,high,true,정상
school,광주광역시,북구,삼각동,,고려중학교,중학교,중학생,C:\Users\user\Documents\GitHub\studynavi\광주과외\북구과외\삼각동과외\고려중과외\index.html,high,true,정상
school,광주광역시,북구,삼각동,,국제고등학교,고등학교,고등학생,C:\Users\user\Documents\GitHub\studynavi\광주과외\북구과외\삼각동과외\국제고과외\index.html,high,true,정상
school,광주광역시,북구,신용동,,빛고을고등학교,고등학교,고등학생,C:\Users\user\Documents\GitHub\studynavi\광주과외\북구과외\신용동과외\빛고을고과외\index.html,high,true,정상
school,광주광역시,북구,신용동,,신용중학교,중학교,중학생,C:\Users\user\Documents\GitHub\studynavi\광주과외\북구과외\신용동과외\신용중과외\index.html,high,true,정상
school,광주광역시,북구,양산동,,양산중학교,중학교,중학생,C:\Users\user\Documents\GitHub\studynavi\광주과외\북구과외\양산동과외\양산중과외\index.html,high,true,정상
school,광주광역시,북구,오룡동,,광주과학고등학교,고등학교,고등학생,C:\Users\user\Documents\GitHub\studynavi\광주과외\북구과외\오룡동과외\광주과학고과외\index.html,high,true,정상
school,광주광역시,북구,오치동,,광주자연과학고등학교,고등학교,고등학생,C:\Users\user\Documents\GitHub\studynavi\광주과외\북구과외\오치동과외\광주자연과학고과외\index.html,high,true,정상
school,광주광역시,북구,오치동,,문정여자고등학교,고등학교,고등학생,C:\Users\user\Documents\GitHub\studynavi\광주과외\북구과외\오치동과외\문정여자고과외\index.html,high,true,정상
school,광주광역시,북구,오치동,,용봉중학교,중학교,중학생,C:\Users\user\Documents\GitHub\studynavi\광주과외\북구과외\오치동과외\용봉중과외\index.html,high,true,정상
school,광주광역시,북구,오치동,,우산중학교,중학교,중학생,C:\Users\user\Documents\GitHub\studynavi\광주과외\북구과외\오치동과외\우산중과외\index.html,high,true,정상
school,광주광역시,북구,용봉동,,광주경신여자고등학교,고등학교,고등학생,C:\Users\user\Documents\GitHub\studynavi\광주과외\북구과외\용봉동과외\광주경신여자고과외\index.html,high,true,정상
school,광주광역시,북구,용봉동,,광주경신중학교,중학교,중학생,C:\Users\user\Documents\GitHub\studynavi\광주과외\북구과외\용봉동과외\광주경신중과외\index.html,high,true,정상
school,광주광역시,북구,용봉동,,전남대학교사범대학부설고등학교,고등학교,고등학생,C:\Users\user\Documents\GitHub\studynavi\광주과외\북구과외\용봉동과외\전남대학교사범대학부설고과외\index.html,high,true,정상
school,광주광역시,북구,용봉동,,전남대학교사범대학부설중학교,중학교,중학생,C:\Users\user\Documents\GitHub\studynavi\광주과외\북구과외\용봉동과외\전남대학교사범대학부설중과외\index.html,high,true,정상
school,광주광역시,북구,운암동,,광주체육중학교,중학교,중학생,C:\Users\user\Documents\GitHub\studynavi\광주과외\북구과외\운암동과외\광주체육중과외\index.html,high,true,정상
school,광주광역시,북구,운암동,,금호고등학교,고등학교,고등학생,C:\Users\user\Documents\GitHub\studynavi\광주과외\북구과외\운암동과외\금호고과외\index.html,high,true,정상
school,광주광역시,북구,운암동,,금호중앙여자고등학교,고등학교,고등학생,C:\Users\user\Documents\GitHub\studynavi\광주과외\북구과외\운암동과외\금호중앙여자고과외\index.html,high,true,정상
school,광주광역시,북구,운암동,,금호중앙중학교,중학교,중학생,C:\Users\user\Documents\GitHub\studynavi\광주과외\북구과외\운암동과외\금호중앙중과외\index.html,high,true,정상
school,광주광역시,북구,운암동,,서강고등학교,고등학교,고등학생,C:\Users\user\Documents\GitHub\studynavi\광주과외\북구과외\운암동과외\서강고과외\index.html,high,true,정상
school,광주광역시,북구,운암동,,서강중학교,중학교,중학생,C:\Users\user\Documents\GitHub\studynavi\광주과외\북구과외\운암동과외\서강중과외\index.html,high,true,정상
school,광주광역시,북구,운암동,,운암중학교,중학교,중학생,C:\Users\user\Documents\GitHub\studynavi\광주과외\북구과외\운암동과외\운암중과외\index.html,high,true,정상
school,광주광역시,북구,유동,,광주북성중학교,중학교,중학생,C:\Users\user\Documents\GitHub\studynavi\광주과외\북구과외\유동과외\광주북성중과외\index.html,high,true,정상
school,광주광역시,북구,일곡동,,광주숭일고등학교,고등학교,고등학생,C:\Users\user\Documents\GitHub\studynavi\광주과외\북구과외\일곡동과외\광주숭일고과외\index.html,high,true,정상
school,광주광역시,북구,일곡동,,광주숭일중학교,중학교,중학생,C:\Users\user\Documents\GitHub\studynavi\광주과외\북구과외\일곡동과외\광주숭일중과외\index.html,high,true,정상
school,광주광역시,북구,일곡동,,살레시오고등학교,고등학교,고등학생,C:\Users\user\Documents\GitHub\studynavi\광주과외\북구과외\일곡동과외\살레시오고과외\index.html,high,true,정상
school,광주광역시,북구,일곡동,,살레시오중학교,중학교,중학생,C:\Users\user\Documents\GitHub\studynavi\광주과외\북구과외\일곡동과외\살레시오중과외\index.html,high,true,정상
school,광주광역시,북구,일곡동,,일곡중학교,중학교,중학생,C:\Users\user\Documents\GitHub\studynavi\광주과외\북구과외\일곡동과외\일곡중과외\index.html,high,true,정상
school,광주광역시,북구,일곡동,,일동중학교,중학교,중학생,C:\Users\user\Documents\GitHub\studynavi\광주과외\북구과외\일곡동과외\일동중과외\index.html,high,true,정상
school,광주광역시,북구,일곡동,,일신중학교,중학교,중학생,C:\Users\user\Documents\GitHub\studynavi\광주과외\북구과외\일곡동과외\일신중과외\index.html,high,true,정상
school,광주광역시,북구,풍향동,,광주동신고등학교,고등학교,고등학생,C:\Users\user\Documents\GitHub\studynavi\광주과외\북구과외\풍향동과외\광주동신고과외\index.html,high,true,정상
school,광주광역시,북구,풍향동,,광주동신여자고등학교,고등학교,고등학생,C:\Users\user\Documents\GitHub\studynavi\광주과외\북구과외\풍향동과외\광주동신여자고과외\index.html,high,true,정상
school,광주광역시,북구,풍향동,,광주동신여자중학교,중학교,중학생,C:\Users\user\Documents\GitHub\studynavi\광주과외\북구과외\풍향동과외\광주동신여자중과외\index.html,high,true,정상
school,광주광역시,북구,풍향동,,광주동신중학교,중학교,중학생,C:\Users\user\Documents\GitHub\studynavi\광주과외\북구과외\풍향동과외\광주동신중과외\index.html,high,true,정상
school,광주광역시,서구,금호동,,광주중학교,중학교,중학생,C:\Users\user\Documents\GitHub\studynavi\광주과외\서구과외\광주금호동과외\광주중과외\index.html,high,true,정상
school,광주광역시,서구,금호동,,금호중학교,중학교,중학생,C:\Users\user\Documents\GitHub\studynavi\광주과외\서구과외\광주금호동과외\금호중과외\index.html,high,true,정상
school,광주광역시,서구,동천동,,대자중학교,중학교,중학생,C:\Users\user\Documents\GitHub\studynavi\광주과외\서구과외\광주동천동과외\대자중과외\index.html,high,true,정상
school,광주광역시,서구,화정동,,광덕고등학교,고등학교,고등학생,C:\Users\user\Documents\GitHub\studynavi\광주과외\서구과외\광주화정동과외\광덕고과외\index.html,high,true,정상
school,광주광역시,서구,화정동,,광덕중학교,중학교,중학생,C:\Users\user\Documents\GitHub\studynavi\광주과외\서구과외\광주화정동과외\광덕중과외\index.html,high,true,정상
school,광주광역시,서구,화정동,,광주서석고등학교,고등학교,고등학생,C:\Users\user\Documents\GitHub\studynavi\광주과외\서구과외\광주화정동과외\광주서석고과외\index.html,high,true,정상
school,광주광역시,서구,화정동,,광주서석중학교,중학교,중학생,C:\Users\user\Documents\GitHub\studynavi\광주과외\서구과외\광주화정동과외\광주서석중과외\index.html,high,true,정상
school,광주광역시,서구,화정동,,광주여자고등학교,고등학교,고등학생,C:\Users\user\Documents\GitHub\studynavi\광주과외\서구과외\광주화정동과외\광주여자고과외\index.html,high,true,정상
school,광주광역시,서구,화정동,,광주화정중학교,중학교,중학생,C:\Users\user\Documents\GitHub\studynavi\광주과외\서구과외\광주화정동과외\광주화정중과외\index.html,high,true,정상
school,광주광역시,서구,매월동,,광주대동고등학교,고등학교,고등학생,C:\Users\user\Documents\GitHub\studynavi\광주과외\서구과외\매월동과외\광주대동고과외\index.html,high,true,정상
school,광주광역시,서구,쌍촌동,,광주동명중학교,중학교,중학생,C:\Users\user\Documents\GitHub\studynavi\광주과외\서구과외\쌍촌동과외\광주동명중과외\index.html,high,true,정상
school,광주광역시,서구,쌍촌동,,광주효광중학교,중학교,중학생,C:\Users\user\Documents\GitHub\studynavi\광주과외\서구과외\쌍촌동과외\광주효광중과외\index.html,high,true,정상
school,광주광역시,서구,쌍촌동,,상무고등학교,고등학교,고등학생,C:\Users\user\Documents\GitHub\studynavi\광주과외\서구과외\쌍촌동과외\상무고과외\index.html,high,true,정상
school,광주광역시,서구,쌍촌동,,상무중학교,중학교,중학생,C:\Users\user\Documents\GitHub\studynavi\광주과외\서구과외\쌍촌동과외\상무중과외\index.html,high,true,정상
school,광주광역시,서구,쌍촌동,,상일여자고등학교,고등학교,고등학생,C:\Users\user\Documents\GitHub\studynavi\광주과외\서구과외\쌍촌동과외\상일여자고과외\index.html,high,true,정상
school,광주광역시,서구,쌍촌동,,상일중학교,중학교,중학생,C:\Users\user\Documents\GitHub\studynavi\광주과외\서구과외\쌍촌동과외\상일중과외\index.html,high,true,정상
school,광주광역시,서구,쌍촌동,,치평중학교,중학교,중학생,C:\Users\user\Documents\GitHub\studynavi\광주과외\서구과외\쌍촌동과외\치평중과외\index.html,high,true,정상
school,광주광역시,서구,유촌동,,유덕중학교,중학교,중학생,C:\Users\user\Documents\GitHub\studynavi\광주과외\서구과외\유촌동과외\유덕중과외\index.html,high,true,정상
school,광주광역시,서구,치평동,,전남고등학교,고등학교,고등학생,C:\Users\user\Documents\GitHub\studynavi\광주과외\서구과외\치평동과외\전남고과외\index.html,high,true,정상
school,광주광역시,서구,치평동,,전남중학교,중학교,중학생,C:\Users\user\Documents\GitHub\studynavi\광주과외\서구과외\치평동과외\전남중과외\index.html,high,true,정상
school,광주광역시,서구,풍암동,,운리중학교,중학교,중학생,C:\Users\user\Documents\GitHub\studynavi\광주과외\서구과외\풍암동과외\운리중과외\index.html,high,true,정상
school,광주광역시,서구,풍암동,,풍암고등학교,고등학교,고등학생,C:\Users\user\Documents\GitHub\studynavi\광주과외\서구과외\풍암동과외\풍암고과외\index.html,high,true,정상
school,광주광역시,서구,풍암동,,풍암중학교,중학교,중학생,C:\Users\user\Documents\GitHub\studynavi\광주과외\서구과외\풍암동과외\풍암중과외\index.html,high,true,정상
school,대구광역시,남구,대명동,,경상중학교,중학교,중학생,C:\Users\user\Documents\GitHub\studynavi\대구과외\남구과외\대명동과외\경상중과외\index.html,high,true,정상
school,대구광역시,남구,대명동,,경혜여자중학교,중학교,중학생,C:\Users\user\Documents\GitHub\studynavi\대구과외\남구과외\대명동과외\경혜여자중과외\index.html,high,true,정상
school,대구광역시,남구,대명동,,대구고등학교,고등학교,고등학생,C:\Users\user\Documents\GitHub\studynavi\대구과외\남구과외\대명동과외\대구고과외\index.html,high,true,정상
school,대구광역시,남구,대명동,,대명중학교,중학교,중학생,C:\Users\user\Documents\GitHub\studynavi\대구과외\남구과외\대명동과외\대명중과외\index.html,high,true,정상
school,대구광역시,남구,봉덕동,,경일여자고등학교,고등학교,고등학생,C:\Users\user\Documents\GitHub\studynavi\대구과외\남구과외\봉덕동과외\경일여자고과외\index.html,high,true,정상
school,대구광역시,남구,봉덕동,,경일여자중학교,중학교,중학생,C:\Users\user\Documents\GitHub\studynavi\대구과외\남구과외\봉덕동과외\경일여자중과외\index.html,high,true,정상
school,대구광역시,남구,봉덕동,,협성경복중학교,중학교,중학생,C:\Users\user\Documents\GitHub\studynavi\대구과외\남구과외\봉덕동과외\협성경복중과외\index.html,high,true,정상
school,대구광역시,남구,봉덕동,,협성고등학교,고등학교,고등학생,C:\Users\user\Documents\GitHub\studynavi\대구과외\남구과외\봉덕동과외\협성고과외\index.html,high,true,정상
school,대구광역시,남구,이천동,,대구중학교,중학교,중학생,C:\Users\user\Documents\GitHub\studynavi\대구과외\남구과외\이천동과외\대구중과외\index.html,high,true,정상
school,대구광역시,달서구,대곡동,,대진고등학교,고등학교,고등학생,C:\Users\user\Documents\GitHub\studynavi\대구과외\달서구과외\대곡동과외\대진고과외\index.html,high,true,정상
school,대구광역시,달서구,대곡동,,대진중학교,중학교,중학생,C:\Users\user\Documents\GitHub\studynavi\대구과외\달서구과외\대곡동과외\대진중과외\index.html,high,true,정상
school,대구광역시,달서구,도원동,,대곡고등학교,고등학교,고등학생,C:\Users\user\Documents\GitHub\studynavi\대구과외\달서구과외\대구도원동과외\대곡고과외\index.html,high,true,정상
school,대구광역시,달서구,도원동,,대곡중학교,중학교,중학생,C:\Users\user\Documents\GitHub\studynavi\대구과외\달서구과외\대구도원동과외\대곡중과외\index.html,high,true,정상
school,대구광역시,달서구,도원동,,도원고등학교,고등학교,고등학생,C:\Users\user\Documents\GitHub\studynavi\대구과외\달서구과외\대구도원동과외\도원고과외\index.html,high,true,정상
school,대구광역시,달서구,도원동,,도원중학교,중학교,중학생,C:\Users\user\Documents\GitHub\studynavi\대구과외\달서구과외\대구도원동과외\도원중과외\index.html,high,true,정상
school,대구광역시,달서구,송현동,,대서중학교,중학교,중학생,C:\Users\user\Documents\GitHub\studynavi\대구과외\달서구과외\대구송현동과외\대서중과외\index.html,high,true,정상
school,대구광역시,달서구,송현동,,송현여자고등학교,고등학교,고등학생,C:\Users\user\Documents\GitHub\studynavi\대구과외\달서구과외\대구송현동과외\송현여자고과외\index.html,high,true,정상
school,대구광역시,달서구,송현동,,송현여자중학교,중학교,중학생,C:\Users\user\Documents\GitHub\studynavi\대구과외\달서구과외\대구송현동과외\송현여자중과외\index.html,high,true,정상
school,대구광역시,달서구,신당동,,대구외국어고등학교,고등학교,고등학생,C:\Users\user\Documents\GitHub\studynavi\대구과외\달서구과외\대구신당동과외\대구외국어고과외\index.html,high,true,정상
school,대구광역시,달서구,용산동,,경원고등학교,고등학교,고등학생,C:\Users\user\Documents\GitHub\studynavi\대구과외\달서구과외\대구용산동과외\경원고과외\index.html,high,true,정상
school,대구광역시,달서구,용산동,,성곡중학교,중학교,중학생,C:\Users\user\Documents\GitHub\studynavi\대구과외\달서구과외\대구용산동과외\성곡중과외\index.html,high,true,정상
school,대구광역시,달서구,용산동,,성산고등학교,고등학교,고등학생,C:\Users\user\Documents\GitHub\studynavi\대구과외\달서구과외\대구용산동과외\성산고과외\index.html,high,true,정상
school,대구광역시,달서구,용산동,,성산중학교,중학교,중학생,C:\Users\user\Documents\GitHub\studynavi\대구과외\달서구과외\대구용산동과외\성산중과외\index.html,high,true,정상
school,대구광역시,달서구,용산동,,성서고등학교,고등학교,고등학생,C:\Users\user\Documents\GitHub\studynavi\대구과외\달서구과외\대구용산동과외\성서고과외\index.html,high,true,정상
school,대구광역시,달서구,용산동,,성서중학교,중학교,중학생,C:\Users\user\Documents\GitHub\studynavi\대구과외\달서구과외\대구용산동과외\성서중과외\index.html,high,true,정상
school,대구광역시,달서구,용산동,,용산중학교,중학교,중학생,C:\Users\user\Documents\GitHub\studynavi\대구과외\달서구과외\대구용산동과외\용산중과외\index.html,high,true,정상
school,대구광역시,달서구,두류동,,구남중학교,중학교,중학생,C:\Users\user\Documents\GitHub\studynavi\대구과외\달서구과외\두류동과외\구남중과외\index.html,high,true,정상
school,대구광역시,달서구,본리동,,새본리중학교,중학교,중학생,C:\Users\user\Documents\GitHub\studynavi\대구과외\달서구과외\본리동과외\새본리중과외\index.html,high,true,정상
school,대구광역시,달서구,본리동,,성당중학교,중학교,중학생,C:\Users\user\Documents\GitHub\studynavi\대구과외\달서구과외\본리동과외\성당중과외\index.html,high,true,정상
school,대구광역시,달서구,상인동,,대구상원고등학교,고등학교,고등학생,C:\Users\user\Documents\GitHub\studynavi\대구과외\달서구과외\상인동과외\대구상원고과외\index.html,high,true,정상
school,대구광역시,달서구,상인동,,대구하이텍고등학교,고등학교,고등학생,C:\Users\user\Documents\GitHub\studynavi\대구과외\달서구과외\상인동과외\대구하이텍고과외\index.html,high,true,정상
school,대구광역시,달서구,상인동,,상원중학교,중학교,중학생,C:\Users\user\Documents\GitHub\studynavi\대구과외\달서구과외\상인동과외\상원중과외\index.html,high,true,정상
school,대구광역시,달서구,상인동,,상인고등학교,고등학교,고등학생,C:\Users\user\Documents\GitHub\studynavi\대구과외\달서구과외\상인동과외\상인고과외\index.html,high,true,정상
school,대구광역시,달서구,상인동,,상인중학교,중학교,중학생,C:\Users\user\Documents\GitHub\studynavi\대구과외\달서구과외\상인동과외\상인중과외\index.html,high,true,정상
school,대구광역시,달서구,상인동,,영남고등학교,고등학교,고등학생,C:\Users\user\Documents\GitHub\studynavi\대구과외\달서구과외\상인동과외\영남고과외\index.html,high,true,정상
school,대구광역시,달서구,상인동,,영남중학교,중학교,중학생,C:\Users\user\Documents\GitHub\studynavi\대구과외\달서구과외\상인동과외\영남중과외\index.html,high,true,정상
school,대구광역시,달서구,성당동,,경암중학교,중학교,중학생,C:\Users\user\Documents\GitHub\studynavi\대구과외\달서구과외\성당동과외\경암중과외\index.html,high,true,정상
school,대구광역시,달서구,성당동,,경화여자고등학교,고등학교,고등학생,C:\Users\user\Documents\GitHub\studynavi\대구과외\달서구과외\성당동과외\경화여자고과외\index.html,high,true,정상
school,대구광역시,달서구,성당동,,상서고등학교,고등학교,고등학생,C:\Users\user\Documents\GitHub\studynavi\대구과외\달서구과외\성당동과외\상서고과외\index.html,high,true,정상
school,대구광역시,달서구,성당동,,상서중학교,중학교,중학생,C:\Users\user\Documents\GitHub\studynavi\대구과외\달서구과외\성당동과외\상서중과외\index.html,high,true,정상
school,대구광역시,달서구,성당동,,원화여자고등학교,고등학교,고등학생,C:\Users\user\Documents\GitHub\studynavi\대구과외\달서구과외\성당동과외\원화여자고과외\index.html,high,true,정상
school,대구광역시,달서구,성당동,,원화중학교,중학교,중학생,C:\Users\user\Documents\GitHub\studynavi\대구과외\달서구과외\성당동과외\원화중과외\index.html,high,true,정상
school,대구광역시,달서구,월성동,,대건고등학교,고등학교,고등학생,C:\Users\user\Documents\GitHub\studynavi\대구과외\달서구과외\월성동과외\대건고과외\index.html,high,true,정상
school,대구광역시,달서구,월성동,,대건중학교,중학교,중학생,C:\Users\user\Documents\GitHub\studynavi\대구과외\달서구과외\월성동과외\대건중과외\index.html,high,true,정상
school,대구광역시,달서구,월성동,,월서중학교,중학교,중학생,C:\Users\user\Documents\GitHub\studynavi\대구과외\달서구과외\월성동과외\월서중과외\index.html,high,true,정상
school,대구광역시,달서구,월성동,,월암중학교,중학교,중학생,C:\Users\user\Documents\GitHub\studynavi\대구과외\달서구과외\월성동과외\월암중과외\index.html,high,true,정상
school,대구광역시,달서구,월성동,,조암중학교,중학교,중학생,C:\Users\user\Documents\GitHub\studynavi\대구과외\달서구과외\월성동과외\조암중과외\index.html,high,true,정상
school,대구광역시,달서구,월성동,,학산중학교,중학교,중학생,C:\Users\user\Documents\GitHub\studynavi\대구과외\달서구과외\월성동과외\학산중과외\index.html,high,true,정상
school,대구광역시,달서구,월성동,,효성여자고등학교,고등학교,고등학생,C:\Users\user\Documents\GitHub\studynavi\대구과외\달서구과외\월성동과외\효성여자고과외\index.html,high,true,정상
school,대구광역시,달서구,월성동,,효성중학교,중학교,중학생,C:\Users\user\Documents\GitHub\studynavi\대구과외\달서구과외\월성동과외\효성중과외\index.html,high,true,정상
school,대구광역시,달서구,이곡동,,성지중학교,중학교,중학생,C:\Users\user\Documents\GitHub\studynavi\대구과외\달서구과외\이곡동과외\성지중과외\index.html,high,true,정상
school,대구광역시,달서구,이곡동,,와룡고등학교,고등학교,고등학생,C:\Users\user\Documents\GitHub\studynavi\대구과외\달서구과외\이곡동과외\와룡고과외\index.html,high,true,정상
school,대구광역시,달서구,이곡동,,와룡중학교,중학교,중학생,C:\Users\user\Documents\GitHub\studynavi\대구과외\달서구과외\이곡동과외\와룡중과외\index.html,high,true,정상
school,대구광역시,달서구,이곡동,,이곡중학교,중학교,중학생,C:\Users\user\Documents\GitHub\studynavi\대구과외\달서구과외\이곡동과외\이곡중과외\index.html,high,true,정상
school,대구광역시,달서구,진천동,,월배중학교,중학교,중학생,C:\Users\user\Documents\GitHub\studynavi\대구과외\달서구과외\진천동과외\월배중과외\index.html,high,true,정상
school,대구광역시,달서구,호산동,,호산고등학교,고등학교,고등학생,C:\Users\user\Documents\GitHub\studynavi\대구과외\달서구과외\호산동과외\호산고과외\index.html,high,true,정상
school,대구광역시,달성군,서동,,서동중학교,중학교,중학생,C:\Users\user\Documents\GitHub\studynavi\대구과외\달성군과외\대구서동과외\서동중과외\index.html,high,true,정상
school,대구광역시,달성군,북동,,북동중학교,중학교,중학생,C:\Users\user\Documents\GitHub\studynavi\대구과외\달성군과외\북동과외\북동중과외\index.html,high,true,정상
school,대구광역시,달성군,지동,,한울안중학교,중학교,중학생,C:\Users\user\Documents\GitHub\studynavi\대구과외\달성군과외\지동과외\한울안중과외\index.html,high,true,정상
school,대구광역시,동구,각산동,,대구동부고등학교,고등학교,고등학생,C:\Users\user\Documents\GitHub\studynavi\대구과외\동구과외\각산동과외\대구동부고과외\index.html,high,true,정상
school,대구광역시,동구,각산동,,대구일과학고등학교,고등학교,고등학생,C:\Users\user\Documents\GitHub\studynavi\대구과외\동구과외\각산동과외\대구일과학고과외\index.html,high,true,정상
school,대구광역시,동구,불로동,,불로중학교,중학교,중학생,C:\Users\user\Documents\GitHub\studynavi\대구과외\동구과외\대구불로동과외\불로중과외\index.html,high,true,정상
school,대구광역시,동구,신천동,,청구고등학교,고등학교,고등학생,C:\Users\user\Documents\GitHub\studynavi\대구과외\동구과외\대구신천동과외\청구고과외\index.html,high,true,정상
school,대구광역시,동구,신천동,,청구중학교,중학교,중학생,C:\Users\user\Documents\GitHub\studynavi\대구과외\동구과외\대구신천동과외\청구중과외\index.html,high,true,정상
school,대구광역시,동구,신평동,,조일고등학교,고등학교,고등학생,C:\Users\user\Documents\GitHub\studynavi\대구과외\동구과외\대구신평동과외\조일고과외\index.html,high,true,정상
school,대구광역시,동구,율하동,,율원중학교,중학교,중학생,C:\Users\user\Documents\GitHub\studynavi\대구과외\동구과외\대구율하동과외\율원중과외\index.html,high,true,정상
school,대구광역시,동구,덕곡동,,달구벌고등학교,고등학교,고등학생,C:\Users\user\Documents\GitHub\studynavi\대구과외\동구과외\덕곡동과외\달구벌고과외\index.html,high,true,정상
school,대구광역시,동구,방촌동,,동촌중학교,중학교,중학생,C:\Users\user\Documents\GitHub\studynavi\대구과외\동구과외\방촌동과외\동촌중과외\index.html,high,true,정상
school,대구광역시,동구,백안동,,공산중학교,중학교,중학생,C:\Users\user\Documents\GitHub\studynavi\대구과외\동구과외\백안동과외\공산중과외\index.html,high,true,정상
school,대구광역시,동구,봉무동,,영신고등학교,고등학교,고등학생,C:\Users\user\Documents\GitHub\studynavi\대구과외\동구과외\봉무동과외\영신고과외\index.html,high,true,정상
school,대구광역시,동구,봉무동,,영신중학교,중학교,중학생,C:\Users\user\Documents\GitHub\studynavi\대구과외\동구과외\봉무동과외\영신중과외\index.html,high,true,정상
school,대구광역시,동구,서호동,,안심중학교,중학교,중학생,C:\Users\user\Documents\GitHub\studynavi\대구과외\동구과외\서호동과외\안심중과외\index.html,high,true,정상
school,대구광역시,동구,신기동,,신기중학교,중학교,중학생,C:\Users\user\Documents\GitHub\studynavi\대구과외\동구과외\신기동과외\신기중과외\index.html,high,true,정상
school,대구광역시,동구,신서동,,강동고등학교,고등학교,고등학생,C:\Users\user\Documents\GitHub\studynavi\대구과외\동구과외\신서동과외\강동고과외\index.html,high,true,정상
school,대구광역시,동구,신서동,,강동중학교,중학교,중학생,C:\Users\user\Documents\GitHub\studynavi\대구과외\동구과외\신서동과외\강동중과외\index.html,high,true,정상
school,대구광역시,동구,신서동,,새론중학교,중학교,중학생,C:\Users\user\Documents\GitHub\studynavi\대구과외\동구과외\신서동과외\새론중과외\index.html,high,true,정상
school,대구광역시,동구,신암동,,신아중학교,중학교,중학생,C:\Users\user\Documents\GitHub\studynavi\대구과외\동구과외\신암동과외\신아중과외\index.html,high,true,정상
school,대구광역시,동구,용계동,,정동고등학교,고등학교,고등학생,C:\Users\user\Documents\GitHub\studynavi\대구과외\동구과외\용계동과외\정동고과외\index.html,high,true,정상
school,대구광역시,동구,입석동,,입석중학교,중학교,중학생,C:\Users\user\Documents\GitHub\studynavi\대구과외\동구과외\입석동과외\입석중과외\index.html,high,true,정상
school,대구광역시,동구,지묘동,,대구팔공중학교,중학교,중학생,C:\Users\user\Documents\GitHub\studynavi\대구과외\동구과외\지묘동과외\대구팔공중과외\index.html,high,true,정상
school,대구광역시,북구,관음동,,관음중학교,중학교,중학생,C:\Users\user\Documents\GitHub\studynavi\대구과외\북구과외\관음동과외\관음중과외\index.html,high,true,정상
school,대구광역시,북구,국우동,,대구국제고등학교,고등학교,고등학생,C:\Users\user\Documents\GitHub\studynavi\대구과외\북구과외\국우동과외\대구국제고과외\index.html,high,true,정상
school,대구광역시,북구,국우동,,학남고등학교,고등학교,고등학생,C:\Users\user\Documents\GitHub\studynavi\대구과외\북구과외\국우동과외\학남고과외\index.html,high,true,정상
school,대구광역시,북구,국우동,,학남중학교,중학교,중학생,C:\Users\user\Documents\GitHub\studynavi\대구과외\북구과외\국우동과외\학남중과외\index.html,high,true,정상
school,대구광역시,북구,구암동,,강북중학교,중학교,중학생,C:\Users\user\Documents\GitHub\studynavi\대구과외\북구과외\대구구암동과외\강북중과외\index.html,high,true,정상
school,대구광역시,북구,구암동,,구암고등학교,고등학교,고등학생,C:\Users\user\Documents\GitHub\studynavi\대구과외\북구과외\대구구암동과외\구암고과외\index.html,high,true,정상
school,대구광역시,북구,구암동,,구암중학교,중학교,중학생,C:\Users\user\Documents\GitHub\studynavi\대구과외\북구과외\대구구암동과외\구암중과외\index.html,high,true,정상
school,대구광역시,북구,구암동,,동평중학교,중학교,중학생,C:\Users\user\Documents\GitHub\studynavi\대구과외\북구과외\대구구암동과외\동평중과외\index.html,high,true,정상
school,대구광역시,북구,구암동,,운암고등학교,고등학교,고등학생,C:\Users\user\Documents\GitHub\studynavi\대구과외\북구과외\대구구암동과외\운암고과외\index.html,high,true,정상
school,대구광역시,북구,구암동,,운암중학교,중학교,중학생,C:\Users\user\Documents\GitHub\studynavi\대구과외\북구과외\대구구암동과외\운암중과외\index.html,high,true,정상
school,대구광역시,북구,구암동,,함지고등학교,고등학교,고등학생,C:\Users\user\Documents\GitHub\studynavi\대구과외\북구과외\대구구암동과외\함지고과외\index.html,high,true,정상
school,대구광역시,북구,읍내동,,칠곡중학교,중학교,중학생,C:\Users\user\Documents\GitHub\studynavi\대구과외\북구과외\대구읍내동과외\칠곡중과외\index.html,high,true,정상
school,대구광역시,북구,태전동,,강북고등학교,고등학교,고등학생,C:\Users\user\Documents\GitHub\studynavi\대구과외\북구과외\대구태전동과외\강북고과외\index.html,high,true,정상
school,대구광역시,북구,태전동,,관천중학교,중학교,중학생,C:\Users\user\Documents\GitHub\studynavi\대구과외\북구과외\대구태전동과외\관천중과외\index.html,high,true,정상
school,대구광역시,북구,태전동,,매천고등학교,고등학교,고등학생,C:\Users\user\Documents\GitHub\studynavi\대구과외\북구과외\대구태전동과외\매천고과외\index.html,high,true,정상
school,대구광역시,북구,태전동,,매천중학교,중학교,중학생,C:\Users\user\Documents\GitHub\studynavi\대구과외\북구과외\대구태전동과외\매천중과외\index.html,high,true,정상
school,대구광역시,북구,태전동,,영송여자고등학교,고등학교,고등학생,C:\Users\user\Documents\GitHub\studynavi\대구과외\북구과외\대구태전동과외\영송여자고과외\index.html,high,true,정상
school,대구광역시,북구,동변동,,동변중학교,중학교,중학생,C:\Users\user\Documents\GitHub\studynavi\대구과외\북구과외\동변동과외\동변중과외\index.html,high,true,정상
school,대구광역시,북구,동호동,,대구체육중학교,중학교,중학생,C:\Users\user\Documents\GitHub\studynavi\대구과외\북구과외\동호동과외\대구체육중과외\index.html,high,true,정상
school,대구광역시,북구,복현동,,경상고등학교,고등학교,고등학생,C:\Users\user\Documents\GitHub\studynavi\대구과외\북구과외\복현동과외\경상고과외\index.html,high,true,정상
school,대구광역시,북구,복현동,,대구북중학교,중학교,중학생,C:\Users\user\Documents\GitHub\studynavi\대구과외\북구과외\복현동과외\대구북중과외\index.html,high,true,정상
school,대구광역시,북구,복현동,,복현중학교,중학교,중학생,C:\Users\user\Documents\GitHub\studynavi\대구과외\북구과외\복현동과외\복현중과외\index.html,high,true,정상
school,대구광역시,북구,복현동,,성광고등학교,고등학교,고등학생,C:\Users\user\Documents\GitHub\studynavi\대구과외\북구과외\복현동과외\성광고과외\index.html,high,true,정상
school,대구광역시,북구,복현동,,성광중학교,중학교,중학생,C:\Users\user\Documents\GitHub\studynavi\대구과외\북구과외\복현동과외\성광중과외\index.html,high,true,정상
school,대구광역시,북구,복현동,,성화여자고등학교,고등학교,고등학생,C:\Users\user\Documents\GitHub\studynavi\대구과외\북구과외\복현동과외\성화여자고과외\index.html,high,true,정상
school,대구광역시,북구,복현동,,성화중학교,중학교,중학생,C:\Users\user\Documents\GitHub\studynavi\대구과외\북구과외\복현동과외\성화중과외\index.html,high,true,정상
school,대구광역시,북구,복현동,,영진고등학교,고등학교,고등학생,C:\Users\user\Documents\GitHub\studynavi\대구과외\북구과외\복현동과외\영진고과외\index.html,high,true,정상
school,대구광역시,북구,사수동,,사수중학교,중학교,중학생,C:\Users\user\Documents\GitHub\studynavi\대구과외\북구과외\사수동과외\사수중과외\index.html,high,true,정상
school,대구광역시,북구,산격동,,산격중학교,중학교,중학생,C:\Users\user\Documents\GitHub\studynavi\대구과외\북구과외\산격동과외\산격중과외\index.html,high,true,정상
school,대구광역시,북구,서변동,,서변중학교,중학교,중학생,C:\Users\user\Documents\GitHub\studynavi\대구과외\북구과외\서변동과외\서변중과외\index.html,high,true,정상
school,대구광역시,북구,칠성동,,경명여자고등학교,고등학교,고등학생,C:\Users\user\Documents\GitHub\studynavi\대구과외\북구과외\칠성동과외\경명여자고과외\index.html,high,true,정상
school,대구광역시,북구,칠성동,,경명여자중학교,중학교,중학생,C:\Users\user\Documents\GitHub\studynavi\대구과외\북구과외\칠성동과외\경명여자중과외\index.html,high,true,정상
school,대구광역시,북구,칠성동,,칠성고등학교,고등학교,고등학생,C:\Users\user\Documents\GitHub\studynavi\대구과외\북구과외\칠성동과외\칠성고과외\index.html,high,true,정상
school,대구광역시,북구,침산동,,경상여자고등학교,고등학교,고등학생,C:\Users\user\Documents\GitHub\studynavi\대구과외\북구과외\침산동과외\경상여자고과외\index.html,high,true,정상
school,대구광역시,북구,침산동,,대구일중학교,중학교,중학생,C:\Users\user\Documents\GitHub\studynavi\대구과외\북구과외\침산동과외\대구일중과외\index.html,high,true,정상
school,대구광역시,북구,침산동,,침산중학교,중학교,중학생,C:\Users\user\Documents\GitHub\studynavi\대구과외\북구과외\침산동과외\침산중과외\index.html,high,true,정상
school,대구광역시,북구,팔달동,,팔달중학교,중학교,중학생,C:\Users\user\Documents\GitHub\studynavi\대구과외\북구과외\팔달동과외\팔달중과외\index.html,high,true,정상
school,대구광역시,서구,내당동,,경운중학교,중학교,중학생,C:\Users\user\Documents\GitHub\studynavi\대구과외\서구과외\내당동과외\경운중과외\index.html,high,true,정상
school,대구광역시,서구,내당동,,달성고등학교,고등학교,고등학생,C:\Users\user\Documents\GitHub\studynavi\대구과외\서구과외\내당동과외\달성고과외\index.html,high,true,정상
school,대구광역시,서구,비산동,,대구제일고등학교,고등학교,고등학생,C:\Users\user\Documents\GitHub\studynavi\대구과외\서구과외\대구비산동과외\대구제일고과외\index.html,high,true,정상
school,대구광역시,서구,비산동,,대구청라중학교,중학교,중학생,C:\Users\user\Documents\GitHub\studynavi\대구과외\서구과외\대구비산동과외\대구청라중과외\index.html,high,true,정상
school,대구광역시,서구,중리동,,경덕여자고등학교,고등학교,고등학생,C:\Users\user\Documents\GitHub\studynavi\대구과외\서구과외\대구중리동과외\경덕여자고과외\index.html,high,true,정상
school,대구광역시,서구,중리동,,서남중학교,중학교,중학생,C:\Users\user\Documents\GitHub\studynavi\대구과외\서구과외\대구중리동과외\서남중과외\index.html,high,true,정상
school,대구광역시,서구,중리동,,중리중학교,중학교,중학생,C:\Users\user\Documents\GitHub\studynavi\대구과외\서구과외\대구중리동과외\중리중과외\index.html,high,true,정상
school,대구광역시,서구,상리동,,계성고등학교,고등학교,고등학생,C:\Users\user\Documents\GitHub\studynavi\대구과외\서구과외\상리동과외\계성고과외\index.html,high,true,정상
school,대구광역시,서구,원대동,,경일중학교,중학교,중학생,C:\Users\user\Documents\GitHub\studynavi\대구과외\서구과외\원대동과외\경일중과외\index.html,high,true,정상
school,대구광역시,서구,평리동,,대구서부고등학교,고등학교,고등학생,C:\Users\user\Documents\GitHub\studynavi\대구과외\서구과외\평리동과외\대구서부고과외\index.html,high,true,정상
school,대구광역시,서구,평리동,,대평중학교,중학교,중학생,C:\Users\user\Documents\GitHub\studynavi\대구과외\서구과외\평리동과외\대평중과외\index.html,high,true,정상
school,대구광역시,서구,평리동,,서대구중학교,중학교,중학생,C:\Users\user\Documents\GitHub\studynavi\대구과외\서구과외\평리동과외\서대구중과외\index.html,high,true,정상
school,대구광역시,서구,평리동,,평리중학교,중학교,중학생,C:\Users\user\Documents\GitHub\studynavi\대구과외\서구과외\평리동과외\평리중과외\index.html,high,true,정상
school,대구광역시,수성구,노변동,,노변중학교,중학교,중학생,C:\Users\user\Documents\GitHub\studynavi\대구과외\수성구과외\노변동과외\노변중과외\index.html,high,true,정상
school,대구광역시,수성구,상동,,덕화중학교,중학교,중학생,C:\Users\user\Documents\GitHub\studynavi\대구과외\수성구과외\대구상동과외\덕화중과외\index.html,high,true,정상
school,대구광역시,수성구,수성동,,대구남산고등학교,고등학교,고등학생,C:\Users\user\Documents\GitHub\studynavi\대구과외\수성구과외\대구수성동과외\대구남산고과외\index.html,high,true,정상
school,대구광역시,수성구,수성동,,대구동중학교,중학교,중학생,C:\Users\user\Documents\GitHub\studynavi\대구과외\수성구과외\대구수성동과외\대구동중과외\index.html,high,true,정상
school,대구광역시,수성구,수성동,,대구중앙고등학교,고등학교,고등학생,C:\Users\user\Documents\GitHub\studynavi\대구과외\수성구과외\대구수성동과외\대구중앙고과외\index.html,high,true,정상
school,대구광역시,수성구,수성동,,대구중앙중학교,중학교,중학생,C:\Users\user\Documents\GitHub\studynavi\대구과외\수성구과외\대구수성동과외\대구중앙중과외\index.html,high,true,정상
school,대구광역시,수성구,수성동,,신명여자중학교,중학교,중학생,C:\Users\user\Documents\GitHub\studynavi\대구과외\수성구과외\대구수성동과외\신명여자중과외\index.html,high,true,정상
school,대구광역시,수성구,지산동,,능인고등학교,고등학교,고등학생,C:\Users\user\Documents\GitHub\studynavi\대구과외\수성구과외\대구지산동과외\능인고과외\index.html,high,true,정상
school,대구광역시,수성구,지산동,,능인중학교,중학교,중학생,C:\Users\user\Documents\GitHub\studynavi\대구과외\수성구과외\대구지산동과외\능인중과외\index.html,high,true,정상
school,대구광역시,수성구,지산동,,수성고등학교,고등학교,고등학생,C:\Users\user\Documents\GitHub\studynavi\대구과외\수성구과외\대구지산동과외\수성고과외\index.html,high,true,정상
school,대구광역시,수성구,지산동,,지산중학교,중학교,중학생,C:\Users\user\Documents\GitHub\studynavi\대구과외\수성구과외\대구지산동과외\지산중과외\index.html,high,true,정상
school,대구광역시,수성구,황금동,,경북고등학교,고등학교,고등학생,C:\Users\user\Documents\GitHub\studynavi\대구과외\수성구과외\대구황금동과외\경북고과외\index.html,high,true,정상
school,대구광역시,수성구,황금동,,황금중학교,중학교,중학생,C:\Users\user\Documents\GitHub\studynavi\대구과외\수성구과외\대구황금동과외\황금중과외\index.html,high,true,정상
school,대구광역시,수성구,만촌동,,대구동부중학교,중학교,중학생,C:\Users\user\Documents\GitHub\studynavi\대구과외\수성구과외\만촌동과외\대구동부중과외\index.html,high,true,정상
school,대구광역시,수성구,만촌동,,대구혜화여자고등학교,고등학교,고등학생,C:\Users\user\Documents\GitHub\studynavi\대구과외\수성구과외\만촌동과외\대구혜화여자고과외\index.html,high,true,정상
school,대구광역시,수성구,만촌동,,대륜고등학교,고등학교,고등학생,C:\Users\user\Documents\GitHub\studynavi\대구과외\수성구과외\만촌동과외\대륜고과외\index.html,high,true,정상
school,대구광역시,수성구,만촌동,,대륜중학교,중학교,중학생,C:\Users\user\Documents\GitHub\studynavi\대구과외\수성구과외\만촌동과외\대륜중과외\index.html,high,true,정상
school,대구광역시,수성구,만촌동,,동문고등학교,고등학교,고등학생,C:\Users\user\Documents\GitHub\studynavi\대구과외\수성구과외\만촌동과외\동문고과외\index.html,high,true,정상
school,대구광역시,수성구,만촌동,,동원중학교,중학교,중학생,C:\Users\user\Documents\GitHub\studynavi\대구과외\수성구과외\만촌동과외\동원중과외\index.html,high,true,정상
school,대구광역시,수성구,만촌동,,소선여자중학교,중학교,중학생,C:\Users\user\Documents\GitHub\studynavi\대구과외\수성구과외\만촌동과외\소선여자중과외\index.html,high,true,정상
school,대구광역시,수성구,만촌동,,오성고등학교,고등학교,고등학생,C:\Users\user\Documents\GitHub\studynavi\대구과외\수성구과외\만촌동과외\오성고과외\index.html,high,true,정상
school,대구광역시,수성구,만촌동,,오성중학교,중학교,중학생,C:\Users\user\Documents\GitHub\studynavi\대구과외\수성구과외\만촌동과외\오성중과외\index.html,high,true,정상
school,대구광역시,수성구,매호동,,매호중학교,중학교,중학생,C:\Users\user\Documents\GitHub\studynavi\대구과외\수성구과외\매호동과외\매호중과외\index.html,high,true,정상
school,대구광역시,수성구,범물동,,범물중학교,중학교,중학생,C:\Users\user\Documents\GitHub\studynavi\대구과외\수성구과외\범물동과외\범물중과외\index.html,high,true,정상
school,대구광역시,수성구,범물동,,범일중학교,중학교,중학생,C:\Users\user\Documents\GitHub\studynavi\대구과외\수성구과외\범물동과외\범일중과외\index.html,high,true,정상
school,대구광역시,수성구,범어동,,경신고등학교,고등학교,고등학생,C:\Users\user\Documents\GitHub\studynavi\대구과외\수성구과외\범어동과외\경신고과외\index.html,high,true,정상
school,대구광역시,수성구,범어동,,경신중학교,중학교,중학생,C:\Users\user\Documents\GitHub\studynavi\대구과외\수성구과외\범어동과외\경신중과외\index.html,high,true,정상
school,대구광역시,수성구,범어동,,대구여자고등학교,고등학교,고등학생,C:\Users\user\Documents\GitHub\studynavi\대구과외\수성구과외\범어동과외\대구여자고과외\index.html,high,true,정상
school,대구광역시,수성구,범어동,,동도중학교,중학교,중학생,C:\Users\user\Documents\GitHub\studynavi\대구과외\수성구과외\범어동과외\동도중과외\index.html,high,true,정상
school,대구광역시,수성구,범어동,,정화여자고등학교,고등학교,고등학생,C:\Users\user\Documents\GitHub\studynavi\대구과외\수성구과외\범어동과외\정화여자고과외\index.html,high,true,정상
school,대구광역시,수성구,범어동,,정화중학교,중학교,중학생,C:\Users\user\Documents\GitHub\studynavi\대구과외\수성구과외\범어동과외\정화중과외\index.html,high,true,정상
school,대구광역시,수성구,시지동,,고산중학교,중학교,중학생,C:\Users\user\Documents\GitHub\studynavi\대구과외\수성구과외\시지동과외\고산중과외\index.html,high,true,정상
school,대구광역시,수성구,신매동,,시지고등학교,고등학교,고등학생,C:\Users\user\Documents\GitHub\studynavi\대구과외\수성구과외\신매동과외\시지고과외\index.html,high,true,정상
school,대구광역시,수성구,신매동,,시지중학교,중학교,중학생,C:\Users\user\Documents\GitHub\studynavi\대구과외\수성구과외\신매동과외\시지중과외\index.html,high,true,정상
school,대구광역시,수성구,욱수동,,덕원고등학교,고등학교,고등학생,C:\Users\user\Documents\GitHub\studynavi\대구과외\수성구과외\욱수동과외\덕원고과외\index.html,high,true,정상
school,대구광역시,수성구,욱수동,,덕원중학교,중학교,중학생,C:\Users\user\Documents\GitHub\studynavi\대구과외\수성구과외\욱수동과외\덕원중과외\index.html,high,true,정상
school,대구광역시,수성구,파동,,수성중학교,중학교,중학생,C:\Users\user\Documents\GitHub\studynavi\대구과외\수성구과외\파동과외\수성중과외\index.html,high,true,정상
school,대구광역시,중구,남산동,,경구중학교,중학교,중학생,C:\Users\user\Documents\GitHub\studynavi\대구과외\중구과외\대구남산동과외\경구중과외\index.html,high,true,정상
school,대구광역시,중구,남산동,,경북여자고등학교,고등학교,고등학생,C:\Users\user\Documents\GitHub\studynavi\대구과외\중구과외\대구남산동과외\경북여자고과외\index.html,high,true,정상
school,대구광역시,중구,대신동,,계성중학교,중학교,중학생,C:\Users\user\Documents\GitHub\studynavi\대구과외\중구과외\대구대신동과외\계성중과외\index.html,high,true,정상
school,대구광역시,중구,동산동,,성명여자중학교,중학교,중학생,C:\Users\user\Documents\GitHub\studynavi\대구과외\중구과외\대구동산동과외\성명여자중과외\index.html,high,true,정상
school,대구광역시,중구,동산동,,신명고등학교,고등학교,고등학생,C:\Users\user\Documents\GitHub\studynavi\대구과외\중구과외\대구동산동과외\신명고과외\index.html,high,true,정상
school,대구광역시,중구,대봉동,,경북대학교사범대학부설고등학교,고등학교,고등학생,C:\Users\user\Documents\GitHub\studynavi\대구과외\중구과외\대봉동과외\경북대학교사범대학부설고과외\index.html,high,true,정상
school,대구광역시,중구,대봉동,,경북대학교사범대학부설중학교,중학교,중학생,C:\Users\user\Documents\GitHub\studynavi\대구과외\중구과외\대봉동과외\경북대학교사범대학부설중과외\index.html,high,true,정상
school,대구광역시,중구,봉산동,,대구제일중학교,중학교,중학생,C:\Users\user\Documents\GitHub\studynavi\대구과외\중구과외\봉산동과외\대구제일중과외\index.html,high,true,정상
school,대전광역시,대덕구,오정동,,대전경덕중학교,중학교,중학생,C:\Users\user\Documents\GitHub\studynavi\대전과외\대덕구과외\대전오정동과외\대전경덕중과외\index.html,high,true,정상
school,대전광역시,대덕구,오정동,,대전대화중학교,중학교,중학생,C:\Users\user\Documents\GitHub\studynavi\대전과외\대덕구과외\대전오정동과외\대전대화중과외\index.html,high,true,정상
school,대전광역시,대덕구,오정동,,오정중학교,중학교,중학생,C:\Users\user\Documents\GitHub\studynavi\대전과외\대덕구과외\대전오정동과외\오정중과외\index.html,high,true,정상
school,대전광역시,대덕구,와동,,회덕중학교,중학교,중학생,C:\Users\user\Documents\GitHub\studynavi\대전과외\대덕구과외\대전와동과외\회덕중과외\index.html,high,true,정상
school,대전광역시,대덕구,중리동,,대전용전중학교,중학교,중학생,C:\Users\user\Documents\GitHub\studynavi\대전과외\대덕구과외\대전중리동과외\대전용전중과외\index.html,high,true,정상
school,대전광역시,대덕구,중리동,,동대전고등학교,고등학교,고등학생,C:\Users\user\Documents\GitHub\studynavi\대전과외\대덕구과외\대전중리동과외\동대전고과외\index.html,high,true,정상
school,대전광역시,대덕구,중리동,,중리중학교,중학교,중학생,C:\Users\user\Documents\GitHub\studynavi\대전과외\대덕구과외\대전중리동과외\중리중과외\index.html,high,true,정상
school,대전광역시,대덕구,덕암동,,신탄중앙중학교,중학교,중학생,C:\Users\user\Documents\GitHub\studynavi\대전과외\대덕구과외\덕암동과외\신탄중앙중과외\index.html,high,true,정상
school,대전광역시,대덕구,법동,,대전법동중학교,중학교,중학생,C:\Users\user\Documents\GitHub\studynavi\대전과외\대덕구과외\법동과외\대전법동중과외\index.html,high,true,정상
school,대전광역시,대덕구,석봉동,,대전이문고등학교,고등학교,고등학생,C:\Users\user\Documents\GitHub\studynavi\대전과외\대덕구과외\석봉동과외\대전이문고과외\index.html,high,true,정상
school,대전광역시,대덕구,석봉동,,신탄진중학교,중학교,중학생,C:\Users\user\Documents\GitHub\studynavi\대전과외\대덕구과외\석봉동과외\신탄진중과외\index.html,high,true,정상
school,대전광역시,대덕구,송촌동,,대전매봉중학교,중학교,중학생,C:\Users\user\Documents\GitHub\studynavi\대전과외\대덕구과외\송촌동과외\대전매봉중과외\index.html,high,true,정상
school,대전광역시,대덕구,송촌동,,대전송촌고등학교,고등학교,고등학생,C:\Users\user\Documents\GitHub\studynavi\대전과외\대덕구과외\송촌동과외\대전송촌고과외\index.html,high,true,정상
school,대전광역시,대덕구,송촌동,,대전송촌중학교,중학교,중학생,C:\Users\user\Documents\GitHub\studynavi\대전과외\대덕구과외\송촌동과외\대전송촌중과외\index.html,high,true,정상
school,대전광역시,대덕구,신탄진동,,대전대청중학교,중학교,중학생,C:\Users\user\Documents\GitHub\studynavi\대전과외\대덕구과외\신탄진동과외\대전대청중과외\index.html,high,true,정상
school,대전광역시,대덕구,신탄진동,,신탄진고등학교,고등학교,고등학생,C:\Users\user\Documents\GitHub\studynavi\대전과외\대덕구과외\신탄진동과외\신탄진고과외\index.html,high,true,정상
school,대전광역시,동구,가오동,,대전가오고등학교,고등학교,고등학생,C:\Users\user\Documents\GitHub\studynavi\대전과외\동구과외\가오동과외\대전가오고과외\index.html,high,true,정상
school,대전광역시,동구,가오동,,대전가오중학교,중학교,중학생,C:\Users\user\Documents\GitHub\studynavi\대전과외\동구과외\가오동과외\대전가오중과외\index.html,high,true,정상
school,대전광역시,동구,가양동,,대전가양중학교,중학교,중학생,C:\Users\user\Documents\GitHub\studynavi\대전과외\동구과외\대전가양동과외\대전가양중과외\index.html,high,true,정상
school,대전광역시,동구,가양동,,대전대성여자고등학교,고등학교,고등학생,C:\Users\user\Documents\GitHub\studynavi\대전과외\동구과외\대전가양동과외\대전대성여자고과외\index.html,high,true,정상
school,대전광역시,동구,가양동,,대전대성여자중학교,중학교,중학생,C:\Users\user\Documents\GitHub\studynavi\대전과외\동구과외\대전가양동과외\대전대성여자중과외\index.html,high,true,정상
school,대전광역시,동구,가양동,,동대전중학교,중학교,중학생,C:\Users\user\Documents\GitHub\studynavi\대전과외\동구과외\대전가양동과외\동대전중과외\index.html,high,true,정상
school,대전광역시,동구,가양동,,명석고등학교,고등학교,고등학생,C:\Users\user\Documents\GitHub\studynavi\대전과외\동구과외\대전가양동과외\명석고과외\index.html,high,true,정상
school,대전광역시,동구,대동,,대전여자고등학교,고등학교,고등학생,C:\Users\user\Documents\GitHub\studynavi\대전과외\동구과외\대전대동과외\대전여자고과외\index.html,high,true,정상
school,대전광역시,동구,대동,,한밭여자중학교,중학교,중학생,C:\Users\user\Documents\GitHub\studynavi\대전과외\동구과외\대전대동과외\한밭여자중과외\index.html,high,true,정상
school,대전광역시,동구,대성동,,대전은어송중학교,중학교,중학생,C:\Users\user\Documents\GitHub\studynavi\대전과외\동구과외\대전대성동과외\대전은어송중과외\index.html,high,true,정상
school,대전광역시,동구,삼성동,,보문고등학교,고등학교,고등학생,C:\Users\user\Documents\GitHub\studynavi\대전과외\동구과외\대전삼성동과외\보문고과외\index.html,high,true,정상
school,대전광역시,동구,삼성동,,보문중학교,중학교,중학생,C:\Users\user\Documents\GitHub\studynavi\대전과외\동구과외\대전삼성동과외\보문중과외\index.html,high,true,정상
school,대전광역시,동구,삼성동,,한밭중학교,중학교,중학생,C:\Users\user\Documents\GitHub\studynavi\대전과외\동구과외\대전삼성동과외\한밭중과외\index.html,high,true,정상
school,대전광역시,동구,신흥동,,충남중학교,중학교,중학생,C:\Users\user\Documents\GitHub\studynavi\대전과외\동구과외\대전신흥동과외\충남중과외\index.html,high,true,정상
school,대전광역시,동구,자양동,,우송고등학교,고등학교,고등학생,C:\Users\user\Documents\GitHub\studynavi\대전과외\동구과외\대전자양동과외\우송고과외\index.html,high,true,정상
school,대전광역시,동구,자양동,,우송중학교,중학교,중학생,C:\Users\user\Documents\GitHub\studynavi\대전과외\동구과외\대전자양동과외\우송중과외\index.html,high,true,정상
school,대전광역시,동구,비룡동,,대전동신과학고등학교,고등학교,고등학생,C:\Users\user\Documents\GitHub\studynavi\대전과외\동구과외\비룡동과외\대전동신과학고과외\index.html,high,true,정상
school,대전광역시,동구,용운동,,대전용운중학교,중학교,중학생,C:\Users\user\Documents\GitHub\studynavi\대전과외\동구과외\용운동과외\대전용운중과외\index.html,high,true,정상
school,대전광역시,동구,판암동,,동신중학교,중학교,중학생,C:\Users\user\Documents\GitHub\studynavi\대전과외\동구과외\판암동과외\동신중과외\index.html,high,true,정상
school,대전광역시,서구,가수원동,,가수원중학교,중학교,중학생,C:\Users\user\Documents\GitHub\studynavi\대전과외\서구과외\가수원동과외\가수원중과외\index.html,high,true,정상
school,대전광역시,서구,갈마동,,갈마중학교,중학교,중학생,C:\Users\user\Documents\GitHub\studynavi\대전과외\서구과외\갈마동과외\갈마중과외\index.html,high,true,정상
school,대전광역시,서구,갈마동,,대전둔산여자고등학교,고등학교,고등학생,C:\Users\user\Documents\GitHub\studynavi\대전과외\서구과외\갈마동과외\대전둔산여자고과외\index.html,high,true,정상
school,대전광역시,서구,갈마동,,대전둔산중학교,중학교,중학생,C:\Users\user\Documents\GitHub\studynavi\대전과외\서구과외\갈마동과외\대전둔산중과외\index.html,high,true,정상
school,대전광역시,서구,갈마동,,대전둔원고등학교,고등학교,고등학생,C:\Users\user\Documents\GitHub\studynavi\대전과외\서구과외\갈마동과외\대전둔원고과외\index.html,high,true,정상
school,대전광역시,서구,갈마동,,대전둔원중학교,중학교,중학생,C:\Users\user\Documents\GitHub\studynavi\대전과외\서구과외\갈마동과외\대전둔원중과외\index.html,high,true,정상
school,대전광역시,서구,갈마동,,한밭고등학교,고등학교,고등학생,C:\Users\user\Documents\GitHub\studynavi\대전과외\서구과외\갈마동과외\한밭고과외\index.html,high,true,정상
school,대전광역시,서구,관저동,,대전관저고등학교,고등학교,고등학생,C:\Users\user\Documents\GitHub\studynavi\대전과외\서구과외\관저동과외\대전관저고과외\index.html,high,true,정상
school,대전광역시,서구,관저동,,대전관저중학교,중학교,중학생,C:\Users\user\Documents\GitHub\studynavi\대전과외\서구과외\관저동과외\대전관저중과외\index.html,high,true,정상
school,대전광역시,서구,관저동,,대전구봉고등학교,고등학교,고등학생,C:\Users\user\Documents\GitHub\studynavi\대전과외\서구과외\관저동과외\대전구봉고과외\index.html,high,true,정상
school,대전광역시,서구,관저동,,대전구봉중학교,중학교,중학생,C:\Users\user\Documents\GitHub\studynavi\대전과외\서구과외\관저동과외\대전구봉중과외\index.html,high,true,정상
school,대전광역시,서구,관저동,,대전느리울중학교,중학교,중학생,C:\Users\user\Documents\GitHub\studynavi\대전과외\서구과외\관저동과외\대전느리울중과외\index.html,high,true,정상
school,대전광역시,서구,관저동,,대전봉우중학교,중학교,중학생,C:\Users\user\Documents\GitHub\studynavi\대전과외\서구과외\관저동과외\대전봉우중과외\index.html,high,true,정상
school,대전광역시,서구,관저동,,동방고등학교,고등학교,고등학생,C:\Users\user\Documents\GitHub\studynavi\대전과외\서구과외\관저동과외\동방고과외\index.html,high,true,정상
school,대전광역시,서구,관저동,,서일고등학교,고등학교,고등학생,C:\Users\user\Documents\GitHub\studynavi\대전과외\서구과외\관저동과외\서일고과외\index.html,high,true,정상
school,대전광역시,서구,관저동,,서일여자고등학교,고등학교,고등학생,C:\Users\user\Documents\GitHub\studynavi\대전과외\서구과외\관저동과외\서일여자고과외\index.html,high,true,정상
school,대전광역시,서구,괴곡동,,대전정림중학교,중학교,중학생,C:\Users\user\Documents\GitHub\studynavi\대전과외\서구과외\괴곡동과외\대전정림중과외\index.html,high,true,정상
school,대전광역시,서구,괴정동,,대전괴정고등학교,고등학교,고등학생,C:\Users\user\Documents\GitHub\studynavi\대전과외\서구과외\대전괴정동과외\대전괴정고과외\index.html,high,true,정상
school,대전광역시,서구,괴정동,,대전괴정중학교,중학교,중학생,C:\Users\user\Documents\GitHub\studynavi\대전과외\서구과외\대전괴정동과외\대전괴정중과외\index.html,high,true,정상
school,대전광역시,서구,괴정동,,대전서중학교,중학교,중학생,C:\Users\user\Documents\GitHub\studynavi\대전과외\서구과외\대전괴정동과외\대전서중과외\index.html,high,true,정상
school,대전광역시,서구,내동,,대전외국어고등학교,고등학교,고등학생,C:\Users\user\Documents\GitHub\studynavi\대전과외\서구과외\대전내동과외\대전외국어고과외\index.html,high,true,정상
school,대전광역시,서구,월평동,,대전갑천중학교,중학교,중학생,C:\Users\user\Documents\GitHub\studynavi\대전과외\서구과외\대전월평동과외\대전갑천중과외\index.html,high,true,정상
school,대전광역시,서구,월평동,,대전남선중학교,중학교,중학생,C:\Users\user\Documents\GitHub\studynavi\대전과외\서구과외\대전월평동과외\대전남선중과외\index.html,high,true,정상
school,대전광역시,서구,월평동,,대전월평중학교,중학교,중학생,C:\Users\user\Documents\GitHub\studynavi\대전과외\서구과외\대전월평동과외\대전월평중과외\index.html,high,true,정상
school,대전광역시,서구,월평동,,서대전고등학교,고등학교,고등학생,C:\Users\user\Documents\GitHub\studynavi\대전과외\서구과외\대전월평동과외\서대전고과외\index.html,high,true,정상
school,대전광역시,서구,흑석동,,기성중학교,중학교,중학생,C:\Users\user\Documents\GitHub\studynavi\대전과외\서구과외\대전흑석동과외\기성중과외\index.html,high,true,정상
school,대전광역시,서구,도마동,,대전도마중학교,중학교,중학생,C:\Users\user\Documents\GitHub\studynavi\대전과외\서구과외\도마동과외\대전도마중과외\index.html,high,true,정상
school,대전광역시,서구,도마동,,대전버드내중학교,중학교,중학생,C:\Users\user\Documents\GitHub\studynavi\대전과외\서구과외\도마동과외\대전버드내중과외\index.html,high,true,정상
school,대전광역시,서구,도마동,,대전삼육중학교,중학교,중학생,C:\Users\user\Documents\GitHub\studynavi\대전과외\서구과외\도마동과외\대전삼육중과외\index.html,high,true,정상
school,대전광역시,서구,도마동,,대전제일고등학교,고등학교,고등학생,C:\Users\user\Documents\GitHub\studynavi\대전과외\서구과외\도마동과외\대전제일고과외\index.html,high,true,정상
school,대전광역시,서구,도마동,,서대전여자고등학교,고등학교,고등학생,C:\Users\user\Documents\GitHub\studynavi\대전과외\서구과외\도마동과외\서대전여자고과외\index.html,high,true,정상
school,대전광역시,서구,도안동,,대전도안중학교,중학교,중학생,C:\Users\user\Documents\GitHub\studynavi\대전과외\서구과외\도안동과외\대전도안중과외\index.html,high,true,정상
school,대전광역시,서구,둔산동,,대전문정중학교,중학교,중학생,C:\Users\user\Documents\GitHub\studynavi\대전과외\서구과외\둔산동과외\대전문정중과외\index.html,high,true,정상
school,대전광역시,서구,둔산동,,대전삼천중학교,중학교,중학생,C:\Users\user\Documents\GitHub\studynavi\대전과외\서구과외\둔산동과외\대전삼천중과외\index.html,high,true,정상
school,대전광역시,서구,둔산동,,대전탄방중학교,중학교,중학생,C:\Users\user\Documents\GitHub\studynavi\대전과외\서구과외\둔산동과외\대전탄방중과외\index.html,high,true,정상
school,대전광역시,서구,둔산동,,충남고등학교,고등학교,고등학생,C:\Users\user\Documents\GitHub\studynavi\대전과외\서구과외\둔산동과외\충남고과외\index.html,high,true,정상
school,대전광역시,서구,만년동,,대전만년고등학교,고등학교,고등학생,C:\Users\user\Documents\GitHub\studynavi\대전과외\서구과외\만년동과외\대전만년고과외\index.html,high,true,정상
school,대전광역시,서구,만년동,,대전만년중학교,중학교,중학생,C:\Users\user\Documents\GitHub\studynavi\대전과외\서구과외\만년동과외\대전만년중과외\index.html,high,true,정상
school,대전광역시,서구,변동,,대전내동중학교,중학교,중학생,C:\Users\user\Documents\GitHub\studynavi\대전과외\서구과외\변동과외\대전내동중과외\index.html,high,true,정상
school,대전광역시,서구,변동,,대전변동중학교,중학교,중학생,C:\Users\user\Documents\GitHub\studynavi\대전과외\서구과외\변동과외\대전변동중과외\index.html,high,true,정상
school,대전광역시,서구,변동,,대전봉산중학교,중학교,중학생,C:\Users\user\Documents\GitHub\studynavi\대전과외\서구과외\변동과외\대전봉산중과외\index.html,high,true,정상
school,대전광역시,서구,복수동,,대전대신고등학교,고등학교,고등학생,C:\Users\user\Documents\GitHub\studynavi\대전과외\서구과외\복수동과외\대전대신고과외\index.html,high,true,정상
school,대전광역시,서구,복수동,,대전대신중학교,중학교,중학생,C:\Users\user\Documents\GitHub\studynavi\대전과외\서구과외\복수동과외\대전대신중과외\index.html,high,true,정상
school,대전광역시,서구,복수동,,대전복수고등학교,고등학교,고등학생,C:\Users\user\Documents\GitHub\studynavi\대전과외\서구과외\복수동과외\대전복수고과외\index.html,high,true,정상
school,대전광역시,서구,복수동,,대전신계중학교,중학교,중학생,C:\Users\user\Documents\GitHub\studynavi\대전과외\서구과외\복수동과외\대전신계중과외\index.html,high,true,정상
school,대전광역시,서구,복수동,,동방여자중학교,중학교,중학생,C:\Users\user\Documents\GitHub\studynavi\대전과외\서구과외\복수동과외\동방여자중과외\index.html,high,true,정상
school,대전광역시,유성구,관평동,,대전관평중학교,중학교,중학생,C:\Users\user\Documents\GitHub\studynavi\대전과외\유성구과외\관평동과외\대전관평중과외\index.html,high,true,정상
school,대전광역시,유성구,관평동,,대전동화중학교,중학교,중학생,C:\Users\user\Documents\GitHub\studynavi\대전과외\유성구과외\관평동과외\대전동화중과외\index.html,high,true,정상
school,대전광역시,유성구,관평동,,중일고등학교,고등학교,고등학생,C:\Users\user\Documents\GitHub\studynavi\대전과외\유성구과외\관평동과외\중일고과외\index.html,high,true,정상
school,대전광역시,유성구,구성동,,대전과학고등학교,고등학교,고등학생,C:\Users\user\Documents\GitHub\studynavi\대전과외\유성구과외\구성동과외\대전과학고과외\index.html,high,true,정상
school,대전광역시,유성구,노은동,,대전노은고등학교,고등학교,고등학생,C:\Users\user\Documents\GitHub\studynavi\대전과외\유성구과외\노은동과외\대전노은고과외\index.html,high,true,정상
school,대전광역시,유성구,노은동,,대전노은중학교,중학교,중학생,C:\Users\user\Documents\GitHub\studynavi\대전과외\유성구과외\노은동과외\대전노은중과외\index.html,high,true,정상
school,대전광역시,유성구,가정동,,대덕중학교,중학교,중학생,C:\Users\user\Documents\GitHub\studynavi\대전과외\유성구과외\대전가정동과외\대덕중과외\index.html,high,true,정상
school,대전광역시,유성구,구암동,,유성고등학교,고등학교,고등학생,C:\Users\user\Documents\GitHub\studynavi\대전과외\유성구과외\대전구암동과외\유성고과외\index.html,high,true,정상
school,대전광역시,유성구,봉명동,,대전봉명중학교,중학교,중학생,C:\Users\user\Documents\GitHub\studynavi\대전과외\유성구과외\대전봉명동과외\대전봉명중과외\index.html,high,true,정상
school,대전광역시,유성구,신봉동,,대전자운중학교,중학교,중학생,C:\Users\user\Documents\GitHub\studynavi\대전과외\유성구과외\대전신봉동과외\대전자운중과외\index.html,high,true,정상
school,대전광역시,유성구,신성동,,성덕중학교,중학교,중학생,C:\Users\user\Documents\GitHub\studynavi\대전과외\유성구과외\대전신성동과외\성덕중과외\index.html,high,true,정상
school,대전광역시,유성구,용산동,,대전용산고등학교,고등학교,고등학생,C:\Users\user\Documents\GitHub\studynavi\대전과외\유성구과외\대전용산동과외\대전용산고과외\index.html,high,true,정상
school,대전광역시,유성구,덕명동,,대전덕명중학교,중학교,중학생,C:\Users\user\Documents\GitHub\studynavi\대전과외\유성구과외\덕명동과외\대전덕명중과외\index.html,high,true,정상
school,대전광역시,유성구,도룡동,,대덕고등학교,고등학교,고등학생,C:\Users\user\Documents\GitHub\studynavi\대전과외\유성구과외\도룡동과외\대덕고과외\index.html,high,true,정상
school,대전광역시,유성구,둔곡동,,대전둔곡중학교,중학교,중학생,C:\Users\user\Documents\GitHub\studynavi\대전과외\유성구과외\둔곡동과외\대전둔곡중과외\index.html,high,true,정상
school,대전광역시,유성구,반석동,,대전외삼중학교,중학교,중학생,C:\Users\user\Documents\GitHub\studynavi\대전과외\유성구과외\반석동과외\대전외삼중과외\index.html,high,true,정상
school,대전광역시,유성구,상대동,,유성중학교,중학교,중학생,C:\Users\user\Documents\GitHub\studynavi\대전과외\유성구과외\상대동과외\유성중과외\index.html,high,true,정상
school,대전광역시,유성구,송강동,,대전두리중학교,중학교,중학생,C:\Users\user\Documents\GitHub\studynavi\대전과외\유성구과외\송강동과외\대전두리중과외\index.html,high,true,정상
school,대전광역시,유성구,송강동,,대전송강중학교,중학교,중학생,C:\Users\user\Documents\GitHub\studynavi\대전과외\유성구과외\송강동과외\대전송강중과외\index.html,high,true,정상
school,대전광역시,유성구,어은동,,대전어은중학교,중학교,중학생,C:\Users\user\Documents\GitHub\studynavi\대전과외\유성구과외\어은동과외\대전어은중과외\index.html,high,true,정상
school,대전광역시,유성구,원내동,,대전도시과학고등학교,고등학교,고등학생,C:\Users\user\Documents\GitHub\studynavi\대전과외\유성구과외\원내동과외\대전도시과학고과외\index.html,high,true,정상
school,대전광역시,유성구,원내동,,진잠중학교,중학교,중학생,C:\Users\user\Documents\GitHub\studynavi\대전과외\유성구과외\원내동과외\진잠중과외\index.html,high,true,정상
school,대전광역시,유성구,원신흥동,,대전도안고등학교,고등학교,고등학생,C:\Users\user\Documents\GitHub\studynavi\대전과외\유성구과외\원신흥동과외\대전도안고과외\index.html,high,true,정상
school,대전광역시,유성구,원신흥동,,대전원신흥중학교,중학교,중학생,C:\Users\user\Documents\GitHub\studynavi\대전과외\유성구과외\원신흥동과외\대전원신흥중과외\index.html,high,true,정상
school,대전광역시,유성구,원신흥동,,대전체육중학교,중학교,중학생,C:\Users\user\Documents\GitHub\studynavi\대전과외\유성구과외\원신흥동과외\대전체육중과외\index.html,high,true,정상
school,대전광역시,유성구,장대동,,대전장대중학교,중학교,중학생,C:\Users\user\Documents\GitHub\studynavi\대전과외\유성구과외\장대동과외\대전장대중과외\index.html,high,true,정상
school,대전광역시,유성구,전민동,,대전문지중학교,중학교,중학생,C:\Users\user\Documents\GitHub\studynavi\대전과외\유성구과외\전민동과외\대전문지중과외\index.html,high,true,정상
school,대전광역시,유성구,전민동,,대전전민고등학교,고등학교,고등학생,C:\Users\user\Documents\GitHub\studynavi\대전과외\유성구과외\전민동과외\대전전민고과외\index.html,high,true,정상
school,대전광역시,유성구,전민동,,대전전민중학교,중학교,중학생,C:\Users\user\Documents\GitHub\studynavi\대전과외\유성구과외\전민동과외\대전전민중과외\index.html,high,true,정상
school,대전광역시,유성구,죽동,,유성여자고등학교,고등학교,고등학생,C:\Users\user\Documents\GitHub\studynavi\대전과외\유성구과외\죽동과외\유성여자고과외\index.html,high,true,정상
school,대전광역시,유성구,지족동,,대전반석고등학교,고등학교,고등학생,C:\Users\user\Documents\GitHub\studynavi\대전과외\유성구과외\지족동과외\대전반석고과외\index.html,high,true,정상
school,대전광역시,유성구,지족동,,대전새미래중학교,중학교,중학생,C:\Users\user\Documents\GitHub\studynavi\대전과외\유성구과외\지족동과외\대전새미래중과외\index.html,high,true,정상
school,대전광역시,유성구,지족동,,대전지족고등학교,고등학교,고등학생,C:\Users\user\Documents\GitHub\studynavi\대전과외\유성구과외\지족동과외\대전지족고과외\index.html,high,true,정상
school,대전광역시,유성구,지족동,,대전지족중학교,중학교,중학생,C:\Users\user\Documents\GitHub\studynavi\대전과외\유성구과외\지족동과외\대전지족중과외\index.html,high,true,정상
school,대전광역시,유성구,하기동,,대전하기중학교,중학교,중학생,C:\Users\user\Documents\GitHub\studynavi\대전과외\유성구과외\하기동과외\대전하기중과외\index.html,high,true,정상
school,대전광역시,중구,대흥동,,대전고등학교,고등학교,고등학생,C:\Users\user\Documents\GitHub\studynavi\대전과외\중구과외\대전대흥동과외\대전고과외\index.html,high,true,정상
school,대전광역시,중구,대흥동,,대전성모여자고등학교,고등학교,고등학생,C:\Users\user\Documents\GitHub\studynavi\대전과외\중구과외\대전대흥동과외\대전성모여자고과외\index.html,high,true,정상
school,대전광역시,중구,대흥동,,대전여자중학교,중학교,중학생,C:\Users\user\Documents\GitHub\studynavi\대전과외\중구과외\대전대흥동과외\대전여자중과외\index.html,high,true,정상
school,대전광역시,중구,대흥동,,대전중학교,중학교,중학생,C:\Users\user\Documents\GitHub\studynavi\대전과외\중구과외\대전대흥동과외\대전중과외\index.html,high,true,정상
school,대전광역시,중구,목동,,대전대성고등학교,고등학교,고등학생,C:\Users\user\Documents\GitHub\studynavi\대전과외\중구과외\대전목동과외\대전대성고과외\index.html,high,true,정상
school,대전광역시,중구,목동,,대전대성중학교,중학교,중학생,C:\Users\user\Documents\GitHub\studynavi\대전과외\중구과외\대전목동과외\대전대성중과외\index.html,high,true,정상
school,대전광역시,중구,목동,,충남여자고등학교,고등학교,고등학생,C:\Users\user\Documents\GitHub\studynavi\대전과외\중구과외\대전목동과외\충남여자고과외\index.html,high,true,정상
school,대전광역시,중구,목동,,충남여자중학교,중학교,중학생,C:\Users\user\Documents\GitHub\studynavi\대전과외\중구과외\대전목동과외\충남여자중과외\index.html,high,true,정상
school,대전광역시,중구,문화동,,대전국제통상고등학교,고등학교,고등학생,C:\Users\user\Documents\GitHub\studynavi\대전과외\중구과외\대전문화동과외\대전국제통상고과외\index.html,high,true,정상
school,대전광역시,중구,문화동,,대전글꽃중학교,중학교,중학생,C:\Users\user\Documents\GitHub\studynavi\대전과외\중구과외\대전문화동과외\대전글꽃중과외\index.html,high,true,정상
school,대전광역시,중구,문화동,,대전대문중학교,중학교,중학생,C:\Users\user\Documents\GitHub\studynavi\대전과외\중구과외\대전문화동과외\대전대문중과외\index.html,high,true,정상
school,대전광역시,중구,문화동,,대전동산고등학교,고등학교,고등학생,C:\Users\user\Documents\GitHub\studynavi\대전과외\중구과외\대전문화동과외\대전동산고과외\index.html,high,true,정상
school,대전광역시,중구,문화동,,대전동산중학교,중학교,중학생,C:\Users\user\Documents\GitHub\studynavi\대전과외\중구과외\대전문화동과외\대전동산중과외\index.html,high,true,정상
school,대전광역시,중구,문화동,,대전문화여자중학교,중학교,중학생,C:\Users\user\Documents\GitHub\studynavi\대전과외\중구과외\대전문화동과외\대전문화여자중과외\index.html,high,true,정상
school,대전광역시,중구,용두동,,호수돈여자고등학교,고등학교,고등학생,C:\Users\user\Documents\GitHub\studynavi\대전과외\중구과외\대전용두동과외\호수돈여자고과외\index.html,high,true,정상
school,대전광역시,중구,용두동,,호수돈여자중학교,중학교,중학생,C:\Users\user\Documents\GitHub\studynavi\대전과외\중구과외\대전용두동과외\호수돈여자중과외\index.html,high,true,정상
school,대전광역시,중구,태평동,,대전태평중학교,중학교,중학생,C:\Users\user\Documents\GitHub\studynavi\대전과외\중구과외\대전태평동과외\대전태평중과외\index.html,high,true,정상
school,대전광역시,중구,부사동,,남대전고등학교,고등학교,고등학생,C:\Users\user\Documents\GitHub\studynavi\대전과외\중구과외\부사동과외\남대전고과외\index.html,high,true,정상
school,대전광역시,중구,부사동,,대전신일여자고등학교,고등학교,고등학생,C:\Users\user\Documents\GitHub\studynavi\대전과외\중구과외\부사동과외\대전신일여자고과외\index.html,high,true,정상
school,대전광역시,중구,부사동,,대전신일중학교,중학교,중학생,C:\Users\user\Documents\GitHub\studynavi\대전과외\중구과외\부사동과외\대전신일중과외\index.html,high,true,정상
school,대전광역시,중구,부사동,,청란여자고등학교,고등학교,고등학생,C:\Users\user\Documents\GitHub\studynavi\대전과외\중구과외\부사동과외\청란여자고과외\index.html,high,true,정상
school,대전광역시,중구,부사동,,청란여자중학교,중학교,중학생,C:\Users\user\Documents\GitHub\studynavi\대전과외\중구과외\부사동과외\청란여자중과외\index.html,high,true,정상
school,대전광역시,중구,석교동,,동명중학교,중학교,중학생,C:\Users\user\Documents\GitHub\studynavi\대전과외\중구과외\석교동과외\동명중과외\index.html,high,true,정상
school,대전광역시,중구,안영동,,대전한빛고등학교,고등학교,고등학생,C:\Users\user\Documents\GitHub\studynavi\대전과외\중구과외\안영동과외\대전한빛고과외\index.html,high,true,정상
school,대전광역시,중구,중촌동,,대전중앙고등학교,고등학교,고등학생,C:\Users\user\Documents\GitHub\studynavi\대전과외\중구과외\중촌동과외\대전중앙고과외\index.html,high,true,정상
school,대전광역시,중구,중촌동,,대전중앙중학교,중학교,중학생,C:\Users\user\Documents\GitHub\studynavi\대전과외\중구과외\중촌동과외\대전중앙중과외\index.html,high,true,정상
school,부산광역시,강서구,강동동,,가락중학교,중학교,중학생,C:\Users\user\Documents\GitHub\studynavi\부산과외\강서구과외\강동동과외\가락중과외\index.html,high,true,정상
school,부산광역시,강서구,녹산동,,녹산중학교,중학교,중학생,C:\Users\user\Documents\GitHub\studynavi\부산과외\강서구과외\녹산동과외\녹산중과외\index.html,high,true,정상
school,부산광역시,강서구,명지동,,경일고등학교,고등학교,고등학생,C:\Users\user\Documents\GitHub\studynavi\부산과외\강서구과외\명지동과외\경일고과외\index.html,high,true,정상
school,부산광역시,강서구,명지동,,경일중학교,중학교,중학생,C:\Users\user\Documents\GitHub\studynavi\부산과외\강서구과외\명지동과외\경일중과외\index.html,high,true,정상
school,부산광역시,강서구,명지동,,명지중학교,중학교,중학생,C:\Users\user\Documents\GitHub\studynavi\부산과외\강서구과외\명지동과외\명지중과외\index.html,high,true,정상
school,부산광역시,강서구,명지동,,명호고등학교,고등학교,고등학생,C:\Users\user\Documents\GitHub\studynavi\부산과외\강서구과외\명지동과외\명호고과외\index.html,high,true,정상
school,부산광역시,강서구,명지동,,명호중학교,중학교,중학생,C:\Users\user\Documents\GitHub\studynavi\부산과외\강서구과외\명지동과외\명호중과외\index.html,high,true,정상
school,부산광역시,강서구,명지동,,오션중학교,중학교,중학생,C:\Users\user\Documents\GitHub\studynavi\부산과외\강서구과외\명지동과외\오션중과외\index.html,high,true,정상
school,부산광역시,강서구,낙동,,낙동중학교,중학교,중학생,C:\Users\user\Documents\GitHub\studynavi\부산과외\강서구과외\부산낙동과외\낙동중과외\index.html,high,true,정상
school,부산광역시,강서구,성북동,,덕문고등학교,고등학교,고등학생,C:\Users\user\Documents\GitHub\studynavi\부산과외\강서구과외\부산성북동과외\덕문고과외\index.html,high,true,정상
school,부산광역시,강서구,성북동,,덕문중학교,중학교,중학생,C:\Users\user\Documents\GitHub\studynavi\부산과외\강서구과외\부산성북동과외\덕문중과외\index.html,high,true,정상
school,부산광역시,강서구,신호동,,신호중학교,중학교,중학생,C:\Users\user\Documents\GitHub\studynavi\부산과외\강서구과외\신호동과외\신호중과외\index.html,high,true,정상
school,부산광역시,강서구,지사동,,지사중학교,중학교,중학생,C:\Users\user\Documents\GitHub\studynavi\부산과외\강서구과외\지사동과외\지사중과외\index.html,high,true,정상
school,부산광역시,금정구,구서동,,구서여자중학교,중학교,중학생,C:\Users\user\Documents\GitHub\studynavi\부산과외\금정구과외\구서동과외\구서여자중과외\index.html,high,true,정상
school,부산광역시,금정구,구서동,,동래여자고등학교,고등학교,고등학생,C:\Users\user\Documents\GitHub\studynavi\부산과외\금정구과외\구서동과외\동래여자고과외\index.html,high,true,정상
school,부산광역시,금정구,구서동,,동래여자중학교,중학교,중학생,C:\Users\user\Documents\GitHub\studynavi\부산과외\금정구과외\구서동과외\동래여자중과외\index.html,high,true,정상
school,부산광역시,금정구,구서동,,부산과학고등학교,고등학교,고등학생,C:\Users\user\Documents\GitHub\studynavi\부산과외\금정구과외\구서동과외\부산과학고과외\index.html,high,true,정상
school,부산광역시,금정구,구서동,,부산예술중학교,중학교,중학생,C:\Users\user\Documents\GitHub\studynavi\부산과외\금정구과외\구서동과외\부산예술중과외\index.html,high,true,정상
school,부산광역시,금정구,구서동,,브니엘고등학교,고등학교,고등학생,C:\Users\user\Documents\GitHub\studynavi\부산과외\금정구과외\구서동과외\브니엘고과외\index.html,high,true,정상
school,부산광역시,금정구,구서동,,브니엘여자고등학교,고등학교,고등학생,C:\Users\user\Documents\GitHub\studynavi\부산과외\금정구과외\구서동과외\브니엘여자고과외\index.html,high,true,정상
school,부산광역시,금정구,구서동,,브니엘예술중학교,중학교,중학생,C:\Users\user\Documents\GitHub\studynavi\부산과외\금정구과외\구서동과외\브니엘예술중과외\index.html,high,true,정상
school,부산광역시,금정구,남산동,,금정중학교,중학교,중학생,C:\Users\user\Documents\GitHub\studynavi\부산과외\금정구과외\부산남산동과외\금정중과외\index.html,high,true,정상
school,부산광역시,금정구,남산동,,남산고등학교,고등학교,고등학생,C:\Users\user\Documents\GitHub\studynavi\부산과외\금정구과외\부산남산동과외\남산고과외\index.html,high,true,정상
school,부산광역시,금정구,남산동,,남산중학교,중학교,중학생,C:\Users\user\Documents\GitHub\studynavi\부산과외\금정구과외\부산남산동과외\남산중과외\index.html,high,true,정상
school,부산광역시,금정구,부곡동,,금양중학교,중학교,중학생,C:\Users\user\Documents\GitHub\studynavi\부산과외\금정구과외\부산부곡동과외\금양중과외\index.html,high,true,정상
school,부산광역시,금정구,부곡동,,내성고등학교,고등학교,고등학생,C:\Users\user\Documents\GitHub\studynavi\부산과외\금정구과외\부산부곡동과외\내성고과외\index.html,high,true,정상
school,부산광역시,금정구,부곡동,,동현중학교,중학교,중학생,C:\Users\user\Documents\GitHub\studynavi\부산과외\금정구과외\부산부곡동과외\동현중과외\index.html,high,true,정상
school,부산광역시,금정구,부곡동,,부곡여자중학교,중학교,중학생,C:\Users\user\Documents\GitHub\studynavi\부산과외\금정구과외\부산부곡동과외\부곡여자중과외\index.html,high,true,정상
school,부산광역시,금정구,부곡동,,부곡중학교,중학교,중학생,C:\Users\user\Documents\GitHub\studynavi\부산과외\금정구과외\부산부곡동과외\부곡중과외\index.html,high,true,정상
school,부산광역시,금정구,부곡동,,부산대학교사범대학부설고등학교,고등학교,고등학생,C:\Users\user\Documents\GitHub\studynavi\부산과외\금정구과외\부산부곡동과외\부산대학교사범대학부설고과외\index.html,high,true,정상
school,부산광역시,금정구,부곡동,,지산고등학교,고등학교,고등학생,C:\Users\user\Documents\GitHub\studynavi\부산과외\금정구과외\부산부곡동과외\지산고과외\index.html,high,true,정상
school,부산광역시,금정구,서동,,금사중학교,중학교,중학생,C:\Users\user\Documents\GitHub\studynavi\부산과외\금정구과외\부산서동과외\금사중과외\index.html,high,true,정상
school,부산광역시,금정구,서동,,금샘고등학교,고등학교,고등학생,C:\Users\user\Documents\GitHub\studynavi\부산과외\금정구과외\부산서동과외\금샘고과외\index.html,high,true,정상
school,부산광역시,금정구,서동,,금정여자고등학교,고등학교,고등학생,C:\Users\user\Documents\GitHub\studynavi\부산과외\금정구과외\부산서동과외\금정여자고과외\index.html,high,true,정상
school,부산광역시,금정구,장전동,,장전중학교,중학교,중학생,C:\Users\user\Documents\GitHub\studynavi\부산과외\금정구과외\장전동과외\장전중과외\index.html,high,true,정상
school,부산광역시,남구,감만동,,감만중학교,중학교,중학생,C:\Users\user\Documents\GitHub\studynavi\부산과외\남구과외\감만동과외\감만중과외\index.html,high,true,정상
school,부산광역시,남구,감만동,,동항중학교,중학교,중학생,C:\Users\user\Documents\GitHub\studynavi\부산과외\남구과외\감만동과외\동항중과외\index.html,high,true,정상
school,부산광역시,남구,대연동,,남천중학교,중학교,중학생,C:\Users\user\Documents\GitHub\studynavi\부산과외\남구과외\대연동과외\남천중과외\index.html,high,true,정상
school,부산광역시,남구,대연동,,대연고등학교,고등학교,고등학생,C:\Users\user\Documents\GitHub\studynavi\부산과외\남구과외\대연동과외\대연고과외\index.html,high,true,정상
school,부산광역시,남구,대연동,,대연중학교,중학교,중학생,C:\Users\user\Documents\GitHub\studynavi\부산과외\남구과외\대연동과외\대연중과외\index.html,high,true,정상
school,부산광역시,남구,대연동,,대천중학교,중학교,중학생,C:\Users\user\Documents\GitHub\studynavi\부산과외\남구과외\대연동과외\대천중과외\index.html,high,true,정상
school,부산광역시,남구,대연동,,동천고등학교,고등학교,고등학생,C:\Users\user\Documents\GitHub\studynavi\부산과외\남구과외\대연동과외\동천고과외\index.html,high,true,정상
school,부산광역시,남구,대연동,,부산중앙고등학교,고등학교,고등학생,C:\Users\user\Documents\GitHub\studynavi\부산과외\남구과외\대연동과외\부산중앙고과외\index.html,high,true,정상
school,부산광역시,남구,대연동,,세연고등학교,고등학교,고등학생,C:\Users\user\Documents\GitHub\studynavi\부산과외\남구과외\대연동과외\세연고과외\index.html,high,true,정상
school,부산광역시,남구,대연동,,해연중학교,중학교,중학생,C:\Users\user\Documents\GitHub\studynavi\부산과외\남구과외\대연동과외\해연중과외\index.html,high,true,정상
school,부산광역시,남구,문현동,,대양고등학교,고등학교,고등학생,C:\Users\user\Documents\GitHub\studynavi\부산과외\남구과외\문현동과외\대양고과외\index.html,high,true,정상
school,부산광역시,남구,문현동,,문현여자고등학교,고등학교,고등학생,C:\Users\user\Documents\GitHub\studynavi\부산과외\남구과외\문현동과외\문현여자고과외\index.html,high,true,정상
school,부산광역시,남구,문현동,,문현여자중학교,중학교,중학생,C:\Users\user\Documents\GitHub\studynavi\부산과외\남구과외\문현동과외\문현여자중과외\index.html,high,true,정상
school,부산광역시,남구,문현동,,배정고등학교,고등학교,고등학생,C:\Users\user\Documents\GitHub\studynavi\부산과외\남구과외\문현동과외\배정고과외\index.html,high,true,정상
school,부산광역시,남구,문현동,,배정미래고등학교,고등학교,고등학생,C:\Users\user\Documents\GitHub\studynavi\부산과외\남구과외\문현동과외\배정미래고과외\index.html,high,true,정상
school,부산광역시,남구,문현동,,성동중학교,중학교,중학생,C:\Users\user\Documents\GitHub\studynavi\부산과외\남구과외\문현동과외\성동중과외\index.html,high,true,정상
school,부산광역시,남구,문현동,,한얼고등학교,고등학교,고등학생,C:\Users\user\Documents\GitHub\studynavi\부산과외\남구과외\문현동과외\한얼고과외\index.html,high,true,정상
school,부산광역시,남구,용당동,,석포여자중학교,중학교,중학생,C:\Users\user\Documents\GitHub\studynavi\부산과외\남구과외\부산용당동과외\석포여자중과외\index.html,high,true,정상
school,부산광역시,남구,용호동,,분포고등학교,고등학교,고등학생,C:\Users\user\Documents\GitHub\studynavi\부산과외\남구과외\부산용호동과외\분포고과외\index.html,high,true,정상
school,부산광역시,남구,용호동,,분포중학교,중학교,중학생,C:\Users\user\Documents\GitHub\studynavi\부산과외\남구과외\부산용호동과외\분포중과외\index.html,high,true,정상
school,부산광역시,남구,용호동,,예문여자고등학교,고등학교,고등학생,C:\Users\user\Documents\GitHub\studynavi\부산과외\남구과외\부산용호동과외\예문여자고과외\index.html,high,true,정상
school,부산광역시,남구,용호동,,오륙도중학교,중학교,중학생,C:\Users\user\Documents\GitHub\studynavi\부산과외\남구과외\부산용호동과외\오륙도중과외\index.html,high,true,정상
school,부산광역시,남구,용호동,,용문중학교,중학교,중학생,C:\Users\user\Documents\GitHub\studynavi\부산과외\남구과외\부산용호동과외\용문중과외\index.html,high,true,정상
school,부산광역시,남구,용호동,,용호중학교,중학교,중학생,C:\Users\user\Documents\GitHub\studynavi\부산과외\남구과외\부산용호동과외\용호중과외\index.html,high,true,정상
school,부산광역시,남구,우암동,,성지고등학교,고등학교,고등학생,C:\Users\user\Documents\GitHub\studynavi\부산과외\남구과외\부산우암동과외\성지고과외\index.html,high,true,정상
school,부산광역시,동구,범일동,,데레사여자고등학교,고등학교,고등학생,C:\Users\user\Documents\GitHub\studynavi\부산과외\동구과외\범일동과외\데레사여자고과외\index.html,high,true,정상
school,부산광역시,동구,수정동,,경남여자고등학교,고등학교,고등학생,C:\Users\user\Documents\GitHub\studynavi\부산과외\동구과외\부산수정동과외\경남여자고과외\index.html,high,true,정상
school,부산광역시,동구,수정동,,경남여자중학교,중학교,중학생,C:\Users\user\Documents\GitHub\studynavi\부산과외\동구과외\부산수정동과외\경남여자중과외\index.html,high,true,정상
school,부산광역시,동구,수정동,,부산동여자중학교,중학교,중학생,C:\Users\user\Documents\GitHub\studynavi\부산과외\동구과외\부산수정동과외\부산동여자중과외\index.html,high,true,정상
school,부산광역시,동구,수정동,,부산서중학교,중학교,중학생,C:\Users\user\Documents\GitHub\studynavi\부산과외\동구과외\부산수정동과외\부산서중과외\index.html,high,true,정상
school,부산광역시,동구,좌천동,,금성고등학교,고등학교,고등학생,C:\Users\user\Documents\GitHub\studynavi\부산과외\동구과외\좌천동과외\금성고과외\index.html,high,true,정상
school,부산광역시,동구,초량동,,부산고등학교,고등학교,고등학생,C:\Users\user\Documents\GitHub\studynavi\부산과외\동구과외\초량동과외\부산고과외\index.html,high,true,정상
school,부산광역시,동구,초량동,,부산중학교,중학교,중학생,C:\Users\user\Documents\GitHub\studynavi\부산과외\동구과외\초량동과외\부산중과외\index.html,high,true,정상
school,부산광역시,동구,초량동,,선화여자중학교,중학교,중학생,C:\Users\user\Documents\GitHub\studynavi\부산과외\동구과외\초량동과외\선화여자중과외\index.html,high,true,정상
school,부산광역시,동래구,명장동,,금정고등학교,고등학교,고등학생,C:\Users\user\Documents\GitHub\studynavi\부산과외\동래구과외\명장동과외\금정고과외\index.html,high,true,정상
school,부산광역시,동래구,명장동,,대명여자고등학교,고등학교,고등학생,C:\Users\user\Documents\GitHub\studynavi\부산과외\동래구과외\명장동과외\대명여자고과외\index.html,high,true,정상
school,부산광역시,동래구,명장동,,동신중학교,중학교,중학생,C:\Users\user\Documents\GitHub\studynavi\부산과외\동래구과외\명장동과외\동신중과외\index.html,high,true,정상
school,부산광역시,동래구,명장동,,용인고등학교,고등학교,고등학생,C:\Users\user\Documents\GitHub\studynavi\부산과외\동래구과외\명장동과외\용인고과외\index.html,high,true,정상
school,부산광역시,동래구,명장동,,충렬고등학교,고등학교,고등학생,C:\Users\user\Documents\GitHub\studynavi\부산과외\동래구과외\명장동과외\충렬고과외\index.html,high,true,정상
school,부산광역시,동래구,명장동,,충렬중학교,중학교,중학생,C:\Users\user\Documents\GitHub\studynavi\부산과외\동래구과외\명장동과외\충렬중과외\index.html,high,true,정상
school,부산광역시,동래구,명장동,,학산여자고등학교,고등학교,고등학생,C:\Users\user\Documents\GitHub\studynavi\부산과외\동래구과외\명장동과외\학산여자고과외\index.html,high,true,정상
school,부산광역시,동래구,명장동,,학산여자중학교,중학교,중학생,C:\Users\user\Documents\GitHub\studynavi\부산과외\동래구과외\명장동과외\학산여자중과외\index.html,high,true,정상
school,부산광역시,동래구,명장동,,혜화여자고등학교,고등학교,고등학생,C:\Users\user\Documents\GitHub\studynavi\부산과외\동래구과외\명장동과외\혜화여자고과외\index.html,high,true,정상
school,부산광역시,동래구,명장동,,혜화여자중학교,중학교,중학생,C:\Users\user\Documents\GitHub\studynavi\부산과외\동래구과외\명장동과외\혜화여자중과외\index.html,high,true,정상
school,부산광역시,동래구,명륜동,,동래중학교,중학교,중학생,C:\Users\user\Documents\GitHub\studynavi\부산과외\동래구과외\부산명륜동과외\동래중과외\index.html,high,true,정상
school,부산광역시,동래구,명륜동,,동해중학교,중학교,중학생,C:\Users\user\Documents\GitHub\studynavi\부산과외\동래구과외\부산명륜동과외\동해중과외\index.html,high,true,정상
school,부산광역시,동래구,명륜동,,부산중앙여자고등학교,고등학교,고등학생,C:\Users\user\Documents\GitHub\studynavi\부산과외\동래구과외\부산명륜동과외\부산중앙여자고과외\index.html,high,true,정상
school,부산광역시,동래구,사직동,,동인고등학교,고등학교,고등학생,C:\Users\user\Documents\GitHub\studynavi\부산과외\동래구과외\부산사직동과외\동인고과외\index.html,high,true,정상
school,부산광역시,동래구,사직동,,사직고등학교,고등학교,고등학생,C:\Users\user\Documents\GitHub\studynavi\부산과외\동래구과외\부산사직동과외\사직고과외\index.html,high,true,정상
school,부산광역시,동래구,사직동,,사직여자고등학교,고등학교,고등학생,C:\Users\user\Documents\GitHub\studynavi\부산과외\동래구과외\부산사직동과외\사직여자고과외\index.html,high,true,정상
school,부산광역시,동래구,사직동,,사직여자중학교,중학교,중학생,C:\Users\user\Documents\GitHub\studynavi\부산과외\동래구과외\부산사직동과외\사직여자중과외\index.html,high,true,정상
school,부산광역시,동래구,사직동,,사직중학교,중학교,중학생,C:\Users\user\Documents\GitHub\studynavi\부산과외\동래구과외\부산사직동과외\사직중과외\index.html,high,true,정상
school,부산광역시,동래구,사직동,,여명중학교,중학교,중학생,C:\Users\user\Documents\GitHub\studynavi\부산과외\동래구과외\부산사직동과외\여명중과외\index.html,high,true,정상
school,부산광역시,동래구,온천동,,동래원예고등학교,고등학교,고등학생,C:\Users\user\Documents\GitHub\studynavi\부산과외\동래구과외\부산온천동과외\동래원예고과외\index.html,high,true,정상
school,부산광역시,동래구,온천동,,부산내성중학교,중학교,중학생,C:\Users\user\Documents\GitHub\studynavi\부산과외\동래구과외\부산온천동과외\부산내성중과외\index.html,high,true,정상
school,부산광역시,동래구,온천동,,온천중학교,중학교,중학생,C:\Users\user\Documents\GitHub\studynavi\부산과외\동래구과외\부산온천동과외\온천중과외\index.html,high,true,정상
school,부산광역시,동래구,온천동,,유락여자중학교,중학교,중학생,C:\Users\user\Documents\GitHub\studynavi\부산과외\동래구과외\부산온천동과외\유락여자중과외\index.html,high,true,정상
school,부산광역시,동래구,안락동,,남일중학교,중학교,중학생,C:\Users\user\Documents\GitHub\studynavi\부산과외\동래구과외\안락동과외\남일중과외\index.html,high,true,정상
school,부산광역시,동래구,칠산동,,동래고등학교,고등학교,고등학생,C:\Users\user\Documents\GitHub\studynavi\부산과외\동래구과외\칠산동과외\동래고과외\index.html,high,true,정상
school,부산광역시,부산진구,가야동,,가야고등학교,고등학교,고등학생,C:\Users\user\Documents\GitHub\studynavi\부산과외\부산진구과외\가야동과외\가야고과외\index.html,high,true,정상
school,부산광역시,부산진구,가야동,,가야여자중학교,중학교,중학생,C:\Users\user\Documents\GitHub\studynavi\부산과외\부산진구과외\가야동과외\가야여자중과외\index.html,high,true,정상
school,부산광역시,부산진구,가야동,,부산개성중학교,중학교,중학생,C:\Users\user\Documents\GitHub\studynavi\부산과외\부산진구과외\가야동과외\부산개성중과외\index.html,high,true,정상
school,부산광역시,부산진구,개금동,,개금고등학교,고등학교,고등학생,C:\Users\user\Documents\GitHub\studynavi\부산과외\부산진구과외\개금동과외\개금고과외\index.html,high,true,정상
school,부산광역시,부산진구,개금동,,개림중학교,중학교,중학생,C:\Users\user\Documents\GitHub\studynavi\부산과외\부산진구과외\개금동과외\개림중과외\index.html,high,true,정상
school,부산광역시,부산진구,개금동,,광무여자중학교,중학교,중학생,C:\Users\user\Documents\GitHub\studynavi\부산과외\부산진구과외\개금동과외\광무여자중과외\index.html,high,true,정상
school,부산광역시,부산진구,당감동,,개금여자중학교,중학교,중학생,C:\Users\user\Documents\GitHub\studynavi\부산과외\부산진구과외\당감동과외\개금여자중과외\index.html,high,true,정상
school,부산광역시,부산진구,당감동,,개성고등학교,고등학교,고등학생,C:\Users\user\Documents\GitHub\studynavi\부산과외\부산진구과외\당감동과외\개성고과외\index.html,high,true,정상
school,부산광역시,부산진구,당감동,,경원고등학교,고등학교,고등학생,C:\Users\user\Documents\GitHub\studynavi\부산과외\부산진구과외\당감동과외\경원고과외\index.html,high,true,정상
school,부산광역시,부산진구,당감동,,부산국제고등학교,고등학교,고등학생,C:\Users\user\Documents\GitHub\studynavi\부산과외\부산진구과외\당감동과외\부산국제고과외\index.html,high,true,정상
school,부산광역시,부산진구,당감동,,부산국제중학교,중학교,중학생,C:\Users\user\Documents\GitHub\studynavi\부산과외\부산진구과외\당감동과외\부산국제중과외\index.html,high,true,정상
school,부산광역시,부산진구,범전동,,부산진중학교,중학교,중학생,C:\Users\user\Documents\GitHub\studynavi\부산과외\부산진구과외\범전동과외\부산진중과외\index.html,high,true,정상
school,부산광역시,부산진구,양정동,,부산진여자고등학교,고등학교,고등학생,C:\Users\user\Documents\GitHub\studynavi\부산과외\부산진구과외\부산양정동과외\부산진여자고과외\index.html,high,true,정상
school,부산광역시,부산진구,양정동,,성모여자고등학교,고등학교,고등학생,C:\Users\user\Documents\GitHub\studynavi\부산과외\부산진구과외\부산양정동과외\성모여자고과외\index.html,high,true,정상
school,부산광역시,부산진구,양정동,,세정고등학교,고등학교,고등학생,C:\Users\user\Documents\GitHub\studynavi\부산과외\부산진구과외\부산양정동과외\세정고과외\index.html,high,true,정상
school,부산광역시,부산진구,양정동,,양동여자중학교,중학교,중학생,C:\Users\user\Documents\GitHub\studynavi\부산과외\부산진구과외\부산양정동과외\양동여자중과외\index.html,high,true,정상
school,부산광역시,부산진구,양정동,,양정고등학교,고등학교,고등학생,C:\Users\user\Documents\GitHub\studynavi\부산과외\부산진구과외\부산양정동과외\양정고과외\index.html,high,true,정상
school,부산광역시,부산진구,부암동,,동양중학교,중학교,중학생,C:\Users\user\Documents\GitHub\studynavi\부산과외\부산진구과외\부암동과외\동양중과외\index.html,high,true,정상
school,부산광역시,부산진구,부암동,,동평여자중학교,중학교,중학생,C:\Users\user\Documents\GitHub\studynavi\부산과외\부산진구과외\부암동과외\동평여자중과외\index.html,high,true,정상
school,부산광역시,부산진구,부암동,,동평중학교,중학교,중학생,C:\Users\user\Documents\GitHub\studynavi\부산과외\부산진구과외\부암동과외\동평중과외\index.html,high,true,정상
school,부산광역시,부산진구,부암동,,서면중학교,중학교,중학생,C:\Users\user\Documents\GitHub\studynavi\부산과외\부산진구과외\부암동과외\서면중과외\index.html,high,true,정상
school,부산광역시,부산진구,전포동,,덕명여자중학교,중학교,중학생,C:\Users\user\Documents\GitHub\studynavi\부산과외\부산진구과외\전포동과외\덕명여자중과외\index.html,high,true,정상
school,부산광역시,부산진구,전포동,,동의고등학교,고등학교,고등학생,C:\Users\user\Documents\GitHub\studynavi\부산과외\부산진구과외\전포동과외\동의고과외\index.html,high,true,정상
school,부산광역시,부산진구,전포동,,동의중학교,중학교,중학생,C:\Users\user\Documents\GitHub\studynavi\부산과외\부산진구과외\전포동과외\동의중과외\index.html,high,true,정상
school,부산광역시,부산진구,전포동,,부산동고등학교,고등학교,고등학생,C:\Users\user\Documents\GitHub\studynavi\부산과외\부산진구과외\전포동과외\부산동고과외\index.html,high,true,정상
school,부산광역시,부산진구,전포동,,부산동성고등학교,고등학교,고등학생,C:\Users\user\Documents\GitHub\studynavi\부산과외\부산진구과외\전포동과외\부산동성고과외\index.html,high,true,정상
school,부산광역시,부산진구,전포동,,부산동중학교,중학교,중학생,C:\Users\user\Documents\GitHub\studynavi\부산과외\부산진구과외\전포동과외\부산동중과외\index.html,high,true,정상
school,부산광역시,부산진구,전포동,,부산마케팅고등학교,고등학교,고등학생,C:\Users\user\Documents\GitHub\studynavi\부산과외\부산진구과외\전포동과외\부산마케팅고과외\index.html,high,true,정상
school,부산광역시,부산진구,전포동,,부산진여자중학교,중학교,중학생,C:\Users\user\Documents\GitHub\studynavi\부산과외\부산진구과외\전포동과외\부산진여자중과외\index.html,high,true,정상
school,부산광역시,부산진구,전포동,,항도중학교,중학교,중학생,C:\Users\user\Documents\GitHub\studynavi\부산과외\부산진구과외\전포동과외\항도중과외\index.html,high,true,정상
school,부산광역시,부산진구,초읍동,,부산진고등학교,고등학교,고등학생,C:\Users\user\Documents\GitHub\studynavi\부산과외\부산진구과외\초읍동과외\부산진고과외\index.html,high,true,정상
school,부산광역시,부산진구,초읍동,,초연중학교,중학교,중학생,C:\Users\user\Documents\GitHub\studynavi\부산과외\부산진구과외\초읍동과외\초연중과외\index.html,high,true,정상
school,부산광역시,부산진구,초읍동,,초읍중학교,중학교,중학생,C:\Users\user\Documents\GitHub\studynavi\부산과외\부산진구과외\초읍동과외\초읍중과외\index.html,high,true,정상
school,부산광역시,북구,덕천동,,낙동고등학교,고등학교,고등학생,C:\Users\user\Documents\GitHub\studynavi\부산과외\북구과외\덕천동과외\낙동고과외\index.html,high,true,정상
school,부산광역시,북구,덕천동,,덕천중학교,중학교,중학생,C:\Users\user\Documents\GitHub\studynavi\부산과외\북구과외\덕천동과외\덕천중과외\index.html,high,true,정상
school,부산광역시,북구,만덕동,,만덕고등학교,고등학교,고등학생,C:\Users\user\Documents\GitHub\studynavi\부산과외\북구과외\만덕동과외\만덕고과외\index.html,high,true,정상
school,부산광역시,북구,만덕동,,만덕중학교,중학교,중학생,C:\Users\user\Documents\GitHub\studynavi\부산과외\북구과외\만덕동과외\만덕중과외\index.html,high,true,정상
school,부산광역시,북구,만덕동,,백양중학교,중학교,중학생,C:\Users\user\Documents\GitHub\studynavi\부산과외\북구과외\만덕동과외\백양중과외\index.html,high,true,정상
school,부산광역시,북구,만덕동,,신덕중학교,중학교,중학생,C:\Users\user\Documents\GitHub\studynavi\부산과외\북구과외\만덕동과외\신덕중과외\index.html,high,true,정상
school,부산광역시,북구,구포동,,가람중학교,중학교,중학생,C:\Users\user\Documents\GitHub\studynavi\부산과외\북구과외\부산구포동과외\가람중과외\index.html,high,true,정상
school,부산광역시,북구,구포동,,경혜여자고등학교,고등학교,고등학생,C:\Users\user\Documents\GitHub\studynavi\부산과외\북구과외\부산구포동과외\경혜여자고과외\index.html,high,true,정상
school,부산광역시,북구,구포동,,구남중학교,중학교,중학생,C:\Users\user\Documents\GitHub\studynavi\부산과외\북구과외\부산구포동과외\구남중과외\index.html,high,true,정상
school,부산광역시,북구,구포동,,구포중학교,중학교,중학생,C:\Users\user\Documents\GitHub\studynavi\부산과외\북구과외\부산구포동과외\구포중과외\index.html,high,true,정상
school,부산광역시,북구,구포동,,부산백양고등학교,고등학교,고등학생,C:\Users\user\Documents\GitHub\studynavi\부산과외\북구과외\부산구포동과외\부산백양고과외\index.html,high,true,정상
school,부산광역시,북구,구포동,,삼정고등학교,고등학교,고등학생,C:\Users\user\Documents\GitHub\studynavi\부산과외\북구과외\부산구포동과외\삼정고과외\index.html,high,true,정상
school,부산광역시,북구,구포동,,성도고등학교,고등학교,고등학생,C:\Users\user\Documents\GitHub\studynavi\부산과외\북구과외\부산구포동과외\성도고과외\index.html,high,true,정상
school,부산광역시,북구,구포동,,양덕여자중학교,중학교,중학생,C:\Users\user\Documents\GitHub\studynavi\부산과외\북구과외\부산구포동과외\양덕여자중과외\index.html,high,true,정상
school,부산광역시,북구,금곡동,,금곡고등학교,고등학교,고등학생,C:\Users\user\Documents\GitHub\studynavi\부산과외\북구과외\부산금곡동과외\금곡고과외\index.html,high,true,정상
school,부산광역시,북구,금곡동,,금곡중학교,중학교,중학생,C:\Users\user\Documents\GitHub\studynavi\부산과외\북구과외\부산금곡동과외\금곡중과외\index.html,high,true,정상
school,부산광역시,북구,금곡동,,금명중학교,중학교,중학생,C:\Users\user\Documents\GitHub\studynavi\부산과외\북구과외\부산금곡동과외\금명중과외\index.html,high,true,정상
school,부산광역시,북구,화명동,,금명여자고등학교,고등학교,고등학생,C:\Users\user\Documents\GitHub\studynavi\부산과외\북구과외\화명동과외\금명여자고과외\index.html,high,true,정상
school,부산광역시,북구,화명동,,대천리중학교,중학교,중학생,C:\Users\user\Documents\GitHub\studynavi\부산과외\북구과외\화명동과외\대천리중과외\index.html,high,true,정상
school,부산광역시,북구,화명동,,명진중학교,중학교,중학생,C:\Users\user\Documents\GitHub\studynavi\부산과외\북구과외\화명동과외\명진중과외\index.html,high,true,정상
school,부산광역시,북구,화명동,,용수중학교,중학교,중학생,C:\Users\user\Documents\GitHub\studynavi\부산과외\북구과외\화명동과외\용수중과외\index.html,high,true,정상
school,부산광역시,북구,화명동,,화명고등학교,고등학교,고등학생,C:\Users\user\Documents\GitHub\studynavi\부산과외\북구과외\화명동과외\화명고과외\index.html,high,true,정상
school,부산광역시,북구,화명동,,화명중학교,중학교,중학생,C:\Users\user\Documents\GitHub\studynavi\부산과외\북구과외\화명동과외\화명중과외\index.html,high,true,정상
school,부산광역시,북구,화명동,,화신중학교,중학교,중학생,C:\Users\user\Documents\GitHub\studynavi\부산과외\북구과외\화명동과외\화신중과외\index.html,high,true,정상
school,부산광역시,사상구,덕포동,,대덕여자고등학교,고등학교,고등학생,C:\Users\user\Documents\GitHub\studynavi\부산과외\사상구과외\덕포동과외\대덕여자고과외\index.html,high,true,정상
school,부산광역시,사상구,덕포동,,덕포여자중학교,중학교,중학생,C:\Users\user\Documents\GitHub\studynavi\부산과외\사상구과외\덕포동과외\덕포여자중과외\index.html,high,true,정상
school,부산광역시,사상구,덕포동,,부산항공고등학교,고등학교,고등학생,C:\Users\user\Documents\GitHub\studynavi\부산과외\사상구과외\덕포동과외\부산항공고과외\index.html,high,true,정상
school,부산광역시,사상구,덕포동,,사상고등학교,고등학교,고등학생,C:\Users\user\Documents\GitHub\studynavi\부산과외\사상구과외\덕포동과외\사상고과외\index.html,high,true,정상
school,부산광역시,사상구,덕포동,,신라중학교,중학교,중학생,C:\Users\user\Documents\GitHub\studynavi\부산과외\사상구과외\덕포동과외\신라중과외\index.html,high,true,정상
school,부산광역시,사상구,모라동,,모동중학교,중학교,중학생,C:\Users\user\Documents\GitHub\studynavi\부산과외\사상구과외\모라동과외\모동중과외\index.html,high,true,정상
school,부산광역시,사상구,모라동,,모라중학교,중학교,중학생,C:\Users\user\Documents\GitHub\studynavi\부산과외\사상구과외\모라동과외\모라중과외\index.html,high,true,정상
school,부산광역시,사상구,엄궁동,,엄궁중학교,중학교,중학생,C:\Users\user\Documents\GitHub\studynavi\부산과외\사상구과외\엄궁동과외\엄궁중과외\index.html,high,true,정상
school,부산광역시,사상구,주례동,,동주중학교,중학교,중학생,C:\Users\user\Documents\GitHub\studynavi\부산과외\사상구과외\주례동과외\동주중과외\index.html,high,true,정상
school,부산광역시,사상구,주례동,,주감중학교,중학교,중학생,C:\Users\user\Documents\GitHub\studynavi\부산과외\사상구과외\주례동과외\주감중과외\index.html,high,true,정상
school,부산광역시,사상구,주례동,,주례여자고등학교,고등학교,고등학생,C:\Users\user\Documents\GitHub\studynavi\부산과외\사상구과외\주례동과외\주례여자고과외\index.html,high,true,정상
school,부산광역시,사상구,주례동,,주례여자중학교,중학교,중학생,C:\Users\user\Documents\GitHub\studynavi\부산과외\사상구과외\주례동과외\주례여자중과외\index.html,high,true,정상
school,부산광역시,사상구,주례동,,주례중학교,중학교,중학생,C:\Users\user\Documents\GitHub\studynavi\부산과외\사상구과외\주례동과외\주례중과외\index.html,high,true,정상
school,부산광역시,사상구,학장동,,구덕고등학교,고등학교,고등학생,C:\Users\user\Documents\GitHub\studynavi\부산과외\사상구과외\학장동과외\구덕고과외\index.html,high,true,정상
school,부산광역시,사상구,학장동,,학장중학교,중학교,중학생,C:\Users\user\Documents\GitHub\studynavi\부산과외\사상구과외\학장동과외\학장중과외\index.html,high,true,정상
school,부산광역시,사하구,감천동,,감천중학교,중학교,중학생,C:\Users\user\Documents\GitHub\studynavi\부산과외\사하구과외\감천동과외\감천중과외\index.html,high,true,정상
school,부산광역시,사하구,감천동,,부일외국어고등학교,고등학교,고등학생,C:\Users\user\Documents\GitHub\studynavi\부산과외\사하구과외\감천동과외\부일외국어고과외\index.html,high,true,정상
school,부산광역시,사하구,감천동,,삼성여자고등학교,고등학교,고등학생,C:\Users\user\Documents\GitHub\studynavi\부산과외\사하구과외\감천동과외\삼성여자고과외\index.html,high,true,정상
school,부산광역시,사하구,감천동,,삼성중학교,중학교,중학생,C:\Users\user\Documents\GitHub\studynavi\부산과외\사하구과외\감천동과외\삼성중과외\index.html,high,true,정상
school,부산광역시,사하구,감천동,,장평중학교,중학교,중학생,C:\Users\user\Documents\GitHub\studynavi\부산과외\사하구과외\감천동과외\장평중과외\index.html,high,true,정상
school,부산광역시,사하구,다대동,,다대고등학교,고등학교,고등학생,C:\Users\user\Documents\GitHub\studynavi\부산과외\사하구과외\다대동과외\다대고과외\index.html,high,true,정상
school,부산광역시,사하구,다대동,,다대중학교,중학교,중학생,C:\Users\user\Documents\GitHub\studynavi\부산과외\사하구과외\다대동과외\다대중과외\index.html,high,true,정상
school,부산광역시,사하구,다대동,,다선중학교,중학교,중학생,C:\Users\user\Documents\GitHub\studynavi\부산과외\사하구과외\다대동과외\다선중과외\index.html,high,true,정상
school,부산광역시,사하구,다대동,,다송중학교,중학교,중학생,C:\Users\user\Documents\GitHub\studynavi\부산과외\사하구과외\다대동과외\다송중과외\index.html,high,true,정상
school,부산광역시,사하구,다대동,,두송중학교,중학교,중학생,C:\Users\user\Documents\GitHub\studynavi\부산과외\사하구과외\다대동과외\두송중과외\index.html,high,true,정상
school,부산광역시,사하구,당리동,,당리중학교,중학교,중학생,C:\Users\user\Documents\GitHub\studynavi\부산과외\사하구과외\당리동과외\당리중과외\index.html,high,true,정상
school,부산광역시,사하구,당리동,,대광고등학교,고등학교,고등학생,C:\Users\user\Documents\GitHub\studynavi\부산과외\사하구과외\당리동과외\대광고과외\index.html,high,true,정상
school,부산광역시,사하구,당리동,,부산일과학고등학교,고등학교,고등학생,C:\Users\user\Documents\GitHub\studynavi\부산과외\사하구과외\당리동과외\부산일과학고과외\index.html,high,true,정상
school,부산광역시,사하구,괴정동,,동아고등학교,고등학교,고등학생,C:\Users\user\Documents\GitHub\studynavi\부산과외\사하구과외\부산괴정동과외\동아고과외\index.html,high,true,정상
school,부산광역시,사하구,괴정동,,동주여자중학교,중학교,중학생,C:\Users\user\Documents\GitHub\studynavi\부산과외\사하구과외\부산괴정동과외\동주여자중과외\index.html,high,true,정상
school,부산광역시,사하구,괴정동,,사하중학교,중학교,중학생,C:\Users\user\Documents\GitHub\studynavi\부산과외\사하구과외\부산괴정동과외\사하중과외\index.html,high,true,정상
school,부산광역시,사하구,괴정동,,해동고등학교,고등학교,고등학생,C:\Users\user\Documents\GitHub\studynavi\부산과외\사하구과외\부산괴정동과외\해동고과외\index.html,high,true,정상
school,부산광역시,사하구,신평동,,대동고등학교,고등학교,고등학생,C:\Users\user\Documents\GitHub\studynavi\부산과외\사하구과외\부산신평동과외\대동고과외\index.html,high,true,정상
school,부산광역시,사하구,신평동,,대동중학교,중학교,중학생,C:\Users\user\Documents\GitHub\studynavi\부산과외\사하구과외\부산신평동과외\대동중과외\index.html,high,true,정상
school,부산광역시,사하구,신평동,,성일여자고등학교,고등학교,고등학생,C:\Users\user\Documents\GitHub\studynavi\부산과외\사하구과외\부산신평동과외\성일여자고과외\index.html,high,true,정상
school,부산광역시,사하구,장림동,,영남중학교,중학교,중학생,C:\Users\user\Documents\GitHub\studynavi\부산과외\사하구과외\장림동과외\영남중과외\index.html,high,true,정상
school,부산광역시,사하구,장림동,,장림여자중학교,중학교,중학생,C:\Users\user\Documents\GitHub\studynavi\부산과외\사하구과외\장림동과외\장림여자중과외\index.html,high,true,정상
school,부산광역시,사하구,하단동,,건국고등학교,고등학교,고등학생,C:\Users\user\Documents\GitHub\studynavi\부산과외\사하구과외\하단동과외\건국고과외\index.html,high,true,정상
school,부산광역시,사하구,하단동,,건국중학교,중학교,중학생,C:\Users\user\Documents\GitHub\studynavi\부산과외\사하구과외\하단동과외\건국중과외\index.html,high,true,정상
school,부산광역시,사하구,하단동,,부산여자고등학교,고등학교,고등학생,C:\Users\user\Documents\GitHub\studynavi\부산과외\사하구과외\하단동과외\부산여자고과외\index.html,high,true,정상
school,부산광역시,사하구,하단동,,하남중학교,중학교,중학생,C:\Users\user\Documents\GitHub\studynavi\부산과외\사하구과외\하단동과외\하남중과외\index.html,high,true,정상
school,부산광역시,사하구,하단동,,하단중학교,중학교,중학생,C:\Users\user\Documents\GitHub\studynavi\부산과외\사하구과외\하단동과외\하단중과외\index.html,high,true,정상
school,부산광역시,서구,남부민동,,송도중학교,중학교,중학생,C:\Users\user\Documents\GitHub\studynavi\부산과외\서구과외\남부민동과외\송도중과외\index.html,high,true,정상
school,부산광역시,서구,동대신동,,경남고등학교,고등학교,고등학생,C:\Users\user\Documents\GitHub\studynavi\부산과외\서구과외\동대신동과외\경남고과외\index.html,high,true,정상
school,부산광역시,서구,동대신동,,대신여자중학교,중학교,중학생,C:\Users\user\Documents\GitHub\studynavi\부산과외\서구과외\동대신동과외\대신여자중과외\index.html,high,true,정상
school,부산광역시,서구,동대신동,,부산서여자고등학교,고등학교,고등학생,C:\Users\user\Documents\GitHub\studynavi\부산과외\서구과외\동대신동과외\부산서여자고과외\index.html,high,true,정상
school,부산광역시,서구,서대신동,,부경고등학교,고등학교,고등학생,C:\Users\user\Documents\GitHub\studynavi\부산과외\서구과외\서대신동과외\부경고과외\index.html,high,true,정상
school,부산광역시,서구,서대신동,,부산대신중학교,중학교,중학생,C:\Users\user\Documents\GitHub\studynavi\부산과외\서구과외\서대신동과외\부산대신중과외\index.html,high,true,정상
school,부산광역시,서구,서대신동,,부산여자중학교,중학교,중학생,C:\Users\user\Documents\GitHub\studynavi\부산과외\서구과외\서대신동과외\부산여자중과외\index.html,high,true,정상
school,부산광역시,서구,서대신동,,부산중앙여자중학교,중학교,중학생,C:\Users\user\Documents\GitHub\studynavi\부산과외\서구과외\서대신동과외\부산중앙여자중과외\index.html,high,true,정상
school,부산광역시,서구,초장동,,초장중학교,중학교,중학생,C:\Users\user\Documents\GitHub\studynavi\부산과외\서구과외\초장동과외\초장중과외\index.html,high,true,정상
school,부산광역시,서구,토성동,,경남중학교,중학교,중학생,C:\Users\user\Documents\GitHub\studynavi\부산과외\서구과외\토성동과외\경남중과외\index.html,high,true,정상
school,부산광역시,수영구,광안동,,광안중학교,중학교,중학생,C:\Users\user\Documents\GitHub\studynavi\부산과외\수영구과외\광안동과외\광안중과외\index.html,high,true,정상
school,부산광역시,수영구,광안동,,덕문여자고등학교,고등학교,고등학생,C:\Users\user\Documents\GitHub\studynavi\부산과외\수영구과외\광안동과외\덕문여자고과외\index.html,high,true,정상
school,부산광역시,수영구,광안동,,동수영중학교,중학교,중학생,C:\Users\user\Documents\GitHub\studynavi\부산과외\수영구과외\광안동과외\동수영중과외\index.html,high,true,정상
school,부산광역시,수영구,광안동,,동아중학교,중학교,중학생,C:\Users\user\Documents\GitHub\studynavi\부산과외\수영구과외\광안동과외\동아중과외\index.html,high,true,정상
school,부산광역시,수영구,광안동,,부산수영중학교,중학교,중학생,C:\Users\user\Documents\GitHub\studynavi\부산과외\수영구과외\광안동과외\부산수영중과외\index.html,high,true,정상
school,부산광역시,수영구,광안동,,한바다중학교,중학교,중학생,C:\Users\user\Documents\GitHub\studynavi\부산과외\수영구과외\광안동과외\한바다중과외\index.html,high,true,정상
school,부산광역시,수영구,남천동,,부산동여자고등학교,고등학교,고등학생,C:\Users\user\Documents\GitHub\studynavi\부산과외\수영구과외\남천동과외\부산동여자고과외\index.html,high,true,정상
school,부산광역시,수영구,망미동,,망미중학교,중학교,중학생,C:\Users\user\Documents\GitHub\studynavi\부산과외\수영구과외\망미동과외\망미중과외\index.html,high,true,정상
school,부산광역시,수영구,망미동,,부산남일고등학교,고등학교,고등학생,C:\Users\user\Documents\GitHub\studynavi\부산과외\수영구과외\망미동과외\부산남일고과외\index.html,high,true,정상
school,부산광역시,연제구,거제동,,거성중학교,중학교,중학생,C:\Users\user\Documents\GitHub\studynavi\부산과외\연제구과외\거제동과외\거성중과외\index.html,high,true,정상
school,부산광역시,연제구,거제동,,거제여자중학교,중학교,중학생,C:\Users\user\Documents\GitHub\studynavi\부산과외\연제구과외\거제동과외\거제여자중과외\index.html,high,true,정상
school,부산광역시,연제구,거제동,,계성여자고등학교,고등학교,고등학생,C:\Users\user\Documents\GitHub\studynavi\부산과외\연제구과외\거제동과외\계성여자고과외\index.html,high,true,정상
school,부산광역시,연제구,거제동,,이사벨고등학교,고등학교,고등학생,C:\Users\user\Documents\GitHub\studynavi\부산과외\연제구과외\거제동과외\이사벨고과외\index.html,high,true,정상
school,부산광역시,연제구,거제동,,이사벨중학교,중학교,중학생,C:\Users\user\Documents\GitHub\studynavi\부산과외\연제구과외\거제동과외\이사벨중과외\index.html,high,true,정상
school,부산광역시,연제구,연산동,,부산외국어고등학교,고등학교,고등학생,C:\Users\user\Documents\GitHub\studynavi\부산과외\연제구과외\부산연산동과외\부산외국어고과외\index.html,high,true,정상
school,부산광역시,연제구,연산동,,연산중학교,중학교,중학생,C:\Users\user\Documents\GitHub\studynavi\부산과외\연제구과외\부산연산동과외\연산중과외\index.html,high,true,정상
school,부산광역시,연제구,연산동,,연일중학교,중학교,중학생,C:\Users\user\Documents\GitHub\studynavi\부산과외\연제구과외\부산연산동과외\연일중과외\index.html,high,true,정상
school,부산광역시,연제구,연산동,,연제고등학교,고등학교,고등학생,C:\Users\user\Documents\GitHub\studynavi\부산과외\연제구과외\부산연산동과외\연제고과외\index.html,high,true,정상
school,부산광역시,연제구,연산동,,연제중학교,중학교,중학생,C:\Users\user\Documents\GitHub\studynavi\부산과외\연제구과외\부산연산동과외\연제중과외\index.html,high,true,정상
school,부산광역시,연제구,연산동,,연천중학교,중학교,중학생,C:\Users\user\Documents\GitHub\studynavi\부산과외\연제구과외\부산연산동과외\연천중과외\index.html,high,true,정상
school,부산광역시,연제구,연산동,,토현중학교,중학교,중학생,C:\Users\user\Documents\GitHub\studynavi\부산과외\연제구과외\부산연산동과외\토현중과외\index.html,high,true,정상
school,부산광역시,영도구,남항동,,부산남중학교,중학교,중학생,C:\Users\user\Documents\GitHub\studynavi\부산과외\영도구과외\남항동과외\부산남중과외\index.html,high,true,정상
school,부산광역시,영도구,동삼동,,광명고등학교,고등학교,고등학생,C:\Users\user\Documents\GitHub\studynavi\부산과외\영도구과외\동삼동과외\광명고과외\index.html,high,true,정상
school,부산광역시,영도구,동삼동,,부산남고등학교,고등학교,고등학생,C:\Users\user\Documents\GitHub\studynavi\부산과외\영도구과외\동삼동과외\부산남고과외\index.html,high,true,정상
school,부산광역시,영도구,동삼동,,부산체육중학교,중학교,중학생,C:\Users\user\Documents\GitHub\studynavi\부산과외\영도구과외\동삼동과외\부산체육중과외\index.html,high,true,정상
school,부산광역시,영도구,동삼동,,부산해사고등학교,고등학교,고등학생,C:\Users\user\Documents\GitHub\studynavi\부산과외\영도구과외\동삼동과외\부산해사고과외\index.html,high,true,정상
school,부산광역시,영도구,동삼동,,영도여자고등학교,고등학교,고등학생,C:\Users\user\Documents\GitHub\studynavi\부산과외\영도구과외\동삼동과외\영도여자고과외\index.html,high,true,정상
school,부산광역시,영도구,동삼동,,영도제일중학교,중학교,중학생,C:\Users\user\Documents\GitHub\studynavi\부산과외\영도구과외\동삼동과외\영도제일중과외\index.html,high,true,정상
school,부산광역시,영도구,동삼동,,태종대중학교,중학교,중학생,C:\Users\user\Documents\GitHub\studynavi\부산과외\영도구과외\동삼동과외\태종대중과외\index.html,high,true,정상
school,부산광역시,영도구,동삼동,,해동중학교,중학교,중학생,C:\Users\user\Documents\GitHub\studynavi\부산과외\영도구과외\동삼동과외\해동중과외\index.html,high,true,정상
school,부산광역시,영도구,신선동,,남도여자중학교,중학교,중학생,C:\Users\user\Documents\GitHub\studynavi\부산과외\영도구과외\신선동과외\남도여자중과외\index.html,high,true,정상
school,부산광역시,영도구,신선동,,부산영선중학교,중학교,중학생,C:\Users\user\Documents\GitHub\studynavi\부산과외\영도구과외\신선동과외\부산영선중과외\index.html,high,true,정상
school,부산광역시,영도구,신선동,,신선중학교,중학교,중학생,C:\Users\user\Documents\GitHub\studynavi\부산과외\영도구과외\신선동과외\신선중과외\index.html,high,true,정상
school,부산광역시,중구,광복동,,동주여자고등학교,고등학교,고등학생,C:\Users\user\Documents\GitHub\studynavi\부산과외\중구과외\광복동과외\동주여자고과외\index.html,high,true,정상
school,부산광역시,중구,보수동,,혜광고등학교,고등학교,고등학생,C:\Users\user\Documents\GitHub\studynavi\부산과외\중구과외\보수동과외\혜광고과외\index.html,high,true,정상
school,부산광역시,중구,대청동,,남성여자고등학교,고등학교,고등학생,C:\Users\user\Documents\GitHub\studynavi\부산과외\중구과외\부산대청동과외\남성여자고과외\index.html,high,true,정상
school,부산광역시,중구,영주동,,덕원중학교,중학교,중학생,C:\Users\user\Documents\GitHub\studynavi\부산과외\중구과외\부산영주동과외\덕원중과외\index.html,high,true,정상
school,부산광역시,해운대구,반여동,,반안중학교,중학교,중학생,C:\Users\user\Documents\GitHub\studynavi\부산과외\해운대구과외\반여동과외\반안중과외\index.html,high,true,정상
school,부산광역시,해운대구,반여동,,반여고등학교,고등학교,고등학생,C:\Users\user\Documents\GitHub\studynavi\부산과외\해운대구과외\반여동과외\반여고과외\index.html,high,true,정상
school,부산광역시,해운대구,반여동,,반여중학교,중학교,중학생,C:\Users\user\Documents\GitHub\studynavi\부산과외\해운대구과외\반여동과외\반여중과외\index.html,high,true,정상
school,부산광역시,해운대구,반여동,,인지중학교,중학교,중학생,C:\Users\user\Documents\GitHub\studynavi\부산과외\해운대구과외\반여동과외\인지중과외\index.html,high,true,정상
school,부산광역시,해운대구,반여동,,장산중학교,중학교,중학생,C:\Users\user\Documents\GitHub\studynavi\부산과외\해운대구과외\반여동과외\장산중과외\index.html,high,true,정상
school,부산광역시,해운대구,반송동,,반송여자중학교,중학교,중학생,C:\Users\user\Documents\GitHub\studynavi\부산과외\해운대구과외\부산반송동과외\반송여자중과외\index.html,high,true,정상
school,부산광역시,해운대구,반송동,,반송중학교,중학교,중학생,C:\Users\user\Documents\GitHub\studynavi\부산과외\해운대구과외\부산반송동과외\반송중과외\index.html,high,true,정상
school,부산광역시,해운대구,중동,,동백중학교,중학교,중학생,C:\Users\user\Documents\GitHub\studynavi\부산과외\해운대구과외\부산중동과외\동백중과외\index.html,high,true,정상
school,부산광역시,해운대구,우동,,부산센텀여자고등학교,고등학교,고등학생,C:\Users\user\Documents\GitHub\studynavi\부산과외\해운대구과외\우동과외\부산센텀여자고과외\index.html,high,true,정상
school,부산광역시,해운대구,우동,,해강고등학교,고등학교,고등학생,C:\Users\user\Documents\GitHub\studynavi\부산과외\해운대구과외\우동과외\해강고과외\index.html,high,true,정상
school,부산광역시,해운대구,우동,,해강중학교,중학교,중학생,C:\Users\user\Documents\GitHub\studynavi\부산과외\해운대구과외\우동과외\해강중과외\index.html,high,true,정상
school,부산광역시,해운대구,우동,,해운대고등학교,고등학교,고등학생,C:\Users\user\Documents\GitHub\studynavi\부산과외\해운대구과외\우동과외\해운대고과외\index.html,high,true,정상
school,부산광역시,해운대구,우동,,해운대여자고등학교,고등학교,고등학생,C:\Users\user\Documents\GitHub\studynavi\부산과외\해운대구과외\우동과외\해운대여자고과외\index.html,high,true,정상
school,부산광역시,해운대구,우동,,해운대여자중학교,중학교,중학생,C:\Users\user\Documents\GitHub\studynavi\부산과외\해운대구과외\우동과외\해운대여자중과외\index.html,high,true,정상
school,부산광역시,해운대구,우동,,해운대중학교,중학교,중학생,C:\Users\user\Documents\GitHub\studynavi\부산과외\해운대구과외\우동과외\해운대중과외\index.html,high,true,정상
school,부산광역시,해운대구,재송동,,센텀고등학교,고등학교,고등학생,C:\Users\user\Documents\GitHub\studynavi\부산과외\해운대구과외\재송동과외\센텀고과외\index.html,high,true,정상
school,부산광역시,해운대구,재송동,,센텀중학교,중학교,중학생,C:\Users\user\Documents\GitHub\studynavi\부산과외\해운대구과외\재송동과외\센텀중과외\index.html,high,true,정상
school,부산광역시,해운대구,재송동,,재송여자중학교,중학교,중학생,C:\Users\user\Documents\GitHub\studynavi\부산과외\해운대구과외\재송동과외\재송여자중과외\index.html,high,true,정상
school,부산광역시,해운대구,재송동,,재송중학교,중학교,중학생,C:\Users\user\Documents\GitHub\studynavi\부산과외\해운대구과외\재송동과외\재송중과외\index.html,high,true,정상
school,부산광역시,해운대구,좌동,,부흥고등학교,고등학교,고등학생,C:\Users\user\Documents\GitHub\studynavi\부산과외\해운대구과외\좌동과외\부흥고과외\index.html,high,true,정상
school,부산광역시,해운대구,좌동,,부흥중학교,중학교,중학생,C:\Users\user\Documents\GitHub\studynavi\부산과외\해운대구과외\좌동과외\부흥중과외\index.html,high,true,정상
school,부산광역시,해운대구,좌동,,상당중학교,중학교,중학생,C:\Users\user\Documents\GitHub\studynavi\부산과외\해운대구과외\좌동과외\상당중과외\index.html,high,true,정상
school,부산광역시,해운대구,좌동,,신곡중학교,중학교,중학생,C:\Users\user\Documents\GitHub\studynavi\부산과외\해운대구과외\좌동과외\신곡중과외\index.html,high,true,정상
school,부산광역시,해운대구,좌동,,신도고등학교,고등학교,고등학생,C:\Users\user\Documents\GitHub\studynavi\부산과외\해운대구과외\좌동과외\신도고과외\index.html,high,true,정상
school,부산광역시,해운대구,좌동,,신도중학교,중학교,중학생,C:\Users\user\Documents\GitHub\studynavi\부산과외\해운대구과외\좌동과외\신도중과외\index.html,high,true,정상
school,부산광역시,해운대구,좌동,,양운고등학교,고등학교,고등학생,C:\Users\user\Documents\GitHub\studynavi\부산과외\해운대구과외\좌동과외\양운고과외\index.html,high,true,정상
school,부산광역시,해운대구,좌동,,양운중학교,중학교,중학생,C:\Users\user\Documents\GitHub\studynavi\부산과외\해운대구과외\좌동과외\양운중과외\index.html,high,true,정상
school,서울특별시,강남구,강남구신사동,,신구중학교,중학교,중학생,C:\Users\user\Documents\GitHub\studynavi\서울과외\강남구과외\강남구신사동과외\신구중과외\index.html,high,true,정상
school,서울특별시,강남구,강남구중동,,중동중학교,중학교,중학생,C:\Users\user\Documents\GitHub\studynavi\서울과외\강남구과외\강남구중동과외\중동중과외\index.html,high,true,정상
school,서울특별시,강남구,개포동,,개원중학교,중학교,중학생,C:\Users\user\Documents\GitHub\studynavi\서울과외\강남구과외\개포동과외\개원중과외\index.html,high,true,정상
school,서울특별시,강남구,개포동,,개포고등학교,고등학교,고등학생,C:\Users\user\Documents\GitHub\studynavi\서울과외\강남구과외\개포동과외\개포고과외\index.html,high,true,정상
school,서울특별시,강남구,개포동,,개포중학교,중학교,중학생,C:\Users\user\Documents\GitHub\studynavi\서울과외\강남구과외\개포동과외\개포중과외\index.html,high,true,정상
school,서울특별시,강남구,개포동,,경기여자고등학교,고등학교,고등학생,C:\Users\user\Documents\GitHub\studynavi\서울과외\강남구과외\개포동과외\경기여자고과외\index.html,high,true,정상
school,서울특별시,강남구,개포동,,구룡중학교,중학교,중학생,C:\Users\user\Documents\GitHub\studynavi\서울과외\강남구과외\개포동과외\구룡중과외\index.html,high,true,정상
school,서울특별시,강남구,대치동,,단국대학교사범대학부속고등학교,고등학교,고등학생,C:\Users\user\Documents\GitHub\studynavi\서울과외\강남구과외\대치동과외\단국대학교사범대학부속고과외\index.html,high,true,정상
school,서울특별시,강남구,대치동,,단국대학교사범대학부속중학교,중학교,중학생,C:\Users\user\Documents\GitHub\studynavi\서울과외\강남구과외\대치동과외\단국대학교사범대학부속중과외\index.html,high,true,정상
school,서울특별시,강남구,대치동,,대명중학교,중학교,중학생,C:\Users\user\Documents\GitHub\studynavi\서울과외\강남구과외\대치동과외\대명중과외\index.html,high,true,정상
school,서울특별시,강남구,대치동,,대청중학교,중학교,중학생,C:\Users\user\Documents\GitHub\studynavi\서울과외\강남구과외\대치동과외\대청중과외\index.html,high,true,정상
school,서울특별시,강남구,대치동,,휘문고등학교,고등학교,고등학생,C:\Users\user\Documents\GitHub\studynavi\서울과외\강남구과외\대치동과외\휘문고과외\index.html,high,true,정상
school,서울특별시,강남구,대치동,,휘문중학교,중학교,중학생,C:\Users\user\Documents\GitHub\studynavi\서울과외\강남구과외\대치동과외\휘문중과외\index.html,high,true,정상
school,서울특별시,강남구,도곡동,,대치중학교,중학교,중학생,C:\Users\user\Documents\GitHub\studynavi\서울과외\강남구과외\도곡동과외\대치중과외\index.html,high,true,정상
school,서울특별시,강남구,도곡동,,도곡중학교,중학교,중학생,C:\Users\user\Documents\GitHub\studynavi\서울과외\강남구과외\도곡동과외\도곡중과외\index.html,high,true,정상
school,서울특별시,강남구,도곡동,,숙명여자고등학교,고등학교,고등학생,C:\Users\user\Documents\GitHub\studynavi\서울과외\강남구과외\도곡동과외\숙명여자고과외\index.html,high,true,정상
school,서울특별시,강남구,도곡동,,숙명여자중학교,중학교,중학생,C:\Users\user\Documents\GitHub\studynavi\서울과외\강남구과외\도곡동과외\숙명여자중과외\index.html,high,true,정상
school,서울특별시,강남구,도곡동,,은광여자고등학교,고등학교,고등학생,C:\Users\user\Documents\GitHub\studynavi\서울과외\강남구과외\도곡동과외\은광여자고과외\index.html,high,true,정상
school,서울특별시,강남구,도곡동,,은성중학교,중학교,중학생,C:\Users\user\Documents\GitHub\studynavi\서울과외\강남구과외\도곡동과외\은성중과외\index.html,high,true,정상
school,서울특별시,강남구,도곡동,,중대부고등학교,고등학교,고등학생,C:\Users\user\Documents\GitHub\studynavi\서울과외\강남구과외\도곡동과외\중대부고과외\index.html,high,true,정상
school,서울특별시,강남구,논현동,,언북중학교,중학교,중학생,C:\Users\user\Documents\GitHub\studynavi\서울과외\강남구과외\서울논현동과외\언북중과외\index.html,high,true,정상
school,서울특별시,강남구,삼성동,,경기고등학교,고등학교,고등학생,C:\Users\user\Documents\GitHub\studynavi\서울과외\강남구과외\서울삼성동과외\경기고과외\index.html,high,true,정상
school,서울특별시,강남구,삼성동,,봉은중학교,중학교,중학생,C:\Users\user\Documents\GitHub\studynavi\서울과외\강남구과외\서울삼성동과외\봉은중과외\index.html,high,true,정상
school,서울특별시,강남구,수서동,,대왕중학교,중학교,중학생,C:\Users\user\Documents\GitHub\studynavi\서울과외\강남구과외\수서동과외\대왕중과외\index.html,high,true,정상
school,서울특별시,강남구,수서동,,서울세종고등학교,고등학교,고등학생,C:\Users\user\Documents\GitHub\studynavi\서울과외\강남구과외\수서동과외\서울세종고과외\index.html,high,true,정상
school,서울특별시,강남구,수서동,,수서중학교,중학교,중학생,C:\Users\user\Documents\GitHub\studynavi\서울과외\강남구과외\수서동과외\수서중과외\index.html,high,true,정상
school,서울특별시,강남구,압구정동,,신사중학교,중학교,중학생,C:\Users\user\Documents\GitHub\studynavi\서울과외\강남구과외\압구정동과외\신사중과외\index.html,high,true,정상
school,서울특별시,강남구,압구정동,,압구정고등학교,고등학교,고등학생,C:\Users\user\Documents\GitHub\studynavi\서울과외\강남구과외\압구정동과외\압구정고과외\index.html,high,true,정상
school,서울특별시,강남구,압구정동,,압구정중학교,중학교,중학생,C:\Users\user\Documents\GitHub\studynavi\서울과외\강남구과외\압구정동과외\압구정중과외\index.html,high,true,정상
school,서울특별시,강남구,압구정동,,청담고등학교,고등학교,고등학생,C:\Users\user\Documents\GitHub\studynavi\서울과외\강남구과외\압구정동과외\청담고과외\index.html,high,true,정상
school,서울특별시,강남구,압구정동,,현대고등학교,고등학교,고등학생,C:\Users\user\Documents\GitHub\studynavi\서울과외\강남구과외\압구정동과외\현대고과외\index.html,high,true,정상
school,서울특별시,강남구,역삼동,,역삼중학교,중학교,중학생,C:\Users\user\Documents\GitHub\studynavi\서울과외\강남구과외\역삼동과외\역삼중과외\index.html,high,true,정상
school,서울특별시,강남구,역삼동,,진선여자고등학교,고등학교,고등학생,C:\Users\user\Documents\GitHub\studynavi\서울과외\강남구과외\역삼동과외\진선여자고과외\index.html,high,true,정상
school,서울특별시,강남구,역삼동,,진선여자중학교,중학교,중학생,C:\Users\user\Documents\GitHub\studynavi\서울과외\강남구과외\역삼동과외\진선여자중과외\index.html,high,true,정상
school,서울특별시,강남구,일원동,,중동고등학교,고등학교,고등학생,C:\Users\user\Documents\GitHub\studynavi\서울과외\강남구과외\일원동과외\중동고과외\index.html,high,true,정상
school,서울특별시,강남구,일원동,,중산고등학교,고등학교,고등학생,C:\Users\user\Documents\GitHub\studynavi\서울과외\강남구과외\일원동과외\중산고과외\index.html,high,true,정상
school,서울특별시,강남구,자곡동,,세곡중학교,중학교,중학생,C:\Users\user\Documents\GitHub\studynavi\서울과외\강남구과외\자곡동과외\세곡중과외\index.html,high,true,정상
school,서울특별시,강남구,자곡동,,풍문고등학교,고등학교,고등학생,C:\Users\user\Documents\GitHub\studynavi\서울과외\강남구과외\자곡동과외\풍문고과외\index.html,high,true,정상
school,서울특별시,강남구,청담동,,영동고등학교,고등학교,고등학생,C:\Users\user\Documents\GitHub\studynavi\서울과외\강남구과외\청담동과외\영동고과외\index.html,high,true,정상
school,서울특별시,강남구,청담동,,청담중학교,중학교,중학생,C:\Users\user\Documents\GitHub\studynavi\서울과외\강남구과외\청담동과외\청담중과외\index.html,high,true,정상
school,서울특별시,강동구,강일동,,강동중학교,중학교,중학생,C:\Users\user\Documents\GitHub\studynavi\서울과외\강동구과외\강일동과외\강동중과외\index.html,high,true,정상
school,서울특별시,강동구,강일동,,강명중학교,중학교,중학생,C:\Users\user\Documents\GitHub\studynavi\서울과외\강동구과외\강일동과외\강명중과외\index.html,high,true,정상
school,서울특별시,강동구,강일동,,강빛중학교,중학교,중학생,C:\Users\user\Documents\GitHub\studynavi\서울과외\강동구과외\강일동과외\강빛중과외\index.html,high,true,정상
school,서울특별시,강동구,강일동,,강일고등학교,고등학교,고등학생,C:\Users\user\Documents\GitHub\studynavi\서울과외\강동구과외\강일동과외\강일고과외\index.html,high,true,정상
school,서울특별시,강동구,길동,,신명중학교,중학교,중학생,C:\Users\user\Documents\GitHub\studynavi\서울과외\강동구과외\길동과외\신명중과외\index.html,high,true,정상
school,서울특별시,강동구,둔촌동,,동북고등학교,고등학교,고등학생,C:\Users\user\Documents\GitHub\studynavi\서울과외\강동구과외\둔촌동과외\동북고과외\index.html,high,true,정상
school,서울특별시,강동구,둔촌동,,동북중학교,중학교,중학생,C:\Users\user\Documents\GitHub\studynavi\서울과외\강동구과외\둔촌동과외\동북중과외\index.html,high,true,정상
school,서울특별시,강동구,둔촌동,,둔촌고등학교,고등학교,고등학생,C:\Users\user\Documents\GitHub\studynavi\서울과외\강동구과외\둔촌동과외\둔촌고과외\index.html,high,true,정상
school,서울특별시,강동구,둔촌동,,둔촌중학교,중학교,중학생,C:\Users\user\Documents\GitHub\studynavi\서울과외\강동구과외\둔촌동과외\둔촌중과외\index.html,high,true,정상
school,서울특별시,강동구,둔촌동,,한산중학교,중학교,중학생,C:\Users\user\Documents\GitHub\studynavi\서울과외\강동구과외\둔촌동과외\한산중과외\index.html,high,true,정상
school,서울특별시,강동구,명일동,,명일여자고등학교,고등학교,고등학생,C:\Users\user\Documents\GitHub\studynavi\서울과외\강동구과외\명일동과외\명일여자고과외\index.html,high,true,정상
school,서울특별시,강동구,상일동,,강동고등학교,고등학교,고등학생,C:\Users\user\Documents\GitHub\studynavi\서울과외\강동구과외\상일동과외\강동고과외\index.html,high,true,정상
school,서울특별시,강동구,상일동,,상일여자고등학교,고등학교,고등학생,C:\Users\user\Documents\GitHub\studynavi\서울과외\강동구과외\상일동과외\상일여자고과외\index.html,high,true,정상
school,서울특별시,강동구,상일동,,상일중학교,중학교,중학생,C:\Users\user\Documents\GitHub\studynavi\서울과외\강동구과외\상일동과외\상일중과외\index.html,high,true,정상
school,서울특별시,강동구,상일동,,한영고등학교,고등학교,고등학생,C:\Users\user\Documents\GitHub\studynavi\서울과외\강동구과외\상일동과외\한영고과외\index.html,high,true,정상
school,서울특별시,강동구,상일동,,한영외국어고등학교,고등학교,고등학생,C:\Users\user\Documents\GitHub\studynavi\서울과외\강동구과외\상일동과외\한영외국어고과외\index.html,high,true,정상
school,서울특별시,강동구,상일동,,한영중학교,중학교,중학생,C:\Users\user\Documents\GitHub\studynavi\서울과외\강동구과외\상일동과외\한영중과외\index.html,high,true,정상
school,서울특별시,강동구,고덕동,,고덕중학교,중학교,중학생,C:\Users\user\Documents\GitHub\studynavi\서울과외\강동구과외\서울고덕동과외\고덕중과외\index.html,high,true,정상
school,서울특별시,강동구,고덕동,,광문고등학교,고등학교,고등학생,C:\Users\user\Documents\GitHub\studynavi\서울과외\강동구과외\서울고덕동과외\광문고과외\index.html,high,true,정상
school,서울특별시,강동구,고덕동,,명일중학교,중학교,중학생,C:\Users\user\Documents\GitHub\studynavi\서울과외\강동구과외\서울고덕동과외\명일중과외\index.html,high,true,정상
school,서울특별시,강동구,고덕동,,배재고등학교,고등학교,고등학생,C:\Users\user\Documents\GitHub\studynavi\서울과외\강동구과외\서울고덕동과외\배재고과외\index.html,high,true,정상
school,서울특별시,강동구,고덕동,,배재중학교,중학교,중학생,C:\Users\user\Documents\GitHub\studynavi\서울과외\강동구과외\서울고덕동과외\배재중과외\index.html,high,true,정상
school,서울특별시,강동구,성내동,,성내중학교,중학교,중학생,C:\Users\user\Documents\GitHub\studynavi\서울과외\강동구과외\서울성내동과외\성내중과외\index.html,high,true,정상
school,서울특별시,강동구,암사동,,강일중학교,중학교,중학생,C:\Users\user\Documents\GitHub\studynavi\서울과외\강동구과외\암사동과외\강일중과외\index.html,high,true,정상
school,서울특별시,강동구,암사동,,선사고등학교,고등학교,고등학생,C:\Users\user\Documents\GitHub\studynavi\서울과외\강동구과외\암사동과외\선사고과외\index.html,high,true,정상
school,서울특별시,강동구,암사동,,신암중학교,중학교,중학생,C:\Users\user\Documents\GitHub\studynavi\서울과외\강동구과외\암사동과외\신암중과외\index.html,high,true,정상
school,서울특별시,강동구,천호동,,동신중학교,중학교,중학생,C:\Users\user\Documents\GitHub\studynavi\서울과외\강동구과외\천호동과외\동신중과외\index.html,high,true,정상
school,서울특별시,강동구,천호동,,성덕고등학교,고등학교,고등학생,C:\Users\user\Documents\GitHub\studynavi\서울과외\강동구과외\천호동과외\성덕고과외\index.html,high,true,정상
school,서울특별시,강동구,천호동,,성덕여자중학교,중학교,중학생,C:\Users\user\Documents\GitHub\studynavi\서울과외\강동구과외\천호동과외\성덕여자중과외\index.html,high,true,정상
school,서울특별시,강동구,천호동,,천일중학교,중학교,중학생,C:\Users\user\Documents\GitHub\studynavi\서울과외\강동구과외\천호동과외\천일중과외\index.html,high,true,정상
school,서울특별시,강동구,천호동,,천호중학교,중학교,중학생,C:\Users\user\Documents\GitHub\studynavi\서울과외\강동구과외\천호동과외\천호중과외\index.html,high,true,정상
school,서울특별시,강북구,미아동,,삼각산고등학교,고등학교,고등학생,C:\Users\user\Documents\GitHub\studynavi\서울과외\강북구과외\미아동과외\삼각산고과외\index.html,high,true,정상
school,서울특별시,강북구,미아동,,삼각산중학교,중학교,중학생,C:\Users\user\Documents\GitHub\studynavi\서울과외\강북구과외\미아동과외\삼각산중과외\index.html,high,true,정상
school,서울특별시,강북구,미아동,,성암여자중학교,중학교,중학생,C:\Users\user\Documents\GitHub\studynavi\서울과외\강북구과외\미아동과외\성암여자중과외\index.html,high,true,정상
school,서울특별시,강북구,미아동,,솔샘중학교,중학교,중학생,C:\Users\user\Documents\GitHub\studynavi\서울과외\강북구과외\미아동과외\솔샘중과외\index.html,high,true,정상
school,서울특별시,강북구,미아동,,신일고등학교,고등학교,고등학생,C:\Users\user\Documents\GitHub\studynavi\서울과외\강북구과외\미아동과외\신일고과외\index.html,high,true,정상
school,서울특별시,강북구,미아동,,신일중학교,중학교,중학생,C:\Users\user\Documents\GitHub\studynavi\서울과외\강북구과외\미아동과외\신일중과외\index.html,high,true,정상
school,서울특별시,강북구,미아동,,영훈고등학교,고등학교,고등학생,C:\Users\user\Documents\GitHub\studynavi\서울과외\강북구과외\미아동과외\영훈고과외\index.html,high,true,정상
school,서울특별시,강북구,미아동,,영훈국제중학교,중학교,중학생,C:\Users\user\Documents\GitHub\studynavi\서울과외\강북구과외\미아동과외\영훈국제중과외\index.html,high,true,정상
school,서울특별시,강북구,미아동,,창문여자고등학교,고등학교,고등학생,C:\Users\user\Documents\GitHub\studynavi\서울과외\강북구과외\미아동과외\창문여자고과외\index.html,high,true,정상
school,서울특별시,강북구,번동,,번동중학교,중학교,중학생,C:\Users\user\Documents\GitHub\studynavi\서울과외\강북구과외\번동과외\번동중과외\index.html,high,true,정상
school,서울특별시,강북구,번동,,수송중학교,중학교,중학생,C:\Users\user\Documents\GitHub\studynavi\서울과외\강북구과외\번동과외\수송중과외\index.html,high,true,정상
school,서울특별시,강북구,송중동,,창문여자중학교,중학교,중학생,C:\Users\user\Documents\GitHub\studynavi\서울과외\강북구과외\송중동과외\창문여자중과외\index.html,high,true,정상
school,서울특별시,강북구,수유동,,강북중학교,중학교,중학생,C:\Users\user\Documents\GitHub\studynavi\서울과외\강북구과외\수유동과외\강북중과외\index.html,high,true,정상
school,서울특별시,강북구,수유동,,수유중학교,중학교,중학생,C:\Users\user\Documents\GitHub\studynavi\서울과외\강북구과외\수유동과외\수유중과외\index.html,high,true,정상
school,서울특별시,강북구,수유동,,인수중학교,중학교,중학생,C:\Users\user\Documents\GitHub\studynavi\서울과외\강북구과외\수유동과외\인수중과외\index.html,high,true,정상
school,서울특별시,강북구,수유동,,혜화여자고등학교,고등학교,고등학생,C:\Users\user\Documents\GitHub\studynavi\서울과외\강북구과외\수유동과외\혜화여자고과외\index.html,high,true,정상
school,서울특별시,강북구,수유동,,화계중학교,중학교,중학생,C:\Users\user\Documents\GitHub\studynavi\서울과외\강북구과외\수유동과외\화계중과외\index.html,high,true,정상
school,서울특별시,강북구,우이동,,서라벌중학교,중학교,중학생,C:\Users\user\Documents\GitHub\studynavi\서울과외\강북구과외\우이동과외\서라벌중과외\index.html,high,true,정상
school,서울특별시,강서구,공항동,,공항중학교,중학교,중학생,C:\Users\user\Documents\GitHub\studynavi\서울과외\강서구과외\공항동과외\공항중과외\index.html,high,true,정상
school,서울특별시,강서구,공항동,,송정중학교,중학교,중학생,C:\Users\user\Documents\GitHub\studynavi\서울과외\강서구과외\공항동과외\송정중과외\index.html,high,true,정상
school,서울특별시,강서구,내발산동,,덕원여자고등학교,고등학교,고등학생,C:\Users\user\Documents\GitHub\studynavi\서울과외\강서구과외\내발산동과외\덕원여자고과외\index.html,high,true,정상
school,서울특별시,강서구,내발산동,,덕원중학교,중학교,중학생,C:\Users\user\Documents\GitHub\studynavi\서울과외\강서구과외\내발산동과외\덕원중과외\index.html,high,true,정상
school,서울특별시,강서구,내발산동,,명덕고등학교,고등학교,고등학생,C:\Users\user\Documents\GitHub\studynavi\서울과외\강서구과외\내발산동과외\명덕고과외\index.html,high,true,정상
school,서울특별시,강서구,내발산동,,명덕여자고등학교,고등학교,고등학생,C:\Users\user\Documents\GitHub\studynavi\서울과외\강서구과외\내발산동과외\명덕여자고과외\index.html,high,true,정상
school,서울특별시,강서구,내발산동,,명덕여자중학교,중학교,중학생,C:\Users\user\Documents\GitHub\studynavi\서울과외\강서구과외\내발산동과외\명덕여자중과외\index.html,high,true,정상
school,서울특별시,강서구,내발산동,,명덕외국어고등학교,고등학교,고등학생,C:\Users\user\Documents\GitHub\studynavi\서울과외\강서구과외\내발산동과외\명덕외국어고과외\index.html,high,true,정상
school,서울특별시,강서구,내발산동,,수명고등학교,고등학교,고등학생,C:\Users\user\Documents\GitHub\studynavi\서울과외\강서구과외\내발산동과외\수명고과외\index.html,high,true,정상
school,서울특별시,강서구,내발산동,,수명중학교,중학교,중학생,C:\Users\user\Documents\GitHub\studynavi\서울과외\강서구과외\내발산동과외\수명중과외\index.html,high,true,정상
school,서울특별시,강서구,내발산동,,화곡고등학교,고등학교,고등학생,C:\Users\user\Documents\GitHub\studynavi\서울과외\강서구과외\내발산동과외\화곡고과외\index.html,high,true,정상
school,서울특별시,강서구,내발산동,,화곡중학교,중학교,중학생,C:\Users\user\Documents\GitHub\studynavi\서울과외\강서구과외\내발산동과외\화곡중과외\index.html,high,true,정상
school,서울특별시,강서구,등촌동,,경복여자고등학교,고등학교,고등학생,C:\Users\user\Documents\GitHub\studynavi\서울과외\강서구과외\등촌동과외\경복여자고과외\index.html,high,true,정상
school,서울특별시,강서구,등촌동,,대일고등학교,고등학교,고등학생,C:\Users\user\Documents\GitHub\studynavi\서울과외\강서구과외\등촌동과외\대일고과외\index.html,high,true,정상
school,서울특별시,강서구,등촌동,,등명중학교,중학교,중학생,C:\Users\user\Documents\GitHub\studynavi\서울과외\강서구과외\등촌동과외\등명중과외\index.html,high,true,정상
school,서울특별시,강서구,등촌동,,등원중학교,중학교,중학생,C:\Users\user\Documents\GitHub\studynavi\서울과외\강서구과외\등촌동과외\등원중과외\index.html,high,true,정상
school,서울특별시,강서구,등촌동,,등촌고등학교,고등학교,고등학생,C:\Users\user\Documents\GitHub\studynavi\서울과외\강서구과외\등촌동과외\등촌고과외\index.html,high,true,정상
school,서울특별시,강서구,등촌동,,등촌중학교,중학교,중학생,C:\Users\user\Documents\GitHub\studynavi\서울과외\강서구과외\등촌동과외\등촌중과외\index.html,high,true,정상
school,서울특별시,강서구,등촌동,,마포고등학교,고등학교,고등학생,C:\Users\user\Documents\GitHub\studynavi\서울과외\강서구과외\등촌동과외\마포고과외\index.html,high,true,정상
school,서울특별시,강서구,등촌동,,마포중학교,중학교,중학생,C:\Users\user\Documents\GitHub\studynavi\서울과외\강서구과외\등촌동과외\마포중과외\index.html,high,true,정상
school,서울특별시,강서구,등촌동,,백석중학교,중학교,중학생,C:\Users\user\Documents\GitHub\studynavi\서울과외\강서구과외\등촌동과외\백석중과외\index.html,high,true,정상
school,서울특별시,강서구,등촌동,,영일고등학교,고등학교,고등학생,C:\Users\user\Documents\GitHub\studynavi\서울과외\강서구과외\등촌동과외\영일고과외\index.html,high,true,정상
school,서울특별시,강서구,마곡동,,공항고등학교,고등학교,고등학생,C:\Users\user\Documents\GitHub\studynavi\서울과외\강서구과외\마곡동과외\공항고과외\index.html,high,true,정상
school,서울특별시,강서구,마곡동,,마곡중학교,중학교,중학생,C:\Users\user\Documents\GitHub\studynavi\서울과외\강서구과외\마곡동과외\마곡중과외\index.html,high,true,정상
school,서울특별시,강서구,마곡동,,마곡하늬중학교,중학교,중학생,C:\Users\user\Documents\GitHub\studynavi\서울과외\강서구과외\마곡동과외\마곡하늬중과외\index.html,high,true,정상
school,서울특별시,강서구,방화동,,방원중학교,중학교,중학생,C:\Users\user\Documents\GitHub\studynavi\서울과외\강서구과외\방화동과외\방원중과외\index.html,high,true,정상
school,서울특별시,강서구,방화동,,방화중학교,중학교,중학생,C:\Users\user\Documents\GitHub\studynavi\서울과외\강서구과외\방화동과외\방화중과외\index.html,high,true,정상
school,서울특별시,강서구,방화동,,삼정중학교,중학교,중학생,C:\Users\user\Documents\GitHub\studynavi\서울과외\강서구과외\방화동과외\삼정중과외\index.html,high,true,정상
school,서울특별시,강서구,방화동,,서울백영고등학교,고등학교,고등학생,C:\Users\user\Documents\GitHub\studynavi\서울과외\강서구과외\방화동과외\서울백영고과외\index.html,high,true,정상
school,서울특별시,강서구,방화동,,한서고등학교,고등학교,고등학생,C:\Users\user\Documents\GitHub\studynavi\서울과외\강서구과외\방화동과외\한서고과외\index.html,high,true,정상
school,서울특별시,강서구,가양동,,경서중학교,중학교,중학생,C:\Users\user\Documents\GitHub\studynavi\서울과외\강서구과외\서울가양동과외\경서중과외\index.html,high,true,정상
school,서울특별시,강서구,가양동,,동양고등학교,고등학교,고등학생,C:\Users\user\Documents\GitHub\studynavi\서울과외\강서구과외\서울가양동과외\동양고과외\index.html,high,true,정상
school,서울특별시,강서구,가양동,,성재중학교,중학교,중학생,C:\Users\user\Documents\GitHub\studynavi\서울과외\강서구과외\서울가양동과외\성재중과외\index.html,high,true,정상
school,서울특별시,강서구,가양동,,세현고등학교,고등학교,고등학생,C:\Users\user\Documents\GitHub\studynavi\서울과외\강서구과외\서울가양동과외\세현고과외\index.html,high,true,정상
school,서울특별시,강서구,염창동,,염경중학교,중학교,중학생,C:\Users\user\Documents\GitHub\studynavi\서울과외\강서구과외\염창동과외\염경중과외\index.html,high,true,정상
school,서울특별시,강서구,염창동,,염창중학교,중학교,중학생,C:\Users\user\Documents\GitHub\studynavi\서울과외\강서구과외\염창동과외\염창중과외\index.html,high,true,정상
school,서울특별시,강서구,화곡동,,서울신정고등학교,고등학교,고등학생,C:\Users\user\Documents\GitHub\studynavi\서울과외\강서구과외\화곡동과외\서울신정고과외\index.html,high,true,정상
school,서울특별시,강서구,화곡동,,한광고등학교,고등학교,고등학생,C:\Users\user\Documents\GitHub\studynavi\서울과외\강서구과외\화곡동과외\한광고과외\index.html,high,true,정상
school,서울특별시,강서구,화곡동,,화원중학교,중학교,중학생,C:\Users\user\Documents\GitHub\studynavi\서울과외\강서구과외\화곡동과외\화원중과외\index.html,high,true,정상
school,서울특별시,관악구,봉천동,,관악중학교,중학교,중학생,C:\Users\user\Documents\GitHub\studynavi\서울과외\관악구과외\봉천동과외\관악중과외\index.html,high,true,정상
school,서울특별시,관악구,봉천동,,구암고등학교,고등학교,고등학생,C:\Users\user\Documents\GitHub\studynavi\서울과외\관악구과외\봉천동과외\구암고과외\index.html,high,true,정상
school,서울특별시,관악구,봉천동,,구암중학교,중학교,중학생,C:\Users\user\Documents\GitHub\studynavi\서울과외\관악구과외\봉천동과외\구암중과외\index.html,high,true,정상
school,서울특별시,관악구,봉천동,,당곡고등학교,고등학교,고등학생,C:\Users\user\Documents\GitHub\studynavi\서울과외\관악구과외\봉천동과외\당곡고과외\index.html,high,true,정상
school,서울특별시,관악구,봉천동,,당곡중학교,중학교,중학생,C:\Users\user\Documents\GitHub\studynavi\서울과외\관악구과외\봉천동과외\당곡중과외\index.html,high,true,정상
school,서울특별시,관악구,봉천동,,봉림중학교,중학교,중학생,C:\Users\user\Documents\GitHub\studynavi\서울과외\관악구과외\봉천동과외\봉림중과외\index.html,high,true,정상
school,서울특별시,관악구,봉천동,,봉원중학교,중학교,중학생,C:\Users\user\Documents\GitHub\studynavi\서울과외\관악구과외\봉천동과외\봉원중과외\index.html,high,true,정상
school,서울특별시,관악구,봉천동,,서울문영여자고등학교,고등학교,고등학생,C:\Users\user\Documents\GitHub\studynavi\서울과외\관악구과외\봉천동과외\서울문영여자고과외\index.html,high,true,정상
school,서울특별시,관악구,봉천동,,서울문영여자중학교,중학교,중학생,C:\Users\user\Documents\GitHub\studynavi\서울과외\관악구과외\봉천동과외\서울문영여자중과외\index.html,high,true,정상
school,서울특별시,관악구,봉천동,,영락고등학교,고등학교,고등학생,C:\Users\user\Documents\GitHub\studynavi\서울과외\관악구과외\봉천동과외\영락고과외\index.html,high,true,정상
school,서울특별시,관악구,봉천동,,인헌고등학교,고등학교,고등학생,C:\Users\user\Documents\GitHub\studynavi\서울과외\관악구과외\봉천동과외\인헌고과외\index.html,high,true,정상
school,서울특별시,관악구,봉천동,,인헌중학교,중학교,중학생,C:\Users\user\Documents\GitHub\studynavi\서울과외\관악구과외\봉천동과외\인헌중과외\index.html,high,true,정상
school,서울특별시,관악구,신림동,,광신고등학교,고등학교,고등학생,C:\Users\user\Documents\GitHub\studynavi\서울과외\관악구과외\신림동과외\광신고과외\index.html,high,true,정상
school,서울특별시,관악구,신림동,,광신중학교,중학교,중학생,C:\Users\user\Documents\GitHub\studynavi\서울과외\관악구과외\신림동과외\광신중과외\index.html,high,true,정상
school,서울특별시,관악구,신림동,,난우중학교,중학교,중학생,C:\Users\user\Documents\GitHub\studynavi\서울과외\관악구과외\신림동과외\난우중과외\index.html,high,true,정상
school,서울특별시,관악구,신림동,,남강고등학교,고등학교,고등학생,C:\Users\user\Documents\GitHub\studynavi\서울과외\관악구과외\신림동과외\남강고과외\index.html,high,true,정상
school,서울특별시,관악구,신림동,,남강중학교,중학교,중학생,C:\Users\user\Documents\GitHub\studynavi\서울과외\관악구과외\신림동과외\남강중과외\index.html,high,true,정상
school,서울특별시,관악구,신림동,,남서울중학교,중학교,중학생,C:\Users\user\Documents\GitHub\studynavi\서울과외\관악구과외\신림동과외\남서울중과외\index.html,high,true,정상
school,서울특별시,관악구,신림동,,미림여자고등학교,고등학교,고등학생,C:\Users\user\Documents\GitHub\studynavi\서울과외\관악구과외\신림동과외\미림여자고과외\index.html,high,true,정상
school,서울특별시,관악구,신림동,,미성중학교,중학교,중학생,C:\Users\user\Documents\GitHub\studynavi\서울과외\관악구과외\신림동과외\미성중과외\index.html,high,true,정상
school,서울특별시,관악구,신림동,,삼성고등학교,고등학교,고등학생,C:\Users\user\Documents\GitHub\studynavi\서울과외\관악구과외\신림동과외\삼성고과외\index.html,high,true,정상
school,서울특별시,관악구,신림동,,삼성중학교,중학교,중학생,C:\Users\user\Documents\GitHub\studynavi\서울과외\관악구과외\신림동과외\삼성중과외\index.html,high,true,정상
school,서울특별시,관악구,신림동,,성보고등학교,고등학교,고등학생,C:\Users\user\Documents\GitHub\studynavi\서울과외\관악구과외\신림동과외\성보고과외\index.html,high,true,정상
school,서울특별시,관악구,신림동,,성보중학교,중학교,중학생,C:\Users\user\Documents\GitHub\studynavi\서울과외\관악구과외\신림동과외\성보중과외\index.html,high,true,정상
school,서울특별시,관악구,신림동,,신관중학교,중학교,중학생,C:\Users\user\Documents\GitHub\studynavi\서울과외\관악구과외\신림동과외\신관중과외\index.html,high,true,정상
school,서울특별시,관악구,신림동,,신림고등학교,고등학교,고등학생,C:\Users\user\Documents\GitHub\studynavi\서울과외\관악구과외\신림동과외\신림고과외\index.html,high,true,정상
school,서울특별시,관악구,신림동,,신림중학교,중학교,중학생,C:\Users\user\Documents\GitHub\studynavi\서울과외\관악구과외\신림동과외\신림중과외\index.html,high,true,정상
school,서울특별시,광진구,광장동,,광남고등학교,고등학교,고등학생,C:\Users\user\Documents\GitHub\studynavi\서울과외\광진구과외\광장동과외\광남고과외\index.html,high,true,정상
school,서울특별시,광진구,광장동,,광남중학교,중학교,중학생,C:\Users\user\Documents\GitHub\studynavi\서울과외\광진구과외\광장동과외\광남중과외\index.html,high,true,정상
school,서울특별시,광진구,광장동,,광장중학교,중학교,중학생,C:\Users\user\Documents\GitHub\studynavi\서울과외\광진구과외\광장동과외\광장중과외\index.html,high,true,정상
school,서울특별시,광진구,구의동,,동국대학교사범대학부속가람고등학교,고등학교,고등학생,C:\Users\user\Documents\GitHub\studynavi\서울과외\광진구과외\구의동과외\동국대학교사범대학부속가람고과외\index.html,high,true,정상
school,서울특별시,광진구,구의동,,동국대학교사범대학부속가람중학교,중학교,중학생,C:\Users\user\Documents\GitHub\studynavi\서울과외\광진구과외\구의동과외\동국대학교사범대학부속가람중과외\index.html,high,true,정상
school,서울특별시,광진구,자양동,,광양고등학교,고등학교,고등학생,C:\Users\user\Documents\GitHub\studynavi\서울과외\광진구과외\서울자양동과외\광양고과외\index.html,high,true,정상
school,서울특별시,광진구,자양동,,광양중학교,중학교,중학생,C:\Users\user\Documents\GitHub\studynavi\서울과외\광진구과외\서울자양동과외\광양중과외\index.html,high,true,정상
school,서울특별시,광진구,자양동,,광진중학교,중학교,중학생,C:\Users\user\Documents\GitHub\studynavi\서울과외\광진구과외\서울자양동과외\광진중과외\index.html,high,true,정상
school,서울특별시,광진구,자양동,,신양중학교,중학교,중학생,C:\Users\user\Documents\GitHub\studynavi\서울과외\광진구과외\서울자양동과외\신양중과외\index.html,high,true,정상
school,서울특별시,광진구,자양동,,자양고등학교,고등학교,고등학생,C:\Users\user\Documents\GitHub\studynavi\서울과외\광진구과외\서울자양동과외\자양고과외\index.html,high,true,정상
school,서울특별시,광진구,자양동,,자양중학교,중학교,중학생,C:\Users\user\Documents\GitHub\studynavi\서울과외\광진구과외\서울자양동과외\자양중과외\index.html,high,true,정상
school,서울특별시,광진구,중곡동,,대원고등학교,고등학교,고등학생,C:\Users\user\Documents\GitHub\studynavi\서울과외\광진구과외\중곡동과외\대원고과외\index.html,high,true,정상
school,서울특별시,광진구,중곡동,,대원국제중학교,중학교,중학생,C:\Users\user\Documents\GitHub\studynavi\서울과외\광진구과외\중곡동과외\대원국제중과외\index.html,high,true,정상
school,서울특별시,광진구,중곡동,,대원여자고등학교,고등학교,고등학생,C:\Users\user\Documents\GitHub\studynavi\서울과외\광진구과외\중곡동과외\대원여자고과외\index.html,high,true,정상
school,서울특별시,광진구,중곡동,,대원외국어고등학교,고등학교,고등학생,C:\Users\user\Documents\GitHub\studynavi\서울과외\광진구과외\중곡동과외\대원외국어고과외\index.html,high,true,정상
school,서울특별시,광진구,중곡동,,용곡중학교,중학교,중학생,C:\Users\user\Documents\GitHub\studynavi\서울과외\광진구과외\중곡동과외\용곡중과외\index.html,high,true,정상
school,서울특별시,광진구,화양동,,건국대학교사범대학부속고등학교,고등학교,고등학생,C:\Users\user\Documents\GitHub\studynavi\서울과외\광진구과외\화양동과외\건국대학교사범대학부속고과외\index.html,high,true,정상
school,서울특별시,광진구,화양동,,구의중학교,중학교,중학생,C:\Users\user\Documents\GitHub\studynavi\서울과외\광진구과외\화양동과외\구의중과외\index.html,high,true,정상
school,서울특별시,구로구,개봉동,,개봉중학교,중학교,중학생,C:\Users\user\Documents\GitHub\studynavi\서울과외\구로구과외\개봉동과외\개봉중과외\index.html,high,true,정상
school,서울특별시,구로구,개봉동,,개웅중학교,중학교,중학생,C:\Users\user\Documents\GitHub\studynavi\서울과외\구로구과외\개봉동과외\개웅중과외\index.html,high,true,정상
school,서울특별시,구로구,개봉동,,경인중학교,중학교,중학생,C:\Users\user\Documents\GitHub\studynavi\서울과외\구로구과외\개봉동과외\경인중과외\index.html,high,true,정상
school,서울특별시,구로구,고척동,,경인고등학교,고등학교,고등학생,C:\Users\user\Documents\GitHub\studynavi\서울과외\구로구과외\고척동과외\경인고과외\index.html,high,true,정상
school,서울특별시,구로구,고척동,,고척고등학교,고등학교,고등학생,C:\Users\user\Documents\GitHub\studynavi\서울과외\구로구과외\고척동과외\고척고과외\index.html,high,true,정상
school,서울특별시,구로구,고척동,,고척중학교,중학교,중학생,C:\Users\user\Documents\GitHub\studynavi\서울과외\구로구과외\고척동과외\고척중과외\index.html,high,true,정상
school,서울특별시,구로구,고척동,,오류중학교,중학교,중학생,C:\Users\user\Documents\GitHub\studynavi\서울과외\구로구과외\고척동과외\오류중과외\index.html,high,true,정상
school,서울특별시,구로구,구로동,,구로고등학교,고등학교,고등학생,C:\Users\user\Documents\GitHub\studynavi\서울과외\구로구과외\구로동과외\구로고과외\index.html,high,true,정상
school,서울특별시,구로구,구로동,,구로중학교,중학교,중학생,C:\Users\user\Documents\GitHub\studynavi\서울과외\구로구과외\구로동과외\구로중과외\index.html,high,true,정상
school,서울특별시,구로구,구로동,,구일고등학교,고등학교,고등학생,C:\Users\user\Documents\GitHub\studynavi\서울과외\구로구과외\구로동과외\구일고과외\index.html,high,true,정상
school,서울특별시,구로구,구로동,,구일중학교,중학교,중학생,C:\Users\user\Documents\GitHub\studynavi\서울과외\구로구과외\구로동과외\구일중과외\index.html,high,true,정상
school,서울특별시,구로구,구로동,,구현고등학교,고등학교,고등학생,C:\Users\user\Documents\GitHub\studynavi\서울과외\구로구과외\구로동과외\구현고과외\index.html,high,true,정상
school,서울특별시,구로구,구로동,,영림중학교,중학교,중학생,C:\Users\user\Documents\GitHub\studynavi\서울과외\구로구과외\구로동과외\영림중과외\index.html,high,true,정상
school,서울특별시,구로구,구로동,,영서중학교,중학교,중학생,C:\Users\user\Documents\GitHub\studynavi\서울과외\구로구과외\구로동과외\영서중과외\index.html,high,true,정상
school,서울특별시,구로구,궁동,,세종과학고등학교,고등학교,고등학생,C:\Users\user\Documents\GitHub\studynavi\서울과외\구로구과외\궁동과외\세종과학고과외\index.html,high,true,정상
school,서울특별시,구로구,궁동,,오류고등학교,고등학교,고등학생,C:\Users\user\Documents\GitHub\studynavi\서울과외\구로구과외\궁동과외\오류고과외\index.html,high,true,정상
school,서울특별시,구로구,궁동,,우신고등학교,고등학교,고등학생,C:\Users\user\Documents\GitHub\studynavi\서울과외\구로구과외\궁동과외\우신고과외\index.html,high,true,정상
school,서울특별시,구로구,궁동,,우신중학교,중학교,중학생,C:\Users\user\Documents\GitHub\studynavi\서울과외\구로구과외\궁동과외\우신중과외\index.html,high,true,정상
school,서울특별시,구로구,신도림동,,신도림고등학교,고등학교,고등학생,C:\Users\user\Documents\GitHub\studynavi\서울과외\구로구과외\신도림동과외\신도림고과외\index.html,high,true,정상
school,서울특별시,구로구,신도림동,,신도림중학교,중학교,중학생,C:\Users\user\Documents\GitHub\studynavi\서울과외\구로구과외\신도림동과외\신도림중과외\index.html,high,true,정상
school,서울특별시,구로구,오류동,,오남중학교,중학교,중학생,C:\Users\user\Documents\GitHub\studynavi\서울과외\구로구과외\오류동과외\오남중과외\index.html,high,true,정상
school,서울특별시,구로구,천왕동,,천왕중학교,중학교,중학생,C:\Users\user\Documents\GitHub\studynavi\서울과외\구로구과외\천왕동과외\천왕중과외\index.html,high,true,정상
school,서울특별시,구로구,항동,,항동중학교,중학교,중학생,C:\Users\user\Documents\GitHub\studynavi\서울과외\구로구과외\항동과외\항동중과외\index.html,high,true,정상
school,서울특별시,금천구,독산동,,가산중학교,중학교,중학생,C:\Users\user\Documents\GitHub\studynavi\서울과외\금천구과외\독산동과외\가산중과외\index.html,high,true,정상
school,서울특별시,금천구,독산동,,난곡중학교,중학교,중학생,C:\Users\user\Documents\GitHub\studynavi\서울과외\금천구과외\독산동과외\난곡중과외\index.html,high,true,정상
school,서울특별시,금천구,독산동,,독산고등학교,고등학교,고등학생,C:\Users\user\Documents\GitHub\studynavi\서울과외\금천구과외\독산동과외\독산고과외\index.html,high,true,정상
school,서울특별시,금천구,독산동,,문성중학교,중학교,중학생,C:\Users\user\Documents\GitHub\studynavi\서울과외\금천구과외\독산동과외\문성중과외\index.html,high,true,정상
school,서울특별시,금천구,독산동,,세일중학교,중학교,중학생,C:\Users\user\Documents\GitHub\studynavi\서울과외\금천구과외\독산동과외\세일중과외\index.html,high,true,정상
school,서울특별시,금천구,독산동,,안천중학교,중학교,중학생,C:\Users\user\Documents\GitHub\studynavi\서울과외\금천구과외\독산동과외\안천중과외\index.html,high,true,정상
school,서울특별시,금천구,시흥동,,금천고등학교,고등학교,고등학생,C:\Users\user\Documents\GitHub\studynavi\서울과외\금천구과외\시흥동과외\금천고과외\index.html,high,true,정상
school,서울특별시,금천구,시흥동,,동일여자고등학교,고등학교,고등학생,C:\Users\user\Documents\GitHub\studynavi\서울과외\금천구과외\시흥동과외\동일여자고과외\index.html,high,true,정상
school,서울특별시,금천구,시흥동,,동일중학교,중학교,중학생,C:\Users\user\Documents\GitHub\studynavi\서울과외\금천구과외\시흥동과외\동일중과외\index.html,high,true,정상
school,서울특별시,금천구,시흥동,,문일고등학교,고등학교,고등학생,C:\Users\user\Documents\GitHub\studynavi\서울과외\금천구과외\시흥동과외\문일고과외\index.html,high,true,정상
school,서울특별시,금천구,시흥동,,문일중학교,중학교,중학생,C:\Users\user\Documents\GitHub\studynavi\서울과외\금천구과외\시흥동과외\문일중과외\index.html,high,true,정상
school,서울특별시,금천구,시흥동,,시흥중학교,중학교,중학생,C:\Users\user\Documents\GitHub\studynavi\서울과외\금천구과외\시흥동과외\시흥중과외\index.html,high,true,정상
school,서울특별시,노원구,공릉동,,공릉중학교,중학교,중학생,C:\Users\user\Documents\GitHub\studynavi\서울과외\노원구과외\공릉동과외\공릉중과외\index.html,high,true,정상
school,서울특별시,노원구,공릉동,,서울동산고등학교,고등학교,고등학생,C:\Users\user\Documents\GitHub\studynavi\서울과외\노원구과외\공릉동과외\서울동산고과외\index.html,high,true,정상
school,서울특별시,노원구,공릉동,,태랑중학교,중학교,중학생,C:\Users\user\Documents\GitHub\studynavi\서울과외\노원구과외\공릉동과외\태랑중과외\index.html,high,true,정상
school,서울특별시,노원구,공릉동,,한국삼육고등학교,고등학교,고등학생,C:\Users\user\Documents\GitHub\studynavi\서울과외\노원구과외\공릉동과외\한국삼육고과외\index.html,high,true,정상
school,서울특별시,노원구,공릉동,,한천중학교,중학교,중학생,C:\Users\user\Documents\GitHub\studynavi\서울과외\노원구과외\공릉동과외\한천중과외\index.html,high,true,정상
school,서울특별시,노원구,상계동,,노원고등학교,고등학교,고등학생,C:\Users\user\Documents\GitHub\studynavi\서울과외\노원구과외\상계동과외\노원고과외\index.html,high,true,정상
school,서울특별시,노원구,상계동,,노원중학교,중학교,중학생,C:\Users\user\Documents\GitHub\studynavi\서울과외\노원구과외\상계동과외\노원중과외\index.html,high,true,정상
school,서울특별시,노원구,상계동,,노일중학교,중학교,중학생,C:\Users\user\Documents\GitHub\studynavi\서울과외\노원구과외\상계동과외\노일중과외\index.html,high,true,정상
school,서울특별시,노원구,상계동,,상경중학교,중학교,중학생,C:\Users\user\Documents\GitHub\studynavi\서울과외\노원구과외\상계동과외\상경중과외\index.html,high,true,정상
school,서울특별시,노원구,상계동,,상계고등학교,고등학교,고등학생,C:\Users\user\Documents\GitHub\studynavi\서울과외\노원구과외\상계동과외\상계고과외\index.html,high,true,정상
school,서울특별시,노원구,상계동,,상계중학교,중학교,중학생,C:\Users\user\Documents\GitHub\studynavi\서울과외\노원구과외\상계동과외\상계중과외\index.html,high,true,정상
school,서울특별시,노원구,상계동,,상원중학교,중학교,중학생,C:\Users\user\Documents\GitHub\studynavi\서울과외\노원구과외\상계동과외\상원중과외\index.html,high,true,정상
school,서울특별시,노원구,상계동,,수락고등학교,고등학교,고등학생,C:\Users\user\Documents\GitHub\studynavi\서울과외\노원구과외\상계동과외\수락고과외\index.html,high,true,정상
school,서울특별시,노원구,상계동,,수락중학교,중학교,중학생,C:\Users\user\Documents\GitHub\studynavi\서울과외\노원구과외\상계동과외\수락중과외\index.html,high,true,정상
school,서울특별시,노원구,상계동,,신상중학교,중학교,중학생,C:\Users\user\Documents\GitHub\studynavi\서울과외\노원구과외\상계동과외\신상중과외\index.html,high,true,정상
school,서울특별시,노원구,상계동,,온곡중학교,중학교,중학생,C:\Users\user\Documents\GitHub\studynavi\서울과외\노원구과외\상계동과외\온곡중과외\index.html,high,true,정상
school,서울특별시,노원구,상계동,,용화여자고등학교,고등학교,고등학생,C:\Users\user\Documents\GitHub\studynavi\서울과외\노원구과외\상계동과외\용화여자고과외\index.html,high,true,정상
school,서울특별시,노원구,상계동,,청원고등학교,고등학교,고등학생,C:\Users\user\Documents\GitHub\studynavi\서울과외\노원구과외\상계동과외\청원고과외\index.html,high,true,정상
school,서울특별시,노원구,상계동,,청원여자고등학교,고등학교,고등학생,C:\Users\user\Documents\GitHub\studynavi\서울과외\노원구과외\상계동과외\청원여자고과외\index.html,high,true,정상
school,서울특별시,노원구,상계동,,청원중학교,중학교,중학생,C:\Users\user\Documents\GitHub\studynavi\서울과외\노원구과외\상계동과외\청원중과외\index.html,high,true,정상
school,서울특별시,노원구,월계동,,광운중학교,중학교,중학생,C:\Users\user\Documents\GitHub\studynavi\서울과외\노원구과외\서울월계동과외\광운중과외\index.html,high,true,정상
school,서울특별시,노원구,월계동,,녹천중학교,중학교,중학생,C:\Users\user\Documents\GitHub\studynavi\서울과외\노원구과외\서울월계동과외\녹천중과외\index.html,high,true,정상
school,서울특별시,노원구,월계동,,신창중학교,중학교,중학생,C:\Users\user\Documents\GitHub\studynavi\서울과외\노원구과외\서울월계동과외\신창중과외\index.html,high,true,정상
school,서울특별시,노원구,월계동,,염광고등학교,고등학교,고등학생,C:\Users\user\Documents\GitHub\studynavi\서울과외\노원구과외\서울월계동과외\염광고과외\index.html,high,true,정상
school,서울특별시,노원구,월계동,,염광메디텍고등학교,고등학교,고등학생,C:\Users\user\Documents\GitHub\studynavi\서울과외\노원구과외\서울월계동과외\염광메디텍고과외\index.html,high,true,정상
school,서울특별시,노원구,월계동,,염광중학교,중학교,중학생,C:\Users\user\Documents\GitHub\studynavi\서울과외\노원구과외\서울월계동과외\염광중과외\index.html,high,true,정상
school,서울특별시,노원구,월계동,,월계고등학교,고등학교,고등학생,C:\Users\user\Documents\GitHub\studynavi\서울과외\노원구과외\서울월계동과외\월계고과외\index.html,high,true,정상
school,서울특별시,노원구,월계동,,월계중학교,중학교,중학생,C:\Users\user\Documents\GitHub\studynavi\서울과외\노원구과외\서울월계동과외\월계중과외\index.html,high,true,정상
school,서울특별시,노원구,중계동,,대진여자고등학교,고등학교,고등학생,C:\Users\user\Documents\GitHub\studynavi\서울과외\노원구과외\중계동과외\대진여자고과외\index.html,high,true,정상
school,서울특별시,노원구,중계동,,불암고등학교,고등학교,고등학생,C:\Users\user\Documents\GitHub\studynavi\서울과외\노원구과외\중계동과외\불암고과외\index.html,high,true,정상
school,서울특별시,노원구,중계동,,상계제일중학교,중학교,중학생,C:\Users\user\Documents\GitHub\studynavi\서울과외\노원구과외\중계동과외\상계제일중과외\index.html,high,true,정상
school,서울특별시,노원구,중계동,,상명고등학교,고등학교,고등학생,C:\Users\user\Documents\GitHub\studynavi\서울과외\노원구과외\중계동과외\상명고과외\index.html,high,true,정상
school,서울특별시,노원구,중계동,,상명중학교,중학교,중학생,C:\Users\user\Documents\GitHub\studynavi\서울과외\노원구과외\중계동과외\상명중과외\index.html,high,true,정상
school,서울특별시,노원구,중계동,,서울아이티고등학교,고등학교,고등학생,C:\Users\user\Documents\GitHub\studynavi\서울과외\노원구과외\중계동과외\서울아이티고과외\index.html,high,true,정상
school,서울특별시,노원구,중계동,,영신여자고등학교,고등학교,고등학생,C:\Users\user\Documents\GitHub\studynavi\서울과외\노원구과외\중계동과외\영신여자고과외\index.html,high,true,정상
school,서울특별시,노원구,중계동,,을지중학교,중학교,중학생,C:\Users\user\Documents\GitHub\studynavi\서울과외\노원구과외\중계동과외\을지중과외\index.html,high,true,정상
school,서울특별시,노원구,중계동,,재현고등학교,고등학교,고등학생,C:\Users\user\Documents\GitHub\studynavi\서울과외\노원구과외\중계동과외\재현고과외\index.html,high,true,정상
school,서울특별시,노원구,중계동,,재현중학교,중학교,중학생,C:\Users\user\Documents\GitHub\studynavi\서울과외\노원구과외\중계동과외\재현중과외\index.html,high,true,정상
school,서울특별시,노원구,중계동,,중계중학교,중학교,중학생,C:\Users\user\Documents\GitHub\studynavi\서울과외\노원구과외\중계동과외\중계중과외\index.html,high,true,정상
school,서울특별시,노원구,중계동,,중원중학교,중학교,중학생,C:\Users\user\Documents\GitHub\studynavi\서울과외\노원구과외\중계동과외\중원중과외\index.html,high,true,정상
school,서울특별시,노원구,하계동,,대진고등학교,고등학교,고등학생,C:\Users\user\Documents\GitHub\studynavi\서울과외\노원구과외\하계동과외\대진고과외\index.html,high,true,정상
school,서울특별시,노원구,하계동,,불암중학교,중학교,중학생,C:\Users\user\Documents\GitHub\studynavi\서울과외\노원구과외\하계동과외\불암중과외\index.html,high,true,정상
school,서울특별시,노원구,하계동,,중평중학교,중학교,중학생,C:\Users\user\Documents\GitHub\studynavi\서울과외\노원구과외\하계동과외\중평중과외\index.html,high,true,정상
school,서울특별시,노원구,하계동,,하계중학교,중학교,중학생,C:\Users\user\Documents\GitHub\studynavi\서울과외\노원구과외\하계동과외\하계중과외\index.html,high,true,정상
school,서울특별시,노원구,하계동,,혜성여자고등학교,고등학교,고등학생,C:\Users\user\Documents\GitHub\studynavi\서울과외\노원구과외\하계동과외\혜성여자고과외\index.html,high,true,정상
school,서울특별시,도봉구,도봉동,,누원고등학교,고등학교,고등학생,C:\Users\user\Documents\GitHub\studynavi\서울과외\도봉구과외\도봉동과외\누원고과외\index.html,high,true,정상
school,서울특별시,도봉구,도봉동,,도봉중학교,중학교,중학생,C:\Users\user\Documents\GitHub\studynavi\서울과외\도봉구과외\도봉동과외\도봉중과외\index.html,high,true,정상
school,서울특별시,도봉구,도봉동,,북서울중학교,중학교,중학생,C:\Users\user\Documents\GitHub\studynavi\서울과외\도봉구과외\도봉동과외\북서울중과외\index.html,high,true,정상
school,서울특별시,도봉구,방학동,,방학중학교,중학교,중학생,C:\Users\user\Documents\GitHub\studynavi\서울과외\도봉구과외\방학동과외\방학중과외\index.html,high,true,정상
school,서울특별시,도봉구,방학동,,신방학중학교,중학교,중학생,C:\Users\user\Documents\GitHub\studynavi\서울과외\도봉구과외\방학동과외\신방학중과외\index.html,high,true,정상
school,서울특별시,도봉구,방학동,,창동중학교,중학교,중학생,C:\Users\user\Documents\GitHub\studynavi\서울과외\도봉구과외\방학동과외\창동중과외\index.html,high,true,정상
school,서울특별시,도봉구,쌍문동,,백운중학교,중학교,중학생,C:\Users\user\Documents\GitHub\studynavi\서울과외\도봉구과외\쌍문동과외\백운중과외\index.html,high,true,정상
school,서울특별시,도봉구,쌍문동,,선덕고등학교,고등학교,고등학생,C:\Users\user\Documents\GitHub\studynavi\서울과외\도봉구과외\쌍문동과외\선덕고과외\index.html,high,true,정상
school,서울특별시,도봉구,쌍문동,,선덕중학교,중학교,중학생,C:\Users\user\Documents\GitHub\studynavi\서울과외\도봉구과외\쌍문동과외\선덕중과외\index.html,high,true,정상
school,서울특별시,도봉구,쌍문동,,신도봉중학교,중학교,중학생,C:\Users\user\Documents\GitHub\studynavi\서울과외\도봉구과외\쌍문동과외\신도봉중과외\index.html,high,true,정상
school,서울특별시,도봉구,쌍문동,,정의여자고등학교,고등학교,고등학생,C:\Users\user\Documents\GitHub\studynavi\서울과외\도봉구과외\쌍문동과외\정의여자고과외\index.html,high,true,정상
school,서울특별시,도봉구,쌍문동,,정의여자중학교,중학교,중학생,C:\Users\user\Documents\GitHub\studynavi\서울과외\도봉구과외\쌍문동과외\정의여자중과외\index.html,high,true,정상
school,서울특별시,도봉구,쌍문동,,효문고등학교,고등학교,고등학생,C:\Users\user\Documents\GitHub\studynavi\서울과외\도봉구과외\쌍문동과외\효문고과외\index.html,high,true,정상
school,서울특별시,도봉구,쌍문동,,효문중학교,중학교,중학생,C:\Users\user\Documents\GitHub\studynavi\서울과외\도봉구과외\쌍문동과외\효문중과외\index.html,high,true,정상
school,서울특별시,도봉구,창동,,노곡중학교,중학교,중학생,C:\Users\user\Documents\GitHub\studynavi\서울과외\도봉구과외\창동과외\노곡중과외\index.html,high,true,정상
school,서울특별시,도봉구,창동,,서울외국어고등학교,고등학교,고등학생,C:\Users\user\Documents\GitHub\studynavi\서울과외\도봉구과외\창동과외\서울외국어고과외\index.html,high,true,정상
school,서울특별시,도봉구,창동,,자운고등학교,고등학교,고등학생,C:\Users\user\Documents\GitHub\studynavi\서울과외\도봉구과외\창동과외\자운고과외\index.html,high,true,정상
school,서울특별시,도봉구,창동,,창동고등학교,고등학교,고등학생,C:\Users\user\Documents\GitHub\studynavi\서울과외\도봉구과외\창동과외\창동고과외\index.html,high,true,정상
school,서울특별시,도봉구,창동,,창북중학교,중학교,중학생,C:\Users\user\Documents\GitHub\studynavi\서울과외\도봉구과외\창동과외\창북중과외\index.html,high,true,정상
school,서울특별시,도봉구,창동,,창일중학교,중학교,중학생,C:\Users\user\Documents\GitHub\studynavi\서울과외\도봉구과외\창동과외\창일중과외\index.html,high,true,정상
school,서울특별시,동대문구,답십리동,,숭인중학교,중학교,중학생,C:\Users\user\Documents\GitHub\studynavi\서울과외\동대문구과외\답십리동과외\숭인중과외\index.html,high,true,정상
school,서울특별시,동대문구,장안동,,동국대학교사범대학부속고등학교,고등학교,고등학생,C:\Users\user\Documents\GitHub\studynavi\서울과외\동대문구과외\서울장안동과외\동국대학교사범대학부속고과외\index.html,high,true,정상
school,서울특별시,동대문구,장안동,,동국대학교사범대학부속중학교,중학교,중학생,C:\Users\user\Documents\GitHub\studynavi\서울과외\동대문구과외\서울장안동과외\동국대학교사범대학부속중과외\index.html,high,true,정상
school,서울특별시,동대문구,장안동,,장평중학교,중학교,중학생,C:\Users\user\Documents\GitHub\studynavi\서울과외\동대문구과외\서울장안동과외\장평중과외\index.html,high,true,정상
school,서울특별시,동대문구,신설동,,대광고등학교,고등학교,고등학생,C:\Users\user\Documents\GitHub\studynavi\서울과외\동대문구과외\신설동과외\대광고과외\index.html,high,true,정상
school,서울특별시,동대문구,신설동,,대광중학교,중학교,중학생,C:\Users\user\Documents\GitHub\studynavi\서울과외\동대문구과외\신설동과외\대광중과외\index.html,high,true,정상
school,서울특별시,동대문구,전농동,,동대문중학교,중학교,중학생,C:\Users\user\Documents\GitHub\studynavi\서울과외\동대문구과외\전농동과외\동대문중과외\index.html,high,true,정상
school,서울특별시,동대문구,전농동,,전농중학교,중학교,중학생,C:\Users\user\Documents\GitHub\studynavi\서울과외\동대문구과외\전농동과외\전농중과외\index.html,high,true,정상
school,서울특별시,동대문구,전농동,,전일중학교,중학교,중학생,C:\Users\user\Documents\GitHub\studynavi\서울과외\동대문구과외\전농동과외\전일중과외\index.html,high,true,정상
school,서울특별시,동대문구,전농동,,해성여자고등학교,고등학교,고등학생,C:\Users\user\Documents\GitHub\studynavi\서울과외\동대문구과외\전농동과외\해성여자고과외\index.html,high,true,정상
school,서울특별시,동대문구,제기동,,서울정화고등학교,고등학교,고등학생,C:\Users\user\Documents\GitHub\studynavi\서울과외\동대문구과외\제기동과외\서울정화고과외\index.html,high,true,정상
school,서울특별시,동대문구,제기동,,성일중학교,중학교,중학생,C:\Users\user\Documents\GitHub\studynavi\서울과외\동대문구과외\제기동과외\성일중과외\index.html,high,true,정상
school,서울특별시,동대문구,제기동,,정화여자중학교,중학교,중학생,C:\Users\user\Documents\GitHub\studynavi\서울과외\동대문구과외\제기동과외\정화여자중과외\index.html,high,true,정상
school,서울특별시,동대문구,청량리동,,청량고등학교,고등학교,고등학생,C:\Users\user\Documents\GitHub\studynavi\서울과외\동대문구과외\청량리동과외\청량고과외\index.html,high,true,정상
school,서울특별시,동대문구,청량리동,,청량중학교,중학교,중학생,C:\Users\user\Documents\GitHub\studynavi\서울과외\동대문구과외\청량리동과외\청량중과외\index.html,high,true,정상
school,서울특별시,동대문구,회기동,,경희고등학교,고등학교,고등학생,C:\Users\user\Documents\GitHub\studynavi\서울과외\동대문구과외\회기동과외\경희고과외\index.html,high,true,정상
school,서울특별시,동대문구,회기동,,경희여자고등학교,고등학교,고등학생,C:\Users\user\Documents\GitHub\studynavi\서울과외\동대문구과외\회기동과외\경희여자고과외\index.html,high,true,정상
school,서울특별시,동대문구,회기동,,경희여자중학교,중학교,중학생,C:\Users\user\Documents\GitHub\studynavi\서울과외\동대문구과외\회기동과외\경희여자중과외\index.html,high,true,정상
school,서울특별시,동대문구,회기동,,경희중학교,중학교,중학생,C:\Users\user\Documents\GitHub\studynavi\서울과외\동대문구과외\회기동과외\경희중과외\index.html,high,true,정상
school,서울특별시,동대문구,휘경동,,전동중학교,중학교,중학생,C:\Users\user\Documents\GitHub\studynavi\서울과외\동대문구과외\휘경동과외\전동중과외\index.html,high,true,정상
school,서울특별시,동대문구,휘경동,,휘경여자고등학교,고등학교,고등학생,C:\Users\user\Documents\GitHub\studynavi\서울과외\동대문구과외\휘경동과외\휘경여자고과외\index.html,high,true,정상
school,서울특별시,동대문구,휘경동,,휘경여자중학교,중학교,중학생,C:\Users\user\Documents\GitHub\studynavi\서울과외\동대문구과외\휘경동과외\휘경여자중과외\index.html,high,true,정상
school,서울특별시,동대문구,휘경동,,휘경중학교,중학교,중학생,C:\Users\user\Documents\GitHub\studynavi\서울과외\동대문구과외\휘경동과외\휘경중과외\index.html,high,true,정상
school,서울특별시,동대문구,휘경동,,휘봉고등학교,고등학교,고등학생,C:\Users\user\Documents\GitHub\studynavi\서울과외\동대문구과외\휘경동과외\휘봉고과외\index.html,high,true,정상
school,서울특별시,동작구,동작동,,경문고등학교,고등학교,고등학생,C:\Users\user\Documents\GitHub\studynavi\서울과외\동작구과외\동작동과외\경문고과외\index.html,high,true,정상
school,서울특별시,동작구,동작동,,동작중학교,중학교,중학생,C:\Users\user\Documents\GitHub\studynavi\서울과외\동작구과외\동작동과외\동작중과외\index.html,high,true,정상
school,서울특별시,동작구,사당동,,남성중학교,중학교,중학생,C:\Users\user\Documents\GitHub\studynavi\서울과외\동작구과외\사당동과외\남성중과외\index.html,high,true,정상
school,서울특별시,동작구,사당동,,동작고등학교,고등학교,고등학생,C:\Users\user\Documents\GitHub\studynavi\서울과외\동작구과외\사당동과외\동작고과외\index.html,high,true,정상
school,서울특별시,동작구,사당동,,사당중학교,중학교,중학생,C:\Users\user\Documents\GitHub\studynavi\서울과외\동작구과외\사당동과외\사당중과외\index.html,high,true,정상
school,서울특별시,동작구,사당동,,상도중학교,중학교,중학생,C:\Users\user\Documents\GitHub\studynavi\서울과외\동작구과외\사당동과외\상도중과외\index.html,high,true,정상
school,서울특별시,동작구,상도동,,강현중학교,중학교,중학생,C:\Users\user\Documents\GitHub\studynavi\서울과외\동작구과외\상도동과외\강현중과외\index.html,high,true,정상
school,서울특별시,동작구,상도동,,국사봉중학교,중학교,중학생,C:\Users\user\Documents\GitHub\studynavi\서울과외\동작구과외\상도동과외\국사봉중과외\index.html,high,true,정상
school,서울특별시,동작구,상도동,,상현중학교,중학교,중학생,C:\Users\user\Documents\GitHub\studynavi\서울과외\동작구과외\상도동과외\상현중과외\index.html,high,true,정상
school,서울특별시,동작구,상도동,,장승중학교,중학교,중학생,C:\Users\user\Documents\GitHub\studynavi\서울과외\동작구과외\상도동과외\장승중과외\index.html,high,true,정상
school,서울특별시,동작구,대방동,,강남중학교,중학교,중학생,C:\Users\user\Documents\GitHub\studynavi\서울과외\동작구과외\서울대방동과외\강남중과외\index.html,high,true,정상
school,서울특별시,동작구,대방동,,성남고등학교,고등학교,고등학생,C:\Users\user\Documents\GitHub\studynavi\서울과외\동작구과외\서울대방동과외\성남고과외\index.html,high,true,정상
school,서울특별시,동작구,대방동,,성남중학교,중학교,중학생,C:\Users\user\Documents\GitHub\studynavi\서울과외\동작구과외\서울대방동과외\성남중과외\index.html,high,true,정상
school,서울특별시,동작구,대방동,,숭의여자고등학교,고등학교,고등학생,C:\Users\user\Documents\GitHub\studynavi\서울과외\동작구과외\서울대방동과외\숭의여자고과외\index.html,high,true,정상
school,서울특별시,동작구,대방동,,숭의여자중학교,중학교,중학생,C:\Users\user\Documents\GitHub\studynavi\서울과외\동작구과외\서울대방동과외\숭의여자중과외\index.html,high,true,정상
school,서울특별시,동작구,대방동,,영등포고등학교,고등학교,고등학생,C:\Users\user\Documents\GitHub\studynavi\서울과외\동작구과외\서울대방동과외\영등포고과외\index.html,high,true,정상
school,서울특별시,동작구,대방동,,영등포중학교,중학교,중학생,C:\Users\user\Documents\GitHub\studynavi\서울과외\동작구과외\서울대방동과외\영등포중과외\index.html,high,true,정상
school,서울특별시,동작구,흑석동,,동양중학교,중학교,중학생,C:\Users\user\Documents\GitHub\studynavi\서울과외\동작구과외\서울흑석동과외\동양중과외\index.html,high,true,정상
school,서울특별시,동작구,흑석동,,중앙대학교사범대학부속중학교,중학교,중학생,C:\Users\user\Documents\GitHub\studynavi\서울과외\동작구과외\서울흑석동과외\중앙대학교사범대학부속중과외\index.html,high,true,정상
school,서울특별시,동작구,신대방동,,대방중학교,중학교,중학생,C:\Users\user\Documents\GitHub\studynavi\서울과외\동작구과외\신대방동과외\대방중과외\index.html,high,true,정상
school,서울특별시,동작구,신대방동,,문창중학교,중학교,중학생,C:\Users\user\Documents\GitHub\studynavi\서울과외\동작구과외\신대방동과외\문창중과외\index.html,high,true,정상
school,서울특별시,동작구,신대방동,,수도여자고등학교,고등학교,고등학생,C:\Users\user\Documents\GitHub\studynavi\서울과외\동작구과외\신대방동과외\수도여자고과외\index.html,high,true,정상
school,서울특별시,마포구,노고산동,,창천중학교,중학교,중학생,C:\Users\user\Documents\GitHub\studynavi\서울과외\마포구과외\노고산동과외\창천중과외\index.html,high,true,정상
school,서울특별시,마포구,마포구중동,,중암중학교,중학교,중학생,C:\Users\user\Documents\GitHub\studynavi\서울과외\마포구과외\마포구중동과외\중암중과외\index.html,high,true,정상
school,서울특별시,마포구,상암동,,상암고등학교,고등학교,고등학생,C:\Users\user\Documents\GitHub\studynavi\서울과외\마포구과외\상암동과외\상암고과외\index.html,high,true,정상
school,서울특별시,마포구,상암동,,상암중학교,중학교,중학생,C:\Users\user\Documents\GitHub\studynavi\서울과외\마포구과외\상암동과외\상암중과외\index.html,high,true,정상
school,서울특별시,마포구,대흥동,,숭문고등학교,고등학교,고등학생,C:\Users\user\Documents\GitHub\studynavi\서울과외\마포구과외\서울대흥동과외\숭문고과외\index.html,high,true,정상
school,서울특별시,마포구,대흥동,,숭문중학교,중학교,중학생,C:\Users\user\Documents\GitHub\studynavi\서울과외\마포구과외\서울대흥동과외\숭문중과외\index.html,high,true,정상
school,서울특별시,마포구,성산동,,성사중학교,중학교,중학생,C:\Users\user\Documents\GitHub\studynavi\서울과외\마포구과외\성산동과외\성사중과외\index.html,high,true,정상
school,서울특별시,마포구,성산동,,성서중학교,중학교,중학생,C:\Users\user\Documents\GitHub\studynavi\서울과외\마포구과외\성산동과외\성서중과외\index.html,high,true,정상
school,서울특별시,마포구,성산동,,홍익대학교사범대학부속여자고등학교,고등학교,고등학생,C:\Users\user\Documents\GitHub\studynavi\서울과외\마포구과외\성산동과외\홍익대학교사범대학부속여자고과외\index.html,high,true,정상
school,서울특별시,마포구,성산동,,홍익대학교사범대학부속여자중학교,중학교,중학생,C:\Users\user\Documents\GitHub\studynavi\서울과외\마포구과외\성산동과외\홍익대학교사범대학부속여자중과외\index.html,high,true,정상
school,서울특별시,마포구,신수동,,광성고등학교,고등학교,고등학생,C:\Users\user\Documents\GitHub\studynavi\서울과외\마포구과외\신수동과외\광성고과외\index.html,high,true,정상
school,서울특별시,마포구,신수동,,광성중학교,중학교,중학생,C:\Users\user\Documents\GitHub\studynavi\서울과외\마포구과외\신수동과외\광성중과외\index.html,high,true,정상
school,서울특별시,마포구,신수동,,신수중학교,중학교,중학생,C:\Users\user\Documents\GitHub\studynavi\서울과외\마포구과외\신수동과외\신수중과외\index.html,high,true,정상
school,서울특별시,마포구,아현동,,아현중학교,중학교,중학생,C:\Users\user\Documents\GitHub\studynavi\서울과외\마포구과외\아현동과외\아현중과외\index.html,high,true,정상
school,서울특별시,마포구,아현동,,한세사이버보안고등학교,고등학교,고등학생,C:\Users\user\Documents\GitHub\studynavi\서울과외\마포구과외\아현동과외\한세사이버보안고과외\index.html,high,true,정상
school,서울특별시,마포구,연남동,,경성고등학교,고등학교,고등학생,C:\Users\user\Documents\GitHub\studynavi\서울과외\마포구과외\연남동과외\경성고과외\index.html,high,true,정상
school,서울특별시,마포구,연남동,,경성중학교,중학교,중학생,C:\Users\user\Documents\GitHub\studynavi\서울과외\마포구과외\연남동과외\경성중과외\index.html,high,true,정상
school,서울특별시,마포구,염리동,,서울여자고등학교,고등학교,고등학생,C:\Users\user\Documents\GitHub\studynavi\서울과외\마포구과외\염리동과외\서울여자고과외\index.html,high,true,정상
school,서울특별시,마포구,염리동,,서울여자중학교,중학교,중학생,C:\Users\user\Documents\GitHub\studynavi\서울과외\마포구과외\염리동과외\서울여자중과외\index.html,high,true,정상
school,서울특별시,마포구,합정동,,성산중학교,중학교,중학생,C:\Users\user\Documents\GitHub\studynavi\서울과외\마포구과외\합정동과외\성산중과외\index.html,high,true,정상
school,서울특별시,서대문구,남가좌동,,연희중학교,중학교,중학생,C:\Users\user\Documents\GitHub\studynavi\서울과외\서대문구과외\남가좌동과외\연희중과외\index.html,high,true,정상
school,서울특별시,서대문구,북가좌동,,가재울고등학교,고등학교,고등학생,C:\Users\user\Documents\GitHub\studynavi\서울과외\서대문구과외\북가좌동과외\가재울고과외\index.html,high,true,정상
school,서울특별시,서대문구,북가좌동,,가재울중학교,중학교,중학생,C:\Users\user\Documents\GitHub\studynavi\서울과외\서대문구과외\북가좌동과외\가재울중과외\index.html,high,true,정상
school,서울특별시,서대문구,북아현동,,중앙여자고등학교,고등학교,고등학생,C:\Users\user\Documents\GitHub\studynavi\서울과외\서대문구과외\북아현동과외\중앙여자고과외\index.html,high,true,정상
school,서울특별시,서대문구,북아현동,,중앙여자중학교,중학교,중학생,C:\Users\user\Documents\GitHub\studynavi\서울과외\서대문구과외\북아현동과외\중앙여자중과외\index.html,high,true,정상
school,서울특별시,서대문구,북아현동,,한성고등학교,고등학교,고등학생,C:\Users\user\Documents\GitHub\studynavi\서울과외\서대문구과외\북아현동과외\한성고과외\index.html,high,true,정상
school,서울특별시,서대문구,북아현동,,한성중학교,중학교,중학생,C:\Users\user\Documents\GitHub\studynavi\서울과외\서대문구과외\북아현동과외\한성중과외\index.html,high,true,정상
school,서울특별시,서대문구,대신동,,이화여자대학교사범대학부속이화금란고등학교,고등학교,고등학생,C:\Users\user\Documents\GitHub\studynavi\서울과외\서대문구과외\서울대신동과외\이화여자대학교사범대학부속이화금란고과외\index.html,high,true,정상
school,서울특별시,서대문구,대신동,,이화여자대학교사범대학부속이화·금란중학교,중학교,중학생,C:\Users\user\Documents\GitHub\studynavi\서울과외\서대문구과외\서울대신동과외\이화여자대학교사범대학부속이화금란중과외\index.html,medium,true,정상
school,서울특별시,서대문구,연희동,,서연중학교,중학교,중학생,C:\Users\user\Documents\GitHub\studynavi\서울과외\서대문구과외\서울연희동과외\서연중과외\index.html,high,true,정상
school,서울특별시,서대문구,연희동,,신연중학교,중학교,중학생,C:\Users\user\Documents\GitHub\studynavi\서울과외\서대문구과외\서울연희동과외\신연중과외\index.html,high,true,정상
school,서울특별시,서대문구,연희동,,연북중학교,중학교,중학생,C:\Users\user\Documents\GitHub\studynavi\서울과외\서대문구과외\서울연희동과외\연북중과외\index.html,high,true,정상
school,서울특별시,서대문구,천연동,,동명여자중학교,중학교,중학생,C:\Users\user\Documents\GitHub\studynavi\서울과외\서대문구과외\천연동과외\동명여자중과외\index.html,high,true,정상
school,서울특별시,서대문구,현저동,,한성과학고등학교,고등학교,고등학생,C:\Users\user\Documents\GitHub\studynavi\서울과외\서대문구과외\현저동과외\한성과학고과외\index.html,high,true,정상
school,서울특별시,서대문구,홍은동,,명지고등학교,고등학교,고등학생,C:\Users\user\Documents\GitHub\studynavi\서울과외\서대문구과외\홍은동과외\명지고과외\index.html,high,true,정상
school,서울특별시,서대문구,홍은동,,명지중학교,중학교,중학생,C:\Users\user\Documents\GitHub\studynavi\서울과외\서대문구과외\홍은동과외\명지중과외\index.html,high,true,정상
school,서울특별시,서대문구,홍은동,,정원여자중학교,중학교,중학생,C:\Users\user\Documents\GitHub\studynavi\서울과외\서대문구과외\홍은동과외\정원여자중과외\index.html,high,true,정상
school,서울특별시,서대문구,홍은동,,홍은중학교,중학교,중학생,C:\Users\user\Documents\GitHub\studynavi\서울과외\서대문구과외\홍은동과외\홍은중과외\index.html,high,true,정상
school,서울특별시,서대문구,홍제동,,인왕중학교,중학교,중학생,C:\Users\user\Documents\GitHub\studynavi\서울과외\서대문구과외\홍제동과외\인왕중과외\index.html,high,true,정상
school,서울특별시,서초구,반포동,,반포고등학교,고등학교,고등학생,C:\Users\user\Documents\GitHub\studynavi\서울과외\서초구과외\반포동과외\반포고과외\index.html,high,true,정상
school,서울특별시,서초구,반포동,,반포중학교,중학교,중학생,C:\Users\user\Documents\GitHub\studynavi\서울과외\서초구과외\반포동과외\반포중과외\index.html,high,true,정상
school,서울특별시,서초구,반포동,,방배중학교,중학교,중학생,C:\Users\user\Documents\GitHub\studynavi\서울과외\서초구과외\반포동과외\방배중과외\index.html,high,true,정상
school,서울특별시,서초구,반포동,,세화고등학교,고등학교,고등학생,C:\Users\user\Documents\GitHub\studynavi\서울과외\서초구과외\반포동과외\세화고과외\index.html,high,true,정상
school,서울특별시,서초구,반포동,,세화여자고등학교,고등학교,고등학생,C:\Users\user\Documents\GitHub\studynavi\서울과외\서초구과외\반포동과외\세화여자고과외\index.html,high,true,정상
school,서울특별시,서초구,반포동,,세화여자중학교,중학교,중학생,C:\Users\user\Documents\GitHub\studynavi\서울과외\서초구과외\반포동과외\세화여자중과외\index.html,high,true,정상
school,서울특별시,서초구,반포동,,신반포중학교,중학교,중학생,C:\Users\user\Documents\GitHub\studynavi\서울과외\서초구과외\반포동과외\신반포중과외\index.html,high,true,정상
school,서울특별시,서초구,반포동,,원촌중학교,중학교,중학생,C:\Users\user\Documents\GitHub\studynavi\서울과외\서초구과외\반포동과외\원촌중과외\index.html,high,true,정상
school,서울특별시,서초구,방배동,,동덕여자고등학교,고등학교,고등학생,C:\Users\user\Documents\GitHub\studynavi\서울과외\서초구과외\방배동과외\동덕여자고과외\index.html,high,true,정상
school,서울특별시,서초구,방배동,,동덕여자중학교,중학교,중학생,C:\Users\user\Documents\GitHub\studynavi\서울과외\서초구과외\방배동과외\동덕여자중과외\index.html,high,true,정상
school,서울특별시,서초구,방배동,,상문고등학교,고등학교,고등학생,C:\Users\user\Documents\GitHub\studynavi\서울과외\서초구과외\방배동과외\상문고과외\index.html,high,true,정상
school,서울특별시,서초구,방배동,,서문여자고등학교,고등학교,고등학생,C:\Users\user\Documents\GitHub\studynavi\서울과외\서초구과외\방배동과외\서문여자고과외\index.html,high,true,정상
school,서울특별시,서초구,방배동,,서문여자중학교,중학교,중학생,C:\Users\user\Documents\GitHub\studynavi\서울과외\서초구과외\방배동과외\서문여자중과외\index.html,high,true,정상
school,서울특별시,서초구,방배동,,이수중학교,중학교,중학생,C:\Users\user\Documents\GitHub\studynavi\서울과외\서초구과외\방배동과외\이수중과외\index.html,high,true,정상
school,서울특별시,서초구,신원동,,내곡중학교,중학교,중학생,C:\Users\user\Documents\GitHub\studynavi\서울과외\서초구과외\서울신원동과외\내곡중과외\index.html,high,true,정상
school,서울특별시,서초구,서초동,,서운중학교,중학교,중학생,C:\Users\user\Documents\GitHub\studynavi\서울과외\서초구과외\서초동과외\서운중과외\index.html,high,true,정상
school,서울특별시,서초구,서초동,,서울고등학교,고등학교,고등학생,C:\Users\user\Documents\GitHub\studynavi\서울과외\서초구과외\서초동과외\서울고과외\index.html,high,true,정상
school,서울특별시,서초구,서초동,,서일중학교,중학교,중학생,C:\Users\user\Documents\GitHub\studynavi\서울과외\서초구과외\서초동과외\서일중과외\index.html,high,true,정상
school,서울특별시,서초구,서초동,,서초고등학교,고등학교,고등학생,C:\Users\user\Documents\GitHub\studynavi\서울과외\서초구과외\서초동과외\서초고과외\index.html,high,true,정상
school,서울특별시,서초구,서초동,,서초중학교,중학교,중학생,C:\Users\user\Documents\GitHub\studynavi\서울과외\서초구과외\서초동과외\서초중과외\index.html,high,true,정상
school,서울특별시,서초구,서초동,,양재고등학교,고등학교,고등학생,C:\Users\user\Documents\GitHub\studynavi\서울과외\서초구과외\서초동과외\양재고과외\index.html,high,true,정상
school,서울특별시,서초구,양재동,,언남고등학교,고등학교,고등학생,C:\Users\user\Documents\GitHub\studynavi\서울과외\서초구과외\양재동과외\언남고과외\index.html,high,true,정상
school,서울특별시,서초구,양재동,,언남중학교,중학교,중학생,C:\Users\user\Documents\GitHub\studynavi\서울과외\서초구과외\양재동과외\언남중과외\index.html,high,true,정상
school,서울특별시,서초구,우면동,,영동중학교,중학교,중학생,C:\Users\user\Documents\GitHub\studynavi\서울과외\서초구과외\우면동과외\영동중과외\index.html,high,true,정상
school,서울특별시,서초구,잠원동,,경원중학교,중학교,중학생,C:\Users\user\Documents\GitHub\studynavi\서울과외\서초구과외\잠원동과외\경원중과외\index.html,high,true,정상
school,서울특별시,서초구,잠원동,,신동중학교,중학교,중학생,C:\Users\user\Documents\GitHub\studynavi\서울과외\서초구과외\잠원동과외\신동중과외\index.html,high,true,정상
school,서울특별시,성동구,마장동,,동마중학교,중학교,중학생,C:\Users\user\Documents\GitHub\studynavi\서울과외\성동구과외\마장동과외\동마중과외\index.html,high,true,정상
school,서울특별시,성동구,마장동,,마장중학교,중학교,중학생,C:\Users\user\Documents\GitHub\studynavi\서울과외\성동구과외\마장동과외\마장중과외\index.html,high,true,정상
school,서울특별시,성동구,사근동,,한양대학교사범대학부속고등학교,고등학교,고등학생,C:\Users\user\Documents\GitHub\studynavi\서울과외\성동구과외\사근동과외\한양대학교사범대학부속고과외\index.html,high,true,정상
school,서울특별시,성동구,사근동,,한양대학교사범대학부속중학교,중학교,중학생,C:\Users\user\Documents\GitHub\studynavi\서울과외\성동구과외\사근동과외\한양대학교사범대학부속중과외\index.html,high,true,정상
school,서울특별시,성동구,금호동,,금호고등학교,고등학교,고등학생,C:\Users\user\Documents\GitHub\studynavi\서울과외\성동구과외\서울금호동과외\금호고과외\index.html,high,true,정상
school,서울특별시,성동구,성동,,무학여자고등학교,고등학교,고등학생,C:\Users\user\Documents\GitHub\studynavi\서울과외\성동구과외\서울성동과외\무학여자고과외\index.html,high,true,정상
school,서울특별시,성동구,성수동,,경수중학교,중학교,중학생,C:\Users\user\Documents\GitHub\studynavi\서울과외\성동구과외\성수동과외\경수중과외\index.html,high,true,정상
school,서울특별시,성동구,성수동,,경일고등학교,고등학교,고등학생,C:\Users\user\Documents\GitHub\studynavi\서울과외\성동구과외\성수동과외\경일고과외\index.html,high,true,정상
school,서울특별시,성동구,성수동,,경일중학교,중학교,중학생,C:\Users\user\Documents\GitHub\studynavi\서울과외\성동구과외\성수동과외\경일중과외\index.html,high,true,정상
school,서울특별시,성동구,성수동,,성수고등학교,고등학교,고등학생,C:\Users\user\Documents\GitHub\studynavi\서울과외\성동구과외\성수동과외\성수고과외\index.html,high,true,정상
school,서울특별시,성동구,성수동,,성수중학교,중학교,중학생,C:\Users\user\Documents\GitHub\studynavi\서울과외\성동구과외\성수동과외\성수중과외\index.html,high,true,정상
school,서울특별시,성동구,성수동,,성원중학교,중학교,중학생,C:\Users\user\Documents\GitHub\studynavi\서울과외\성동구과외\성수동과외\성원중과외\index.html,high,true,정상
school,서울특별시,성동구,옥수동,,옥정중학교,중학교,중학생,C:\Users\user\Documents\GitHub\studynavi\서울과외\성동구과외\옥수동과외\옥정중과외\index.html,high,true,정상
school,서울특별시,성동구,응봉동,,광희중학교,중학교,중학생,C:\Users\user\Documents\GitHub\studynavi\서울과외\성동구과외\응봉동과외\광희중과외\index.html,high,true,정상
school,서울특별시,성동구,하왕십리동,,도선고등학교,고등학교,고등학생,C:\Users\user\Documents\GitHub\studynavi\서울과외\성동구과외\하왕십리동과외\도선고과외\index.html,high,true,정상
school,서울특별시,성동구,행당동,,무학중학교,중학교,중학생,C:\Users\user\Documents\GitHub\studynavi\서울과외\성동구과외\행당동과외\무학중과외\index.html,high,true,정상
school,서울특별시,성동구,행당동,,행당중학교,중학교,중학생,C:\Users\user\Documents\GitHub\studynavi\서울과외\성동구과외\행당동과외\행당중과외\index.html,high,true,정상
school,서울특별시,성북구,길음동,,계성고등학교,고등학교,고등학생,C:\Users\user\Documents\GitHub\studynavi\서울과외\성북구과외\길음동과외\계성고과외\index.html,high,true,정상
school,서울특별시,성북구,길음동,,길음중학교,중학교,중학생,C:\Users\user\Documents\GitHub\studynavi\서울과외\성북구과외\길음동과외\길음중과외\index.html,high,true,정상
school,서울특별시,성북구,돈암동,,개운중학교,중학교,중학생,C:\Users\user\Documents\GitHub\studynavi\서울과외\성북구과외\돈암동과외\개운중과외\index.html,high,true,정상
school,서울특별시,성북구,돈암동,,고명중학교,중학교,중학생,C:\Users\user\Documents\GitHub\studynavi\서울과외\성북구과외\돈암동과외\고명중과외\index.html,high,true,정상
school,서울특별시,성북구,돈암동,,성신여자고등학교,고등학교,고등학생,C:\Users\user\Documents\GitHub\studynavi\서울과외\성북구과외\돈암동과외\성신여자고과외\index.html,high,true,정상
school,서울특별시,성북구,돈암동,,성신여자중학교,중학교,중학생,C:\Users\user\Documents\GitHub\studynavi\서울과외\성북구과외\돈암동과외\성신여자중과외\index.html,high,true,정상
school,서울특별시,성북구,동소문동,,삼선중학교,중학교,중학생,C:\Users\user\Documents\GitHub\studynavi\서울과외\성북구과외\동소문동과외\삼선중과외\index.html,high,true,정상
school,서울특별시,성북구,삼선동,,경동고등학교,고등학교,고등학생,C:\Users\user\Documents\GitHub\studynavi\서울과외\성북구과외\삼선동과외\경동고과외\index.html,high,true,정상
school,서울특별시,성북구,삼선동,,한성여자고등학교,고등학교,고등학생,C:\Users\user\Documents\GitHub\studynavi\서울과외\성북구과외\삼선동과외\한성여자고과외\index.html,high,true,정상
school,서울특별시,성북구,삼선동,,한성여자중학교,중학교,중학생,C:\Users\user\Documents\GitHub\studynavi\서울과외\성북구과외\삼선동과외\한성여자중과외\index.html,high,true,정상
school,서울특별시,성북구,상월곡동,,월곡중학교,중학교,중학생,C:\Users\user\Documents\GitHub\studynavi\서울과외\성북구과외\상월곡동과외\월곡중과외\index.html,high,true,정상
school,서울특별시,성북구,성북동,,동구여자중학교,중학교,중학생,C:\Users\user\Documents\GitHub\studynavi\서울과외\성북구과외\서울성북동과외\동구여자중과외\index.html,high,true,정상
school,서울특별시,성북구,성북동,,서울동구고등학교,고등학교,고등학생,C:\Users\user\Documents\GitHub\studynavi\서울과외\성북구과외\서울성북동과외\서울동구고과외\index.html,high,true,정상
school,서울특별시,성북구,성북동,,홍익대학교사범대학부속고등학교,고등학교,고등학생,C:\Users\user\Documents\GitHub\studynavi\서울과외\성북구과외\서울성북동과외\홍익대학교사범대학부속고과외\index.html,high,true,정상
school,서울특별시,성북구,성북동,,홍익대학교사범대학부속중학교,중학교,중학생,C:\Users\user\Documents\GitHub\studynavi\서울과외\성북구과외\서울성북동과외\홍익대학교사범대학부속중과외\index.html,high,true,정상
school,서울특별시,성북구,석관동,,석관고등학교,고등학교,고등학생,C:\Users\user\Documents\GitHub\studynavi\서울과외\성북구과외\석관동과외\석관고과외\index.html,high,true,정상
school,서울특별시,성북구,석관동,,석관중학교,중학교,중학생,C:\Users\user\Documents\GitHub\studynavi\서울과외\성북구과외\석관동과외\석관중과외\index.html,high,true,정상
school,서울특별시,성북구,안암동,,용문고등학교,고등학교,고등학생,C:\Users\user\Documents\GitHub\studynavi\서울과외\성북구과외\안암동과외\용문고과외\index.html,high,true,정상
school,서울특별시,성북구,안암동,,용문중학교,중학교,중학생,C:\Users\user\Documents\GitHub\studynavi\서울과외\성북구과외\안암동과외\용문중과외\index.html,high,true,정상
school,서울특별시,성북구,장위동,,남대문중학교,중학교,중학생,C:\Users\user\Documents\GitHub\studynavi\서울과외\성북구과외\장위동과외\남대문중과외\index.html,high,true,정상
school,서울특별시,성북구,장위동,,장위중학교,중학교,중학생,C:\Users\user\Documents\GitHub\studynavi\서울과외\성북구과외\장위동과외\장위중과외\index.html,high,true,정상
school,서울특별시,성북구,정릉동,,고려대학교사범대학부속고등학교,고등학교,고등학생,C:\Users\user\Documents\GitHub\studynavi\서울과외\성북구과외\정릉동과외\고려대학교사범대학부속고과외\index.html,high,true,정상
school,서울특별시,성북구,정릉동,,고려대학교사범대학부속중학교,중학교,중학생,C:\Users\user\Documents\GitHub\studynavi\서울과외\성북구과외\정릉동과외\고려대학교사범대학부속중과외\index.html,high,true,정상
school,서울특별시,성북구,정릉동,,대일외국어고등학교,고등학교,고등학생,C:\Users\user\Documents\GitHub\studynavi\서울과외\성북구과외\정릉동과외\대일외국어고과외\index.html,high,true,정상
school,서울특별시,성북구,정릉동,,북악중학교,중학교,중학생,C:\Users\user\Documents\GitHub\studynavi\서울과외\성북구과외\정릉동과외\북악중과외\index.html,high,true,정상
school,서울특별시,성북구,종암동,,서울대학교사범대학부설중학교,중학교,중학생,C:\Users\user\Documents\GitHub\studynavi\서울과외\성북구과외\종암동과외\서울대학교사범대학부설중과외\index.html,high,true,정상
school,서울특별시,성북구,종암동,,서울사대부고등학교,고등학교,고등학생,C:\Users\user\Documents\GitHub\studynavi\서울과외\성북구과외\종암동과외\서울사대부고과외\index.html,high,true,정상
school,서울특별시,성북구,종암동,,종암중학교,중학교,중학생,C:\Users\user\Documents\GitHub\studynavi\서울과외\성북구과외\종암동과외\종암중과외\index.html,high,true,정상
school,서울특별시,성북구,하월곡동,,숭곡중학교,중학교,중학생,C:\Users\user\Documents\GitHub\studynavi\서울과외\성북구과외\하월곡동과외\숭곡중과외\index.html,high,true,정상
school,서울특별시,송파구,가락동,,가원중학교,중학교,중학생,C:\Users\user\Documents\GitHub\studynavi\서울과외\송파구과외\가락동과외\가원중과외\index.html,high,true,정상
school,서울특별시,송파구,가락동,,석촌중학교,중학교,중학생,C:\Users\user\Documents\GitHub\studynavi\서울과외\송파구과외\가락동과외\석촌중과외\index.html,high,true,정상
school,서울특별시,송파구,가락동,,송파중학교,중학교,중학생,C:\Users\user\Documents\GitHub\studynavi\서울과외\송파구과외\가락동과외\송파중과외\index.html,high,true,정상
school,서울특별시,송파구,가락동,,해누리중학교,중학교,중학생,C:\Users\user\Documents\GitHub\studynavi\서울과외\송파구과외\가락동과외\해누리중과외\index.html,high,true,정상
school,서울특별시,송파구,거여동,,거원중학교,중학교,중학생,C:\Users\user\Documents\GitHub\studynavi\서울과외\송파구과외\거여동과외\거원중과외\index.html,high,true,정상
school,서울특별시,송파구,거여동,,덕수고등학교,고등학교,고등학생,C:\Users\user\Documents\GitHub\studynavi\서울과외\송파구과외\거여동과외\덕수고과외\index.html,high,true,정상
school,서울특별시,송파구,거여동,,위례솔중학교,중학교,중학생,C:\Users\user\Documents\GitHub\studynavi\서울과외\송파구과외\거여동과외\위례솔중과외\index.html,high,true,정상
school,서울특별시,송파구,문정동,,문정고등학교,고등학교,고등학생,C:\Users\user\Documents\GitHub\studynavi\서울과외\송파구과외\문정동과외\문정고과외\index.html,high,true,정상
school,서울특별시,송파구,문정동,,문정중학교,중학교,중학생,C:\Users\user\Documents\GitHub\studynavi\서울과외\송파구과외\문정동과외\문정중과외\index.html,high,true,정상
school,서울특별시,송파구,방이동,,방산고등학교,고등학교,고등학생,C:\Users\user\Documents\GitHub\studynavi\서울과외\송파구과외\방이동과외\방산고과외\index.html,high,true,정상
school,서울특별시,송파구,방이동,,방산중학교,중학교,중학생,C:\Users\user\Documents\GitHub\studynavi\서울과외\송파구과외\방이동과외\방산중과외\index.html,high,true,정상
school,서울특별시,송파구,방이동,,방이중학교,중학교,중학생,C:\Users\user\Documents\GitHub\studynavi\서울과외\송파구과외\방이동과외\방이중과외\index.html,high,true,정상
school,서울특별시,송파구,방이동,,보성고등학교,고등학교,고등학생,C:\Users\user\Documents\GitHub\studynavi\서울과외\송파구과외\방이동과외\보성고과외\index.html,high,true,정상
school,서울특별시,송파구,방이동,,보성중학교,중학교,중학생,C:\Users\user\Documents\GitHub\studynavi\서울과외\송파구과외\방이동과외\보성중과외\index.html,high,true,정상
school,서울특별시,송파구,방이동,,서울체육중학교,중학교,중학생,C:\Users\user\Documents\GitHub\studynavi\서울과외\송파구과외\방이동과외\서울체육중과외\index.html,high,true,정상
school,서울특별시,송파구,방이동,,오륜중학교,중학교,중학생,C:\Users\user\Documents\GitHub\studynavi\서울과외\송파구과외\방이동과외\오륜중과외\index.html,high,true,정상
school,서울특별시,송파구,방이동,,창덕여자고등학교,고등학교,고등학생,C:\Users\user\Documents\GitHub\studynavi\서울과외\송파구과외\방이동과외\창덕여자고과외\index.html,high,true,정상
school,서울특별시,송파구,삼전동,,배명고등학교,고등학교,고등학생,C:\Users\user\Documents\GitHub\studynavi\서울과외\송파구과외\삼전동과외\배명고과외\index.html,high,true,정상
school,서울특별시,송파구,삼전동,,배명중학교,중학교,중학생,C:\Users\user\Documents\GitHub\studynavi\서울과외\송파구과외\삼전동과외\배명중과외\index.html,high,true,정상
school,서울특별시,송파구,신천동,,잠실고등학교,고등학교,고등학생,C:\Users\user\Documents\GitHub\studynavi\서울과외\송파구과외\서울신천동과외\잠실고과외\index.html,high,true,정상
school,서울특별시,송파구,신천동,,잠실중학교,중학교,중학생,C:\Users\user\Documents\GitHub\studynavi\서울과외\송파구과외\서울신천동과외\잠실중과외\index.html,high,true,정상
school,서울특별시,송파구,장지동,,문현고등학교,고등학교,고등학생,C:\Users\user\Documents\GitHub\studynavi\서울과외\송파구과외\서울장지동과외\문현고과외\index.html,high,true,정상
school,서울특별시,송파구,장지동,,문현중학교,중학교,중학생,C:\Users\user\Documents\GitHub\studynavi\서울과외\송파구과외\서울장지동과외\문현중과외\index.html,high,true,정상
school,서울특별시,송파구,장지동,,송례중학교,중학교,중학생,C:\Users\user\Documents\GitHub\studynavi\서울과외\송파구과외\서울장지동과외\송례중과외\index.html,high,true,정상
school,서울특별시,송파구,송파동,,가락고등학교,고등학교,고등학생,C:\Users\user\Documents\GitHub\studynavi\서울과외\송파구과외\송파동과외\가락고과외\index.html,high,true,정상
school,서울특별시,송파구,송파동,,가락중학교,중학교,중학생,C:\Users\user\Documents\GitHub\studynavi\서울과외\송파구과외\송파동과외\가락중과외\index.html,high,true,정상
school,서울특별시,송파구,송파동,,잠실여자고등학교,고등학교,고등학생,C:\Users\user\Documents\GitHub\studynavi\서울과외\송파구과외\송파동과외\잠실여자고과외\index.html,high,true,정상
school,서울특별시,송파구,송파동,,잠실여자중학교,중학교,중학생,C:\Users\user\Documents\GitHub\studynavi\서울과외\송파구과외\송파동과외\잠실여자중과외\index.html,high,true,정상
school,서울특별시,송파구,오금동,,보인고등학교,고등학교,고등학생,C:\Users\user\Documents\GitHub\studynavi\서울과외\송파구과외\오금동과외\보인고과외\index.html,high,true,정상
school,서울특별시,송파구,오금동,,보인중학교,중학교,중학생,C:\Users\user\Documents\GitHub\studynavi\서울과외\송파구과외\오금동과외\보인중과외\index.html,high,true,정상
school,서울특별시,송파구,오금동,,세륜중학교,중학교,중학생,C:\Users\user\Documents\GitHub\studynavi\서울과외\송파구과외\오금동과외\세륜중과외\index.html,high,true,정상
school,서울특별시,송파구,오금동,,오금고등학교,고등학교,고등학생,C:\Users\user\Documents\GitHub\studynavi\서울과외\송파구과외\오금동과외\오금고과외\index.html,high,true,정상
school,서울특별시,송파구,오금동,,오금중학교,중학교,중학생,C:\Users\user\Documents\GitHub\studynavi\서울과외\송파구과외\오금동과외\오금중과외\index.html,high,true,정상
school,서울특별시,송파구,오금동,,오주중학교,중학교,중학생,C:\Users\user\Documents\GitHub\studynavi\서울과외\송파구과외\오금동과외\오주중과외\index.html,high,true,정상
school,서울특별시,송파구,잠실동,,신천중학교,중학교,중학생,C:\Users\user\Documents\GitHub\studynavi\서울과외\송파구과외\잠실동과외\신천중과외\index.html,high,true,정상
school,서울특별시,송파구,잠실동,,아주중학교,중학교,중학생,C:\Users\user\Documents\GitHub\studynavi\서울과외\송파구과외\잠실동과외\아주중과외\index.html,high,true,정상
school,서울특별시,송파구,잠실동,,영동일고등학교,고등학교,고등학생,C:\Users\user\Documents\GitHub\studynavi\서울과외\송파구과외\잠실동과외\영동일고과외\index.html,high,true,정상
school,서울특별시,송파구,잠실동,,잠신고등학교,고등학교,고등학생,C:\Users\user\Documents\GitHub\studynavi\서울과외\송파구과외\잠실동과외\잠신고과외\index.html,high,true,정상
school,서울특별시,송파구,잠실동,,잠신중학교,중학교,중학생,C:\Users\user\Documents\GitHub\studynavi\서울과외\송파구과외\잠실동과외\잠신중과외\index.html,high,true,정상
school,서울특별시,송파구,잠실동,,잠일고등학교,고등학교,고등학생,C:\Users\user\Documents\GitHub\studynavi\서울과외\송파구과외\잠실동과외\잠일고과외\index.html,high,true,정상
school,서울특별시,송파구,잠실동,,정신여자고등학교,고등학교,고등학생,C:\Users\user\Documents\GitHub\studynavi\서울과외\송파구과외\잠실동과외\정신여자고과외\index.html,high,true,정상
school,서울특별시,송파구,잠실동,,정신여자중학교,중학교,중학생,C:\Users\user\Documents\GitHub\studynavi\서울과외\송파구과외\잠실동과외\정신여자중과외\index.html,high,true,정상
school,서울특별시,송파구,풍납동,,영파여자고등학교,고등학교,고등학생,C:\Users\user\Documents\GitHub\studynavi\서울과외\송파구과외\풍납동과외\영파여자고과외\index.html,high,true,정상
school,서울특별시,송파구,풍납동,,영파여자중학교,중학교,중학생,C:\Users\user\Documents\GitHub\studynavi\서울과외\송파구과외\풍납동과외\영파여자중과외\index.html,high,true,정상
school,서울특별시,송파구,풍납동,,풍납중학교,중학교,중학생,C:\Users\user\Documents\GitHub\studynavi\서울과외\송파구과외\풍납동과외\풍납중과외\index.html,high,true,정상
school,서울특별시,송파구,풍납동,,풍성중학교,중학교,중학생,C:\Users\user\Documents\GitHub\studynavi\서울과외\송파구과외\풍납동과외\풍성중과외\index.html,high,true,정상
school,서울특별시,양천구,목동,,강서고등학교,고등학교,고등학생,C:\Users\user\Documents\GitHub\studynavi\서울과외\양천구과외\서울목동과외\강서고과외\index.html,high,true,정상
school,서울특별시,양천구,목동,,목운중학교,중학교,중학생,C:\Users\user\Documents\GitHub\studynavi\서울과외\양천구과외\서울목동과외\목운중과외\index.html,high,true,정상
school,서울특별시,양천구,목동,,신목중학교,중학교,중학생,C:\Users\user\Documents\GitHub\studynavi\서울과외\양천구과외\서울목동과외\신목중과외\index.html,high,true,정상
school,서울특별시,양천구,목동,,양동중학교,중학교,중학생,C:\Users\user\Documents\GitHub\studynavi\서울과외\양천구과외\서울목동과외\양동중과외\index.html,high,true,정상
school,서울특별시,양천구,목동,,양정고등학교,고등학교,고등학생,C:\Users\user\Documents\GitHub\studynavi\서울과외\양천구과외\서울목동과외\양정고과외\index.html,high,true,정상
school,서울특별시,양천구,목동,,양정중학교,중학교,중학생,C:\Users\user\Documents\GitHub\studynavi\서울과외\양천구과외\서울목동과외\양정중과외\index.html,high,true,정상
school,서울특별시,양천구,목동,,영도중학교,중학교,중학생,C:\Users\user\Documents\GitHub\studynavi\서울과외\양천구과외\서울목동과외\영도중과외\index.html,high,true,정상
school,서울특별시,양천구,목동,,월촌중학교,중학교,중학생,C:\Users\user\Documents\GitHub\studynavi\서울과외\양천구과외\서울목동과외\월촌중과외\index.html,high,true,정상
school,서울특별시,양천구,목동,,진명여자고등학교,고등학교,고등학생,C:\Users\user\Documents\GitHub\studynavi\서울과외\양천구과외\서울목동과외\진명여자고과외\index.html,high,true,정상
school,서울특별시,양천구,목동,,한가람고등학교,고등학교,고등학생,C:\Users\user\Documents\GitHub\studynavi\서울과외\양천구과외\서울목동과외\한가람고과외\index.html,high,true,정상
school,서울특별시,양천구,신월동,,강신중학교,중학교,중학생,C:\Users\user\Documents\GitHub\studynavi\서울과외\양천구과외\서울신월동과외\강신중과외\index.html,high,true,정상
school,서울특별시,양천구,신월동,,광영고등학교,고등학교,고등학생,C:\Users\user\Documents\GitHub\studynavi\서울과외\양천구과외\서울신월동과외\광영고과외\index.html,high,true,정상
school,서울특별시,양천구,신월동,,광영여자고등학교,고등학교,고등학생,C:\Users\user\Documents\GitHub\studynavi\서울과외\양천구과외\서울신월동과외\광영여자고과외\index.html,high,true,정상
school,서울특별시,양천구,신월동,,신남중학교,중학교,중학생,C:\Users\user\Documents\GitHub\studynavi\서울과외\양천구과외\서울신월동과외\신남중과외\index.html,high,true,정상
school,서울특별시,양천구,신월동,,신원중학교,중학교,중학생,C:\Users\user\Documents\GitHub\studynavi\서울과외\양천구과외\서울신월동과외\신원중과외\index.html,high,true,정상
school,서울특별시,양천구,신월동,,신월중학교,중학교,중학생,C:\Users\user\Documents\GitHub\studynavi\서울과외\양천구과외\서울신월동과외\신월중과외\index.html,high,true,정상
school,서울특별시,양천구,신월동,,신화중학교,중학교,중학생,C:\Users\user\Documents\GitHub\studynavi\서울과외\양천구과외\서울신월동과외\신화중과외\index.html,high,true,정상
school,서울특별시,양천구,신월동,,양강중학교,중학교,중학생,C:\Users\user\Documents\GitHub\studynavi\서울과외\양천구과외\서울신월동과외\양강중과외\index.html,high,true,정상
school,서울특별시,양천구,신월동,,양서중학교,중학교,중학생,C:\Users\user\Documents\GitHub\studynavi\서울과외\양천구과외\서울신월동과외\양서중과외\index.html,high,true,정상
school,서울특별시,양천구,신월동,,양천중학교,중학교,중학생,C:\Users\user\Documents\GitHub\studynavi\서울과외\양천구과외\서울신월동과외\양천중과외\index.html,high,true,정상
school,서울특별시,양천구,신정동,,금옥여자고등학교,고등학교,고등학생,C:\Users\user\Documents\GitHub\studynavi\서울과외\양천구과외\서울신정동과외\금옥여자고과외\index.html,high,true,정상
school,서울특별시,양천구,신정동,,금옥중학교,중학교,중학생,C:\Users\user\Documents\GitHub\studynavi\서울과외\양천구과외\서울신정동과외\금옥중과외\index.html,high,true,정상
school,서울특별시,양천구,신정동,,목동고등학교,고등학교,고등학생,C:\Users\user\Documents\GitHub\studynavi\서울과외\양천구과외\서울신정동과외\목동고과외\index.html,high,true,정상
school,서울특별시,양천구,신정동,,목동중학교,중학교,중학생,C:\Users\user\Documents\GitHub\studynavi\서울과외\양천구과외\서울신정동과외\목동중과외\index.html,high,true,정상
school,서울특별시,양천구,신정동,,목일중학교,중학교,중학생,C:\Users\user\Documents\GitHub\studynavi\서울과외\양천구과외\서울신정동과외\목일중과외\index.html,high,true,정상
school,서울특별시,양천구,신정동,,백암고등학교,고등학교,고등학생,C:\Users\user\Documents\GitHub\studynavi\서울과외\양천구과외\서울신정동과외\백암고과외\index.html,high,true,정상
school,서울특별시,양천구,신정동,,봉영여자중학교,중학교,중학생,C:\Users\user\Documents\GitHub\studynavi\서울과외\양천구과외\서울신정동과외\봉영여자중과외\index.html,high,true,정상
school,서울특별시,양천구,신정동,,서울영상고등학교,고등학교,고등학생,C:\Users\user\Documents\GitHub\studynavi\서울과외\양천구과외\서울신정동과외\서울영상고과외\index.html,high,true,정상
school,서울특별시,양천구,신정동,,신목고등학교,고등학교,고등학생,C:\Users\user\Documents\GitHub\studynavi\서울과외\양천구과외\서울신정동과외\신목고과외\index.html,high,true,정상
school,서울특별시,양천구,신정동,,신서고등학교,고등학교,고등학생,C:\Users\user\Documents\GitHub\studynavi\서울과외\양천구과외\서울신정동과외\신서고과외\index.html,high,true,정상
school,서울특별시,양천구,신정동,,신서중학교,중학교,중학생,C:\Users\user\Documents\GitHub\studynavi\서울과외\양천구과외\서울신정동과외\신서중과외\index.html,high,true,정상
school,서울특별시,양천구,신정동,,양천고등학교,고등학교,고등학생,C:\Users\user\Documents\GitHub\studynavi\서울과외\양천구과외\서울신정동과외\양천고과외\index.html,high,true,정상
school,서울특별시,영등포구,당산동,,당산서중학교,중학교,중학생,C:\Users\user\Documents\GitHub\studynavi\서울과외\영등포구과외\당산동과외\당산서중과외\index.html,high,true,정상
school,서울특별시,영등포구,당산동,,당산중학교,중학교,중학생,C:\Users\user\Documents\GitHub\studynavi\서울과외\영등포구과외\당산동과외\당산중과외\index.html,high,true,정상
school,서울특별시,영등포구,대림동,,대림중학교,중학교,중학생,C:\Users\user\Documents\GitHub\studynavi\서울과외\영등포구과외\대림동과외\대림중과외\index.html,high,true,정상
school,서울특별시,영등포구,대림동,,영남중학교,중학교,중학생,C:\Users\user\Documents\GitHub\studynavi\서울과외\영등포구과외\대림동과외\영남중과외\index.html,high,true,정상
school,서울특별시,영등포구,문래동,,문래중학교,중학교,중학생,C:\Users\user\Documents\GitHub\studynavi\서울과외\영등포구과외\문래동과외\문래중과외\index.html,high,true,정상
school,서울특별시,영등포구,문래동,,양화중학교,중학교,중학생,C:\Users\user\Documents\GitHub\studynavi\서울과외\영등포구과외\문래동과외\양화중과외\index.html,high,true,정상
school,서울특별시,영등포구,신길동,,대영고등학교,고등학교,고등학생,C:\Users\user\Documents\GitHub\studynavi\서울과외\영등포구과외\서울신길동과외\대영고과외\index.html,high,true,정상
school,서울특별시,영등포구,신길동,,대영중학교,중학교,중학생,C:\Users\user\Documents\GitHub\studynavi\서울과외\영등포구과외\서울신길동과외\대영중과외\index.html,high,true,정상
school,서울특별시,영등포구,신길동,,신길중학교,중학교,중학생,C:\Users\user\Documents\GitHub\studynavi\서울과외\영등포구과외\서울신길동과외\신길중과외\index.html,high,true,정상
school,서울특별시,영등포구,신길동,,영등포여자고등학교,고등학교,고등학생,C:\Users\user\Documents\GitHub\studynavi\서울과외\영등포구과외\서울신길동과외\영등포여자고과외\index.html,high,true,정상
school,서울특별시,영등포구,신길동,,영신고등학교,고등학교,고등학생,C:\Users\user\Documents\GitHub\studynavi\서울과외\영등포구과외\서울신길동과외\영신고과외\index.html,high,true,정상
school,서울특별시,영등포구,신길동,,장훈고등학교,고등학교,고등학생,C:\Users\user\Documents\GitHub\studynavi\서울과외\영등포구과외\서울신길동과외\장훈고과외\index.html,high,true,정상
school,서울특별시,영등포구,양평동,,관악고등학교,고등학교,고등학생,C:\Users\user\Documents\GitHub\studynavi\서울과외\영등포구과외\양평동과외\관악고과외\index.html,high,true,정상
school,서울특별시,영등포구,양평동,,선유고등학교,고등학교,고등학생,C:\Users\user\Documents\GitHub\studynavi\서울과외\영등포구과외\양평동과외\선유고과외\index.html,high,true,정상
school,서울특별시,영등포구,양평동,,선유중학교,중학교,중학생,C:\Users\user\Documents\GitHub\studynavi\서울과외\영등포구과외\양평동과외\선유중과외\index.html,high,true,정상
school,서울특별시,영등포구,여의도동,,여의도고등학교,고등학교,고등학생,C:\Users\user\Documents\GitHub\studynavi\서울과외\영등포구과외\여의도동과외\여의도고과외\index.html,high,true,정상
school,서울특별시,영등포구,여의도동,,여의도여자고등학교,고등학교,고등학생,C:\Users\user\Documents\GitHub\studynavi\서울과외\영등포구과외\여의도동과외\여의도여자고과외\index.html,high,true,정상
school,서울특별시,영등포구,여의도동,,여의도중학교,중학교,중학생,C:\Users\user\Documents\GitHub\studynavi\서울과외\영등포구과외\여의도동과외\여의도중과외\index.html,high,true,정상
school,서울특별시,영등포구,여의도동,,윤중중학교,중학교,중학생,C:\Users\user\Documents\GitHub\studynavi\서울과외\영등포구과외\여의도동과외\윤중중과외\index.html,high,true,정상
school,서울특별시,영등포구,영등포동,,영원중학교,중학교,중학생,C:\Users\user\Documents\GitHub\studynavi\서울과외\영등포구과외\영등포동과외\영원중과외\index.html,high,true,정상
school,서울특별시,용산구,보광동,,오산고등학교,고등학교,고등학생,C:\Users\user\Documents\GitHub\studynavi\서울과외\용산구과외\보광동과외\오산고과외\index.html,high,true,정상
school,서울특별시,용산구,보광동,,오산중학교,중학교,중학생,C:\Users\user\Documents\GitHub\studynavi\서울과외\용산구과외\보광동과외\오산중과외\index.html,high,true,정상
school,서울특별시,용산구,서계동,,배문고등학교,고등학교,고등학생,C:\Users\user\Documents\GitHub\studynavi\서울과외\용산구과외\서계동과외\배문고과외\index.html,high,true,정상
school,서울특별시,용산구,서계동,,배문중학교,중학교,중학생,C:\Users\user\Documents\GitHub\studynavi\서울과외\용산구과외\서계동과외\배문중과외\index.html,high,true,정상
school,서울특별시,용산구,서빙고동,,한강중학교,중학교,중학생,C:\Users\user\Documents\GitHub\studynavi\서울과외\용산구과외\서빙고동과외\한강중과외\index.html,high,true,정상
school,서울특별시,용산구,용산동,,보성여자고등학교,고등학교,고등학생,C:\Users\user\Documents\GitHub\studynavi\서울과외\용산구과외\서울용산동과외\보성여자고과외\index.html,high,true,정상
school,서울특별시,용산구,용산동,,보성여자중학교,중학교,중학생,C:\Users\user\Documents\GitHub\studynavi\서울과외\용산구과외\서울용산동과외\보성여자중과외\index.html,high,true,정상
school,서울특별시,용산구,용산동,,용산고등학교,고등학교,고등학생,C:\Users\user\Documents\GitHub\studynavi\서울과외\용산구과외\서울용산동과외\용산고과외\index.html,high,true,정상
school,서울특별시,용산구,용산동,,용산중학교,중학교,중학생,C:\Users\user\Documents\GitHub\studynavi\서울과외\용산구과외\서울용산동과외\용산중과외\index.html,high,true,정상
school,서울특별시,용산구,이촌동,,용강중학교,중학교,중학생,C:\Users\user\Documents\GitHub\studynavi\서울과외\용산구과외\이촌동과외\용강중과외\index.html,high,true,정상
school,서울특별시,용산구,이촌동,,중경고등학교,고등학교,고등학생,C:\Users\user\Documents\GitHub\studynavi\서울과외\용산구과외\이촌동과외\중경고과외\index.html,high,true,정상
school,서울특별시,용산구,청파동,,선린중학교,중학교,중학생,C:\Users\user\Documents\GitHub\studynavi\서울과외\용산구과외\청파동과외\선린중과외\index.html,high,true,정상
school,서울특별시,용산구,청파동,,신광여자고등학교,고등학교,고등학생,C:\Users\user\Documents\GitHub\studynavi\서울과외\용산구과외\청파동과외\신광여자고과외\index.html,high,true,정상
school,서울특별시,용산구,청파동,,신광여자중학교,중학교,중학생,C:\Users\user\Documents\GitHub\studynavi\서울과외\용산구과외\청파동과외\신광여자중과외\index.html,high,true,정상
school,서울특별시,은평구,대조동,,동명여자고등학교,고등학교,고등학생,C:\Users\user\Documents\GitHub\studynavi\서울과외\은평구과외\대조동과외\동명여자고과외\index.html,high,true,정상
school,서울특별시,은평구,불광동,,불광중학교,중학교,중학생,C:\Users\user\Documents\GitHub\studynavi\서울과외\은평구과외\불광동과외\불광중과외\index.html,high,true,정상
school,서울특별시,은평구,불광동,,연신중학교,중학교,중학생,C:\Users\user\Documents\GitHub\studynavi\서울과외\은평구과외\불광동과외\연신중과외\index.html,high,true,정상
school,서울특별시,은평구,불광동,,연천중학교,중학교,중학생,C:\Users\user\Documents\GitHub\studynavi\서울과외\은평구과외\불광동과외\연천중과외\index.html,high,true,정상
school,서울특별시,은평구,갈현동,,대성고등학교,고등학교,고등학생,C:\Users\user\Documents\GitHub\studynavi\서울과외\은평구과외\서울갈현동과외\대성고과외\index.html,high,true,정상
school,서울특별시,은평구,갈현동,,대성중학교,중학교,중학생,C:\Users\user\Documents\GitHub\studynavi\서울과외\은평구과외\서울갈현동과외\대성중과외\index.html,high,true,정상
school,서울특별시,은평구,갈현동,,선일여자고등학교,고등학교,고등학생,C:\Users\user\Documents\GitHub\studynavi\서울과외\은평구과외\서울갈현동과외\선일여자고과외\index.html,high,true,정상
school,서울특별시,은평구,갈현동,,선일여자중학교,중학교,중학생,C:\Users\user\Documents\GitHub\studynavi\서울과외\은평구과외\서울갈현동과외\선일여자중과외\index.html,high,true,정상
school,서울특별시,은평구,갈현동,,선정고등학교,고등학교,고등학생,C:\Users\user\Documents\GitHub\studynavi\서울과외\은평구과외\서울갈현동과외\선정고과외\index.html,high,true,정상
school,서울특별시,은평구,갈현동,,선정중학교,중학교,중학생,C:\Users\user\Documents\GitHub\studynavi\서울과외\은평구과외\서울갈현동과외\선정중과외\index.html,high,true,정상
school,서울특별시,은평구,구산동,,구산중학교,중학교,중학생,C:\Users\user\Documents\GitHub\studynavi\서울과외\은평구과외\서울구산동과외\구산중과외\index.html,high,true,정상
school,서울특별시,은평구,구산동,,예일여자고등학교,고등학교,고등학생,C:\Users\user\Documents\GitHub\studynavi\서울과외\은평구과외\서울구산동과외\예일여자고과외\index.html,high,true,정상
school,서울특별시,은평구,구산동,,예일여자중학교,중학교,중학생,C:\Users\user\Documents\GitHub\studynavi\서울과외\은평구과외\서울구산동과외\예일여자중과외\index.html,high,true,정상
school,서울특별시,은평구,구산동,,은평고등학교,고등학교,고등학생,C:\Users\user\Documents\GitHub\studynavi\서울과외\은평구과외\서울구산동과외\은평고과외\index.html,high,true,정상
school,서울특별시,은평구,구산동,,은평중학교,중학교,중학생,C:\Users\user\Documents\GitHub\studynavi\서울과외\은평구과외\서울구산동과외\은평중과외\index.html,high,true,정상
school,서울특별시,은평구,은평구신사동,,덕산중학교,중학교,중학생,C:\Users\user\Documents\GitHub\studynavi\서울과외\은평구과외\은평구신사동과외\덕산중과외\index.html,high,true,정상
school,서울특별시,은평구,은평구신사동,,상신중학교,중학교,중학생,C:\Users\user\Documents\GitHub\studynavi\서울과외\은평구과외\은평구신사동과외\상신중과외\index.html,high,true,정상
school,서울특별시,은평구,은평구신사동,,숭실고등학교,고등학교,고등학생,C:\Users\user\Documents\GitHub\studynavi\서울과외\은평구과외\은평구신사동과외\숭실고과외\index.html,high,true,정상
school,서울특별시,은평구,은평구신사동,,숭실중학교,중학교,중학생,C:\Users\user\Documents\GitHub\studynavi\서울과외\은평구과외\은평구신사동과외\숭실중과외\index.html,high,true,정상
school,서울특별시,은평구,응암동,,영락중학교,중학교,중학생,C:\Users\user\Documents\GitHub\studynavi\서울과외\은평구과외\응암동과외\영락중과외\index.html,high,true,정상
school,서울특별시,은평구,응암동,,충암고등학교,고등학교,고등학생,C:\Users\user\Documents\GitHub\studynavi\서울과외\은평구과외\응암동과외\충암고과외\index.html,high,true,정상
school,서울특별시,은평구,응암동,,충암중학교,중학교,중학생,C:\Users\user\Documents\GitHub\studynavi\서울과외\은평구과외\응암동과외\충암중과외\index.html,high,true,정상
school,서울특별시,은평구,증산동,,연서중학교,중학교,중학생,C:\Users\user\Documents\GitHub\studynavi\서울과외\은평구과외\증산동과외\연서중과외\index.html,high,true,정상
school,서울특별시,은평구,증산동,,증산중학교,중학교,중학생,C:\Users\user\Documents\GitHub\studynavi\서울과외\은평구과외\증산동과외\증산중과외\index.html,high,true,정상
school,서울특별시,은평구,진관동,,신도고등학교,고등학교,고등학생,C:\Users\user\Documents\GitHub\studynavi\서울과외\은평구과외\진관동과외\신도고과외\index.html,high,true,정상
school,서울특별시,은평구,진관동,,신도중학교,중학교,중학생,C:\Users\user\Documents\GitHub\studynavi\서울과외\은평구과외\진관동과외\신도중과외\index.html,high,true,정상
school,서울특별시,은평구,진관동,,은평메디텍고등학교,고등학교,고등학생,C:\Users\user\Documents\GitHub\studynavi\서울과외\은평구과외\진관동과외\은평메디텍고과외\index.html,high,true,정상
school,서울특별시,은평구,진관동,,진관고등학교,고등학교,고등학생,C:\Users\user\Documents\GitHub\studynavi\서울과외\은평구과외\진관동과외\진관고과외\index.html,high,true,정상
school,서울특별시,은평구,진관동,,진관중학교,중학교,중학생,C:\Users\user\Documents\GitHub\studynavi\서울과외\은평구과외\진관동과외\진관중과외\index.html,high,true,정상
school,서울특별시,은평구,진관동,,하나고등학교,고등학교,고등학생,C:\Users\user\Documents\GitHub\studynavi\서울과외\은평구과외\진관동과외\하나고과외\index.html,high,true,정상
school,서울특별시,종로구,계동,,중앙고등학교,고등학교,고등학생,C:\Users\user\Documents\GitHub\studynavi\서울과외\종로구과외\계동과외\중앙고과외\index.html,high,true,정상
school,서울특별시,종로구,계동,,중앙중학교,중학교,중학생,C:\Users\user\Documents\GitHub\studynavi\서울과외\종로구과외\계동과외\중앙중과외\index.html,high,true,정상
school,서울특별시,종로구,송현동,,덕성여자중학교,중학교,중학생,C:\Users\user\Documents\GitHub\studynavi\서울과외\종로구과외\서울송현동과외\덕성여자중과외\index.html,high,true,정상
school,서울특별시,종로구,안국동,,덕성여자고등학교,고등학교,고등학생,C:\Users\user\Documents\GitHub\studynavi\서울과외\종로구과외\안국동과외\덕성여자고과외\index.html,high,true,정상
school,서울특별시,종로구,이화동,,서울대학교사범대학부설여자중학교,중학교,중학생,C:\Users\user\Documents\GitHub\studynavi\서울과외\종로구과외\이화동과외\서울대학교사범대학부설여자중과외\index.html,high,true,정상
school,서울특별시,종로구,청운동,,경복고등학교,고등학교,고등학생,C:\Users\user\Documents\GitHub\studynavi\서울과외\종로구과외\청운동과외\경복고과외\index.html,high,true,정상
school,서울특별시,종로구,청운동,,청운중학교,중학교,중학생,C:\Users\user\Documents\GitHub\studynavi\서울과외\종로구과외\청운동과외\청운중과외\index.html,high,true,정상
school,서울특별시,종로구,필운동,,배화여자고등학교,고등학교,고등학생,C:\Users\user\Documents\GitHub\studynavi\서울과외\종로구과외\필운동과외\배화여자고과외\index.html,high,true,정상
school,서울특별시,종로구,행촌동,,대신고등학교,고등학교,고등학생,C:\Users\user\Documents\GitHub\studynavi\서울과외\종로구과외\행촌동과외\대신고과외\index.html,high,true,정상
school,서울특별시,종로구,행촌동,,대신중학교,중학교,중학생,C:\Users\user\Documents\GitHub\studynavi\서울과외\종로구과외\행촌동과외\대신중과외\index.html,high,true,정상
school,서울특별시,종로구,혜화동,,경신고등학교,고등학교,고등학생,C:\Users\user\Documents\GitHub\studynavi\서울과외\종로구과외\혜화동과외\경신고과외\index.html,high,true,정상
school,서울특별시,종로구,혜화동,,경신중학교,중학교,중학생,C:\Users\user\Documents\GitHub\studynavi\서울과외\종로구과외\혜화동과외\경신중과외\index.html,high,true,정상
school,서울특별시,종로구,혜화동,,동성고등학교,고등학교,고등학생,C:\Users\user\Documents\GitHub\studynavi\서울과외\종로구과외\혜화동과외\동성고과외\index.html,high,true,정상
school,서울특별시,종로구,혜화동,,동성중학교,중학교,중학생,C:\Users\user\Documents\GitHub\studynavi\서울과외\종로구과외\혜화동과외\동성중과외\index.html,high,true,정상
school,서울특별시,종로구,홍지동,,상명대학교사범대학부속여자고등학교,고등학교,고등학생,C:\Users\user\Documents\GitHub\studynavi\서울과외\종로구과외\홍지동과외\상명대학교사범대학부속여자고과외\index.html,high,true,정상
school,서울특별시,종로구,홍지동,,상명대학교사범대학부속여자중학교,중학교,중학생,C:\Users\user\Documents\GitHub\studynavi\서울과외\종로구과외\홍지동과외\상명대학교사범대학부속여자중과외\index.html,high,true,정상
school,서울특별시,중구,만리동,,환일고등학교,고등학교,고등학생,C:\Users\user\Documents\GitHub\studynavi\서울과외\중구과외\만리동과외\환일고과외\index.html,high,true,정상
school,서울특별시,중구,만리동,,환일중학교,중학교,중학생,C:\Users\user\Documents\GitHub\studynavi\서울과외\중구과외\만리동과외\환일중과외\index.html,high,true,정상
school,서울특별시,중구,신당동,,금호여자중학교,중학교,중학생,C:\Users\user\Documents\GitHub\studynavi\서울과외\중구과외\서울신당동과외\금호여자중과외\index.html,high,true,정상
school,서울특별시,중구,신당동,,대경중학교,중학교,중학생,C:\Users\user\Documents\GitHub\studynavi\서울과외\중구과외\서울신당동과외\대경중과외\index.html,high,true,정상
school,서울특별시,중구,신당동,,성동고등학교,고등학교,고등학생,C:\Users\user\Documents\GitHub\studynavi\서울과외\중구과외\서울신당동과외\성동고과외\index.html,high,true,정상
school,서울특별시,중구,신당동,,장원중학교,중학교,중학생,C:\Users\user\Documents\GitHub\studynavi\서울과외\중구과외\서울신당동과외\장원중과외\index.html,high,true,정상
school,서울특별시,중구,신당동,,장충중학교,중학교,중학생,C:\Users\user\Documents\GitHub\studynavi\서울과외\중구과외\서울신당동과외\장충중과외\index.html,high,true,정상
school,서울특별시,중구,신당동,,한양중학교,중학교,중학생,C:\Users\user\Documents\GitHub\studynavi\서울과외\중구과외\서울신당동과외\한양중과외\index.html,high,true,정상
school,서울특별시,중구,정동,,이화여자고등학교,고등학교,고등학생,C:\Users\user\Documents\GitHub\studynavi\서울과외\중구과외\서울정동과외\이화여자고과외\index.html,high,true,정상
school,서울특별시,중구,정동,,창덕여자중학교,중학교,중학생,C:\Users\user\Documents\GitHub\studynavi\서울과외\중구과외\서울정동과외\창덕여자중과외\index.html,high,true,정상
school,서울특별시,중구,순화동,,이화여자외국어고등학교,고등학교,고등학생,C:\Users\user\Documents\GitHub\studynavi\서울과외\중구과외\순화동과외\이화여자외국어고과외\index.html,high,true,정상
school,서울특별시,중구,인현동,,덕수중학교,중학교,중학생,C:\Users\user\Documents\GitHub\studynavi\서울과외\중구과외\인현동과외\덕수중과외\index.html,high,true,정상
school,서울특별시,중랑구,망우동,,동원중학교,중학교,중학생,C:\Users\user\Documents\GitHub\studynavi\서울과외\중랑구과외\망우동과외\동원중과외\index.html,high,true,정상
school,서울특별시,중랑구,망우동,,봉화중학교,중학교,중학생,C:\Users\user\Documents\GitHub\studynavi\서울과외\중랑구과외\망우동과외\봉화중과외\index.html,high,true,정상
school,서울특별시,중랑구,망우동,,송곡고등학교,고등학교,고등학생,C:\Users\user\Documents\GitHub\studynavi\서울과외\중랑구과외\망우동과외\송곡고과외\index.html,high,true,정상
school,서울특별시,중랑구,망우동,,송곡여자고등학교,고등학교,고등학생,C:\Users\user\Documents\GitHub\studynavi\서울과외\중랑구과외\망우동과외\송곡여자고과외\index.html,high,true,정상
school,서울특별시,중랑구,망우동,,송곡중학교,중학교,중학생,C:\Users\user\Documents\GitHub\studynavi\서울과외\중랑구과외\망우동과외\송곡중과외\index.html,high,true,정상
school,서울특별시,중랑구,망우동,,영란여자중학교,중학교,중학생,C:\Users\user\Documents\GitHub\studynavi\서울과외\중랑구과외\망우동과외\영란여자중과외\index.html,high,true,정상
school,서울특별시,중랑구,망우동,,혜원여자고등학교,고등학교,고등학생,C:\Users\user\Documents\GitHub\studynavi\서울과외\중랑구과외\망우동과외\혜원여자고과외\index.html,high,true,정상
school,서울특별시,중랑구,망우동,,혜원여자중학교,중학교,중학생,C:\Users\user\Documents\GitHub\studynavi\서울과외\중랑구과외\망우동과외\혜원여자중과외\index.html,high,true,정상
school,서울특별시,중랑구,면목동,,면목고등학교,고등학교,고등학생,C:\Users\user\Documents\GitHub\studynavi\서울과외\중랑구과외\면목동과외\면목고과외\index.html,high,true,정상
school,서울특별시,중랑구,면목동,,면목중학교,중학교,중학생,C:\Users\user\Documents\GitHub\studynavi\서울과외\중랑구과외\면목동과외\면목중과외\index.html,high,true,정상
school,서울특별시,중랑구,면목동,,용마중학교,중학교,중학생,C:\Users\user\Documents\GitHub\studynavi\서울과외\중랑구과외\면목동과외\용마중과외\index.html,high,true,정상
school,서울특별시,중랑구,면목동,,중화중학교,중학교,중학생,C:\Users\user\Documents\GitHub\studynavi\서울과외\중랑구과외\면목동과외\중화중과외\index.html,high,true,정상
school,서울특별시,중랑구,묵동,,원묵고등학교,고등학교,고등학생,C:\Users\user\Documents\GitHub\studynavi\서울과외\중랑구과외\묵동과외\원묵고과외\index.html,high,true,정상
school,서울특별시,중랑구,묵동,,원묵중학교,중학교,중학생,C:\Users\user\Documents\GitHub\studynavi\서울과외\중랑구과외\묵동과외\원묵중과외\index.html,high,true,정상
school,서울특별시,중랑구,묵동,,태릉고등학교,고등학교,고등학생,C:\Users\user\Documents\GitHub\studynavi\서울과외\중랑구과외\묵동과외\태릉고과외\index.html,high,true,정상
school,서울특별시,중랑구,묵동,,태릉중학교,중학교,중학생,C:\Users\user\Documents\GitHub\studynavi\서울과외\중랑구과외\묵동과외\태릉중과외\index.html,high,true,정상
school,서울특별시,중랑구,상봉동,,상봉중학교,중학교,중학생,C:\Users\user\Documents\GitHub\studynavi\서울과외\중랑구과외\서울상봉동과외\상봉중과외\index.html,high,true,정상
school,서울특별시,중랑구,상봉동,,신현고등학교,고등학교,고등학생,C:\Users\user\Documents\GitHub\studynavi\서울과외\중랑구과외\서울상봉동과외\신현고과외\index.html,high,true,정상
school,서울특별시,중랑구,상봉동,,신현중학교,중학교,중학생,C:\Users\user\Documents\GitHub\studynavi\서울과외\중랑구과외\서울상봉동과외\신현중과외\index.html,high,true,정상
school,서울특별시,중랑구,중화동,,장안중학교,중학교,중학생,C:\Users\user\Documents\GitHub\studynavi\서울과외\중랑구과외\중화동과외\장안중과외\index.html,high,true,정상
school,서울특별시,중랑구,중화동,,중랑중학교,중학교,중학생,C:\Users\user\Documents\GitHub\studynavi\서울과외\중랑구과외\중화동과외\중랑중과외\index.html,high,true,정상
school,서울특별시,중랑구,중화동,,중화고등학교,고등학교,고등학생,C:\Users\user\Documents\GitHub\studynavi\서울과외\중랑구과외\중화동과외\중화고과외\index.html,high,true,정상
school,세종특별자치시,세종시,고운동,,고운고등학교,고등학교,고등학생,C:\Users\user\Documents\GitHub\studynavi\세종과외\세종시과외\고운동과외\고운고과외\index.html,high,true,정상
school,세종특별자치시,세종시,고운동,,고운중학교,중학교,중학생,C:\Users\user\Documents\GitHub\studynavi\세종과외\세종시과외\고운동과외\고운중과외\index.html,high,true,정상
school,세종특별자치시,세종시,고운동,,두루고등학교,고등학교,고등학생,C:\Users\user\Documents\GitHub\studynavi\세종과외\세종시과외\고운동과외\두루고과외\index.html,high,true,정상
school,세종특별자치시,세종시,고운동,,두루중학교,중학교,중학생,C:\Users\user\Documents\GitHub\studynavi\세종과외\세종시과외\고운동과외\두루중과외\index.html,high,true,정상
school,세종특별자치시,세종시,나성동,,나성중학교,중학교,중학생,C:\Users\user\Documents\GitHub\studynavi\세종과외\세종시과외\나성동과외\나성중과외\index.html,high,true,정상
school,세종특별자치시,세종시,다정동,,다정고등학교,고등학교,고등학생,C:\Users\user\Documents\GitHub\studynavi\세종과외\세종시과외\다정동과외\다정고과외\index.html,high,true,정상
school,세종특별자치시,세종시,다정동,,다정중학교,중학교,중학생,C:\Users\user\Documents\GitHub\studynavi\세종과외\세종시과외\다정동과외\다정중과외\index.html,high,true,정상
school,세종특별자치시,세종시,다정동,,새움중학교,중학교,중학생,C:\Users\user\Documents\GitHub\studynavi\세종과외\세종시과외\다정동과외\새움중과외\index.html,high,true,정상
school,세종특별자치시,세종시,대평동,,금호중학교,중학교,중학생,C:\Users\user\Documents\GitHub\studynavi\세종과외\세종시과외\대평동과외\금호중과외\index.html,high,true,정상
school,세종특별자치시,세종시,도담동,,도담고등학교,고등학교,고등학생,C:\Users\user\Documents\GitHub\studynavi\세종과외\세종시과외\도담동과외\도담고과외\index.html,high,true,정상
school,세종특별자치시,세종시,도담동,,도담중학교,중학교,중학생,C:\Users\user\Documents\GitHub\studynavi\세종과외\세종시과외\도담동과외\도담중과외\index.html,high,true,정상
school,세종특별자치시,세종시,도담동,,양지고등학교,고등학교,고등학생,C:\Users\user\Documents\GitHub\studynavi\세종과외\세종시과외\도담동과외\양지고과외\index.html,high,true,정상
school,세종특별자치시,세종시,도담동,,양지중학교,중학교,중학생,C:\Users\user\Documents\GitHub\studynavi\세종과외\세종시과외\도담동과외\양지중과외\index.html,high,true,정상
school,세종특별자치시,세종시,보람동,,보람고등학교,고등학교,고등학생,C:\Users\user\Documents\GitHub\studynavi\세종과외\세종시과외\보람동과외\보람고과외\index.html,high,true,정상
school,세종특별자치시,세종시,보람동,,보람중학교,중학교,중학생,C:\Users\user\Documents\GitHub\studynavi\세종과외\세종시과외\보람동과외\보람중과외\index.html,high,true,정상
school,세종특별자치시,세종시,산울동,,산울중학교,중학교,중학생,C:\Users\user\Documents\GitHub\studynavi\세종과외\세종시과외\산울동과외\산울중과외\index.html,high,true,정상
school,세종특별자치시,세종시,산울동,,세종캠퍼스고등학교,고등학교,고등학생,C:\Users\user\Documents\GitHub\studynavi\세종과외\세종시과외\산울동과외\세종캠퍼스고과외\index.html,high,true,정상
school,세종특별자치시,세종시,새롬동,,새뜸중학교,중학교,중학생,C:\Users\user\Documents\GitHub\studynavi\세종과외\세종시과외\새롬동과외\새뜸중과외\index.html,high,true,정상
school,세종특별자치시,세종시,새롬동,,새롬고등학교,고등학교,고등학생,C:\Users\user\Documents\GitHub\studynavi\세종과외\세종시과외\새롬동과외\새롬고과외\index.html,high,true,정상
school,세종특별자치시,세종시,새롬동,,새롬중학교,중학교,중학생,C:\Users\user\Documents\GitHub\studynavi\세종과외\세종시과외\새롬동과외\새롬중과외\index.html,high,true,정상
school,세종특별자치시,세종시,반곡동,,반곡고등학교,고등학교,고등학생,C:\Users\user\Documents\GitHub\studynavi\세종과외\세종시과외\세종반곡동과외\반곡고과외\index.html,high,true,정상
school,세종특별자치시,세종시,반곡동,,반곡중학교,중학교,중학생,C:\Users\user\Documents\GitHub\studynavi\세종과외\세종시과외\세종반곡동과외\반곡중과외\index.html,high,true,정상
school,세종특별자치시,세종시,연동,,연동중학교,중학교,중학생,C:\Users\user\Documents\GitHub\studynavi\세종과외\세종시과외\세종연동과외\연동중과외\index.html,high,true,정상
school,세종특별자치시,세종시,소담동,,글벗중학교,중학교,중학생,C:\Users\user\Documents\GitHub\studynavi\세종과외\세종시과외\소담동과외\글벗중과외\index.html,high,true,정상
school,세종특별자치시,세종시,소담동,,소담고등학교,고등학교,고등학생,C:\Users\user\Documents\GitHub\studynavi\세종과외\세종시과외\소담동과외\소담고과외\index.html,high,true,정상
school,세종특별자치시,세종시,소담동,,소담중학교,중학교,중학생,C:\Users\user\Documents\GitHub\studynavi\세종과외\세종시과외\소담동과외\소담중과외\index.html,high,true,정상
school,세종특별자치시,세종시,아름동,,세종국제고등학교,고등학교,고등학생,C:\Users\user\Documents\GitHub\studynavi\세종과외\세종시과외\아름동과외\세종국제고과외\index.html,high,true,정상
school,세종특별자치시,세종시,아름동,,아름고등학교,고등학교,고등학생,C:\Users\user\Documents\GitHub\studynavi\세종과외\세종시과외\아름동과외\아름고과외\index.html,high,true,정상
school,세종특별자치시,세종시,아름동,,아름중학교,중학교,중학생,C:\Users\user\Documents\GitHub\studynavi\세종과외\세종시과외\아름동과외\아름중과외\index.html,high,true,정상
school,세종특별자치시,세종시,어진동,,세종대성고등학교,고등학교,고등학생,C:\Users\user\Documents\GitHub\studynavi\세종과외\세종시과외\어진동과외\세종대성고과외\index.html,high,true,정상
school,세종특별자치시,세종시,어진동,,어진중학교,중학교,중학생,C:\Users\user\Documents\GitHub\studynavi\세종과외\세종시과외\어진동과외\어진중과외\index.html,high,true,정상
school,세종특별자치시,세종시,종촌동,,종촌고등학교,고등학교,고등학생,C:\Users\user\Documents\GitHub\studynavi\세종과외\세종시과외\종촌동과외\종촌고과외\index.html,high,true,정상
school,세종특별자치시,세종시,종촌동,,종촌중학교,중학교,중학생,C:\Users\user\Documents\GitHub\studynavi\세종과외\세종시과외\종촌동과외\종촌중과외\index.html,high,true,정상
school,세종특별자치시,세종시,한솔동,,한솔고등학교,고등학교,고등학생,C:\Users\user\Documents\GitHub\studynavi\세종과외\세종시과외\한솔동과외\한솔고과외\index.html,high,true,정상
school,세종특별자치시,세종시,한솔동,,한솔중학교,중학교,중학생,C:\Users\user\Documents\GitHub\studynavi\세종과외\세종시과외\한솔동과외\한솔중과외\index.html,high,true,정상
school,세종특별자치시,세종시,해밀동,,해밀고등학교,고등학교,고등학생,C:\Users\user\Documents\GitHub\studynavi\세종과외\세종시과외\해밀동과외\해밀고과외\index.html,high,true,정상
school,세종특별자치시,세종시,해밀동,,해밀중학교,중학교,중학생,C:\Users\user\Documents\GitHub\studynavi\세종과외\세종시과외\해밀동과외\해밀중과외\index.html,high,true,정상
school,울산광역시,남구,달동,,대현중학교,중학교,중학생,C:\Users\user\Documents\GitHub\studynavi\울산과외\남구과외\달동과외\대현중과외\index.html,high,true,정상
school,울산광역시,남구,달동,,동평중학교,중학교,중학생,C:\Users\user\Documents\GitHub\studynavi\울산과외\남구과외\달동과외\동평중과외\index.html,high,true,정상
school,울산광역시,남구,무거동,,무거고등학교,고등학교,고등학생,C:\Users\user\Documents\GitHub\studynavi\울산과외\남구과외\무거동과외\무거고과외\index.html,high,true,정상
school,울산광역시,남구,무거동,,무거중학교,중학교,중학생,C:\Users\user\Documents\GitHub\studynavi\울산과외\남구과외\무거동과외\무거중과외\index.html,high,true,정상
school,울산광역시,남구,무거동,,문수고등학교,고등학교,고등학생,C:\Users\user\Documents\GitHub\studynavi\울산과외\남구과외\무거동과외\문수고과외\index.html,high,true,정상
school,울산광역시,남구,무거동,,문수중학교,중학교,중학생,C:\Users\user\Documents\GitHub\studynavi\울산과외\남구과외\무거동과외\문수중과외\index.html,high,true,정상
school,울산광역시,남구,무거동,,삼호중학교,중학교,중학생,C:\Users\user\Documents\GitHub\studynavi\울산과외\남구과외\무거동과외\삼호중과외\index.html,high,true,정상
school,울산광역시,남구,무거동,,옥현중학교,중학교,중학생,C:\Users\user\Documents\GitHub\studynavi\울산과외\남구과외\무거동과외\옥현중과외\index.html,high,true,정상
school,울산광역시,남구,무거동,,우신고등학교,고등학교,고등학생,C:\Users\user\Documents\GitHub\studynavi\울산과외\남구과외\무거동과외\우신고과외\index.html,high,true,정상
school,울산광역시,남구,야음동,,대현고등학교,고등학교,고등학생,C:\Users\user\Documents\GitHub\studynavi\울산과외\남구과외\야음동과외\대현고과외\index.html,high,true,정상
school,울산광역시,남구,야음동,,신선여자고등학교,고등학교,고등학생,C:\Users\user\Documents\GitHub\studynavi\울산과외\남구과외\야음동과외\신선여자고과외\index.html,high,true,정상
school,울산광역시,남구,야음동,,야음중학교,중학교,중학생,C:\Users\user\Documents\GitHub\studynavi\울산과외\남구과외\야음동과외\야음중과외\index.html,high,true,정상
school,울산광역시,남구,야음동,,태화중학교,중학교,중학생,C:\Users\user\Documents\GitHub\studynavi\울산과외\남구과외\야음동과외\태화중과외\index.html,high,true,정상
school,울산광역시,남구,옥동,,성광여자고등학교,고등학교,고등학생,C:\Users\user\Documents\GitHub\studynavi\울산과외\남구과외\옥동과외\성광여자고과외\index.html,high,true,정상
school,울산광역시,남구,옥동,,신정중학교,중학교,중학생,C:\Users\user\Documents\GitHub\studynavi\울산과외\남구과외\옥동과외\신정중과외\index.html,high,true,정상
school,울산광역시,남구,옥동,,옥동중학교,중학교,중학생,C:\Users\user\Documents\GitHub\studynavi\울산과외\남구과외\옥동과외\옥동중과외\index.html,high,true,정상
school,울산광역시,남구,옥동,,울산제일고등학교,고등학교,고등학생,C:\Users\user\Documents\GitHub\studynavi\울산과외\남구과외\옥동과외\울산제일고과외\index.html,high,true,정상
school,울산광역시,남구,삼산동,,삼산고등학교,고등학교,고등학생,C:\Users\user\Documents\GitHub\studynavi\울산과외\남구과외\울산삼산동과외\삼산고과외\index.html,high,true,정상
school,울산광역시,남구,삼산동,,울산강남중학교,중학교,중학생,C:\Users\user\Documents\GitHub\studynavi\울산과외\남구과외\울산삼산동과외\울산강남중과외\index.html,high,true,정상
school,울산광역시,남구,선암동,,울산삼일고등학교,고등학교,고등학생,C:\Users\user\Documents\GitHub\studynavi\울산과외\남구과외\울산선암동과외\울산삼일고과외\index.html,high,true,정상
school,울산광역시,남구,신정동,,신일중학교,중학교,중학생,C:\Users\user\Documents\GitHub\studynavi\울산과외\남구과외\울산신정동과외\신일중과외\index.html,high,true,정상
school,울산광역시,남구,신정동,,신정고등학교,고등학교,고등학생,C:\Users\user\Documents\GitHub\studynavi\울산과외\남구과외\울산신정동과외\신정고과외\index.html,high,true,정상
school,울산광역시,남구,신정동,,울산강남고등학교,고등학교,고등학생,C:\Users\user\Documents\GitHub\studynavi\울산과외\남구과외\울산신정동과외\울산강남고과외\index.html,high,true,정상
school,울산광역시,남구,신정동,,울산서여자중학교,중학교,중학생,C:\Users\user\Documents\GitHub\studynavi\울산과외\남구과외\울산신정동과외\울산서여자중과외\index.html,high,true,정상
school,울산광역시,남구,신정동,,울산여자고등학교,고등학교,고등학생,C:\Users\user\Documents\GitHub\studynavi\울산과외\남구과외\울산신정동과외\울산여자고과외\index.html,high,true,정상
school,울산광역시,남구,신정동,,울산중앙중학교,중학교,중학생,C:\Users\user\Documents\GitHub\studynavi\울산과외\남구과외\울산신정동과외\울산중앙중과외\index.html,high,true,정상
school,울산광역시,남구,신정동,,월평중학교,중학교,중학생,C:\Users\user\Documents\GitHub\studynavi\울산과외\남구과외\울산신정동과외\월평중과외\index.html,high,true,정상
school,울산광역시,남구,신정동,,학성고등학교,고등학교,고등학생,C:\Users\user\Documents\GitHub\studynavi\울산과외\남구과외\울산신정동과외\학성고과외\index.html,high,true,정상
school,울산광역시,남구,신정동,,학성중학교,중학교,중학생,C:\Users\user\Documents\GitHub\studynavi\울산과외\남구과외\울산신정동과외\학성중과외\index.html,high,true,정상
school,울산광역시,동구,방어동,,문현고등학교,고등학교,고등학생,C:\Users\user\Documents\GitHub\studynavi\울산과외\동구과외\방어동과외\문현고과외\index.html,high,true,정상
school,울산광역시,동구,방어동,,화암고등학교,고등학교,고등학생,C:\Users\user\Documents\GitHub\studynavi\울산과외\동구과외\방어동과외\화암고과외\index.html,high,true,정상
school,울산광역시,동구,방어동,,화암중학교,중학교,중학생,C:\Users\user\Documents\GitHub\studynavi\울산과외\동구과외\방어동과외\화암중과외\index.html,high,true,정상
school,울산광역시,동구,서부동,,남목고등학교,고등학교,고등학생,C:\Users\user\Documents\GitHub\studynavi\울산과외\동구과외\울산서부동과외\남목고과외\index.html,high,true,정상
school,울산광역시,동구,서부동,,남목중학교,중학교,중학생,C:\Users\user\Documents\GitHub\studynavi\울산과외\동구과외\울산서부동과외\남목중과외\index.html,high,true,정상
school,울산광역시,동구,서부동,,현대고등학교,고등학교,고등학생,C:\Users\user\Documents\GitHub\studynavi\울산과외\동구과외\울산서부동과외\현대고과외\index.html,high,true,정상
school,울산광역시,동구,서부동,,현대중학교,중학교,중학생,C:\Users\user\Documents\GitHub\studynavi\울산과외\동구과외\울산서부동과외\현대중과외\index.html,high,true,정상
school,울산광역시,동구,서부동,,현대청운고등학교,고등학교,고등학생,C:\Users\user\Documents\GitHub\studynavi\울산과외\동구과외\울산서부동과외\현대청운고과외\index.html,high,true,정상
school,울산광역시,동구,서부동,,현대청운중학교,중학교,중학생,C:\Users\user\Documents\GitHub\studynavi\울산과외\동구과외\울산서부동과외\현대청운중과외\index.html,high,true,정상
school,울산광역시,동구,일산동,,일산중학교,중학교,중학생,C:\Users\user\Documents\GitHub\studynavi\울산과외\동구과외\울산일산동과외\일산중과외\index.html,high,true,정상
school,울산광역시,동구,화정동,,대송고등학교,고등학교,고등학생,C:\Users\user\Documents\GitHub\studynavi\울산과외\동구과외\울산화정동과외\대송고과외\index.html,high,true,정상
school,울산광역시,동구,화정동,,대송중학교,중학교,중학생,C:\Users\user\Documents\GitHub\studynavi\울산과외\동구과외\울산화정동과외\대송중과외\index.html,high,true,정상
school,울산광역시,동구,화정동,,명덕여자중학교,중학교,중학생,C:\Users\user\Documents\GitHub\studynavi\울산과외\동구과외\울산화정동과외\명덕여자중과외\index.html,high,true,정상
school,울산광역시,동구,화정동,,방어진고등학교,고등학교,고등학생,C:\Users\user\Documents\GitHub\studynavi\울산과외\동구과외\울산화정동과외\방어진고과외\index.html,high,true,정상
school,울산광역시,동구,화정동,,방어진중학교,중학교,중학생,C:\Users\user\Documents\GitHub\studynavi\울산과외\동구과외\울산화정동과외\방어진중과외\index.html,high,true,정상
school,울산광역시,동구,화정동,,화진중학교,중학교,중학생,C:\Users\user\Documents\GitHub\studynavi\울산과외\동구과외\울산화정동과외\화진중과외\index.html,high,true,정상
school,울산광역시,북구,달천동,,달천고등학교,고등학교,고등학생,C:\Users\user\Documents\GitHub\studynavi\울산과외\북구과외\달천동과외\달천고과외\index.html,high,true,정상
school,울산광역시,북구,달천동,,달천중학교,중학교,중학생,C:\Users\user\Documents\GitHub\studynavi\울산과외\북구과외\달천동과외\달천중과외\index.html,high,true,정상
school,울산광역시,북구,산하동,,강동고등학교,고등학교,고등학생,C:\Users\user\Documents\GitHub\studynavi\울산과외\북구과외\산하동과외\강동고과외\index.html,high,true,정상
school,울산광역시,북구,산하동,,강동중학교,중학교,중학생,C:\Users\user\Documents\GitHub\studynavi\울산과외\북구과외\산하동과외\강동중과외\index.html,high,true,정상
school,울산광역시,북구,산하동,,울산스포츠과학고등학교,고등학교,고등학생,C:\Users\user\Documents\GitHub\studynavi\울산과외\북구과외\산하동과외\울산스포츠과학고과외\index.html,high,true,정상
school,울산광역시,북구,산하동,,울산스포츠과학중학교,중학교,중학생,C:\Users\user\Documents\GitHub\studynavi\울산과외\북구과외\산하동과외\울산스포츠과학중과외\index.html,high,true,정상
school,울산광역시,북구,상안동,,상안중학교,중학교,중학생,C:\Users\user\Documents\GitHub\studynavi\울산과외\북구과외\상안동과외\상안중과외\index.html,high,true,정상
school,울산광역시,북구,연암동,,무룡고등학교,고등학교,고등학생,C:\Users\user\Documents\GitHub\studynavi\울산과외\북구과외\연암동과외\무룡고과외\index.html,high,true,정상
school,울산광역시,북구,연암동,,연암중학교,중학교,중학생,C:\Users\user\Documents\GitHub\studynavi\울산과외\북구과외\연암동과외\연암중과외\index.html,high,true,정상
school,울산광역시,북구,매곡동,,매곡고등학교,고등학교,고등학생,C:\Users\user\Documents\GitHub\studynavi\울산과외\북구과외\울산매곡동과외\매곡고과외\index.html,high,true,정상
school,울산광역시,북구,매곡동,,매곡중학교,중학교,중학생,C:\Users\user\Documents\GitHub\studynavi\울산과외\북구과외\울산매곡동과외\매곡중과외\index.html,high,true,정상
school,울산광역시,북구,매곡동,,호계중학교,중학교,중학생,C:\Users\user\Documents\GitHub\studynavi\울산과외\북구과외\울산매곡동과외\호계중과외\index.html,high,true,정상
school,울산광역시,북구,양정동,,효정중학교,중학교,중학생,C:\Users\user\Documents\GitHub\studynavi\울산과외\북구과외\울산양정동과외\효정중과외\index.html,high,true,정상
school,울산광역시,북구,중산동,,울산외국어고등학교,고등학교,고등학생,C:\Users\user\Documents\GitHub\studynavi\울산과외\북구과외\울산중산동과외\울산외국어고과외\index.html,high,true,정상
school,울산광역시,북구,중산동,,이화중학교,중학교,중학생,C:\Users\user\Documents\GitHub\studynavi\울산과외\북구과외\울산중산동과외\이화중과외\index.html,high,true,정상
school,울산광역시,북구,천곡동,,울산동천고등학교,고등학교,고등학생,C:\Users\user\Documents\GitHub\studynavi\울산과외\북구과외\울산천곡동과외\울산동천고과외\index.html,high,true,정상
school,울산광역시,북구,천곡동,,천곡중학교,중학교,중학생,C:\Users\user\Documents\GitHub\studynavi\울산과외\북구과외\울산천곡동과외\천곡중과외\index.html,high,true,정상
school,울산광역시,북구,호계동,,농소중학교,중학교,중학생,C:\Users\user\Documents\GitHub\studynavi\울산과외\북구과외\울산호계동과외\농소중과외\index.html,high,true,정상
school,울산광역시,북구,호계동,,호계고등학교,고등학교,고등학생,C:\Users\user\Documents\GitHub\studynavi\울산과외\북구과외\울산호계동과외\호계고과외\index.html,high,true,정상
school,울산광역시,북구,진장동,,진장중학교,중학교,중학생,C:\Users\user\Documents\GitHub\studynavi\울산과외\북구과외\진장동과외\진장중과외\index.html,high,true,정상
school,울산광역시,북구,화봉동,,고헌중학교,중학교,중학생,C:\Users\user\Documents\GitHub\studynavi\울산과외\북구과외\화봉동과외\고헌중과외\index.html,high,true,정상
school,울산광역시,북구,화봉동,,울산에너지고등학교,고등학교,고등학생,C:\Users\user\Documents\GitHub\studynavi\울산과외\북구과외\화봉동과외\울산에너지고과외\index.html,high,true,정상
school,울산광역시,북구,화봉동,,화봉고등학교,고등학교,고등학생,C:\Users\user\Documents\GitHub\studynavi\울산과외\북구과외\화봉동과외\화봉고과외\index.html,high,true,정상
school,울산광역시,북구,화봉동,,화봉중학교,중학교,중학생,C:\Users\user\Documents\GitHub\studynavi\울산과외\북구과외\화봉동과외\화봉중과외\index.html,high,true,정상
school,울산광역시,북구,효문동,,효정고등학교,고등학교,고등학생,C:\Users\user\Documents\GitHub\studynavi\울산과외\북구과외\효문동과외\효정고과외\index.html,high,true,정상
school,울산광역시,울주군,도동,,울산과학고등학교,고등학교,고등학생,C:\Users\user\Documents\GitHub\studynavi\울산과외\울주군과외\울산도동과외\울산과학고과외\index.html,high,true,정상
school,울산광역시,중구,남외동,,남외중학교,중학교,중학생,C:\Users\user\Documents\GitHub\studynavi\울산과외\중구과외\남외동과외\남외중과외\index.html,high,true,정상
school,울산광역시,중구,다운동,,다운고등학교,고등학교,고등학생,C:\Users\user\Documents\GitHub\studynavi\울산과외\중구과외\다운동과외\다운고과외\index.html,high,true,정상
school,울산광역시,중구,다운동,,다운중학교,중학교,중학생,C:\Users\user\Documents\GitHub\studynavi\울산과외\중구과외\다운동과외\다운중과외\index.html,high,true,정상
school,울산광역시,중구,반구동,,가온중학교,중학교,중학생,C:\Users\user\Documents\GitHub\studynavi\울산과외\중구과외\반구동과외\가온중과외\index.html,high,true,정상
school,울산광역시,중구,반구동,,울산가온고등학교,고등학교,고등학생,C:\Users\user\Documents\GitHub\studynavi\울산과외\중구과외\반구동과외\울산가온고과외\index.html,high,true,정상
school,울산광역시,중구,복산동,,성신고등학교,고등학교,고등학생,C:\Users\user\Documents\GitHub\studynavi\울산과외\중구과외\복산동과외\성신고과외\index.html,high,true,정상
school,울산광역시,중구,복산동,,울산고등학교,고등학교,고등학생,C:\Users\user\Documents\GitHub\studynavi\울산과외\중구과외\복산동과외\울산고과외\index.html,high,true,정상
school,울산광역시,중구,복산동,,울산중학교,중학교,중학생,C:\Users\user\Documents\GitHub\studynavi\울산과외\중구과외\복산동과외\울산중과외\index.html,high,true,정상
school,울산광역시,중구,성안동,,성안중학교,중학교,중학생,C:\Users\user\Documents\GitHub\studynavi\울산과외\중구과외\성안동과외\성안중과외\index.html,high,true,정상
school,울산광역시,중구,성안동,,울산애니원고등학교,고등학교,고등학생,C:\Users\user\Documents\GitHub\studynavi\울산과외\중구과외\성안동과외\울산애니원고과외\index.html,high,true,정상
school,울산광역시,중구,약사동,,무룡중학교,중학교,중학생,C:\Users\user\Documents\GitHub\studynavi\울산과외\중구과외\약사동과외\무룡중과외\index.html,high,true,정상
school,울산광역시,중구,약사동,,약사고등학교,고등학교,고등학생,C:\Users\user\Documents\GitHub\studynavi\울산과외\중구과외\약사동과외\약사고과외\index.html,high,true,정상
school,울산광역시,중구,약사동,,약사중학교,중학교,중학생,C:\Users\user\Documents\GitHub\studynavi\울산과외\중구과외\약사동과외\약사중과외\index.html,high,true,정상
school,울산광역시,중구,약사동,,학성여자고등학교,고등학교,고등학생,C:\Users\user\Documents\GitHub\studynavi\울산과외\중구과외\약사동과외\학성여자고과외\index.html,high,true,정상
school,울산광역시,중구,서동,,외솔중학교,중학교,중학생,C:\Users\user\Documents\GitHub\studynavi\울산과외\중구과외\울산서동과외\외솔중과외\index.html,high,true,정상
school,울산광역시,중구,태화동,,울산제일중학교,중학교,중학생,C:\Users\user\Documents\GitHub\studynavi\울산과외\중구과외\울산태화동과외\울산제일중과외\index.html,high,true,정상
school,울산광역시,중구,태화동,,울산중앙고등학교,고등학교,고등학생,C:\Users\user\Documents\GitHub\studynavi\울산과외\중구과외\울산태화동과외\울산중앙고과외\index.html,high,true,정상
school,울산광역시,중구,태화동,,유곡중학교,중학교,중학생,C:\Users\user\Documents\GitHub\studynavi\울산과외\중구과외\울산태화동과외\유곡중과외\index.html,high,true,정상
school,울산광역시,중구,태화동,,학성여자중학교,중학교,중학생,C:\Users\user\Documents\GitHub\studynavi\울산과외\중구과외\울산태화동과외\학성여자중과외\index.html,high,true,정상
school,울산광역시,중구,유곡동,,함월고등학교,고등학교,고등학생,C:\Users\user\Documents\GitHub\studynavi\울산과외\중구과외\유곡동과외\함월고과외\index.html,high,true,정상
school,인천광역시,강화군,교동,,교동고등학교,고등학교,고등학생,C:\Users\user\Documents\GitHub\studynavi\인천과외\강화군과외\인천교동과외\교동고과외\index.html,high,true,정상
school,인천광역시,강화군,교동,,교동중학교,중학교,중학생,C:\Users\user\Documents\GitHub\studynavi\인천과외\강화군과외\인천교동과외\교동중과외\index.html,high,true,정상
school,인천광역시,계양구,귤현동,,계양중학교,중학교,중학생,C:\Users\user\Documents\GitHub\studynavi\인천과외\계양구과외\귤현동과외\계양중과외\index.html,high,true,정상
school,인천광역시,계양구,동양동,,인천동양중학교,중학교,중학생,C:\Users\user\Documents\GitHub\studynavi\인천과외\계양구과외\동양동과외\인천동양중과외\index.html,high,true,정상
school,인천광역시,계양구,방축동,,인천예일고등학교,고등학교,고등학생,C:\Users\user\Documents\GitHub\studynavi\인천과외\계양구과외\방축동과외\인천예일고과외\index.html,high,true,정상
school,인천광역시,계양구,방축동,,인천예일중학교,중학교,중학생,C:\Users\user\Documents\GitHub\studynavi\인천과외\계양구과외\방축동과외\인천예일중과외\index.html,high,true,정상
school,인천광역시,계양구,병방동,,인천세원고등학교,고등학교,고등학생,C:\Users\user\Documents\GitHub\studynavi\인천과외\계양구과외\병방동과외\인천세원고과외\index.html,high,true,정상
school,인천광역시,계양구,병방동,,인천양촌중학교,중학교,중학생,C:\Users\user\Documents\GitHub\studynavi\인천과외\계양구과외\병방동과외\인천양촌중과외\index.html,high,true,정상
school,인천광역시,계양구,병방동,,임학중학교,중학교,중학생,C:\Users\user\Documents\GitHub\studynavi\인천과외\계양구과외\병방동과외\임학중과외\index.html,high,true,정상
school,인천광역시,계양구,서운동,,서운고등학교,고등학교,고등학생,C:\Users\user\Documents\GitHub\studynavi\인천과외\계양구과외\서운동과외\서운고과외\index.html,high,true,정상
school,인천광역시,계양구,서운동,,서운중학교,중학교,중학생,C:\Users\user\Documents\GitHub\studynavi\인천과외\계양구과외\서운동과외\서운중과외\index.html,high,true,정상
school,인천광역시,계양구,서운동,,인천계수중학교,중학교,중학생,C:\Users\user\Documents\GitHub\studynavi\인천과외\계양구과외\서운동과외\인천계수중과외\index.html,high,true,정상
school,인천광역시,계양구,용종동,,계산여자고등학교,고등학교,고등학생,C:\Users\user\Documents\GitHub\studynavi\인천과외\계양구과외\용종동과외\계산여자고과외\index.html,high,true,정상
school,인천광역시,계양구,계산동,,계산고등학교,고등학교,고등학생,C:\Users\user\Documents\GitHub\studynavi\인천과외\계양구과외\인천계산동과외\계산고과외\index.html,high,true,정상
school,인천광역시,계양구,계산동,,계산여자중학교,중학교,중학생,C:\Users\user\Documents\GitHub\studynavi\인천과외\계양구과외\인천계산동과외\계산여자중과외\index.html,high,true,정상
school,인천광역시,계양구,계산동,,계산중학교,중학교,중학생,C:\Users\user\Documents\GitHub\studynavi\인천과외\계양구과외\인천계산동과외\계산중과외\index.html,high,true,정상
school,인천광역시,계양구,계산동,,북인천중학교,중학교,중학생,C:\Users\user\Documents\GitHub\studynavi\인천과외\계양구과외\인천계산동과외\북인천중과외\index.html,high,true,정상
school,인천광역시,계양구,계산동,,인천안남중학교,중학교,중학생,C:\Users\user\Documents\GitHub\studynavi\인천과외\계양구과외\인천계산동과외\인천안남중과외\index.html,high,true,정상
school,인천광역시,계양구,작전동,,안남고등학교,고등학교,고등학생,C:\Users\user\Documents\GitHub\studynavi\인천과외\계양구과외\작전동과외\안남고과외\index.html,high,true,정상
school,인천광역시,계양구,작전동,,작전고등학교,고등학교,고등학생,C:\Users\user\Documents\GitHub\studynavi\인천과외\계양구과외\작전동과외\작전고과외\index.html,high,true,정상
school,인천광역시,계양구,작전동,,작전여자고등학교,고등학교,고등학생,C:\Users\user\Documents\GitHub\studynavi\인천과외\계양구과외\작전동과외\작전여자고과외\index.html,high,true,정상
school,인천광역시,계양구,작전동,,작전중학교,중학교,중학생,C:\Users\user\Documents\GitHub\studynavi\인천과외\계양구과외\작전동과외\작전중과외\index.html,high,true,정상
school,인천광역시,계양구,효성동,,명현중학교,중학교,중학생,C:\Users\user\Documents\GitHub\studynavi\인천과외\계양구과외\효성동과외\명현중과외\index.html,high,true,정상
school,인천광역시,계양구,효성동,,북인천여자중학교,중학교,중학생,C:\Users\user\Documents\GitHub\studynavi\인천과외\계양구과외\효성동과외\북인천여자중과외\index.html,high,true,정상
school,인천광역시,계양구,효성동,,인천효성고등학교,고등학교,고등학생,C:\Users\user\Documents\GitHub\studynavi\인천과외\계양구과외\효성동과외\인천효성고과외\index.html,high,true,정상
school,인천광역시,계양구,효성동,,인천효성중학교,중학교,중학생,C:\Users\user\Documents\GitHub\studynavi\인천과외\계양구과외\효성동과외\인천효성중과외\index.html,high,true,정상
school,인천광역시,남동구,간석동,,간석여자중학교,중학교,중학생,C:\Users\user\Documents\GitHub\studynavi\인천과외\남동구과외\간석동과외\간석여자중과외\index.html,high,true,정상
school,인천광역시,남동구,간석동,,상인천여자중학교,중학교,중학생,C:\Users\user\Documents\GitHub\studynavi\인천과외\남동구과외\간석동과외\상인천여자중과외\index.html,high,true,정상
school,인천광역시,남동구,간석동,,상인천중학교,중학교,중학생,C:\Users\user\Documents\GitHub\studynavi\인천과외\남동구과외\간석동과외\상인천중과외\index.html,high,true,정상
school,인천광역시,남동구,간석동,,석정여자고등학교,고등학교,고등학생,C:\Users\user\Documents\GitHub\studynavi\인천과외\남동구과외\간석동과외\석정여자고과외\index.html,high,true,정상
school,인천광역시,남동구,간석동,,석정중학교,중학교,중학생,C:\Users\user\Documents\GitHub\studynavi\인천과외\남동구과외\간석동과외\석정중과외\index.html,high,true,정상
school,인천광역시,남동구,간석동,,신명여자고등학교,고등학교,고등학생,C:\Users\user\Documents\GitHub\studynavi\인천과외\남동구과외\간석동과외\신명여자고과외\index.html,high,true,정상
school,인천광역시,남동구,간석동,,인제고등학교,고등학교,고등학생,C:\Users\user\Documents\GitHub\studynavi\인천과외\남동구과외\간석동과외\인제고과외\index.html,high,true,정상
school,인천광역시,남동구,간석동,,인천남고등학교,고등학교,고등학생,C:\Users\user\Documents\GitHub\studynavi\인천과외\남동구과외\간석동과외\인천남고과외\index.html,high,true,정상
school,인천광역시,남동구,구월동,,구월여자중학교,중학교,중학생,C:\Users\user\Documents\GitHub\studynavi\인천과외\남동구과외\구월동과외\구월여자중과외\index.html,high,true,정상
school,인천광역시,남동구,구월동,,구월중학교,중학교,중학생,C:\Users\user\Documents\GitHub\studynavi\인천과외\남동구과외\구월동과외\구월중과외\index.html,high,true,정상
school,인천광역시,남동구,구월동,,동인천중학교,중학교,중학생,C:\Users\user\Documents\GitHub\studynavi\인천과외\남동구과외\구월동과외\동인천중과외\index.html,high,true,정상
school,인천광역시,남동구,구월동,,인천성리중학교,중학교,중학생,C:\Users\user\Documents\GitHub\studynavi\인천과외\남동구과외\구월동과외\인천성리중과외\index.html,high,true,정상
school,인천광역시,남동구,구월동,,인천정각중학교,중학교,중학생,C:\Users\user\Documents\GitHub\studynavi\인천과외\남동구과외\구월동과외\인천정각중과외\index.html,high,true,정상
school,인천광역시,남동구,만수동,,남동중학교,중학교,중학생,C:\Users\user\Documents\GitHub\studynavi\인천과외\남동구과외\만수동과외\남동중과외\index.html,high,true,정상
school,인천광역시,남동구,만수동,,동인천고등학교,고등학교,고등학생,C:\Users\user\Documents\GitHub\studynavi\인천과외\남동구과외\만수동과외\동인천고과외\index.html,high,true,정상
school,인천광역시,남동구,만수동,,만성중학교,중학교,중학생,C:\Users\user\Documents\GitHub\studynavi\인천과외\남동구과외\만수동과외\만성중과외\index.html,high,true,정상
school,인천광역시,남동구,만수동,,만수북중학교,중학교,중학생,C:\Users\user\Documents\GitHub\studynavi\인천과외\남동구과외\만수동과외\만수북중과외\index.html,high,true,정상
school,인천광역시,남동구,만수동,,만수여자중학교,중학교,중학생,C:\Users\user\Documents\GitHub\studynavi\인천과외\남동구과외\만수동과외\만수여자중과외\index.html,high,true,정상
school,인천광역시,남동구,만수동,,만수중학교,중학교,중학생,C:\Users\user\Documents\GitHub\studynavi\인천과외\남동구과외\만수동과외\만수중과외\index.html,high,true,정상
school,인천광역시,남동구,만수동,,문일여자고등학교,고등학교,고등학생,C:\Users\user\Documents\GitHub\studynavi\인천과외\남동구과외\만수동과외\문일여자고과외\index.html,high,true,정상
school,인천광역시,남동구,만수동,,숭덕여자고등학교,고등학교,고등학생,C:\Users\user\Documents\GitHub\studynavi\인천과외\남동구과외\만수동과외\숭덕여자고과외\index.html,high,true,정상
school,인천광역시,남동구,만수동,,숭덕여자중학교,중학교,중학생,C:\Users\user\Documents\GitHub\studynavi\인천과외\남동구과외\만수동과외\숭덕여자중과외\index.html,high,true,정상
school,인천광역시,남동구,만수동,,인천만수고등학교,고등학교,고등학생,C:\Users\user\Documents\GitHub\studynavi\인천과외\남동구과외\만수동과외\인천만수고과외\index.html,high,true,정상
school,인천광역시,남동구,서창동,,도림고등학교,고등학교,고등학생,C:\Users\user\Documents\GitHub\studynavi\인천과외\남동구과외\서창동과외\도림고과외\index.html,high,true,정상
school,인천광역시,남동구,서창동,,만월중학교,중학교,중학생,C:\Users\user\Documents\GitHub\studynavi\인천과외\남동구과외\서창동과외\만월중과외\index.html,high,true,정상
school,인천광역시,남동구,서창동,,인천서창중학교,중학교,중학생,C:\Users\user\Documents\GitHub\studynavi\인천과외\남동구과외\서창동과외\인천서창중과외\index.html,high,true,정상
school,인천광역시,남동구,논현동,,논곡중학교,중학교,중학생,C:\Users\user\Documents\GitHub\studynavi\인천과외\남동구과외\인천논현동과외\논곡중과외\index.html,high,true,정상
school,인천광역시,남동구,논현동,,미추홀외국어고등학교,고등학교,고등학생,C:\Users\user\Documents\GitHub\studynavi\인천과외\남동구과외\인천논현동과외\미추홀외국어고과외\index.html,high,true,정상
school,인천광역시,남동구,논현동,,인천고잔고등학교,고등학교,고등학생,C:\Users\user\Documents\GitHub\studynavi\인천과외\남동구과외\인천논현동과외\인천고잔고과외\index.html,high,true,정상
school,인천광역시,남동구,논현동,,인천고잔중학교,중학교,중학생,C:\Users\user\Documents\GitHub\studynavi\인천과외\남동구과외\인천논현동과외\인천고잔중과외\index.html,high,true,정상
school,인천광역시,남동구,논현동,,인천남동고등학교,고등학교,고등학생,C:\Users\user\Documents\GitHub\studynavi\인천과외\남동구과외\인천논현동과외\인천남동고과외\index.html,high,true,정상
school,인천광역시,남동구,논현동,,인천논현고등학교,고등학교,고등학생,C:\Users\user\Documents\GitHub\studynavi\인천과외\남동구과외\인천논현동과외\인천논현고과외\index.html,high,true,정상
school,인천광역시,남동구,논현동,,인천논현중학교,중학교,중학생,C:\Users\user\Documents\GitHub\studynavi\인천과외\남동구과외\인천논현동과외\인천논현중과외\index.html,high,true,정상
school,인천광역시,남동구,논현동,,인천동방중학교,중학교,중학생,C:\Users\user\Documents\GitHub\studynavi\인천과외\남동구과외\인천논현동과외\인천동방중과외\index.html,high,true,정상
school,인천광역시,남동구,논현동,,인천사리울중학교,중학교,중학생,C:\Users\user\Documents\GitHub\studynavi\인천과외\남동구과외\인천논현동과외\인천사리울중과외\index.html,high,true,정상
school,인천광역시,남동구,논현동,,인천송천고등학교,고등학교,고등학생,C:\Users\user\Documents\GitHub\studynavi\인천과외\남동구과외\인천논현동과외\인천송천고과외\index.html,high,true,정상
school,인천광역시,동구,송림동,,동산고등학교,고등학교,고등학생,C:\Users\user\Documents\GitHub\studynavi\인천과외\동구과외\송림동과외\동산고과외\index.html,high,true,정상
school,인천광역시,동구,송림동,,동산중학교,중학교,중학생,C:\Users\user\Documents\GitHub\studynavi\인천과외\동구과외\송림동과외\동산중과외\index.html,high,true,정상
school,인천광역시,동구,송림동,,재능고등학교,고등학교,고등학생,C:\Users\user\Documents\GitHub\studynavi\인천과외\동구과외\송림동과외\재능고과외\index.html,high,true,정상
school,인천광역시,동구,송림동,,재능중학교,중학교,중학생,C:\Users\user\Documents\GitHub\studynavi\인천과외\동구과외\송림동과외\재능중과외\index.html,high,true,정상
school,인천광역시,동구,화수동,,화도진중학교,중학교,중학생,C:\Users\user\Documents\GitHub\studynavi\인천과외\동구과외\화수동과외\화도진중과외\index.html,high,true,정상
school,인천광역시,미추홀구,관교동,,관교여자중학교,중학교,중학생,C:\Users\user\Documents\GitHub\studynavi\인천과외\미추홀구과외\관교동과외\관교여자중과외\index.html,high,true,정상
school,인천광역시,미추홀구,관교동,,관교중학교,중학교,중학생,C:\Users\user\Documents\GitHub\studynavi\인천과외\미추홀구과외\관교동과외\관교중과외\index.html,high,true,정상
school,인천광역시,미추홀구,관교동,,남인천여자중학교,중학교,중학생,C:\Users\user\Documents\GitHub\studynavi\인천과외\미추홀구과외\관교동과외\남인천여자중과외\index.html,high,true,정상
school,인천광역시,미추홀구,관교동,,인명여자고등학교,고등학교,고등학생,C:\Users\user\Documents\GitHub\studynavi\인천과외\미추홀구과외\관교동과외\인명여자고과외\index.html,high,true,정상
school,인천광역시,미추홀구,도화동,,선인고등학교,고등학교,고등학생,C:\Users\user\Documents\GitHub\studynavi\인천과외\미추홀구과외\도화동과외\선인고과외\index.html,high,true,정상
school,인천광역시,미추홀구,도화동,,선인중학교,중학교,중학생,C:\Users\user\Documents\GitHub\studynavi\인천과외\미추홀구과외\도화동과외\선인중과외\index.html,high,true,정상
school,인천광역시,미추홀구,도화동,,선화여자중학교,중학교,중학생,C:\Users\user\Documents\GitHub\studynavi\인천과외\미추홀구과외\도화동과외\선화여자중과외\index.html,high,true,정상
school,인천광역시,미추홀구,도화동,,인천소방고등학교,고등학교,고등학생,C:\Users\user\Documents\GitHub\studynavi\인천과외\미추홀구과외\도화동과외\인천소방고과외\index.html,high,true,정상
school,인천광역시,미추홀구,도화동,,인화여자고등학교,고등학교,고등학생,C:\Users\user\Documents\GitHub\studynavi\인천과외\미추홀구과외\도화동과외\인화여자고과외\index.html,high,true,정상
school,인천광역시,미추홀구,도화동,,인화여자중학교,중학교,중학생,C:\Users\user\Documents\GitHub\studynavi\인천과외\미추홀구과외\도화동과외\인화여자중과외\index.html,high,true,정상
school,인천광역시,미추홀구,숭의동,,인천남중학교,중학교,중학생,C:\Users\user\Documents\GitHub\studynavi\인천과외\미추홀구과외\숭의동과외\인천남중과외\index.html,high,true,정상
school,인천광역시,미추홀구,용현동,,용현여자중학교,중학교,중학생,C:\Users\user\Documents\GitHub\studynavi\인천과외\미추홀구과외\인천용현동과외\용현여자중과외\index.html,high,true,정상
school,인천광역시,미추홀구,용현동,,용현중학교,중학교,중학생,C:\Users\user\Documents\GitHub\studynavi\인천과외\미추홀구과외\인천용현동과외\용현중과외\index.html,high,true,정상
school,인천광역시,미추홀구,용현동,,인항고등학교,고등학교,고등학생,C:\Users\user\Documents\GitHub\studynavi\인천과외\미추홀구과외\인천용현동과외\인항고과외\index.html,high,true,정상
school,인천광역시,미추홀구,용현동,,정석항공과학고등학교,고등학교,고등학생,C:\Users\user\Documents\GitHub\studynavi\인천과외\미추홀구과외\인천용현동과외\정석항공과학고과외\index.html,high,true,정상
school,인천광역시,미추홀구,주안동,,인천고등학교,고등학교,고등학생,C:\Users\user\Documents\GitHub\studynavi\인천과외\미추홀구과외\주안동과외\인천고과외\index.html,high,true,정상
school,인천광역시,미추홀구,주안동,,제물포여자중학교,중학교,중학생,C:\Users\user\Documents\GitHub\studynavi\인천과외\미추홀구과외\주안동과외\제물포여자중과외\index.html,high,true,정상
school,인천광역시,미추홀구,학익동,,인주중학교,중학교,중학생,C:\Users\user\Documents\GitHub\studynavi\인천과외\미추홀구과외\학익동과외\인주중과외\index.html,high,true,정상
school,인천광역시,미추홀구,학익동,,인하대학교사범대학부속고등학교,고등학교,고등학생,C:\Users\user\Documents\GitHub\studynavi\인천과외\미추홀구과외\학익동과외\인하대학교사범대학부속고과외\index.html,high,true,정상
school,인천광역시,미추홀구,학익동,,인하대학교사범대학부속중학교,중학교,중학생,C:\Users\user\Documents\GitHub\studynavi\인천과외\미추홀구과외\학익동과외\인하대학교사범대학부속중과외\index.html,high,true,정상
school,인천광역시,미추홀구,학익동,,학익고등학교,고등학교,고등학생,C:\Users\user\Documents\GitHub\studynavi\인천과외\미추홀구과외\학익동과외\학익고과외\index.html,high,true,정상
school,인천광역시,미추홀구,학익동,,학익여자고등학교,고등학교,고등학생,C:\Users\user\Documents\GitHub\studynavi\인천과외\미추홀구과외\학익동과외\학익여자고과외\index.html,high,true,정상
school,인천광역시,부평구,부개동,,구산중학교,중학교,중학생,C:\Users\user\Documents\GitHub\studynavi\인천과외\부평구과외\부개동과외\구산중과외\index.html,high,true,정상
school,인천광역시,부평구,부개동,,부개고등학교,고등학교,고등학생,C:\Users\user\Documents\GitHub\studynavi\인천과외\부평구과외\부개동과외\부개고과외\index.html,high,true,정상
school,인천광역시,부평구,부개동,,부개여자고등학교,고등학교,고등학생,C:\Users\user\Documents\GitHub\studynavi\인천과외\부평구과외\부개동과외\부개여자고과외\index.html,high,true,정상
school,인천광역시,부평구,부개동,,부광여자고등학교,고등학교,고등학생,C:\Users\user\Documents\GitHub\studynavi\인천과외\부평구과외\부개동과외\부광여자고과외\index.html,high,true,정상
school,인천광역시,부평구,부개동,,부광중학교,중학교,중학생,C:\Users\user\Documents\GitHub\studynavi\인천과외\부평구과외\부개동과외\부광중과외\index.html,high,true,정상
school,인천광역시,부평구,부개동,,부평동중학교,중학교,중학생,C:\Users\user\Documents\GitHub\studynavi\인천과외\부평구과외\부개동과외\부평동중과외\index.html,high,true,정상
school,인천광역시,부평구,부개동,,부평여자중학교,중학교,중학생,C:\Users\user\Documents\GitHub\studynavi\인천과외\부평구과외\부개동과외\부평여자중과외\index.html,high,true,정상
school,인천광역시,부평구,부개동,,부흥중학교,중학교,중학생,C:\Users\user\Documents\GitHub\studynavi\인천과외\부평구과외\부개동과외\부흥중과외\index.html,high,true,정상
school,인천광역시,부평구,부개동,,인천부흥고등학교,고등학교,고등학생,C:\Users\user\Documents\GitHub\studynavi\인천과외\부평구과외\부개동과외\인천부흥고과외\index.html,high,true,정상
school,인천광역시,부평구,부평동,,부원여자중학교,중학교,중학생,C:\Users\user\Documents\GitHub\studynavi\인천과외\부평구과외\부평동과외\부원여자중과외\index.html,high,true,정상
school,인천광역시,부평구,부평동,,부원중학교,중학교,중학생,C:\Users\user\Documents\GitHub\studynavi\인천과외\부평구과외\부평동과외\부원중과외\index.html,high,true,정상
school,인천광역시,부평구,부평동,,부평고등학교,고등학교,고등학생,C:\Users\user\Documents\GitHub\studynavi\인천과외\부평구과외\부평동과외\부평고과외\index.html,high,true,정상
school,인천광역시,부평구,부평동,,부평여자고등학교,고등학교,고등학생,C:\Users\user\Documents\GitHub\studynavi\인천과외\부평구과외\부평동과외\부평여자고과외\index.html,high,true,정상
school,인천광역시,부평구,부평동,,부평중학교,중학교,중학생,C:\Users\user\Documents\GitHub\studynavi\인천과외\부평구과외\부평동과외\부평중과외\index.html,high,true,정상
school,인천광역시,부평구,부평동,,인천동수중학교,중학교,중학생,C:\Users\user\Documents\GitHub\studynavi\인천과외\부평구과외\부평동과외\인천동수중과외\index.html,high,true,정상
school,인천광역시,부평구,산곡동,,명신여자고등학교,고등학교,고등학생,C:\Users\user\Documents\GitHub\studynavi\인천과외\부평구과외\산곡동과외\명신여자고과외\index.html,high,true,정상
school,인천광역시,부평구,산곡동,,부광고등학교,고등학교,고등학생,C:\Users\user\Documents\GitHub\studynavi\인천과외\부평구과외\산곡동과외\부광고과외\index.html,high,true,정상
school,인천광역시,부평구,산곡동,,부평서중학교,중학교,중학생,C:\Users\user\Documents\GitHub\studynavi\인천과외\부평구과외\산곡동과외\부평서중과외\index.html,high,true,정상
school,인천광역시,부평구,산곡동,,산곡남중학교,중학교,중학생,C:\Users\user\Documents\GitHub\studynavi\인천과외\부평구과외\산곡동과외\산곡남중과외\index.html,high,true,정상
school,인천광역시,부평구,산곡동,,산곡여자중학교,중학교,중학생,C:\Users\user\Documents\GitHub\studynavi\인천과외\부평구과외\산곡동과외\산곡여자중과외\index.html,high,true,정상
school,인천광역시,부평구,산곡동,,산곡중학교,중학교,중학생,C:\Users\user\Documents\GitHub\studynavi\인천과외\부평구과외\산곡동과외\산곡중과외\index.html,high,true,정상
school,인천광역시,부평구,산곡동,,세일고등학교,고등학교,고등학생,C:\Users\user\Documents\GitHub\studynavi\인천과외\부평구과외\산곡동과외\세일고과외\index.html,high,true,정상
school,인천광역시,부평구,산곡동,,인천산곡고등학교,고등학교,고등학생,C:\Users\user\Documents\GitHub\studynavi\인천과외\부평구과외\산곡동과외\인천산곡고과외\index.html,high,true,정상
school,인천광역시,부평구,산곡동,,인천외국어고등학교,고등학교,고등학생,C:\Users\user\Documents\GitHub\studynavi\인천과외\부평구과외\산곡동과외\인천외국어고과외\index.html,high,true,정상
school,인천광역시,부평구,십정동,,동암중학교,중학교,중학생,C:\Users\user\Documents\GitHub\studynavi\인천과외\부평구과외\십정동과외\동암중과외\index.html,high,true,정상
school,인천광역시,부평구,십정동,,부평서여자중학교,중학교,중학생,C:\Users\user\Documents\GitHub\studynavi\인천과외\부평구과외\십정동과외\부평서여자중과외\index.html,high,true,정상
school,인천광역시,부평구,십정동,,인천상정고등학교,고등학교,고등학생,C:\Users\user\Documents\GitHub\studynavi\인천과외\부평구과외\십정동과외\인천상정고과외\index.html,high,true,정상
school,인천광역시,부평구,십정동,,인천상정중학교,중학교,중학생,C:\Users\user\Documents\GitHub\studynavi\인천과외\부평구과외\십정동과외\인천상정중과외\index.html,high,true,정상
school,인천광역시,부평구,십정동,,제일고등학교,고등학교,고등학생,C:\Users\user\Documents\GitHub\studynavi\인천과외\부평구과외\십정동과외\제일고과외\index.html,high,true,정상
school,인천광역시,부평구,갈산동,,갈산중학교,중학교,중학생,C:\Users\user\Documents\GitHub\studynavi\인천과외\부평구과외\인천갈산동과외\갈산중과외\index.html,high,true,정상
school,인천광역시,부평구,삼산동,,부일중학교,중학교,중학생,C:\Users\user\Documents\GitHub\studynavi\인천과외\부평구과외\인천삼산동과외\부일중과외\index.html,high,true,정상
school,인천광역시,부평구,삼산동,,삼산고등학교,고등학교,고등학생,C:\Users\user\Documents\GitHub\studynavi\인천과외\부평구과외\인천삼산동과외\삼산고과외\index.html,high,true,정상
school,인천광역시,부평구,삼산동,,삼산중학교,중학교,중학생,C:\Users\user\Documents\GitHub\studynavi\인천과외\부평구과외\인천삼산동과외\삼산중과외\index.html,high,true,정상
school,인천광역시,부평구,삼산동,,인천영선고등학교,고등학교,고등학생,C:\Users\user\Documents\GitHub\studynavi\인천과외\부평구과외\인천삼산동과외\인천영선고과외\index.html,high,true,정상
school,인천광역시,부평구,삼산동,,인천진산과학고등학교,고등학교,고등학생,C:\Users\user\Documents\GitHub\studynavi\인천과외\부평구과외\인천삼산동과외\인천진산과학고과외\index.html,high,true,정상
school,인천광역시,부평구,삼산동,,진산중학교,중학교,중학생,C:\Users\user\Documents\GitHub\studynavi\인천과외\부평구과외\인천삼산동과외\진산중과외\index.html,high,true,정상
school,인천광역시,부평구,청천동,,청천중학교,중학교,중학생,C:\Users\user\Documents\GitHub\studynavi\인천과외\부평구과외\청천동과외\청천중과외\index.html,high,true,정상
school,인천광역시,서구,검암동,,간재울중학교,중학교,중학생,C:\Users\user\Documents\GitHub\studynavi\인천과외\서구과외\검암동과외\간재울중과외\index.html,high,true,정상
school,인천광역시,서구,검암동,,검암중학교,중학교,중학생,C:\Users\user\Documents\GitHub\studynavi\인천과외\서구과외\검암동과외\검암중과외\index.html,high,true,정상
school,인천광역시,서구,검암동,,서인천고등학교,고등학교,고등학생,C:\Users\user\Documents\GitHub\studynavi\인천과외\서구과외\검암동과외\서인천고과외\index.html,high,true,정상
school,인천광역시,서구,공촌동,,대인고등학교,고등학교,고등학생,C:\Users\user\Documents\GitHub\studynavi\인천과외\서구과외\공촌동과외\대인고과외\index.html,high,true,정상
school,인천광역시,서구,당하동,,문곡고등학교,고등학교,고등학생,C:\Users\user\Documents\GitHub\studynavi\인천과외\서구과외\당하동과외\문곡고과외\index.html,high,true,정상
school,인천광역시,서구,당하동,,인천당하중학교,중학교,중학생,C:\Users\user\Documents\GitHub\studynavi\인천과외\서구과외\당하동과외\인천당하중과외\index.html,high,true,정상
school,인천광역시,서구,당하동,,인천아라고등학교,고등학교,고등학생,C:\Users\user\Documents\GitHub\studynavi\인천과외\서구과외\당하동과외\인천아라고과외\index.html,high,true,정상
school,인천광역시,서구,당하동,,인천아라중학교,중학교,중학생,C:\Users\user\Documents\GitHub\studynavi\인천과외\서구과외\당하동과외\인천아라중과외\index.html,high,true,정상
school,인천광역시,서구,마전동,,검단고등학교,고등학교,고등학생,C:\Users\user\Documents\GitHub\studynavi\인천과외\서구과외\마전동과외\검단고과외\index.html,high,true,정상
school,인천광역시,서구,마전동,,검단중학교,중학교,중학생,C:\Users\user\Documents\GitHub\studynavi\인천과외\서구과외\마전동과외\검단중과외\index.html,high,true,정상
school,인천광역시,서구,마전동,,마전중학교,중학교,중학생,C:\Users\user\Documents\GitHub\studynavi\인천과외\서구과외\마전동과외\마전중과외\index.html,high,true,정상
school,인천광역시,서구,마전동,,인천마전고등학교,고등학교,고등학생,C:\Users\user\Documents\GitHub\studynavi\인천과외\서구과외\마전동과외\인천마전고과외\index.html,high,true,정상
school,인천광역시,서구,가정동,,인천루원중학교,중학교,중학생,C:\Users\user\Documents\GitHub\studynavi\인천과외\서구과외\인천가정동과외\인천루원중과외\index.html,high,true,정상
school,인천광역시,서구,가좌동,,가림고등학교,고등학교,고등학생,C:\Users\user\Documents\GitHub\studynavi\인천과외\서구과외\인천가좌동과외\가림고과외\index.html,high,true,정상
school,인천광역시,서구,가좌동,,가정여자중학교,중학교,중학생,C:\Users\user\Documents\GitHub\studynavi\인천과외\서구과외\인천가좌동과외\가정여자중과외\index.html,high,true,정상
school,인천광역시,서구,가좌동,,가좌고등학교,고등학교,고등학생,C:\Users\user\Documents\GitHub\studynavi\인천과외\서구과외\인천가좌동과외\가좌고과외\index.html,high,true,정상
school,인천광역시,서구,가좌동,,가좌중학교,중학교,중학생,C:\Users\user\Documents\GitHub\studynavi\인천과외\서구과외\인천가좌동과외\가좌중과외\index.html,high,true,정상
school,인천광역시,서구,가좌동,,동인천여자중학교,중학교,중학생,C:\Users\user\Documents\GitHub\studynavi\인천과외\서구과외\인천가좌동과외\동인천여자중과외\index.html,high,true,정상
school,인천광역시,서구,가좌동,,제물포중학교,중학교,중학생,C:\Users\user\Documents\GitHub\studynavi\인천과외\서구과외\인천가좌동과외\제물포중과외\index.html,high,true,정상
school,인천광역시,서구,백석동,,백석고등학교,고등학교,고등학생,C:\Users\user\Documents\GitHub\studynavi\인천과외\서구과외\인천백석동과외\백석고과외\index.html,high,true,정상
school,인천광역시,서구,백석동,,백석중학교,중학교,중학생,C:\Users\user\Documents\GitHub\studynavi\인천과외\서구과외\인천백석동과외\백석중과외\index.html,high,true,정상
school,인천광역시,서구,백석동,,한국주얼리고등학교,고등학교,고등학생,C:\Users\user\Documents\GitHub\studynavi\인천과외\서구과외\인천백석동과외\한국주얼리고과외\index.html,high,true,정상
school,인천광역시,서구,불로동,,불로중학교,중학교,중학생,C:\Users\user\Documents\GitHub\studynavi\인천과외\서구과외\인천불로동과외\불로중과외\index.html,high,true,정상
school,인천광역시,서구,석남동,,가정고등학교,고등학교,고등학생,C:\Users\user\Documents\GitHub\studynavi\인천과외\서구과외\인천석남동과외\가정고과외\index.html,high,true,정상
school,인천광역시,서구,석남동,,인천가좌여자중학교,중학교,중학생,C:\Users\user\Documents\GitHub\studynavi\인천과외\서구과외\인천석남동과외\인천가좌여자중과외\index.html,high,true,정상
school,인천광역시,서구,석남동,,인천석남중학교,중학교,중학생,C:\Users\user\Documents\GitHub\studynavi\인천과외\서구과외\인천석남동과외\인천석남중과외\index.html,high,true,정상
school,인천광역시,서구,신현동,,신현여자중학교,중학교,중학생,C:\Users\user\Documents\GitHub\studynavi\인천과외\서구과외\인천신현동과외\신현여자중과외\index.html,high,true,정상
school,인천광역시,서구,신현동,,신현중학교,중학교,중학생,C:\Users\user\Documents\GitHub\studynavi\인천과외\서구과외\인천신현동과외\신현중과외\index.html,high,true,정상
school,인천광역시,서구,신현동,,인천가현중학교,중학교,중학생,C:\Users\user\Documents\GitHub\studynavi\인천과외\서구과외\인천신현동과외\인천가현중과외\index.html,high,true,정상
school,인천광역시,서구,신현동,,인천신현고등학교,고등학교,고등학생,C:\Users\user\Documents\GitHub\studynavi\인천과외\서구과외\인천신현동과외\인천신현고과외\index.html,high,true,정상
school,인천광역시,서구,연희동,,서곶중학교,중학교,중학생,C:\Users\user\Documents\GitHub\studynavi\인천과외\서구과외\인천연희동과외\서곶중과외\index.html,high,true,정상
school,인천광역시,서구,연희동,,인천청라고등학교,고등학교,고등학생,C:\Users\user\Documents\GitHub\studynavi\인천과외\서구과외\인천연희동과외\인천청라고과외\index.html,high,true,정상
school,인천광역시,서구,연희동,,인천초은고등학교,고등학교,고등학생,C:\Users\user\Documents\GitHub\studynavi\인천과외\서구과외\인천연희동과외\인천초은고과외\index.html,high,true,정상
school,인천광역시,서구,원당동,,원당중학교,중학교,중학생,C:\Users\user\Documents\GitHub\studynavi\인천과외\서구과외\인천원당동과외\원당중과외\index.html,high,true,정상
school,인천광역시,서구,원당동,,인천원당고등학교,고등학교,고등학생,C:\Users\user\Documents\GitHub\studynavi\인천과외\서구과외\인천원당동과외\인천원당고과외\index.html,high,true,정상
school,인천광역시,서구,원당동,,인천이음고등학교,고등학교,고등학생,C:\Users\user\Documents\GitHub\studynavi\인천과외\서구과외\인천원당동과외\인천이음고과외\index.html,high,true,정상
school,인천광역시,서구,원당동,,인천이음중학교,중학교,중학생,C:\Users\user\Documents\GitHub\studynavi\인천과외\서구과외\인천원당동과외\인천이음중과외\index.html,high,true,정상
school,인천광역시,서구,청라동,,인천경연중학교,중학교,중학생,C:\Users\user\Documents\GitHub\studynavi\인천과외\서구과외\청라동과외\인천경연중과외\index.html,high,true,정상
school,인천광역시,서구,청라동,,인천청라중학교,중학교,중학생,C:\Users\user\Documents\GitHub\studynavi\인천과외\서구과외\청라동과외\인천청라중과외\index.html,high,true,정상
school,인천광역시,서구,청라동,,인천청람중학교,중학교,중학생,C:\Users\user\Documents\GitHub\studynavi\인천과외\서구과외\청라동과외\인천청람중과외\index.html,high,true,정상
school,인천광역시,서구,청라동,,인천청호중학교,중학교,중학생,C:\Users\user\Documents\GitHub\studynavi\인천과외\서구과외\청라동과외\인천청호중과외\index.html,high,true,정상
school,인천광역시,서구,청라동,,인천초은중학교,중학교,중학생,C:\Users\user\Documents\GitHub\studynavi\인천과외\서구과외\청라동과외\인천초은중과외\index.html,high,true,정상
school,인천광역시,서구,청라동,,인천해원고등학교,고등학교,고등학생,C:\Users\user\Documents\GitHub\studynavi\인천과외\서구과외\청라동과외\인천해원고과외\index.html,high,true,정상
school,인천광역시,서구,청라동,,인천해원중학교,중학교,중학생,C:\Users\user\Documents\GitHub\studynavi\인천과외\서구과외\청라동과외\인천해원중과외\index.html,high,true,정상
school,인천광역시,연수구,동춘동,,연성중학교,중학교,중학생,C:\Users\user\Documents\GitHub\studynavi\인천과외\연수구과외\동춘동과외\연성중과외\index.html,high,true,정상
school,인천광역시,연수구,동춘동,,연수여자고등학교,고등학교,고등학생,C:\Users\user\Documents\GitHub\studynavi\인천과외\연수구과외\동춘동과외\연수여자고과외\index.html,high,true,정상
school,인천광역시,연수구,동춘동,,인천대건고등학교,고등학교,고등학생,C:\Users\user\Documents\GitHub\studynavi\인천과외\연수구과외\동춘동과외\인천대건고과외\index.html,high,true,정상
school,인천광역시,연수구,동춘동,,인천여자중학교,중학교,중학생,C:\Users\user\Documents\GitHub\studynavi\인천과외\연수구과외\동춘동과외\인천여자중과외\index.html,high,true,정상
school,인천광역시,연수구,동춘동,,청량중학교,중학교,중학생,C:\Users\user\Documents\GitHub\studynavi\인천과외\연수구과외\동춘동과외\청량중과외\index.html,high,true,정상
school,인천광역시,연수구,선학동,,선학중학교,중학교,중학생,C:\Users\user\Documents\GitHub\studynavi\인천과외\연수구과외\선학동과외\선학중과외\index.html,high,true,정상
school,인천광역시,연수구,연수동,,연수고등학교,고등학교,고등학생,C:\Users\user\Documents\GitHub\studynavi\인천과외\연수구과외\연수동과외\연수고과외\index.html,high,true,정상
school,인천광역시,연수구,연수동,,연수중학교,중학교,중학생,C:\Users\user\Documents\GitHub\studynavi\인천과외\연수구과외\연수동과외\연수중과외\index.html,high,true,정상
school,인천광역시,연수구,연수동,,연화중학교,중학교,중학생,C:\Users\user\Documents\GitHub\studynavi\인천과외\연수구과외\연수동과외\연화중과외\index.html,high,true,정상
school,인천광역시,연수구,연수동,,인천여자고등학교,고등학교,고등학생,C:\Users\user\Documents\GitHub\studynavi\인천과외\연수구과외\연수동과외\인천여자고과외\index.html,high,true,정상
school,인천광역시,연수구,연수동,,인천중학교,중학교,중학생,C:\Users\user\Documents\GitHub\studynavi\인천과외\연수구과외\연수동과외\인천중과외\index.html,high,true,정상
school,인천광역시,연수구,옥련동,,송도고등학교,고등학교,고등학생,C:\Users\user\Documents\GitHub\studynavi\인천과외\연수구과외\옥련동과외\송도고과외\index.html,high,true,정상
school,인천광역시,연수구,옥련동,,옥련여자고등학교,고등학교,고등학생,C:\Users\user\Documents\GitHub\studynavi\인천과외\연수구과외\옥련동과외\옥련여자고과외\index.html,high,true,정상
school,인천광역시,연수구,옥련동,,옥련중학교,중학교,중학생,C:\Users\user\Documents\GitHub\studynavi\인천과외\연수구과외\옥련동과외\옥련중과외\index.html,high,true,정상
school,인천광역시,연수구,옥련동,,인송중학교,중학교,중학생,C:\Users\user\Documents\GitHub\studynavi\인천과외\연수구과외\옥련동과외\인송중과외\index.html,high,true,정상
school,인천광역시,연수구,송도동,,능허대중학교,중학교,중학생,C:\Users\user\Documents\GitHub\studynavi\인천과외\연수구과외\인천송도동과외\능허대중과외\index.html,high,true,정상
school,인천광역시,연수구,송도동,,박문여자고등학교,고등학교,고등학생,C:\Users\user\Documents\GitHub\studynavi\인천과외\연수구과외\인천송도동과외\박문여자고과외\index.html,high,true,정상
school,인천광역시,연수구,송도동,,박문중학교,중학교,중학생,C:\Users\user\Documents\GitHub\studynavi\인천과외\연수구과외\인천송도동과외\박문중과외\index.html,high,true,정상
school,인천광역시,연수구,송도동,,신송고등학교,고등학교,고등학생,C:\Users\user\Documents\GitHub\studynavi\인천과외\연수구과외\인천송도동과외\신송고과외\index.html,high,true,정상
school,인천광역시,연수구,송도동,,신송중학교,중학교,중학생,C:\Users\user\Documents\GitHub\studynavi\인천과외\연수구과외\인천송도동과외\신송중과외\index.html,high,true,정상
school,인천광역시,연수구,송도동,,인천미송중학교,중학교,중학생,C:\Users\user\Documents\GitHub\studynavi\인천과외\연수구과외\인천송도동과외\인천미송중과외\index.html,high,true,정상
school,인천광역시,연수구,송도동,,인천신정중학교,중학교,중학생,C:\Users\user\Documents\GitHub\studynavi\인천과외\연수구과외\인천송도동과외\인천신정중과외\index.html,high,true,정상
school,인천광역시,연수구,송도동,,인천연송고등학교,고등학교,고등학생,C:\Users\user\Documents\GitHub\studynavi\인천과외\연수구과외\인천송도동과외\인천연송고과외\index.html,high,true,정상
school,인천광역시,연수구,송도동,,인천예송중학교,중학교,중학생,C:\Users\user\Documents\GitHub\studynavi\인천과외\연수구과외\인천송도동과외\인천예송중과외\index.html,high,true,정상
school,인천광역시,연수구,송도동,,인천은송중학교,중학교,중학생,C:\Users\user\Documents\GitHub\studynavi\인천과외\연수구과외\인천송도동과외\인천은송중과외\index.html,high,true,정상
school,인천광역시,연수구,송도동,,인천포스코고등학교,고등학교,고등학생,C:\Users\user\Documents\GitHub\studynavi\인천과외\연수구과외\인천송도동과외\인천포스코고과외\index.html,high,true,정상
school,인천광역시,연수구,송도동,,인천해송고등학교,고등학교,고등학생,C:\Users\user\Documents\GitHub\studynavi\인천과외\연수구과외\인천송도동과외\인천해송고과외\index.html,high,true,정상
school,인천광역시,연수구,송도동,,인천해송중학교,중학교,중학생,C:\Users\user\Documents\GitHub\studynavi\인천과외\연수구과외\인천송도동과외\인천해송중과외\index.html,high,true,정상
school,인천광역시,연수구,송도동,,인천현송중학교,중학교,중학생,C:\Users\user\Documents\GitHub\studynavi\인천과외\연수구과외\인천송도동과외\인천현송중과외\index.html,high,true,정상
school,인천광역시,연수구,청학동,,인천바이오과학고등학교,고등학교,고등학생,C:\Users\user\Documents\GitHub\studynavi\인천과외\연수구과외\인천청학동과외\인천바이오과학고과외\index.html,high,true,정상
school,인천광역시,연수구,청학동,,청학중학교,중학교,중학생,C:\Users\user\Documents\GitHub\studynavi\인천과외\연수구과외\인천청학동과외\청학중과외\index.html,high,true,정상
school,인천광역시,연수구,청학동,,함박중학교,중학교,중학생,C:\Users\user\Documents\GitHub\studynavi\인천과외\연수구과외\인천청학동과외\함박중과외\index.html,high,true,정상
school,인천광역시,옹진군,내동,,영흥중학교,중학교,중학생,C:\Users\user\Documents\GitHub\studynavi\인천과외\옹진군과외\인천내동과외\영흥중과외\index.html,high,true,정상
school,인천광역시,옹진군,내동,,인천영흥고등학교,고등학교,고등학생,C:\Users\user\Documents\GitHub\studynavi\인천과외\옹진군과외\인천내동과외\인천영흥고과외\index.html,high,true,정상
school,인천광역시,중구,남북동,,용유중학교,중학교,중학생,C:\Users\user\Documents\GitHub\studynavi\인천과외\중구과외\남북동과외\용유중과외\index.html,high,true,정상
school,인천광역시,중구,북성동,,인천해사고등학교,고등학교,고등학생,C:\Users\user\Documents\GitHub\studynavi\인천과외\중구과외\북성동과외\인천해사고과외\index.html,high,true,정상
school,인천광역시,중구,송학동,,인성여자고등학교,고등학교,고등학생,C:\Users\user\Documents\GitHub\studynavi\인천과외\중구과외\송학동과외\인성여자고과외\index.html,high,true,정상
school,인천광역시,중구,송학동,,인성여자중학교,중학교,중학생,C:\Users\user\Documents\GitHub\studynavi\인천과외\중구과외\송학동과외\인성여자중과외\index.html,high,true,정상
school,인천광역시,중구,운서동,,인천공항고등학교,고등학교,고등학생,C:\Users\user\Documents\GitHub\studynavi\인천과외\중구과외\운서동과외\인천공항고과외\index.html,high,true,정상
school,인천광역시,중구,운서동,,인천공항중학교,중학교,중학생,C:\Users\user\Documents\GitHub\studynavi\인천과외\중구과외\운서동과외\인천공항중과외\index.html,high,true,정상
school,인천광역시,중구,운서동,,인천과학고등학교,고등학교,고등학생,C:\Users\user\Documents\GitHub\studynavi\인천과외\중구과외\운서동과외\인천과학고과외\index.html,high,true,정상
school,인천광역시,중구,운서동,,인천국제고등학교,고등학교,고등학생,C:\Users\user\Documents\GitHub\studynavi\인천과외\중구과외\운서동과외\인천국제고과외\index.html,high,true,정상
school,인천광역시,중구,운서동,,인천영종고등학교,고등학교,고등학생,C:\Users\user\Documents\GitHub\studynavi\인천과외\중구과외\운서동과외\인천영종고과외\index.html,high,true,정상
school,인천광역시,중구,운서동,,인천운서중학교,중학교,중학생,C:\Users\user\Documents\GitHub\studynavi\인천과외\중구과외\운서동과외\인천운서중과외\index.html,high,true,정상
school,인천광역시,중구,운서동,,인천하늘고등학교,고등학교,고등학생,C:\Users\user\Documents\GitHub\studynavi\인천과외\중구과외\운서동과외\인천하늘고과외\index.html,high,true,정상
school,인천광역시,중구,도원동,,광성고등학교,고등학교,고등학생,C:\Users\user\Documents\GitHub\studynavi\인천과외\중구과외\인천도원동과외\광성고과외\index.html,high,true,정상
school,인천광역시,중구,도원동,,광성중학교,중학교,중학생,C:\Users\user\Documents\GitHub\studynavi\인천과외\중구과외\인천도원동과외\광성중과외\index.html,high,true,정상
school,인천광역시,중구,도원동,,인천중앙여자고등학교,고등학교,고등학생,C:\Users\user\Documents\GitHub\studynavi\인천과외\중구과외\인천도원동과외\인천중앙여자고과외\index.html,high,true,정상
school,인천광역시,중구,신흥동,,신흥여자중학교,중학교,중학생,C:\Users\user\Documents\GitHub\studynavi\인천과외\중구과외\인천신흥동과외\신흥여자중과외\index.html,high,true,정상
school,인천광역시,중구,신흥동,,신흥중학교,중학교,중학생,C:\Users\user\Documents\GitHub\studynavi\인천과외\중구과외\인천신흥동과외\신흥중과외\index.html,high,true,정상
school,인천광역시,중구,운남동,,영종국제물류고등학교,고등학교,고등학생,C:\Users\user\Documents\GitHub\studynavi\인천과외\중구과외\인천운남동과외\영종국제물류고과외\index.html,high,true,정상
school,인천광역시,중구,운남동,,영종중학교,중학교,중학생,C:\Users\user\Documents\GitHub\studynavi\인천과외\중구과외\인천운남동과외\영종중과외\index.html,high,true,정상
school,인천광역시,중구,운남동,,인천하늘중학교,중학교,중학생,C:\Users\user\Documents\GitHub\studynavi\인천과외\중구과외\인천운남동과외\인천하늘중과외\index.html,high,true,정상
school,인천광역시,중구,중산동,,인천중산고등학교,고등학교,고등학생,C:\Users\user\Documents\GitHub\studynavi\인천과외\중구과외\인천중산동과외\인천중산고과외\index.html,high,true,정상
school,인천광역시,중구,중산동,,인천중산중학교,중학교,중학생,C:\Users\user\Documents\GitHub\studynavi\인천과외\중구과외\인천중산동과외\인천중산중과외\index.html,high,true,정상
school,인천광역시,중구,전동,,인일여자고등학교,고등학교,고등학생,C:\Users\user\Documents\GitHub\studynavi\인천과외\중구과외\전동과외\인일여자고과외\index.html,high,true,정상
school,인천광역시,중구,전동,,제물포고등학교,고등학교,고등학생,C:\Users\user\Documents\GitHub\studynavi\인천과외\중구과외\전동과외\제물포고과외\index.html,high,true,정상
school,전라남도,강진군,군동,,청람중학교,중학교,중학생,C:\Users\user\Documents\GitHub\studynavi\전남과외\강진군과외\군동과외\청람중과외\index.html,high,true,정상
school,전라남도,고흥군,녹동,,녹동중학교,중학교,중학생,C:\Users\user\Documents\GitHub\studynavi\전남과외\고흥군과외\녹동과외\녹동중과외\index.html,high,true,정상
school,전라남도,곡성군,목사동,,한울고등학교,고등학교,고등학생,C:\Users\user\Documents\GitHub\studynavi\전남과외\곡성군과외\목사동과외\한울고과외\index.html,high,true,정상
school,전라남도,광양시,광영동,,광영고등학교,고등학교,고등학생,C:\Users\user\Documents\GitHub\studynavi\전남과외\광양시과외\광영동과외\광영고과외\index.html,high,true,정상
school,전라남도,광양시,광영동,,광영중학교,중학교,중학생,C:\Users\user\Documents\GitHub\studynavi\전남과외\광양시과외\광영동과외\광영중과외\index.html,high,true,정상
school,전라남도,광양시,마동,,광양마동중학교,중학교,중학생,C:\Users\user\Documents\GitHub\studynavi\전남과외\광양시과외\마동과외\광양마동중과외\index.html,high,true,정상
school,전라남도,광양시,마동,,중마고등학교,고등학교,고등학생,C:\Users\user\Documents\GitHub\studynavi\전남과외\광양시과외\마동과외\중마고과외\index.html,high,true,정상
school,전라남도,광양시,마동,,한국창의예술중학교,중학교,중학생,C:\Users\user\Documents\GitHub\studynavi\전남과외\광양시과외\마동과외\한국창의예술중과외\index.html,high,true,정상
school,전라남도,광양시,금호동,,광양제철고등학교,고등학교,고등학생,C:\Users\user\Documents\GitHub\studynavi\전남과외\광양시과외\전남금호동과외\광양제철고과외\index.html,high,true,정상
school,전라남도,광양시,금호동,,광양제철중학교,중학교,중학생,C:\Users\user\Documents\GitHub\studynavi\전남과외\광양시과외\전남금호동과외\광양제철중과외\index.html,high,true,정상
school,전라남도,광양시,성황동,,광양골약중학교,중학교,중학생,C:\Users\user\Documents\GitHub\studynavi\전남과외\광양시과외\전남성황동과외\광양골약중과외\index.html,high,true,정상
school,전라남도,광양시,중동,,광양백운고등학교,고등학교,고등학생,C:\Users\user\Documents\GitHub\studynavi\전남과외\광양시과외\전남중동과외\광양백운고과외\index.html,high,true,정상
school,전라남도,광양시,중동,,광양백운중학교,중학교,중학생,C:\Users\user\Documents\GitHub\studynavi\전남과외\광양시과외\전남중동과외\광양백운중과외\index.html,high,true,정상
school,전라남도,광양시,중동,,광양중동중학교,중학교,중학생,C:\Users\user\Documents\GitHub\studynavi\전남과외\광양시과외\전남중동과외\광양중동중과외\index.html,high,true,정상
school,전라남도,광양시,중동,,동광양중학교,중학교,중학생,C:\Users\user\Documents\GitHub\studynavi\전남과외\광양시과외\전남중동과외\동광양중과외\index.html,high,true,정상
school,전라남도,구례군,구례동,,구례동중학교,중학교,중학생,C:\Users\user\Documents\GitHub\studynavi\전남과외\구례군과외\구례동과외\구례동중과외\index.html,high,true,정상
school,전라남도,구례군,산동,,구례산동중학교,중학교,중학생,C:\Users\user\Documents\GitHub\studynavi\전남과외\구례군과외\전남산동과외\구례산동중과외\index.html,high,true,정상
school,전라남도,나주시,경현동,,금성고등학교,고등학교,고등학생,C:\Users\user\Documents\GitHub\studynavi\전남과외\나주시과외\경현동과외\금성고과외\index.html,high,true,정상
school,전라남도,나주시,나주시교동,,나주고등학교,고등학교,고등학생,C:\Users\user\Documents\GitHub\studynavi\전남과외\나주시과외\나주시교동과외\나주고과외\index.html,high,true,정상
school,전라남도,나주시,대호동,,금성중학교,중학교,중학생,C:\Users\user\Documents\GitHub\studynavi\전남과외\나주시과외\대호동과외\금성중과외\index.html,high,true,정상
school,전라남도,나주시,빛가람동,,나주금천중학교,중학교,중학생,C:\Users\user\Documents\GitHub\studynavi\전남과외\나주시과외\빛가람동과외\나주금천중과외\index.html,high,true,정상
school,전라남도,나주시,빛가람동,,매성고등학교,고등학교,고등학생,C:\Users\user\Documents\GitHub\studynavi\전남과외\나주시과외\빛가람동과외\매성고과외\index.html,high,true,정상
school,전라남도,나주시,빛가람동,,매성중학교,중학교,중학생,C:\Users\user\Documents\GitHub\studynavi\전남과외\나주시과외\빛가람동과외\매성중과외\index.html,high,true,정상
school,전라남도,나주시,빛가람동,,봉황고등학교,고등학교,고등학생,C:\Users\user\Documents\GitHub\studynavi\전남과외\나주시과외\빛가람동과외\봉황고과외\index.html,high,true,정상
school,전라남도,나주시,빛가람동,,빛가람중학교,중학교,중학생,C:\Users\user\Documents\GitHub\studynavi\전남과외\나주시과외\빛가람동과외\빛가람중과외\index.html,high,true,정상
school,전라남도,나주시,삼영동,,영산고등학교,고등학교,고등학생,C:\Users\user\Documents\GitHub\studynavi\전남과외\나주시과외\삼영동과외\영산고과외\index.html,high,true,정상
school,전라남도,나주시,삼영동,,영산중학교,중학교,중학생,C:\Users\user\Documents\GitHub\studynavi\전남과외\나주시과외\삼영동과외\영산중과외\index.html,high,true,정상
school,전라남도,나주시,영산동,,전남미용고등학교,고등학교,고등학생,C:\Users\user\Documents\GitHub\studynavi\전남과외\나주시과외\영산동과외\전남미용고과외\index.html,high,true,정상
school,전라남도,나주시,이창동,,영산포여자중학교,중학교,중학생,C:\Users\user\Documents\GitHub\studynavi\전남과외\나주시과외\이창동과외\영산포여자중과외\index.html,high,true,정상
school,전라남도,나주시,인동,,나주동강중학교,중학교,중학생,C:\Users\user\Documents\GitHub\studynavi\전남과외\나주시과외\인동과외\나주동강중과외\index.html,high,true,정상
school,전라남도,나주시,용산동,,전남외국어고등학교,고등학교,고등학생,C:\Users\user\Documents\GitHub\studynavi\전남과외\나주시과외\전남용산동과외\전남외국어고과외\index.html,high,true,정상
school,전라남도,나주시,죽림동,,나주중학교,중학교,중학생,C:\Users\user\Documents\GitHub\studynavi\전남과외\나주시과외\죽림동과외\나주중과외\index.html,high,true,정상
school,전라남도,담양군,한수동,,담양수북중학교,중학교,중학생,C:\Users\user\Documents\GitHub\studynavi\전남과외\담양군과외\한수동과외\담양수북중과외\index.html,high,true,정상
school,전라남도,목포시,경동,,목포여자중학교,중학교,중학생,C:\Users\user\Documents\GitHub\studynavi\전남과외\목포시과외\경동과외\목포여자중과외\index.html,high,true,정상
school,전라남도,목포시,대양동,,목포중앙고등학교,고등학교,고등학생,C:\Users\user\Documents\GitHub\studynavi\전남과외\목포시과외\대양동과외\목포중앙고과외\index.html,high,true,정상
school,전라남도,목포시,목포시용당동,,목상고등학교,고등학교,고등학생,C:\Users\user\Documents\GitHub\studynavi\전남과외\목포시과외\목포시용당동과외\목상고과외\index.html,high,true,정상
school,전라남도,목포시,목포시용당동,,목포고등학교,고등학교,고등학생,C:\Users\user\Documents\GitHub\studynavi\전남과외\목포시과외\목포시용당동과외\목포고과외\index.html,high,true,정상
school,전라남도,목포시,목포시용당동,,목포마리아회고등학교,고등학교,고등학생,C:\Users\user\Documents\GitHub\studynavi\전남과외\목포시과외\목포시용당동과외\목포마리아회고과외\index.html,high,true,정상
school,전라남도,목포시,목포시용당동,,문태고등학교,고등학교,고등학생,C:\Users\user\Documents\GitHub\studynavi\전남과외\목포시과외\목포시용당동과외\문태고과외\index.html,high,true,정상
school,전라남도,목포시,목포시용당동,,문태중학교,중학교,중학생,C:\Users\user\Documents\GitHub\studynavi\전남과외\목포시과외\목포시용당동과외\문태중과외\index.html,high,true,정상
school,전라남도,목포시,옥암동,,목포애향중학교,중학교,중학생,C:\Users\user\Documents\GitHub\studynavi\전남과외\목포시과외\옥암동과외\목포애향중과외\index.html,high,true,정상
school,전라남도,목포시,옥암동,,목포옥암중학교,중학교,중학생,C:\Users\user\Documents\GitHub\studynavi\전남과외\목포시과외\옥암동과외\목포옥암중과외\index.html,high,true,정상
school,전라남도,목포시,옥암동,,목포제일여자고등학교,고등학교,고등학생,C:\Users\user\Documents\GitHub\studynavi\전남과외\목포시과외\옥암동과외\목포제일여자고과외\index.html,high,true,정상
school,전라남도,목포시,옥암동,,목포하당중학교,중학교,중학생,C:\Users\user\Documents\GitHub\studynavi\전남과외\목포시과외\옥암동과외\목포하당중과외\index.html,high,true,정상
school,전라남도,목포시,용해동,,목포제일중학교,중학교,중학생,C:\Users\user\Documents\GitHub\studynavi\전남과외\목포시과외\용해동과외\목포제일중과외\index.html,high,true,정상
school,전라남도,목포시,대성동,,목포여자고등학교,고등학교,고등학생,C:\Users\user\Documents\GitHub\studynavi\전남과외\목포시과외\전남대성동과외\목포여자고과외\index.html,high,true,정상
school,전라남도,목포시,산정동,,목포유달중학교,중학교,중학생,C:\Users\user\Documents\GitHub\studynavi\전남과외\목포시과외\전남산정동과외\목포유달중과외\index.html,high,true,정상
school,전라남도,목포시,상동,,목포성신고등학교,고등학교,고등학생,C:\Users\user\Documents\GitHub\studynavi\전남과외\목포시과외\전남상동과외\목포성신고과외\index.html,high,true,정상
school,전라남도,목포시,상동,,목포영화중학교,중학교,중학생,C:\Users\user\Documents\GitHub\studynavi\전남과외\목포시과외\전남상동과외\목포영화중과외\index.html,high,true,정상
school,전라남도,목포시,상동,,목포중앙여자중학교,중학교,중학생,C:\Users\user\Documents\GitHub\studynavi\전남과외\목포시과외\전남상동과외\목포중앙여자중과외\index.html,high,true,정상
school,전라남도,목포시,상동,,목포항도여자중학교,중학교,중학생,C:\Users\user\Documents\GitHub\studynavi\전남과외\목포시과외\전남상동과외\목포항도여자중과외\index.html,high,true,정상
school,전라남도,목포시,상동,,영흥고등학교,고등학교,고등학생,C:\Users\user\Documents\GitHub\studynavi\전남과외\목포시과외\전남상동과외\영흥고과외\index.html,high,true,정상
school,전라남도,목포시,상동,,영흥중학교,중학교,중학생,C:\Users\user\Documents\GitHub\studynavi\전남과외\목포시과외\전남상동과외\영흥중과외\index.html,high,true,정상
school,전라남도,목포시,양동,,목포정명여자고등학교,고등학교,고등학생,C:\Users\user\Documents\GitHub\studynavi\전남과외\목포시과외\전남양동과외\목포정명여자고과외\index.html,high,true,정상
school,전라남도,목포시,양동,,목포정명여자중학교,중학교,중학생,C:\Users\user\Documents\GitHub\studynavi\전남과외\목포시과외\전남양동과외\목포정명여자중과외\index.html,high,true,정상
school,전라남도,목포시,연산동,,목포청호중학교,중학교,중학생,C:\Users\user\Documents\GitHub\studynavi\전남과외\목포시과외\전남연산동과외\목포청호중과외\index.html,high,true,정상
school,전라남도,목포시,죽교동,,목포덕인고등학교,고등학교,고등학생,C:\Users\user\Documents\GitHub\studynavi\전남과외\목포시과외\죽교동과외\목포덕인고과외\index.html,high,true,정상
school,전라남도,목포시,죽교동,,목포덕인중학교,중학교,중학생,C:\Users\user\Documents\GitHub\studynavi\전남과외\목포시과외\죽교동과외\목포덕인중과외\index.html,high,true,정상
school,전라남도,목포시,죽교동,,목포혜인여자중학교,중학교,중학생,C:\Users\user\Documents\GitHub\studynavi\전남과외\목포시과외\죽교동과외\목포혜인여자중과외\index.html,high,true,정상
school,전라남도,목포시,죽교동,,목포홍일고등학교,고등학교,고등학생,C:\Users\user\Documents\GitHub\studynavi\전남과외\목포시과외\죽교동과외\목포홍일고과외\index.html,high,true,정상
school,전라남도,목포시,죽교동,,목포홍일중학교,중학교,중학생,C:\Users\user\Documents\GitHub\studynavi\전남과외\목포시과외\죽교동과외\목포홍일중과외\index.html,high,true,정상
school,전라남도,무안군,죽사동,,무안중학교,중학교,중학생,C:\Users\user\Documents\GitHub\studynavi\전남과외\무안군과외\죽사동과외\무안중과외\index.html,high,true,정상
school,전라남도,무안군,호동,,무안몽탄중학교,중학교,중학생,C:\Users\user\Documents\GitHub\studynavi\전남과외\무안군과외\호동과외\무안몽탄중과외\index.html,high,true,정상
school,전라남도,보성군,채동,,벌교고등학교,고등학교,고등학생,C:\Users\user\Documents\GitHub\studynavi\전남과외\보성군과외\채동과외\벌교고과외\index.html,high,true,정상
school,전라남도,보성군,채동,,벌교여자고등학교,고등학교,고등학생,C:\Users\user\Documents\GitHub\studynavi\전남과외\보성군과외\채동과외\벌교여자고과외\index.html,high,true,정상
school,전라남도,보성군,채동,,삼광중학교,중학교,중학생,C:\Users\user\Documents\GitHub\studynavi\전남과외\보성군과외\채동과외\삼광중과외\index.html,high,true,정상
school,전라남도,순천시,대룡동,,순천효천고등학교,고등학교,고등학생,C:\Users\user\Documents\GitHub\studynavi\전남과외\순천시과외\대룡동과외\순천효천고과외\index.html,high,true,정상
school,전라남도,순천시,덕월동,,순천청암고등학교,고등학교,고등학생,C:\Users\user\Documents\GitHub\studynavi\전남과외\순천시과외\덕월동과외\순천청암고과외\index.html,high,true,정상
school,전라남도,순천시,생목동,,순천이수중학교,중학교,중학생,C:\Users\user\Documents\GitHub\studynavi\전남과외\순천시과외\생목동과외\순천이수중과외\index.html,high,true,정상
school,전라남도,순천시,석현동,,순천향림중학교,중학교,중학생,C:\Users\user\Documents\GitHub\studynavi\전남과외\순천시과외\석현동과외\순천향림중과외\index.html,high,true,정상
school,전라남도,순천시,순천시용당동,,순천팔마고등학교,고등학교,고등학생,C:\Users\user\Documents\GitHub\studynavi\전남과외\순천시과외\순천시용당동과외\순천팔마고과외\index.html,high,true,정상
school,전라남도,순천시,순천시용당동,,순천효산고등학교,고등학교,고등학생,C:\Users\user\Documents\GitHub\studynavi\전남과외\순천시과외\순천시용당동과외\순천효산고과외\index.html,high,true,정상
school,전라남도,순천시,연향동,,순천연향중학교,중학교,중학생,C:\Users\user\Documents\GitHub\studynavi\전남과외\순천시과외\연향동과외\순천연향중과외\index.html,high,true,정상
school,전라남도,순천시,왕지동,,순천왕운중학교,중학교,중학생,C:\Users\user\Documents\GitHub\studynavi\전남과외\순천시과외\왕지동과외\순천왕운중과외\index.html,high,true,정상
school,전라남도,순천시,이읍원동,,순천승남중학교,중학교,중학생,C:\Users\user\Documents\GitHub\studynavi\전남과외\순천시과외\이읍원동과외\순천승남중과외\index.html,high,true,정상
school,전라남도,순천시,인제동,,순천고등학교,고등학교,고등학생,C:\Users\user\Documents\GitHub\studynavi\전남과외\순천시과외\인제동과외\순천고과외\index.html,high,true,정상
school,전라남도,순천시,저전동,,순천여자고등학교,고등학교,고등학생,C:\Users\user\Documents\GitHub\studynavi\전남과외\순천시과외\저전동과외\순천여자고과외\index.html,high,true,정상
school,전라남도,순천시,가곡동,,순천제일고등학교,고등학교,고등학생,C:\Users\user\Documents\GitHub\studynavi\전남과외\순천시과외\전남가곡동과외\순천제일고과외\index.html,high,true,정상
school,전라남도,순천시,매곡동,,순천매산고등학교,고등학교,고등학생,C:\Users\user\Documents\GitHub\studynavi\전남과외\순천시과외\전남매곡동과외\순천매산고과외\index.html,high,true,정상
school,전라남도,순천시,매곡동,,순천매산여자고등학교,고등학교,고등학생,C:\Users\user\Documents\GitHub\studynavi\전남과외\순천시과외\전남매곡동과외\순천매산여자고과외\index.html,high,true,정상
school,전라남도,순천시,매곡동,,순천매산중학교,중학교,중학생,C:\Users\user\Documents\GitHub\studynavi\전남과외\순천시과외\전남매곡동과외\순천매산중과외\index.html,high,true,정상
school,전라남도,순천시,매곡동,,순천세빛중학교,중학교,중학생,C:\Users\user\Documents\GitHub\studynavi\전남과외\순천시과외\전남매곡동과외\순천세빛중과외\index.html,high,true,정상
school,전라남도,순천시,조례동,,순천강남여자고등학교,고등학교,고등학생,C:\Users\user\Documents\GitHub\studynavi\전남과외\순천시과외\조례동과외\순천강남여자고과외\index.html,high,true,정상
school,전라남도,순천시,조례동,,순천금당고등학교,고등학교,고등학생,C:\Users\user\Documents\GitHub\studynavi\전남과외\순천시과외\조례동과외\순천금당고과외\index.html,high,true,정상
school,전라남도,순천시,조례동,,순천동산중학교,중학교,중학생,C:\Users\user\Documents\GitHub\studynavi\전남과외\순천시과외\조례동과외\순천동산중과외\index.html,high,true,정상
school,전라남도,순천시,풍덕동,,순천남산중학교,중학교,중학생,C:\Users\user\Documents\GitHub\studynavi\전남과외\순천시과외\풍덕동과외\순천남산중과외\index.html,high,true,정상
school,전라남도,순천시,풍덕동,,순천풍덕중학교,중학교,중학생,C:\Users\user\Documents\GitHub\studynavi\전남과외\순천시과외\풍덕동과외\순천풍덕중과외\index.html,high,true,정상
school,전라남도,신안군,증동,,신안증도중학교,중학교,중학생,C:\Users\user\Documents\GitHub\studynavi\전남과외\신안군과외\증동과외\신안증도중과외\index.html,high,true,정상
school,전라남도,여수시,공화동,,여수중학교,중학교,중학생,C:\Users\user\Documents\GitHub\studynavi\전남과외\여수시과외\공화동과외\여수중과외\index.html,high,true,정상
school,전라남도,여수시,관문동,,여수아리울중학교,중학교,중학생,C:\Users\user\Documents\GitHub\studynavi\전남과외\여수시과외\관문동과외\여수아리울중과외\index.html,high,true,정상
school,전라남도,여수시,관문동,,여수여자고등학교,고등학교,고등학생,C:\Users\user\Documents\GitHub\studynavi\전남과외\여수시과외\관문동과외\여수여자고과외\index.html,high,true,정상
school,전라남도,여수시,국동,,여수구봉중학교,중학교,중학생,C:\Users\user\Documents\GitHub\studynavi\전남과외\여수시과외\국동과외\여수구봉중과외\index.html,high,true,정상
school,전라남도,여수시,군자동,,여수종고중학교,중학교,중학생,C:\Users\user\Documents\GitHub\studynavi\전남과외\여수시과외\군자동과외\여수종고중과외\index.html,high,true,정상
school,전라남도,여수시,덕충동,,여수중앙여자고등학교,고등학교,고등학생,C:\Users\user\Documents\GitHub\studynavi\전남과외\여수시과외\덕충동과외\여수중앙여자고과외\index.html,high,true,정상
school,전라남도,여수시,덕충동,,여수중앙중학교,중학교,중학생,C:\Users\user\Documents\GitHub\studynavi\전남과외\여수시과외\덕충동과외\여수중앙중과외\index.html,high,true,정상
school,전라남도,여수시,덕충동,,충덕중학교,중학교,중학생,C:\Users\user\Documents\GitHub\studynavi\전남과외\여수시과외\덕충동과외\충덕중과외\index.html,high,true,정상
school,전라남도,여수시,문수동,,여수문수중학교,중학교,중학생,C:\Users\user\Documents\GitHub\studynavi\전남과외\여수시과외\문수동과외\여수문수중과외\index.html,high,true,정상
school,전라남도,여수시,봉강동,,여수진성중학교,중학교,중학생,C:\Users\user\Documents\GitHub\studynavi\전남과외\여수시과외\봉강동과외\여수진성중과외\index.html,high,true,정상
school,전라남도,여수시,봉강동,,진성여자고등학교,고등학교,고등학생,C:\Users\user\Documents\GitHub\studynavi\전남과외\여수시과외\봉강동과외\진성여자고과외\index.html,high,true,정상
school,전라남도,여수시,봉계동,,여도중학교,중학교,중학생,C:\Users\user\Documents\GitHub\studynavi\전남과외\여수시과외\봉계동과외\여도중과외\index.html,high,true,정상
school,전라남도,여수시,선원동,,여선중학교,중학교,중학생,C:\Users\user\Documents\GitHub\studynavi\전남과외\여수시과외\선원동과외\여선중과외\index.html,high,true,정상
school,전라남도,여수시,선원동,,여천고등학교,고등학교,고등학생,C:\Users\user\Documents\GitHub\studynavi\전남과외\여수시과외\선원동과외\여천고과외\index.html,high,true,정상
school,전라남도,여수시,선원동,,여천중학교,중학교,중학생,C:\Users\user\Documents\GitHub\studynavi\전남과외\여수시과외\선원동과외\여천중과외\index.html,high,true,정상
school,전라남도,여수시,안산동,,부영여자고등학교,고등학교,고등학생,C:\Users\user\Documents\GitHub\studynavi\전남과외\여수시과외\안산동과외\부영여자고과외\index.html,high,true,정상
school,전라남도,여수시,안산동,,안산중학교,중학교,중학생,C:\Users\user\Documents\GitHub\studynavi\전남과외\여수시과외\안산동과외\안산중과외\index.html,high,true,정상
school,전라남도,여수시,여서동,,한영고등학교,고등학교,고등학생,C:\Users\user\Documents\GitHub\studynavi\전남과외\여수시과외\여서동과외\한영고과외\index.html,high,true,정상
school,전라남도,여수시,웅천동,,여수웅천중학교,중학교,중학생,C:\Users\user\Documents\GitHub\studynavi\전남과외\여수시과외\웅천동과외\여수웅천중과외\index.html,high,true,정상
school,전라남도,여수시,미평동,,여수진남중학교,중학교,중학생,C:\Users\user\Documents\GitHub\studynavi\전남과외\여수시과외\전남미평동과외\여수진남중과외\index.html,high,true,정상
school,전라남도,여수시,미평동,,여수충무고등학교,고등학교,고등학생,C:\Users\user\Documents\GitHub\studynavi\전남과외\여수시과외\전남미평동과외\여수충무고과외\index.html,high,true,정상
school,전라남도,여수시,수정동,,여수고등학교,고등학교,고등학생,C:\Users\user\Documents\GitHub\studynavi\전남과외\여수시과외\전남수정동과외\여수고과외\index.html,high,true,정상
school,전라남도,여수시,화동,,여수화양고등학교,고등학교,고등학생,C:\Users\user\Documents\GitHub\studynavi\전남과외\여수시과외\전남화동과외\여수화양고과외\index.html,high,true,정상
school,전라남도,여수시,화장동,,무선중학교,중학교,중학생,C:\Users\user\Documents\GitHub\studynavi\전남과외\여수시과외\화장동과외\무선중과외\index.html,high,true,정상
school,전라남도,여수시,화장동,,여수석유화학고등학교,고등학교,고등학생,C:\Users\user\Documents\GitHub\studynavi\전남과외\여수시과외\화장동과외\여수석유화학고과외\index.html,high,true,정상
school,전라남도,영암군,황금동,,전남에너지고등학교,고등학교,고등학생,C:\Users\user\Documents\GitHub\studynavi\전남과외\영암군과외\전남황금동과외\전남에너지고과외\index.html,high,true,정상
school,전라남도,완도군,원동,,군외중학교,중학교,중학생,C:\Users\user\Documents\GitHub\studynavi\전남과외\완도군과외\전남원동과외\군외중과외\index.html,high,true,정상
school,전라남도,장성군,홍길동,,장성황룡중학교,중학교,중학생,C:\Users\user\Documents\GitHub\studynavi\전남과외\장성군과외\홍길동과외\장성황룡중과외\index.html,high,true,정상
school,전라남도,진도군,진도군교동,,진도실업고등학교,고등학교,고등학생,C:\Users\user\Documents\GitHub\studynavi\전남과외\진도군과외\진도군교동과외\진도실업고과외\index.html,high,true,정상
school,전라남도,진도군,진도군교동,,진도중학교,중학교,중학생,C:\Users\user\Documents\GitHub\studynavi\전남과외\진도군과외\진도군교동과외\진도중과외\index.html,high,true,정상
school,전라남도,해남군,탑동,,현산중학교,중학교,중학생,C:\Users\user\Documents\GitHub\studynavi\전남과외\해남군과외\전남탑동과외\현산중과외\index.html,high,true,정상
school,전라남도,화순군,권동,,화순도암중학교,중학교,중학생,C:\Users\user\Documents\GitHub\studynavi\전남과외\화순군과외\권동과외\화순도암중과외\index.html,high,true,정상
school,전라남도,화순군,화순동,,화순동면중학교,중학교,중학생,C:\Users\user\Documents\GitHub\studynavi\전남과외\화순군과외\화순동과외\화순동면중과외\index.html,high,true,정상
school,전라남도,화순군,화순동,,화순동복중학교,중학교,중학생,C:\Users\user\Documents\GitHub\studynavi\전남과외\화순군과외\화순동과외\화순동복중과외\index.html,high,true,정상
school,전북특별자치도,고창군,목동,,아산중학교,중학교,중학생,C:\Users\user\Documents\GitHub\studynavi\전북과외\고창군과외\전북목동과외\아산중과외\index.html,high,true,정상
school,전북특별자치도,군산시,개정동,,군산동고등학교,고등학교,고등학생,C:\Users\user\Documents\GitHub\studynavi\전북과외\군산시과외\개정동과외\군산동고과외\index.html,high,true,정상
school,전북특별자치도,군산시,군산동,,군산동산중학교,중학교,중학생,C:\Users\user\Documents\GitHub\studynavi\전북과외\군산시과외\군산동과외\군산동산중과외\index.html,high,true,정상
school,전북특별자치도,군산시,군산동,,군산동원중학교,중학교,중학생,C:\Users\user\Documents\GitHub\studynavi\전북과외\군산시과외\군산동과외\군산동원중과외\index.html,high,true,정상
school,전북특별자치도,군산시,동흥남동,,군산고등학교,고등학교,고등학생,C:\Users\user\Documents\GitHub\studynavi\전북과외\군산시과외\동흥남동과외\군산고과외\index.html,high,true,정상
school,전북특별자치도,군산시,둔율동,,군산영광중학교,중학교,중학생,C:\Users\user\Documents\GitHub\studynavi\전북과외\군산시과외\둔율동과외\군산영광중과외\index.html,high,true,정상
school,전북특별자치도,군산시,등동,,나포중학교,중학교,중학생,C:\Users\user\Documents\GitHub\studynavi\전북과외\군산시과외\등동과외\나포중과외\index.html,high,true,정상
school,전북특별자치도,군산시,서흥남동,,군산서흥중학교,중학교,중학생,C:\Users\user\Documents\GitHub\studynavi\전북과외\군산시과외\서흥남동과외\군산서흥중과외\index.html,high,true,정상
school,전북특별자치도,군산시,소룡동,,군산월명중학교,중학교,중학생,C:\Users\user\Documents\GitHub\studynavi\전북과외\군산시과외\소룡동과외\군산월명중과외\index.html,high,true,정상
school,전북특별자치도,군산시,소룡동,,전북외국어고등학교,고등학교,고등학생,C:\Users\user\Documents\GitHub\studynavi\전북과외\군산시과외\소룡동과외\전북외국어고과외\index.html,high,true,정상
school,전북특별자치도,군산시,수송동,,군산중앙여자고등학교,고등학교,고등학생,C:\Users\user\Documents\GitHub\studynavi\전북과외\군산시과외\수송동과외\군산중앙여자고과외\index.html,high,true,정상
school,전북특별자치도,군산시,월명동,,군산여자고등학교,고등학교,고등학생,C:\Users\user\Documents\GitHub\studynavi\전북과외\군산시과외\월명동과외\군산여자고과외\index.html,high,true,정상
school,전북특별자치도,군산시,문화동,,군산상일고등학교,고등학교,고등학생,C:\Users\user\Documents\GitHub\studynavi\전북과외\군산시과외\전북문화동과외\군산상일고과외\index.html,high,true,정상
school,전북특별자치도,군산시,조촌동,,군산제일고등학교,고등학교,고등학생,C:\Users\user\Documents\GitHub\studynavi\전북과외\군산시과외\조촌동과외\군산제일고과외\index.html,high,true,정상
school,전북특별자치도,군산시,조촌동,,군산제일중학교,중학교,중학생,C:\Users\user\Documents\GitHub\studynavi\전북과외\군산시과외\조촌동과외\군산제일중과외\index.html,high,true,정상
school,전북특별자치도,김제시,서암동,,덕암중학교,중학교,중학생,C:\Users\user\Documents\GitHub\studynavi\전북과외\김제시과외\서암동과외\덕암중과외\index.html,high,true,정상
school,전북특별자치도,김제시,신풍동,,김제고등학교,고등학교,고등학생,C:\Users\user\Documents\GitHub\studynavi\전북과외\김제시과외\신풍동과외\김제고과외\index.html,high,true,정상
school,전북특별자치도,김제시,신풍동,,김제여자고등학교,고등학교,고등학생,C:\Users\user\Documents\GitHub\studynavi\전북과외\김제시과외\신풍동과외\김제여자고과외\index.html,high,true,정상
school,전북특별자치도,김제시,요촌동,,한들중학교,중학교,중학생,C:\Users\user\Documents\GitHub\studynavi\전북과외\김제시과외\요촌동과외\한들중과외\index.html,high,true,정상
school,전북특별자치도,김제시,성동,,지평선고등학교,고등학교,고등학생,C:\Users\user\Documents\GitHub\studynavi\전북과외\김제시과외\전북성동과외\지평선고과외\index.html,high,true,정상
school,전북특별자치도,김제시,성동,,지평선중학교,중학교,중학생,C:\Users\user\Documents\GitHub\studynavi\전북과외\김제시과외\전북성동과외\지평선중과외\index.html,high,true,정상
school,전북특별자치도,남원시,도통동,,남원용성고등학교,고등학교,고등학생,C:\Users\user\Documents\GitHub\studynavi\전북과외\남원시과외\도통동과외\남원용성고과외\index.html,high,true,정상
school,전북특별자치도,남원시,왕정동,,남원여자고등학교,고등학교,고등학생,C:\Users\user\Documents\GitHub\studynavi\전북과외\남원시과외\왕정동과외\남원여자고과외\index.html,high,true,정상
school,전북특별자치도,남원시,왕정동,,성원고등학교,고등학교,고등학생,C:\Users\user\Documents\GitHub\studynavi\전북과외\남원시과외\왕정동과외\성원고과외\index.html,high,true,정상
school,전북특별자치도,남원시,월락동,,남원서진여자고등학교,고등학교,고등학생,C:\Users\user\Documents\GitHub\studynavi\전북과외\남원시과외\월락동과외\남원서진여자고과외\index.html,high,true,정상
school,전북특별자치도,남원시,노암동,,남원제일고등학교,고등학교,고등학생,C:\Users\user\Documents\GitHub\studynavi\전북과외\남원시과외\전북노암동과외\남원제일고과외\index.html,high,true,정상
school,전북특별자치도,남원시,송동,,송동중학교,중학교,중학생,C:\Users\user\Documents\GitHub\studynavi\전북과외\남원시과외\전북송동과외\송동중과외\index.html,high,true,정상
school,전북특별자치도,남원시,향교동,,남원고등학교,고등학교,고등학생,C:\Users\user\Documents\GitHub\studynavi\전북과외\남원시과외\향교동과외\남원고과외\index.html,high,true,정상
school,전북특별자치도,부안군,부안군교동,,낭주중학교,중학교,중학생,C:\Users\user\Documents\GitHub\studynavi\전북과외\부안군과외\부안군교동과외\낭주중과외\index.html,high,true,정상
school,전북특별자치도,부안군,부안군교동,,부안여자고등학교,고등학교,고등학생,C:\Users\user\Documents\GitHub\studynavi\전북과외\부안군과외\부안군교동과외\부안여자고과외\index.html,high,true,정상
school,전북특별자치도,순창군,강동,,동계고등학교,고등학교,고등학생,C:\Users\user\Documents\GitHub\studynavi\전북과외\순창군과외\전북강동과외\동계고과외\index.html,high,true,정상
school,전북특별자치도,순창군,강동,,동계중학교,중학교,중학생,C:\Users\user\Documents\GitHub\studynavi\전북과외\순창군과외\전북강동과외\동계중과외\index.html,high,true,정상
school,전북특별자치도,완주군,봉동,,봉서중학교,중학교,중학생,C:\Users\user\Documents\GitHub\studynavi\전북과외\완주군과외\봉동과외\봉서중과외\index.html,high,true,정상
school,전북특별자치도,완주군,봉동,,완주고등학교,고등학교,고등학생,C:\Users\user\Documents\GitHub\studynavi\전북과외\완주군과외\봉동과외\완주고과외\index.html,high,true,정상
school,전북특별자치도,완주군,봉동,,완주중학교,중학교,중학생,C:\Users\user\Documents\GitHub\studynavi\전북과외\완주군과외\봉동과외\완주중과외\index.html,high,true,정상
school,전북특별자치도,익산시,남중동,,남성고등학교,고등학교,고등학생,C:\Users\user\Documents\GitHub\studynavi\전북과외\익산시과외\남중동과외\남성고과외\index.html,high,true,정상
school,전북특별자치도,익산시,남중동,,이리고등학교,고등학교,고등학생,C:\Users\user\Documents\GitHub\studynavi\전북과외\익산시과외\남중동과외\이리고과외\index.html,high,true,정상
school,전북특별자치도,익산시,남중동,,이리여자고등학교,고등학교,고등학생,C:\Users\user\Documents\GitHub\studynavi\전북과외\익산시과외\남중동과외\이리여자고과외\index.html,high,true,정상
school,전북특별자치도,익산시,모현동,,원광여자고등학교,고등학교,고등학생,C:\Users\user\Documents\GitHub\studynavi\전북과외\익산시과외\모현동과외\원광여자고과외\index.html,high,true,정상
school,전북특별자치도,익산시,모현동,,원광여자중학교,중학교,중학생,C:\Users\user\Documents\GitHub\studynavi\전북과외\익산시과외\모현동과외\원광여자중과외\index.html,high,true,정상
school,전북특별자치도,익산시,부송동,,원광고등학교,고등학교,고등학생,C:\Users\user\Documents\GitHub\studynavi\전북과외\익산시과외\부송동과외\원광고과외\index.html,high,true,정상
school,전북특별자치도,익산시,부송동,,원광중학교,중학교,중학생,C:\Users\user\Documents\GitHub\studynavi\전북과외\익산시과외\부송동과외\원광중과외\index.html,high,true,정상
school,전북특별자치도,익산시,어양동,,이리영등중학교,중학교,중학생,C:\Users\user\Documents\GitHub\studynavi\전북과외\익산시과외\어양동과외\이리영등중과외\index.html,high,true,정상
school,전북특별자치도,익산시,어양동,,익산부천중학교,중학교,중학생,C:\Users\user\Documents\GitHub\studynavi\전북과외\익산시과외\어양동과외\익산부천중과외\index.html,high,true,정상
school,전북특별자치도,익산시,영등동,,이리남성여자고등학교,고등학교,고등학생,C:\Users\user\Documents\GitHub\studynavi\전북과외\익산시과외\영등동과외\이리남성여자고과외\index.html,high,true,정상
school,전북특별자치도,익산시,이리동,,이리동중학교,중학교,중학생,C:\Users\user\Documents\GitHub\studynavi\전북과외\익산시과외\이리동과외\이리동중과외\index.html,high,true,정상
school,전북특별자치도,익산시,익산시평화동,,이리중학교,중학교,중학생,C:\Users\user\Documents\GitHub\studynavi\전북과외\익산시과외\익산시평화동과외\이리중과외\index.html,high,true,정상
school,전북특별자치도,익산시,익산시평화동,,전북제일고등학교,고등학교,고등학생,C:\Users\user\Documents\GitHub\studynavi\전북과외\익산시과외\익산시평화동과외\전북제일고과외\index.html,high,true,정상
school,전북특별자치도,익산시,인화동,,이일여자고등학교,고등학교,고등학생,C:\Users\user\Documents\GitHub\studynavi\전북과외\익산시과외\인화동과외\이일여자고과외\index.html,high,true,정상
school,전북특별자치도,익산시,신동,,이리남성여자중학교,중학교,중학생,C:\Users\user\Documents\GitHub\studynavi\전북과외\익산시과외\전북신동과외\이리남성여자중과외\index.html,high,true,정상
school,전북특별자치도,익산시,평동,,이일여자중학교,중학교,중학생,C:\Users\user\Documents\GitHub\studynavi\전북과외\익산시과외\전북평동과외\이일여자중과외\index.html,high,true,정상
school,전북특별자치도,임실군,임실동,,임실동중학교,중학교,중학생,C:\Users\user\Documents\GitHub\studynavi\전북과외\임실군과외\임실동과외\임실동중과외\index.html,high,true,정상
school,전북특별자치도,전주시,남노송동,,전주제일고등학교,고등학교,고등학생,C:\Users\user\Documents\GitHub\studynavi\전북과외\전주시과외\남노송동과외\전주제일고과외\index.html,high,true,정상
school,전북특별자치도,전주시,덕진동,,전주덕진중학교,중학교,중학생,C:\Users\user\Documents\GitHub\studynavi\전북과외\전주시과외\덕진동과외\전주덕진중과외\index.html,high,true,정상
school,전북특별자치도,전주시,동완산동,,전주곤지중학교,중학교,중학생,C:\Users\user\Documents\GitHub\studynavi\전북과외\전주시과외\동완산동과외\전주곤지중과외\index.html,high,true,정상
school,전북특별자치도,전주시,삼천동,,완산고등학교,고등학교,고등학생,C:\Users\user\Documents\GitHub\studynavi\전북과외\전주시과외\삼천동과외\완산고과외\index.html,high,true,정상
school,전북특별자치도,전주시,삼천동,,전주해성고등학교,고등학교,고등학생,C:\Users\user\Documents\GitHub\studynavi\전북과외\전주시과외\삼천동과외\전주해성고과외\index.html,high,true,정상
school,전북특별자치도,전주시,삼천동,,전주해성중학교,중학교,중학생,C:\Users\user\Documents\GitHub\studynavi\전북과외\전주시과외\삼천동과외\전주해성중과외\index.html,high,true,정상
school,전북특별자치도,전주시,삼천동,,전주효문중학교,중학교,중학생,C:\Users\user\Documents\GitHub\studynavi\전북과외\전주시과외\삼천동과외\전주효문중과외\index.html,high,true,정상
school,전북특별자치도,전주시,서신동,,전주서신중학교,중학교,중학생,C:\Users\user\Documents\GitHub\studynavi\전북과외\전주시과외\서신동과외\전주서신중과외\index.html,high,true,정상
school,전북특별자치도,전주시,서신동,,전주서중학교,중학교,중학생,C:\Users\user\Documents\GitHub\studynavi\전북과외\전주시과외\서신동과외\전주서중과외\index.html,high,true,정상
school,전북특별자치도,전주시,서신동,,전주한일고등학교,고등학교,고등학생,C:\Users\user\Documents\GitHub\studynavi\전북과외\전주시과외\서신동과외\전주한일고과외\index.html,high,true,정상
school,전북특별자치도,전주시,서완산동,,전주효정중학교,중학교,중학생,C:\Users\user\Documents\GitHub\studynavi\전북과외\전주시과외\서완산동과외\전주효정중과외\index.html,high,true,정상
school,전북특별자치도,전주시,송천동,,전라고등학교,고등학교,고등학생,C:\Users\user\Documents\GitHub\studynavi\전북과외\전주시과외\송천동과외\전라고과외\index.html,high,true,정상
school,전북특별자치도,전주시,송천동,,전주솔내고등학교,고등학교,고등학생,C:\Users\user\Documents\GitHub\studynavi\전북과외\전주시과외\송천동과외\전주솔내고과외\index.html,high,true,정상
school,전북특별자치도,전주시,송천동,,전주중학교,중학교,중학생,C:\Users\user\Documents\GitHub\studynavi\전북과외\전주시과외\송천동과외\전주중과외\index.html,high,true,정상
school,전북특별자치도,전주시,송천동,,전주화정중학교,중학교,중학생,C:\Users\user\Documents\GitHub\studynavi\전북과외\전주시과외\송천동과외\전주화정중과외\index.html,high,true,정상
school,전북특별자치도,전주시,여의동,,우석고등학교,고등학교,고등학생,C:\Users\user\Documents\GitHub\studynavi\전북과외\전주시과외\여의동과외\우석고과외\index.html,high,true,정상
school,전북특별자치도,전주시,인후동,,유일여자고등학교,고등학교,고등학생,C:\Users\user\Documents\GitHub\studynavi\전북과외\전주시과외\인후동과외\유일여자고과외\index.html,high,true,정상
school,전북특별자치도,전주시,인후동,,전주여자고등학교,고등학교,고등학생,C:\Users\user\Documents\GitHub\studynavi\전북과외\전주시과외\인후동과외\전주여자고과외\index.html,high,true,정상
school,전북특별자치도,전주시,인후동,,전주중앙여자고등학교,고등학교,고등학생,C:\Users\user\Documents\GitHub\studynavi\전북과외\전주시과외\인후동과외\전주중앙여자고과외\index.html,high,true,정상
school,전북특별자치도,전주시,금암동,,전북대학교사범대학부설고등학교,고등학교,고등학생,C:\Users\user\Documents\GitHub\studynavi\전북과외\전주시과외\전북금암동과외\전북대학교사범대학부설고과외\index.html,high,true,정상
school,전북특별자치도,전주시,장동,,양현고등학교,고등학교,고등학생,C:\Users\user\Documents\GitHub\studynavi\전북과외\전주시과외\전북장동과외\양현고과외\index.html,high,true,정상
school,전북특별자치도,전주시,중동,,전주만성중학교,중학교,중학생,C:\Users\user\Documents\GitHub\studynavi\전북과외\전주시과외\전북중동과외\전주만성중과외\index.html,high,true,정상
school,전북특별자치도,전주시,효자동,,동암고등학교,고등학교,고등학생,C:\Users\user\Documents\GitHub\studynavi\전북과외\전주시과외\전북효자동과외\동암고과외\index.html,high,true,정상
school,전북특별자치도,전주시,효자동,,상산고등학교,고등학교,고등학생,C:\Users\user\Documents\GitHub\studynavi\전북과외\전주시과외\전북효자동과외\상산고과외\index.html,high,true,정상
school,전북특별자치도,전주시,효자동,,전일고등학교,고등학교,고등학생,C:\Users\user\Documents\GitHub\studynavi\전북과외\전주시과외\전북효자동과외\전일고과외\index.html,high,true,정상
school,전북특별자치도,전주시,효자동,,전주기전여자고등학교,고등학교,고등학생,C:\Users\user\Documents\GitHub\studynavi\전북과외\전주시과외\전북효자동과외\전주기전여자고과외\index.html,high,true,정상
school,전북특별자치도,전주시,효자동,,전주대학교사범대학부설고등학교,고등학교,고등학생,C:\Users\user\Documents\GitHub\studynavi\전북과외\전주시과외\전북효자동과외\전주대학교사범대학부설고과외\index.html,high,true,정상
school,전북특별자치도,전주시,효자동,,전주영생고등학교,고등학교,고등학생,C:\Users\user\Documents\GitHub\studynavi\전북과외\전주시과외\전북효자동과외\전주영생고과외\index.html,high,true,정상
school,전북특별자치도,전주시,효자동,,전주우전중학교,중학교,중학생,C:\Users\user\Documents\GitHub\studynavi\전북과외\전주시과외\전북효자동과외\전주우전중과외\index.html,high,true,정상
school,전북특별자치도,전주시,효자동,,전주풍남중학교,중학교,중학생,C:\Users\user\Documents\GitHub\studynavi\전북과외\전주시과외\전북효자동과외\전주풍남중과외\index.html,high,true,정상
school,전북특별자치도,전주시,효자동,,호남제일고등학교,고등학교,고등학생,C:\Users\user\Documents\GitHub\studynavi\전북과외\전주시과외\전북효자동과외\호남제일고과외\index.html,high,true,정상
school,전북특별자치도,전주시,전주동,,전주동중학교,중학교,중학생,C:\Users\user\Documents\GitHub\studynavi\전북과외\전주시과외\전주동과외\전주동중과외\index.html,high,true,정상
school,전북특별자치도,전주시,전주시교동,,전주성심여자고등학교,고등학교,고등학생,C:\Users\user\Documents\GitHub\studynavi\전북과외\전주시과외\전주시교동과외\전주성심여자고과외\index.html,high,true,정상
school,전북특별자치도,전주시,전주시평화동,,완산여자고등학교,고등학교,고등학생,C:\Users\user\Documents\GitHub\studynavi\전북과외\전주시과외\전주시평화동과외\완산여자고과외\index.html,high,true,정상
school,전북특별자치도,전주시,전주시평화동,,완산중학교,중학교,중학생,C:\Users\user\Documents\GitHub\studynavi\전북과외\전주시과외\전주시평화동과외\완산중과외\index.html,high,true,정상
school,전북특별자치도,전주시,중노송동,,전주고등학교,고등학교,고등학생,C:\Users\user\Documents\GitHub\studynavi\전북과외\전주시과외\중노송동과외\전주고과외\index.html,high,true,정상
school,전북특별자치도,전주시,중화산동,,전주근영여자고등학교,고등학교,고등학생,C:\Users\user\Documents\GitHub\studynavi\전북과외\전주시과외\중화산동과외\전주근영여자고과외\index.html,high,true,정상
school,전북특별자치도,전주시,중화산동,,전주신흥고등학교,고등학교,고등학생,C:\Users\user\Documents\GitHub\studynavi\전북과외\전주시과외\중화산동과외\전주신흥고과외\index.html,high,true,정상
school,전북특별자치도,정읍시,감곡동,,감곡중학교,중학교,중학생,C:\Users\user\Documents\GitHub\studynavi\전북과외\정읍시과외\감곡동과외\감곡중과외\index.html,high,true,정상
school,전북특별자치도,정읍시,금붕동,,정주고등학교,고등학교,고등학생,C:\Users\user\Documents\GitHub\studynavi\전북과외\정읍시과외\금붕동과외\정주고과외\index.html,high,true,정상
school,전북특별자치도,정읍시,시기동,,정읍고등학교,고등학교,고등학생,C:\Users\user\Documents\GitHub\studynavi\전북과외\정읍시과외\시기동과외\정읍고과외\index.html,high,true,정상
school,전북특별자치도,정읍시,시기동,,호남고등학교,고등학교,고등학생,C:\Users\user\Documents\GitHub\studynavi\전북과외\정읍시과외\시기동과외\호남고과외\index.html,high,true,정상
school,전북특별자치도,정읍시,전북동,,전북동화중학교,중학교,중학생,C:\Users\user\Documents\GitHub\studynavi\전북과외\정읍시과외\전북동과외\전북동화중과외\index.html,high,true,정상
school,전북특별자치도,정읍시,상동,,정읍여자고등학교,고등학교,고등학생,C:\Users\user\Documents\GitHub\studynavi\전북과외\정읍시과외\전북상동과외\정읍여자고과외\index.html,high,true,정상
school,전북특별자치도,정읍시,수성동,,서영여자고등학교,고등학교,고등학생,C:\Users\user\Documents\GitHub\studynavi\전북과외\정읍시과외\전북수성동과외\서영여자고과외\index.html,high,true,정상
school,전북특별자치도,정읍시,수성동,,정읍제일고등학교,고등학교,고등학생,C:\Users\user\Documents\GitHub\studynavi\전북과외\정읍시과외\전북수성동과외\정읍제일고과외\index.html,high,true,정상
school,전북특별자치도,정읍시,흑암동,,배영고등학교,고등학교,고등학생,C:\Users\user\Documents\GitHub\studynavi\전북과외\정읍시과외\흑암동과외\배영고과외\index.html,high,true,정상
school,제주특별자치도,서귀포시,강정동,,서귀포대신중학교,중학교,중학생,C:\Users\user\Documents\GitHub\studynavi\제주과외\서귀포시과외\강정동과외\서귀포대신중과외\index.html,high,true,정상
school,제주특별자치도,서귀포시,대포동,,중문고등학교,고등학교,고등학생,C:\Users\user\Documents\GitHub\studynavi\제주과외\서귀포시과외\대포동과외\중문고과외\index.html,high,true,정상
school,제주특별자치도,서귀포시,동홍동,,남주고등학교,고등학교,고등학생,C:\Users\user\Documents\GitHub\studynavi\제주과외\서귀포시과외\동홍동과외\남주고과외\index.html,high,true,정상
school,제주특별자치도,서귀포시,동홍동,,남주중학교,중학교,중학생,C:\Users\user\Documents\GitHub\studynavi\제주과외\서귀포시과외\동홍동과외\남주중과외\index.html,high,true,정상
school,제주특별자치도,서귀포시,동홍동,,서귀중앙여자중학교,중학교,중학생,C:\Users\user\Documents\GitHub\studynavi\제주과외\서귀포시과외\동홍동과외\서귀중앙여자중과외\index.html,high,true,정상
school,제주특별자치도,서귀포시,동홍동,,서귀포고등학교,고등학교,고등학생,C:\Users\user\Documents\GitHub\studynavi\제주과외\서귀포시과외\동홍동과외\서귀포고과외\index.html,high,true,정상
school,제주특별자치도,서귀포시,서귀동,,서귀포중학교,중학교,중학생,C:\Users\user\Documents\GitHub\studynavi\제주과외\서귀포시과외\서귀동과외\서귀포중과외\index.html,high,true,정상
school,제주특별자치도,서귀포시,서귀포시일주동,,성산중학교,중학교,중학생,C:\Users\user\Documents\GitHub\studynavi\제주과외\서귀포시과외\서귀포시일주동과외\성산중과외\index.html,high,true,정상
school,제주특별자치도,서귀포시,서귀포시일주동,,신산중학교,중학교,중학생,C:\Users\user\Documents\GitHub\studynavi\제주과외\서귀포시과외\서귀포시일주동과외\신산중과외\index.html,high,true,정상
school,제주특별자치도,서귀포시,서홍동,,서귀포여자중학교,중학교,중학생,C:\Users\user\Documents\GitHub\studynavi\제주과외\서귀포시과외\서홍동과외\서귀포여자중과외\index.html,high,true,정상
school,제주특별자치도,서귀포시,토평동,,삼성여자고등학교,고등학교,고등학생,C:\Users\user\Documents\GitHub\studynavi\제주과외\서귀포시과외\제주토평동과외\삼성여자고과외\index.html,high,true,정상
school,제주특별자치도,서귀포시,중문동,,중문중학교,중학교,중학생,C:\Users\user\Documents\GitHub\studynavi\제주과외\서귀포시과외\중문동과외\중문중과외\index.html,high,true,정상
school,제주특별자치도,서귀포시,하효동,,효돈중학교,중학교,중학생,C:\Users\user\Documents\GitHub\studynavi\제주과외\서귀포시과외\하효동과외\효돈중과외\index.html,high,true,정상
school,제주특별자치도,서귀포시,호근동,,서귀포여자고등학교,고등학교,고등학생,C:\Users\user\Documents\GitHub\studynavi\제주과외\서귀포시과외\호근동과외\서귀포여자고과외\index.html,high,true,정상
school,제주특별자치도,제주시,노형동,,노형중학교,중학교,중학생,C:\Users\user\Documents\GitHub\studynavi\제주과외\제주시과외\노형동과외\노형중과외\index.html,high,true,정상
school,제주특별자치도,제주시,노형동,,제주고등학교,고등학교,고등학생,C:\Users\user\Documents\GitHub\studynavi\제주과외\제주시과외\노형동과외\제주고과외\index.html,high,true,정상
school,제주특별자치도,제주시,노형동,,제주제일고등학교,고등학교,고등학생,C:\Users\user\Documents\GitHub\studynavi\제주과외\제주시과외\노형동과외\제주제일고과외\index.html,high,true,정상
school,제주특별자치도,제주시,노형동,,한라중학교,중학교,중학생,C:\Users\user\Documents\GitHub\studynavi\제주과외\제주시과외\노형동과외\한라중과외\index.html,high,true,정상
school,제주특별자치도,제주시,도련일동,,오름중학교,중학교,중학생,C:\Users\user\Documents\GitHub\studynavi\제주과외\제주시과외\도련일동과외\오름중과외\index.html,high,true,정상
school,제주특별자치도,제주시,봉개동,,대기고등학교,고등학교,고등학생,C:\Users\user\Documents\GitHub\studynavi\제주과외\제주시과외\봉개동과외\대기고과외\index.html,high,true,정상
school,제주특별자치도,제주시,삼도이동,,제주중앙여자중학교,중학교,중학생,C:\Users\user\Documents\GitHub\studynavi\제주과외\제주시과외\삼도이동과외\제주중앙여자중과외\index.html,high,true,정상
school,제주특별자치도,제주시,아라이동,,아라중학교,중학교,중학생,C:\Users\user\Documents\GitHub\studynavi\제주과외\제주시과외\아라이동과외\아라중과외\index.html,high,true,정상
school,제주특별자치도,제주시,아라이동,,탐라중학교,중학교,중학생,C:\Users\user\Documents\GitHub\studynavi\제주과외\제주시과외\아라이동과외\탐라중과외\index.html,high,true,정상
school,제주특별자치도,제주시,아라일동,,제주여자고등학교,고등학교,고등학생,C:\Users\user\Documents\GitHub\studynavi\제주과외\제주시과외\아라일동과외\제주여자고과외\index.html,high,true,정상
school,제주특별자치도,제주시,아라일동,,제주여자중학교,중학교,중학생,C:\Users\user\Documents\GitHub\studynavi\제주과외\제주시과외\아라일동과외\제주여자중과외\index.html,high,true,정상
school,제주특별자치도,제주시,영평동,,신성여자고등학교,고등학교,고등학생,C:\Users\user\Documents\GitHub\studynavi\제주과외\제주시과외\영평동과외\신성여자고과외\index.html,high,true,정상
school,제주특별자치도,제주시,영평동,,신성여자중학교,중학교,중학생,C:\Users\user\Documents\GitHub\studynavi\제주과외\제주시과외\영평동과외\신성여자중과외\index.html,high,true,정상
school,제주특별자치도,제주시,오라이동,,제주과학고등학교,고등학교,고등학생,C:\Users\user\Documents\GitHub\studynavi\제주과외\제주시과외\오라이동과외\제주과학고과외\index.html,high,true,정상
school,제주특별자치도,제주시,용담삼동,,제주대학교사범대학부설고등학교,고등학교,고등학생,C:\Users\user\Documents\GitHub\studynavi\제주과외\제주시과외\용담삼동과외\제주대학교사범대학부설고과외\index.html,high,true,정상
school,제주특별자치도,제주시,용담삼동,,제주대학교사범대학부설중학교,중학교,중학생,C:\Users\user\Documents\GitHub\studynavi\제주과외\제주시과외\용담삼동과외\제주대학교사범대학부설중과외\index.html,high,true,정상
school,제주특별자치도,제주시,용담일동,,제주중학교,중학교,중학생,C:\Users\user\Documents\GitHub\studynavi\제주과외\제주시과외\용담일동과외\제주중과외\index.html,high,true,정상
school,제주특별자치도,제주시,이도이동,,제주동여자중학교,중학교,중학생,C:\Users\user\Documents\GitHub\studynavi\제주과외\제주시과외\이도이동과외\제주동여자중과외\index.html,high,true,정상
school,제주특별자치도,제주시,이도이동,,제주제일중학교,중학교,중학생,C:\Users\user\Documents\GitHub\studynavi\제주과외\제주시과외\이도이동과외\제주제일중과외\index.html,high,true,정상
school,제주특별자치도,제주시,이도이동,,제주중앙여자고등학교,고등학교,고등학생,C:\Users\user\Documents\GitHub\studynavi\제주과외\제주시과외\이도이동과외\제주중앙여자고과외\index.html,high,true,정상
school,제주특별자치도,제주시,시일주동,,세화중학교,중학교,중학생,C:\Users\user\Documents\GitHub\studynavi\제주과외\제주시과외\제주시일주동과외\세화중과외\index.html,high,true,정상
school,제주특별자치도,제주시,시일주동,,함덕중학교,중학교,중학생,C:\Users\user\Documents\GitHub\studynavi\제주과외\제주시과외\제주시일주동과외\함덕중과외\index.html,high,true,정상
school,제주특별자치도,제주시,연동,,남녕고등학교,고등학교,고등학생,C:\Users\user\Documents\GitHub\studynavi\제주과외\제주시과외\제주연동과외\남녕고과외\index.html,high,true,정상
school,제주특별자치도,제주시,연동,,제주서중학교,중학교,중학생,C:\Users\user\Documents\GitHub\studynavi\제주과외\제주시과외\제주연동과외\제주서중과외\index.html,high,true,정상
school,제주특별자치도,제주시,연동,,제주중앙중학교,중학교,중학생,C:\Users\user\Documents\GitHub\studynavi\제주과외\제주시과외\제주연동과외\제주중앙중과외\index.html,high,true,정상
school,제주특별자치도,제주시,월평동,,영주고등학교,고등학교,고등학생,C:\Users\user\Documents\GitHub\studynavi\제주과외\제주시과외\제주월평동과외\영주고과외\index.html,high,true,정상
school,제주특별자치도,제주시,월평동,,제주중앙고등학교,고등학교,고등학생,C:\Users\user\Documents\GitHub\studynavi\제주과외\제주시과외\제주월평동과외\제주중앙고과외\index.html,high,true,정상
school,제주특별자치도,제주시,화북일동,,오현고등학교,고등학교,고등학생,C:\Users\user\Documents\GitHub\studynavi\제주과외\제주시과외\화북일동과외\오현고과외\index.html,high,true,정상
school,제주특별자치도,제주시,화북일동,,오현중학교,중학교,중학생,C:\Users\user\Documents\GitHub\studynavi\제주과외\제주시과외\화북일동과외\오현중과외\index.html,high,true,정상
school,제주특별자치도,제주시,화북일동,,제주동중학교,중학교,중학생,C:\Users\user\Documents\GitHub\studynavi\제주과외\제주시과외\화북일동과외\제주동중과외\index.html,high,true,정상
school,충청남도,계룡시,금암동,,계룡중학교,중학교,중학생,C:\Users\user\Documents\GitHub\studynavi\충남과외\계룡시과외\충남금암동과외\계룡중과외\index.html,high,true,정상
school,충청남도,공주시,금성동,,공주중학교,중학교,중학생,C:\Users\user\Documents\GitHub\studynavi\충남과외\공주시과외\금성동과외\공주중과외\index.html,high,true,정상
school,충청남도,공주시,금학동,,공주여자고등학교,고등학교,고등학생,C:\Users\user\Documents\GitHub\studynavi\충남과외\공주시과외\금학동과외\공주여자고과외\index.html,high,true,정상
school,충청남도,공주시,반죽동,,공주북중학교,중학교,중학생,C:\Users\user\Documents\GitHub\studynavi\충남과외\공주시과외\반죽동과외\공주북중과외\index.html,high,true,정상
school,충청남도,공주시,반죽동,,국립공주대학교사범대학부설중학교,중학교,중학생,C:\Users\user\Documents\GitHub\studynavi\충남과외\공주시과외\반죽동과외\국립공주대학교사범대학부설중과외\index.html,high,true,정상
school,충청남도,공주시,신관동,,봉황중학교,중학교,중학생,C:\Users\user\Documents\GitHub\studynavi\충남과외\공주시과외\신관동과외\봉황중과외\index.html,high,true,정상
school,충청남도,공주시,웅진동,,공주금성여자고등학교,고등학교,고등학생,C:\Users\user\Documents\GitHub\studynavi\충남과외\공주시과외\웅진동과외\공주금성여자고과외\index.html,high,true,정상
school,충청남도,공주시,중학동,,공주고등학교,고등학교,고등학생,C:\Users\user\Documents\GitHub\studynavi\충남과외\공주시과외\중학동과외\공주고과외\index.html,high,true,정상
school,충청남도,공주시,교동,,공주여자중학교,중학교,중학생,C:\Users\user\Documents\GitHub\studynavi\충남과외\공주시과외\충남교동과외\공주여자중과외\index.html,high,true,정상
school,충청남도,공주시,중동,,공주영명고등학교,고등학교,고등학생,C:\Users\user\Documents\GitHub\studynavi\충남과외\공주시과외\충남중동과외\공주영명고과외\index.html,high,true,정상
school,충청남도,공주시,중동,,공주영명중학교,중학교,중학생,C:\Users\user\Documents\GitHub\studynavi\충남과외\공주시과외\충남중동과외\공주영명중과외\index.html,high,true,정상
school,충청남도,논산시,관촉동,,기민중학교,중학교,중학생,C:\Users\user\Documents\GitHub\studynavi\충남과외\논산시과외\관촉동과외\기민중과외\index.html,high,true,정상
school,충청남도,논산시,등화동,,논산대건고등학교,고등학교,고등학생,C:\Users\user\Documents\GitHub\studynavi\충남과외\논산시과외\등화동과외\논산대건고과외\index.html,high,true,정상
school,충청남도,논산시,등화동,,논산대건중학교,중학교,중학생,C:\Users\user\Documents\GitHub\studynavi\충남과외\논산시과외\등화동과외\논산대건중과외\index.html,high,true,정상
school,충청남도,논산시,부창동,,논산중학교,중학교,중학생,C:\Users\user\Documents\GitHub\studynavi\충남과외\논산시과외\부창동과외\논산중과외\index.html,high,true,정상
school,충청남도,논산시,부창동,,쌘뽈여자고등학교,고등학교,고등학생,C:\Users\user\Documents\GitHub\studynavi\충남과외\논산시과외\부창동과외\쌘뽈여자고과외\index.html,high,true,정상
school,충청남도,논산시,부창동,,쌘뽈여자중학교,중학교,중학생,C:\Users\user\Documents\GitHub\studynavi\충남과외\논산시과외\부창동과외\쌘뽈여자중과외\index.html,high,true,정상
school,충청남도,논산시,청동,,연산중학교,중학교,중학생,C:\Users\user\Documents\GitHub\studynavi\충남과외\논산시과외\청동과외\연산중과외\index.html,high,true,정상
school,충청남도,논산시,내동,,논산고등학교,고등학교,고등학생,C:\Users\user\Documents\GitHub\studynavi\충남과외\논산시과외\충남내동과외\논산고과외\index.html,high,true,정상
school,충청남도,논산시,취암동,,국방항공고등학교,고등학교,고등학생,C:\Users\user\Documents\GitHub\studynavi\충남과외\논산시과외\취암동과외\국방항공고과외\index.html,high,true,정상
school,충청남도,논산시,취암동,,논산여자고등학교,고등학교,고등학생,C:\Users\user\Documents\GitHub\studynavi\충남과외\논산시과외\취암동과외\논산여자고과외\index.html,high,true,정상
school,충청남도,논산시,취암동,,논산여자중학교,중학교,중학생,C:\Users\user\Documents\GitHub\studynavi\충남과외\논산시과외\취암동과외\논산여자중과외\index.html,high,true,정상
school,충청남도,당진시,당진시읍내동,,호서고등학교,고등학교,고등학생,C:\Users\user\Documents\GitHub\studynavi\충남과외\당진시과외\당진시읍내동과외\호서고과외\index.html,high,true,정상
school,충청남도,당진시,당진시읍내동,,호서중학교,중학교,중학생,C:\Users\user\Documents\GitHub\studynavi\충남과외\당진시과외\당진시읍내동과외\호서중과외\index.html,high,true,정상
school,충청남도,당진시,채운동,,당진고등학교,고등학교,고등학생,C:\Users\user\Documents\GitHub\studynavi\충남과외\당진시과외\채운동과외\당진고과외\index.html,high,true,정상
school,충청남도,당진시,채운동,,당진중학교,중학교,중학생,C:\Users\user\Documents\GitHub\studynavi\충남과외\당진시과외\채운동과외\당진중과외\index.html,high,true,정상
school,충청남도,당진시,수청동,,수청중학교,중학교,중학생,C:\Users\user\Documents\GitHub\studynavi\충남과외\당진시과외\충남수청동과외\수청중과외\index.html,high,true,정상
school,충청남도,당진시,원당동,,원당중학교,중학교,중학생,C:\Users\user\Documents\GitHub\studynavi\충남과외\당진시과외\충남원당동과외\원당중과외\index.html,high,true,정상
school,충청남도,보령시,대천동,,대천여자고등학교,고등학교,고등학생,C:\Users\user\Documents\GitHub\studynavi\충남과외\보령시과외\대천동과외\대천여자고과외\index.html,high,true,정상
school,충청남도,보령시,대천동,,대천여자중학교,중학교,중학생,C:\Users\user\Documents\GitHub\studynavi\충남과외\보령시과외\대천동과외\대천여자중과외\index.html,high,true,정상
school,충청남도,보령시,동대동,,한내여자중학교,중학교,중학생,C:\Users\user\Documents\GitHub\studynavi\충남과외\보령시과외\동대동과외\한내여자중과외\index.html,high,true,정상
school,충청남도,보령시,만세운동,,주산중학교,중학교,중학생,C:\Users\user\Documents\GitHub\studynavi\충남과외\보령시과외\만세운동과외\주산중과외\index.html,high,true,정상
school,충청남도,보령시,명천동,,대명중학교,중학교,중학생,C:\Users\user\Documents\GitHub\studynavi\충남과외\보령시과외\명천동과외\대명중과외\index.html,high,true,정상
school,충청남도,보령시,명천동,,대천중학교,중학교,중학생,C:\Users\user\Documents\GitHub\studynavi\충남과외\보령시과외\명천동과외\대천중과외\index.html,high,true,정상
school,충청남도,보령시,신흑동,,대천서중학교,중학교,중학생,C:\Users\user\Documents\GitHub\studynavi\충남과외\보령시과외\신흑동과외\대천서중과외\index.html,high,true,정상
school,충청남도,보령시,야동,,남포중학교,중학교,중학생,C:\Users\user\Documents\GitHub\studynavi\충남과외\보령시과외\야동과외\남포중과외\index.html,high,true,정상
school,충청남도,보령시,죽정동,,대천고등학교,고등학교,고등학생,C:\Users\user\Documents\GitHub\studynavi\충남과외\보령시과외\죽정동과외\대천고과외\index.html,high,true,정상
school,충청남도,서산시,동문동,,서령고등학교,고등학교,고등학생,C:\Users\user\Documents\GitHub\studynavi\충남과외\서산시과외\동문동과외\서령고과외\index.html,high,true,정상
school,충청남도,서산시,동문동,,서령중학교,중학교,중학생,C:\Users\user\Documents\GitHub\studynavi\충남과외\서산시과외\동문동과외\서령중과외\index.html,high,true,정상
school,충청남도,서산시,동문동,,서산중앙고등학교,고등학교,고등학생,C:\Users\user\Documents\GitHub\studynavi\충남과외\서산시과외\동문동과외\서산중앙고과외\index.html,high,true,정상
school,충청남도,서산시,서산시읍내동,,서산부춘중학교,중학교,중학생,C:\Users\user\Documents\GitHub\studynavi\충남과외\서산시과외\서산시읍내동과외\서산부춘중과외\index.html,high,true,정상
school,충청남도,서산시,석림동,,서산석림중학교,중학교,중학생,C:\Users\user\Documents\GitHub\studynavi\충남과외\서산시과외\석림동과외\서산석림중과외\index.html,high,true,정상
school,충청남도,서산시,석림동,,서산여자고등학교,고등학교,고등학생,C:\Users\user\Documents\GitHub\studynavi\충남과외\서산시과외\석림동과외\서산여자고과외\index.html,high,true,정상
school,충청남도,서산시,석림동,,서산여자중학교,중학교,중학생,C:\Users\user\Documents\GitHub\studynavi\충남과외\서산시과외\석림동과외\서산여자중과외\index.html,high,true,정상
school,충청남도,서산시,석남동,,서산중학교,중학교,중학생,C:\Users\user\Documents\GitHub\studynavi\충남과외\서산시과외\충남석남동과외\서산중과외\index.html,high,true,정상
school,충청남도,아산시,권곡동,,한올고등학교,고등학교,고등학생,C:\Users\user\Documents\GitHub\studynavi\충남과외\아산시과외\권곡동과외\한올고과외\index.html,high,true,정상
school,충청남도,아산시,권곡동,,한올중학교,중학교,중학생,C:\Users\user\Documents\GitHub\studynavi\충남과외\아산시과외\권곡동과외\한올중과외\index.html,high,true,정상
school,충청남도,아산시,모종동,,모종중학교,중학교,중학생,C:\Users\user\Documents\GitHub\studynavi\충남과외\아산시과외\모종동과외\모종중과외\index.html,high,true,정상
school,충청남도,아산시,실옥동,,온양신정중학교,중학교,중학생,C:\Users\user\Documents\GitHub\studynavi\충남과외\아산시과외\실옥동과외\온양신정중과외\index.html,high,true,정상
school,충청남도,아산시,용화동,,온양용화고등학교,고등학교,고등학생,C:\Users\user\Documents\GitHub\studynavi\충남과외\아산시과외\용화동과외\온양용화고과외\index.html,high,true,정상
school,충청남도,아산시,용화동,,온양중학교,중학교,중학생,C:\Users\user\Documents\GitHub\studynavi\충남과외\아산시과외\용화동과외\온양중과외\index.html,high,true,정상
school,충청남도,아산시,온천동,,아산고등학교,고등학교,고등학생,C:\Users\user\Documents\GitHub\studynavi\충남과외\아산시과외\충남온천동과외\아산고과외\index.html,high,true,정상
school,충청남도,아산시,온천동,,아산중학교,중학교,중학생,C:\Users\user\Documents\GitHub\studynavi\충남과외\아산시과외\충남온천동과외\아산중과외\index.html,high,true,정상
school,충청남도,아산시,온천동,,온양고등학교,고등학교,고등학생,C:\Users\user\Documents\GitHub\studynavi\충남과외\아산시과외\충남온천동과외\온양고과외\index.html,high,true,정상
school,충청남도,아산시,온천동,,온양용화중학교,중학교,중학생,C:\Users\user\Documents\GitHub\studynavi\충남과외\아산시과외\충남온천동과외\온양용화중과외\index.html,high,true,정상
school,충청남도,아산시,풍기동,,온양여자고등학교,고등학교,고등학생,C:\Users\user\Documents\GitHub\studynavi\충남과외\아산시과외\풍기동과외\온양여자고과외\index.html,high,true,정상
school,충청남도,아산시,풍기동,,온양여자중학교,중학교,중학생,C:\Users\user\Documents\GitHub\studynavi\충남과외\아산시과외\풍기동과외\온양여자중과외\index.html,high,true,정상
school,충청남도,천안시,두정동,,천안두정고등학교,고등학교,고등학생,C:\Users\user\Documents\GitHub\studynavi\충남과외\천안시과외\두정동과외\천안두정고과외\index.html,high,true,정상
school,충청남도,천안시,두정동,,천안두정중학교,중학교,중학생,C:\Users\user\Documents\GitHub\studynavi\충남과외\천안시과외\두정동과외\천안두정중과외\index.html,high,true,정상
school,충청남도,천안시,두정동,,천안성성중학교,중학교,중학생,C:\Users\user\Documents\GitHub\studynavi\충남과외\천안시과외\두정동과외\천안성성중과외\index.html,high,true,정상
school,충청남도,천안시,두정동,,천안오성중학교,중학교,중학생,C:\Users\user\Documents\GitHub\studynavi\충남과외\천안시과외\두정동과외\천안오성중과외\index.html,high,true,정상
school,충청남도,천안시,부대동,,천안부성중학교,중학교,중학생,C:\Users\user\Documents\GitHub\studynavi\충남과외\천안시과외\부대동과외\천안부성중과외\index.html,high,true,정상
school,충청남도,천안시,불당동,,천안불당고등학교,고등학교,고등학생,C:\Users\user\Documents\GitHub\studynavi\충남과외\천안시과외\불당동과외\천안불당고과외\index.html,high,true,정상
school,충청남도,천안시,불당동,,천안불당중학교,중학교,중학생,C:\Users\user\Documents\GitHub\studynavi\충남과외\천안시과외\불당동과외\천안불당중과외\index.html,high,true,정상
school,충청남도,천안시,불당동,,천안불무중학교,중학교,중학생,C:\Users\user\Documents\GitHub\studynavi\충남과외\천안시과외\불당동과외\천안불무중과외\index.html,high,true,정상
school,충청남도,천안시,불당동,,천안월봉고등학교,고등학교,고등학생,C:\Users\user\Documents\GitHub\studynavi\충남과외\천안시과외\불당동과외\천안월봉고과외\index.html,high,true,정상
school,충청남도,천안시,불당동,,천안월봉중학교,중학교,중학생,C:\Users\user\Documents\GitHub\studynavi\충남과외\천안시과외\불당동과외\천안월봉중과외\index.html,high,true,정상
school,충청남도,천안시,삼룡동,,천안동중학교,중학교,중학생,C:\Users\user\Documents\GitHub\studynavi\충남과외\천안시과외\삼룡동과외\천안동중과외\index.html,high,true,정상
school,충청남도,천안시,삼룡동,,천안여자고등학교,고등학교,고등학생,C:\Users\user\Documents\GitHub\studynavi\충남과외\천안시과외\삼룡동과외\천안여자고과외\index.html,high,true,정상
school,충청남도,천안시,성성동,,천안가람중학교,중학교,중학생,C:\Users\user\Documents\GitHub\studynavi\충남과외\천안시과외\성성동과외\천안가람중과외\index.html,high,true,정상
school,충청남도,천안시,성성동,,천안오성고등학교,고등학교,고등학생,C:\Users\user\Documents\GitHub\studynavi\충남과외\천안시과외\성성동과외\천안오성고과외\index.html,high,true,정상
school,충청남도,천안시,성정동,,천안성정중학교,중학교,중학생,C:\Users\user\Documents\GitHub\studynavi\충남과외\천안시과외\성정동과외\천안성정중과외\index.html,high,true,정상
school,충청남도,천안시,신방동,,천안새샘중학교,중학교,중학생,C:\Users\user\Documents\GitHub\studynavi\충남과외\천안시과외\신방동과외\천안새샘중과외\index.html,high,true,정상
school,충청남도,천안시,신방동,,천안신방중학교,중학교,중학생,C:\Users\user\Documents\GitHub\studynavi\충남과외\천안시과외\신방동과외\천안신방중과외\index.html,high,true,정상
school,충청남도,천안시,신부동,,북일고등학교,고등학교,고등학생,C:\Users\user\Documents\GitHub\studynavi\충남과외\천안시과외\신부동과외\북일고과외\index.html,high,true,정상
school,충청남도,천안시,신부동,,북일여자고등학교,고등학교,고등학생,C:\Users\user\Documents\GitHub\studynavi\충남과외\천안시과외\신부동과외\북일여자고과외\index.html,high,true,정상
school,충청남도,천안시,쌍용동,,천안봉서중학교,중학교,중학생,C:\Users\user\Documents\GitHub\studynavi\충남과외\천안시과외\쌍용동과외\천안봉서중과외\index.html,high,true,정상
school,충청남도,천안시,쌍용동,,천안쌍용고등학교,고등학교,고등학생,C:\Users\user\Documents\GitHub\studynavi\충남과외\천안시과외\쌍용동과외\천안쌍용고과외\index.html,high,true,정상
school,충청남도,천안시,쌍용동,,천안쌍용중학교,중학교,중학생,C:\Users\user\Documents\GitHub\studynavi\충남과외\천안시과외\쌍용동과외\천안쌍용중과외\index.html,high,true,정상
school,충청남도,천안시,업성동,,천안업성고등학교,고등학교,고등학생,C:\Users\user\Documents\GitHub\studynavi\충남과외\천안시과외\업성동과외\천안업성고과외\index.html,high,true,정상
school,충청남도,천안시,용곡동,,천안용곡중학교,중학교,중학생,C:\Users\user\Documents\GitHub\studynavi\충남과외\천안시과외\용곡동과외\천안용곡중과외\index.html,high,true,정상
school,충청남도,천안시,원성동,,천안여자중학교,중학교,중학생,C:\Users\user\Documents\GitHub\studynavi\충남과외\천안시과외\원성동과외\천안여자중과외\index.html,high,true,정상
school,충청남도,천안시,원성동,,천안제일고등학교,고등학교,고등학생,C:\Users\user\Documents\GitHub\studynavi\충남과외\천안시과외\원성동과외\천안제일고과외\index.html,high,true,정상
school,충청남도,천안시,원성동,,천안중학교,중학교,중학생,C:\Users\user\Documents\GitHub\studynavi\충남과외\천안시과외\원성동과외\천안중과외\index.html,high,true,정상
school,충청남도,천안시,원성동,,천안중앙고등학교,고등학교,고등학생,C:\Users\user\Documents\GitHub\studynavi\충남과외\천안시과외\원성동과외\천안중앙고과외\index.html,high,true,정상
school,충청남도,천안시,유량동,,천성중학교,중학교,중학생,C:\Users\user\Documents\GitHub\studynavi\충남과외\천안시과외\유량동과외\천성중과외\index.html,high,true,정상
school,충청남도,천안시,천안동,,천안동성중학교,중학교,중학생,C:\Users\user\Documents\GitHub\studynavi\충남과외\천안시과외\천안동과외\천안동성중과외\index.html,high,true,정상
school,충청남도,천안시,청당동,,천안가온중학교,중학교,중학생,C:\Users\user\Documents\GitHub\studynavi\충남과외\천안시과외\청당동과외\천안가온중과외\index.html,high,true,정상
school,충청남도,천안시,청수동,,천안청수고등학교,고등학교,고등학생,C:\Users\user\Documents\GitHub\studynavi\충남과외\천안시과외\청수동과외\천안청수고과외\index.html,high,true,정상
school,충청남도,천안시,백석동,,천안백석중학교,중학교,중학생,C:\Users\user\Documents\GitHub\studynavi\충남과외\천안시과외\충남백석동과외\천안백석중과외\index.html,high,true,정상
school,충청남도,천안시,백석동,,환서중학교,중학교,중학생,C:\Users\user\Documents\GitHub\studynavi\충남과외\천안시과외\충남백석동과외\환서중과외\index.html,high,true,정상
school,충청남도,천안시,봉명동,,천안계광중학교,중학교,중학생,C:\Users\user\Documents\GitHub\studynavi\충남과외\천안시과외\충남봉명동과외\천안계광중과외\index.html,high,true,정상
school,충청남도,천안시,봉명동,,천안서여자중학교,중학교,중학생,C:\Users\user\Documents\GitHub\studynavi\충남과외\천안시과외\충남봉명동과외\천안서여자중과외\index.html,high,true,정상
school,충청남도,천안시,성황동,,복자여자고등학교,고등학교,고등학생,C:\Users\user\Documents\GitHub\studynavi\충남과외\천안시과외\충남성황동과외\복자여자고과외\index.html,high,true,정상
school,충청남도,천안시,성황동,,복자여자중학교,중학교,중학생,C:\Users\user\Documents\GitHub\studynavi\충남과외\천안시과외\충남성황동과외\복자여자중과외\index.html,high,true,정상
school,충청남도,천안시,성황동,,천안북중학교,중학교,중학생,C:\Users\user\Documents\GitHub\studynavi\충남과외\천안시과외\충남성황동과외\천안북중과외\index.html,high,true,정상
school,충청남도,천안시,신당동,,천안신당고등학교,고등학교,고등학생,C:\Users\user\Documents\GitHub\studynavi\충남과외\천안시과외\충남신당동과외\천안신당고과외\index.html,high,true,정상
school,충청남도,홍성군,홍동,,홍동중학교,중학교,중학생,C:\Users\user\Documents\GitHub\studynavi\충남과외\홍성군과외\홍동과외\홍동중과외\index.html,high,true,정상
school,충청북도,단양군,단양군평동,,매포중학교,중학교,중학생,C:\Users\user\Documents\GitHub\studynavi\충북과외\단양군과외\단양군평동과외\매포중과외\index.html,high,true,정상
school,충청북도,영동군,영동군영동,,새너울중학교,중학교,중학생,C:\Users\user\Documents\GitHub\studynavi\충북과외\영동군과외\영동군영동과외\새너울중과외\index.html,high,true,정상
school,충청북도,영동군,영동군영동,,심천중학교,중학교,중학생,C:\Users\user\Documents\GitHub\studynavi\충북과외\영동군과외\영동군영동과외\심천중과외\index.html,high,true,정상
school,충청북도,영동군,영동군영동,,영동고등학교,고등학교,고등학생,C:\Users\user\Documents\GitHub\studynavi\충북과외\영동군과외\영동군영동과외\영동고과외\index.html,high,true,정상
school,충청북도,영동군,영동군영동,,영동미래고등학교,고등학교,고등학생,C:\Users\user\Documents\GitHub\studynavi\충북과외\영동군과외\영동군영동과외\영동미래고과외\index.html,high,true,정상
school,충청북도,영동군,영동군영동,,영동중학교,중학교,중학생,C:\Users\user\Documents\GitHub\studynavi\충북과외\영동군과외\영동군영동과외\영동중과외\index.html,high,true,정상
school,충청북도,영동군,영동군영동,,영신중학교,중학교,중학생,C:\Users\user\Documents\GitHub\studynavi\충북과외\영동군과외\영동군영동과외\영신중과외\index.html,high,true,정상
school,충청북도,영동군,영동군영동,,정수중학교,중학교,중학생,C:\Users\user\Documents\GitHub\studynavi\충북과외\영동군과외\영동군영동과외\정수중과외\index.html,high,true,정상
school,충청북도,영동군,영동군영동,,추풍령중학교,중학교,중학생,C:\Users\user\Documents\GitHub\studynavi\충북과외\영동군과외\영동군영동과외\추풍령중과외\index.html,high,true,정상
school,충청북도,영동군,영동군영동,,학산고등학교,고등학교,고등학생,C:\Users\user\Documents\GitHub\studynavi\충북과외\영동군과외\영동군영동과외\학산고과외\index.html,high,true,정상
school,충청북도,영동군,영동군영동,,학산중학교,중학교,중학생,C:\Users\user\Documents\GitHub\studynavi\충북과외\영동군과외\영동군영동과외\학산중과외\index.html,high,true,정상
school,충청북도,영동군,영동군영동,,황간고등학교,고등학교,고등학생,C:\Users\user\Documents\GitHub\studynavi\충북과외\영동군과외\영동군영동과외\황간고과외\index.html,high,true,정상
school,충청북도,음성군,맹동,,동성고등학교,고등학교,고등학생,C:\Users\user\Documents\GitHub\studynavi\충북과외\음성군과외\맹동과외\동성고과외\index.html,high,true,정상
school,충청북도,음성군,맹동,,동성중학교,중학교,중학생,C:\Users\user\Documents\GitHub\studynavi\충북과외\음성군과외\맹동과외\동성중과외\index.html,high,true,정상
school,충청북도,음성군,대동,,대소중학교,중학교,중학생,C:\Users\user\Documents\GitHub\studynavi\충북과외\음성군과외\충북대동과외\대소중과외\index.html,high,true,정상
school,충청북도,제천시,동현동,,제천제일고등학교,고등학교,고등학생,C:\Users\user\Documents\GitHub\studynavi\충북과외\제천시과외\동현동과외\제천제일고과외\index.html,high,true,정상
school,충청북도,제천시,신백동,,제천동중학교,중학교,중학생,C:\Users\user\Documents\GitHub\studynavi\충북과외\제천시과외\신백동과외\제천동중과외\index.html,high,true,정상
school,충청북도,제천시,장락동,,내토중학교,중학교,중학생,C:\Users\user\Documents\GitHub\studynavi\충북과외\제천시과외\장락동과외\내토중과외\index.html,high,true,정상
school,충청북도,제천시,제천시평동,,백운중학교,중학교,중학생,C:\Users\user\Documents\GitHub\studynavi\충북과외\제천시과외\제천시평동과외\백운중과외\index.html,high,true,정상
school,충청북도,제천시,청전동,,대제중학교,중학교,중학생,C:\Users\user\Documents\GitHub\studynavi\충북과외\제천시과외\청전동과외\대제중과외\index.html,high,true,정상
school,충청북도,제천시,청전동,,제천고등학교,고등학교,고등학생,C:\Users\user\Documents\GitHub\studynavi\충북과외\제천시과외\청전동과외\제천고과외\index.html,high,true,정상
school,충청북도,제천시,청전동,,제천여자중학교,중학교,중학생,C:\Users\user\Documents\GitHub\studynavi\충북과외\제천시과외\청전동과외\제천여자중과외\index.html,high,true,정상
school,충청북도,제천시,서부동,,제천여자고등학교,고등학교,고등학생,C:\Users\user\Documents\GitHub\studynavi\충북과외\제천시과외\충북서부동과외\제천여자고과외\index.html,high,true,정상
school,충청북도,제천시,서부동,,제천중학교,중학교,중학생,C:\Users\user\Documents\GitHub\studynavi\충북과외\제천시과외\충북서부동과외\제천중과외\index.html,high,true,정상
school,충청북도,제천시,신월동,,세명고등학교,고등학교,고등학생,C:\Users\user\Documents\GitHub\studynavi\충북과외\제천시과외\충북신월동과외\세명고과외\index.html,high,true,정상
school,충청북도,제천시,하소동,,의림여자중학교,중학교,중학생,C:\Users\user\Documents\GitHub\studynavi\충북과외\제천시과외\하소동과외\의림여자중과외\index.html,high,true,정상
school,충청북도,청주시,가경동,,경덕중학교,중학교,중학생,C:\Users\user\Documents\GitHub\studynavi\충북과외\청주시과외\가경동과외\경덕중과외\index.html,high,true,정상
school,충청북도,청주시,가경동,,서경중학교,중학교,중학생,C:\Users\user\Documents\GitHub\studynavi\충북과외\청주시과외\가경동과외\서경중과외\index.html,high,true,정상
school,충청북도,청주시,가경동,,서원고등학교,고등학교,고등학생,C:\Users\user\Documents\GitHub\studynavi\충북과외\청주시과외\가경동과외\서원고과외\index.html,high,true,정상
school,충청북도,청주시,가경동,,서원중학교,중학교,중학생,C:\Users\user\Documents\GitHub\studynavi\충북과외\청주시과외\가경동과외\서원중과외\index.html,high,true,정상
school,충청북도,청주시,가경동,,서현중학교,중학교,중학생,C:\Users\user\Documents\GitHub\studynavi\충북과외\청주시과외\가경동과외\서현중과외\index.html,high,true,정상
school,충청북도,청주시,가경동,,충북대학교사범대학부설고등학교,고등학교,고등학생,C:\Users\user\Documents\GitHub\studynavi\충북과외\청주시과외\가경동과외\충북대학교사범대학부설고과외\index.html,high,true,정상
school,충청북도,청주시,가경동,,충북대학교사범대학부설중학교,중학교,중학생,C:\Users\user\Documents\GitHub\studynavi\충북과외\청주시과외\가경동과외\충북대학교사범대학부설중과외\index.html,high,true,정상
school,충청북도,청주시,금천동,,금천고등학교,고등학교,고등학생,C:\Users\user\Documents\GitHub\studynavi\충북과외\청주시과외\금천동과외\금천고과외\index.html,high,true,정상
school,충청북도,청주시,금천동,,금천중학교,중학교,중학생,C:\Users\user\Documents\GitHub\studynavi\충북과외\청주시과외\금천동과외\금천중과외\index.html,high,true,정상
school,충청북도,청주시,금천동,,청주동중학교,중학교,중학생,C:\Users\user\Documents\GitHub\studynavi\충북과외\청주시과외\금천동과외\청주동중과외\index.html,high,true,정상
school,충청북도,청주시,모충동,,운호고등학교,고등학교,고등학생,C:\Users\user\Documents\GitHub\studynavi\충북과외\청주시과외\모충동과외\운호고과외\index.html,high,true,정상
school,충청북도,청주시,모충동,,운호중학교,중학교,중학생,C:\Users\user\Documents\GitHub\studynavi\충북과외\청주시과외\모충동과외\운호중과외\index.html,high,true,정상
school,충청북도,청주시,모충동,,충북여자중학교,중학교,중학생,C:\Users\user\Documents\GitHub\studynavi\충북과외\청주시과외\모충동과외\충북여자중과외\index.html,high,true,정상
school,충청북도,청주시,복대동,,가경중학교,중학교,중학생,C:\Users\user\Documents\GitHub\studynavi\충북과외\청주시과외\복대동과외\가경중과외\index.html,high,true,정상
school,충청북도,청주시,복대동,,복대중학교,중학교,중학생,C:\Users\user\Documents\GitHub\studynavi\충북과외\청주시과외\복대동과외\복대중과외\index.html,high,true,정상
school,충청북도,청주시,복대동,,솔밭중학교,중학교,중학생,C:\Users\user\Documents\GitHub\studynavi\충북과외\청주시과외\복대동과외\솔밭중과외\index.html,high,true,정상
school,충청북도,청주시,복대동,,청주고등학교,고등학교,고등학생,C:\Users\user\Documents\GitHub\studynavi\충북과외\청주시과외\복대동과외\청주고과외\index.html,high,true,정상
school,충청북도,청주시,복대동,,청주외국어고등학교,고등학교,고등학생,C:\Users\user\Documents\GitHub\studynavi\충북과외\청주시과외\복대동과외\청주외국어고과외\index.html,high,true,정상
school,충청북도,청주시,복대동,,흥덕고등학교,고등학교,고등학생,C:\Users\user\Documents\GitHub\studynavi\충북과외\청주시과외\복대동과외\흥덕고과외\index.html,high,true,정상
school,충청북도,청주시,분평동,,남성중학교,중학교,중학생,C:\Users\user\Documents\GitHub\studynavi\충북과외\청주시과외\분평동과외\남성중과외\index.html,high,true,정상
school,충청북도,청주시,분평동,,원평중학교,중학교,중학생,C:\Users\user\Documents\GitHub\studynavi\충북과외\청주시과외\분평동과외\원평중과외\index.html,high,true,정상
school,충청북도,청주시,분평동,,청주하이텍고등학교,고등학교,고등학생,C:\Users\user\Documents\GitHub\studynavi\충북과외\청주시과외\분평동과외\청주하이텍고과외\index.html,high,true,정상
school,충청북도,청주시,분평동,,충북고등학교,고등학교,고등학생,C:\Users\user\Documents\GitHub\studynavi\충북과외\청주시과외\분평동과외\충북고과외\index.html,high,true,정상
school,충청북도,청주시,사창동,,청주중앙여자고등학교,고등학교,고등학생,C:\Users\user\Documents\GitHub\studynavi\충북과외\청주시과외\사창동과외\청주중앙여자고과외\index.html,high,true,정상
school,충청북도,청주시,사천동,,청주중앙여자중학교,중학교,중학생,C:\Users\user\Documents\GitHub\studynavi\충북과외\청주시과외\사천동과외\청주중앙여자중과외\index.html,high,true,정상
school,충청북도,청주시,산남동,,산남고등학교,고등학교,고등학생,C:\Users\user\Documents\GitHub\studynavi\충북과외\청주시과외\산남동과외\산남고과외\index.html,high,true,정상
school,충청북도,청주시,산남동,,산남중학교,중학교,중학생,C:\Users\user\Documents\GitHub\studynavi\충북과외\청주시과외\산남동과외\산남중과외\index.html,high,true,정상
school,충청북도,청주시,성화동,,성화중학교,중학교,중학생,C:\Users\user\Documents\GitHub\studynavi\충북과외\청주시과외\성화동과외\성화중과외\index.html,high,true,정상
school,충청북도,청주시,송절동,,송절중학교,중학교,중학생,C:\Users\user\Documents\GitHub\studynavi\충북과외\청주시과외\송절동과외\송절중과외\index.html,high,true,정상
school,충청북도,청주시,수곡동,,수곡중학교,중학교,중학생,C:\Users\user\Documents\GitHub\studynavi\충북과외\청주시과외\수곡동과외\수곡중과외\index.html,high,true,정상
school,충청북도,청주시,수곡동,,청주남중학교,중학교,중학생,C:\Users\user\Documents\GitHub\studynavi\충북과외\청주시과외\수곡동과외\청주남중과외\index.html,high,true,정상
school,충청북도,청주시,영운동,,청운중학교,중학교,중학생,C:\Users\user\Documents\GitHub\studynavi\충북과외\청주시과외\영운동과외\청운중과외\index.html,high,true,정상
school,충청북도,청주시,용담동,,주성고등학교,고등학교,고등학생,C:\Users\user\Documents\GitHub\studynavi\충북과외\청주시과외\용담동과외\주성고과외\index.html,high,true,정상
school,충청북도,청주시,용암동,,상당고등학교,고등학교,고등학생,C:\Users\user\Documents\GitHub\studynavi\충북과외\청주시과외\용암동과외\상당고과외\index.html,high,true,정상
school,충청북도,청주시,용암동,,용아중학교,중학교,중학생,C:\Users\user\Documents\GitHub\studynavi\충북과외\청주시과외\용암동과외\용아중과외\index.html,high,true,정상
school,충청북도,청주시,용암동,,용암중학교,중학교,중학생,C:\Users\user\Documents\GitHub\studynavi\충북과외\청주시과외\용암동과외\용암중과외\index.html,high,true,정상
school,충청북도,청주시,용암동,,운동중학교,중학교,중학생,C:\Users\user\Documents\GitHub\studynavi\충북과외\청주시과외\용암동과외\운동중과외\index.html,high,true,정상
school,충청북도,청주시,용암동,,원봉중학교,중학교,중학생,C:\Users\user\Documents\GitHub\studynavi\충북과외\청주시과외\용암동과외\원봉중과외\index.html,high,true,정상
school,충청북도,청주시,용암동,,청석고등학교,고등학교,고등학생,C:\Users\user\Documents\GitHub\studynavi\충북과외\청주시과외\용암동과외\청석고과외\index.html,high,true,정상
school,충청북도,청주시,율량동,,주성중학교,중학교,중학생,C:\Users\user\Documents\GitHub\studynavi\충북과외\청주시과외\율량동과외\주성중과외\index.html,high,true,정상
school,충청북도,청주시,율량동,,청주신흥고등학교,고등학교,고등학생,C:\Users\user\Documents\GitHub\studynavi\충북과외\청주시과외\율량동과외\청주신흥고과외\index.html,high,true,정상
school,충청북도,청주시,율량동,,청주여자고등학교,고등학교,고등학생,C:\Users\user\Documents\GitHub\studynavi\충북과외\청주시과외\율량동과외\청주여자고과외\index.html,high,true,정상
school,충청북도,청주시,주중동,,율량중학교,중학교,중학생,C:\Users\user\Documents\GitHub\studynavi\충북과외\청주시과외\주중동과외\율량중과외\index.html,high,true,정상
school,충청북도,청주시,청주시영동,,청주중학교,중학교,중학생,C:\Users\user\Documents\GitHub\studynavi\충북과외\청주시과외\청주시영동과외\청주중과외\index.html,high,true,정상
school,충청북도,청주시,내덕동,,청주대성고등학교,고등학교,고등학생,C:\Users\user\Documents\GitHub\studynavi\충북과외\청주시과외\충북내덕동과외\청주대성고과외\index.html,high,true,정상
school,충청북도,청주시,미평동,,세광고등학교,고등학교,고등학생,C:\Users\user\Documents\GitHub\studynavi\충북과외\청주시과외\충북미평동과외\세광고과외\index.html,high,true,정상
school,충청북도,청주시,미평동,,세광중학교,중학교,중학생,C:\Users\user\Documents\GitHub\studynavi\충북과외\청주시과외\충북미평동과외\세광중과외\index.html,high,true,정상
school,충청북도,청주시,봉명동,,봉명고등학교,고등학교,고등학생,C:\Users\user\Documents\GitHub\studynavi\충북과외\청주시과외\충북봉명동과외\봉명고과외\index.html,high,true,정상
school,충청북도,청주시,봉명동,,봉명중학교,중학교,중학생,C:\Users\user\Documents\GitHub\studynavi\충북과외\청주시과외\충북봉명동과외\봉명중과외\index.html,high,true,정상
school,충청북도,청주시,사직동,,청주여자중학교,중학교,중학생,C:\Users\user\Documents\GitHub\studynavi\충북과외\청주시과외\충북사직동과외\청주여자중과외\index.html,high,true,정상
school,충청북도,청주시,수동,,대성여자중학교,중학교,중학생,C:\Users\user\Documents\GitHub\studynavi\충북과외\청주시과외\충북수동과외\대성여자중과외\index.html,high,true,정상
school,충청북도,청주시,신봉동,,대성중학교,중학교,중학생,C:\Users\user\Documents\GitHub\studynavi\충북과외\청주시과외\충북신봉동과외\대성중과외\index.html,high,true,정상
school,충청북도,청주시,용정동,,용성중학교,중학교,중학생,C:\Users\user\Documents\GitHub\studynavi\충북과외\청주시과외\충북용정동과외\용성중과외\index.html,high,true,정상
school,충청북도,청주시,우암동,,청주중앙중학교,중학교,중학생,C:\Users\user\Documents\GitHub\studynavi\충북과외\청주시과외\충북우암동과외\청주중앙중과외\index.html,high,true,정상
school,충청북도,청주시,탑동,,일신여자고등학교,고등학교,고등학생,C:\Users\user\Documents\GitHub\studynavi\충북과외\청주시과외\충북탑동과외\일신여자고과외\index.html,high,true,정상
school,충청북도,청주시,탑동,,일신여자중학교,중학교,중학생,C:\Users\user\Documents\GitHub\studynavi\충북과외\청주시과외\충북탑동과외\일신여자중과외\index.html,high,true,정상
school,충청북도,충주시,관동,,수안보중학교,중학교,중학생,C:\Users\user\Documents\GitHub\studynavi\충북과외\충주시과외\관동과외\수안보중과외\index.html,high,true,정상
school,충청북도,충주시,교현동,,충주북여자중학교,중학교,중학생,C:\Users\user\Documents\GitHub\studynavi\충북과외\충주시과외\교현동과외\충주북여자중과외\index.html,high,true,정상
school,충청북도,충주시,교현동,,충주여자중학교,중학교,중학생,C:\Users\user\Documents\GitHub\studynavi\충북과외\충주시과외\교현동과외\충주여자중과외\index.html,high,true,정상
school,충청북도,충주시,교현동,,충주중앙중학교,중학교,중학생,C:\Users\user\Documents\GitHub\studynavi\충북과외\충주시과외\교현동과외\충주중앙중과외\index.html,high,true,정상
school,충청북도,충주시,봉방동,,국원고등학교,고등학교,고등학생,C:\Users\user\Documents\GitHub\studynavi\충북과외\충주시과외\봉방동과외\국원고과외\index.html,high,true,정상
school,충청북도,충주시,안림동,,충일중학교,중학교,중학생,C:\Users\user\Documents\GitHub\studynavi\충북과외\충주시과외\안림동과외\충일중과외\index.html,high,true,정상
school,충청북도,충주시,안림동,,충주대원고등학교,고등학교,고등학생,C:\Users\user\Documents\GitHub\studynavi\충북과외\충주시과외\안림동과외\충주대원고과외\index.html,high,true,정상
school,충청북도,충주시,용산동,,충주여자고등학교,고등학교,고등학생,C:\Users\user\Documents\GitHub\studynavi\충북과외\충주시과외\충북용산동과외\충주여자고과외\index.html,high,true,정상
school,충청북도,충주시,칠금동,,칠금중학교,중학교,중학생,C:\Users\user\Documents\GitHub\studynavi\충북과외\충주시과외\칠금동과외\칠금중과외\index.html,high,true,정상
school,충청북도,충주시,칠금동,,탄금중학교,중학교,중학생,C:\Users\user\Documents\GitHub\studynavi\충북과외\충주시과외\칠금동과외\탄금중과외\index.html,high,true,정상
school,충청북도,충주시,호암동,,충주고등학교,고등학교,고등학생,C:\Users\user\Documents\GitHub\studynavi\충북과외\충주시과외\호암동과외\충주고과외\index.html,high,true,정상
school,충청북도,충주시,호암동,,충주미덕중학교,중학교,중학생,C:\Users\user\Documents\GitHub\studynavi\충북과외\충주시과외\호암동과외\충주미덕중과외\index.html,high,true,정상
school,충청북도,충주시,호암동,,충주예성여자고등학교,고등학교,고등학생,C:\Users\user\Documents\GitHub\studynavi\충북과외\충주시과외\호암동과외\충주예성여자고과외\index.html,high,true,정상
school,충청북도,충주시,호암동,,충주예성여자중학교,중학교,중학생,C:\Users\user\Documents\GitHub\studynavi\충북과외\충주시과외\호암동과외\충주예성여자중과외\index.html,high,true,정상
school,충청북도,충주시,호암동,,충주중학교,중학교,중학생,C:\Users\user\Documents\GitHub\studynavi\충북과외\충주시과외\호암동과외\충주중과외\index.html,high,true,정상
school,충청북도,충주시,호암동,,충주중산고등학교,고등학교,고등학생,C:\Users\user\Documents\GitHub\studynavi\충북과외\충주시과외\호암동과외\충주중산고과외\index.html,high,true,정상
