page_type,시도,시군구,읍면동,리,지역표시명,source_html,confidence,is_valid,validation_note
region,강원특별자치도,,,,강원특별자치도,C:\Users\user\Documents\GitHub\studynavi\강원과외\index.html,high,true,정상
region,강원특별자치도,강릉시,,,강릉시,C:\Users\user\Documents\GitHub\studynavi\강원과외\강릉시과외\index.html,high,true,정상
region,강원특별자치도,강릉시,강릉시교동,,강릉시교동,C:\Users\user\Documents\GitHub\studynavi\강원과외\강릉시과외\강릉시교동과외\index.html,high,true,정상
region,강원특별자치도,강릉시,강릉시수학,,강릉시수학,C:\Users\user\Documents\GitHub\studynavi\강원과외\강릉시과외\강릉시수학과외\index.html,high,true,정상
region,강원특별자치도,강릉시,강릉시영어,,강릉시영어,C:\Users\user\Documents\GitHub\studynavi\강원과외\강릉시과외\강릉시영어과외\index.html,high,true,정상
region,강원특별자치도,강릉시,노암동,,노암동,C:\Users\user\Documents\GitHub\studynavi\강원과외\강릉시과외\강원노암동과외\index.html,high,true,정상
region,강원특별자치도,강릉시,용강동,,용강동,C:\Users\user\Documents\GitHub\studynavi\강원과외\강릉시과외\강원용강동과외\index.html,high,true,정상
region,강원특별자치도,강릉시,옥천동,,옥천동,C:\Users\user\Documents\GitHub\studynavi\강원과외\강릉시과외\옥천동과외\index.html,high,true,정상
region,강원특별자치도,강릉시,입암동,,입암동,C:\Users\user\Documents\GitHub\studynavi\강원과외\강릉시과외\입암동과외\index.html,high,true,정상
region,강원특별자치도,강릉시,지변동,,지변동,C:\Users\user\Documents\GitHub\studynavi\강원과외\강릉시과외\지변동과외\index.html,high,true,정상
region,강원특별자치도,강릉시,초당동,,초당동,C:\Users\user\Documents\GitHub\studynavi\강원과외\강릉시과외\초당동과외\index.html,high,true,정상
region,강원특별자치도,강릉시,포남동,,포남동,C:\Users\user\Documents\GitHub\studynavi\강원과외\강릉시과외\포남동과외\index.html,high,true,정상
region,강원특별자치도,강원고등,,,강원고등,C:\Users\user\Documents\GitHub\studynavi\강원과외\강원고등과외\index.html,high,true,정상
region,강원특별자치도,강원수학,,,강원수학,C:\Users\user\Documents\GitHub\studynavi\강원과외\강원수학과외\index.html,high,true,정상
region,강원특별자치도,강원수학,강원고등수학,,강원고등수학,C:\Users\user\Documents\GitHub\studynavi\강원과외\강원수학과외\강원고등수학과외\index.html,high,true,정상
region,강원특별자치도,강원수학,강원중등수학,,강원중등수학,C:\Users\user\Documents\GitHub\studynavi\강원과외\강원수학과외\강원중등수학과외\index.html,high,true,정상
region,강원특별자치도,강원수학,강원초등수학,,강원초등수학,C:\Users\user\Documents\GitHub\studynavi\강원과외\강원수학과외\강원초등수학과외\index.html,high,true,정상
region,강원특별자치도,강원영어,,,강원영어,C:\Users\user\Documents\GitHub\studynavi\강원과외\강원영어과외\index.html,high,true,정상
region,강원특별자치도,강원영어,강원고등영어,,강원고등영어,C:\Users\user\Documents\GitHub\studynavi\강원과외\강원영어과외\강원고등영어과외\index.html,high,true,정상
region,강원특별자치도,강원영어,강원중등영어,,강원중등영어,C:\Users\user\Documents\GitHub\studynavi\강원과외\강원영어과외\강원중등영어과외\index.html,high,true,정상
region,강원특별자치도,강원영어,강원초등영어,,강원초등영어,C:\Users\user\Documents\GitHub\studynavi\강원과외\강원영어과외\강원초등영어과외\index.html,high,true,정상
region,강원특별자치도,강원중등,,,강원중등,C:\Users\user\Documents\GitHub\studynavi\강원과외\강원중등과외\index.html,high,true,정상
region,강원특별자치도,강원초등,,,강원초등,C:\Users\user\Documents\GitHub\studynavi\강원과외\강원초등과외\index.html,high,true,정상
region,강원특별자치도,동해시,,,동해시,C:\Users\user\Documents\GitHub\studynavi\강원과외\동해시과외\index.html,high,true,정상
region,강원특별자치도,동해시,부곡동,,부곡동,C:\Users\user\Documents\GitHub\studynavi\강원과외\동해시과외\강원부곡동과외\index.html,high,true,정상
region,강원특별자치도,동해시,용정동,,용정동,C:\Users\user\Documents\GitHub\studynavi\강원과외\동해시과외\강원용정동과외\index.html,high,true,정상
region,강원특별자치도,동해시,천곡동,,천곡동,C:\Users\user\Documents\GitHub\studynavi\강원과외\동해시과외\강원천곡동과외\index.html,high,true,정상
region,강원특별자치도,동해시,단봉동,,단봉동,C:\Users\user\Documents\GitHub\studynavi\강원과외\동해시과외\단봉동과외\index.html,high,true,정상
region,강원특별자치도,동해시,동해시수학,,동해시수학,C:\Users\user\Documents\GitHub\studynavi\강원과외\동해시과외\동해시수학과외\index.html,high,true,정상
region,강원특별자치도,동해시,동해시영어,,동해시영어,C:\Users\user\Documents\GitHub\studynavi\강원과외\동해시과외\동해시영어과외\index.html,high,true,정상
region,강원특별자치도,동해시,동회동,,동회동,C:\Users\user\Documents\GitHub\studynavi\강원과외\동해시과외\동회동과외\index.html,high,true,정상
region,강원특별자치도,동해시,발한동,,발한동,C:\Users\user\Documents\GitHub\studynavi\강원과외\동해시과외\발한동과외\index.html,high,true,정상
region,강원특별자치도,삼척시,,,삼척시,C:\Users\user\Documents\GitHub\studynavi\강원과외\삼척시과외\index.html,high,true,정상
region,강원특별자치도,삼척시,남양동,,남양동,C:\Users\user\Documents\GitHub\studynavi\강원과외\삼척시과외\남양동과외\index.html,high,true,정상
region,강원특별자치도,삼척시,당저동,,당저동,C:\Users\user\Documents\GitHub\studynavi\강원과외\삼척시과외\당저동과외\index.html,high,true,정상
region,강원특별자치도,삼척시,삼척시수학,,삼척시수학,C:\Users\user\Documents\GitHub\studynavi\강원과외\삼척시과외\삼척시수학과외\index.html,high,true,정상
region,강원특별자치도,삼척시,삼척시영어,,삼척시영어,C:\Users\user\Documents\GitHub\studynavi\강원과외\삼척시과외\삼척시영어과외\index.html,high,true,정상
region,강원특별자치도,삼척시,자원동,,자원동,C:\Users\user\Documents\GitHub\studynavi\강원과외\삼척시과외\자원동과외\index.html,high,true,정상
region,강원특별자치도,속초시,,,속초시,C:\Users\user\Documents\GitHub\studynavi\강원과외\속초시과외\index.html,high,true,정상
region,강원특별자치도,속초시,금호동,,금호동,C:\Users\user\Documents\GitHub\studynavi\강원과외\속초시과외\강원금호동과외\index.html,high,true,정상
region,강원특별자치도,속초시,노학동,,노학동,C:\Users\user\Documents\GitHub\studynavi\강원과외\속초시과외\노학동과외\index.html,high,true,정상
region,강원특별자치도,속초시,속초시교동,,속초시교동,C:\Users\user\Documents\GitHub\studynavi\강원과외\속초시과외\속초시교동과외\index.html,high,true,정상
region,강원특별자치도,속초시,속초시수학,,속초시수학,C:\Users\user\Documents\GitHub\studynavi\강원과외\속초시과외\속초시수학과외\index.html,high,true,정상
region,강원특별자치도,속초시,속초시영어,,속초시영어,C:\Users\user\Documents\GitHub\studynavi\강원과외\속초시과외\속초시영어과외\index.html,high,true,정상
region,강원특별자치도,속초시,장사동,,장사동,C:\Users\user\Documents\GitHub\studynavi\강원과외\속초시과외\장사동과외\index.html,high,true,정상
region,강원특별자치도,속초시,조양동,,조양동,C:\Users\user\Documents\GitHub\studynavi\강원과외\속초시과외\조양동과외\index.html,high,true,정상
region,강원특별자치도,양구군,,,양구군,C:\Users\user\Documents\GitHub\studynavi\강원과외\양구군과외\index.html,high,true,정상
region,강원특별자치도,양구군,남동,,남동,C:\Users\user\Documents\GitHub\studynavi\강원과외\양구군과외\강원남동과외\index.html,high,true,정상
region,강원특별자치도,양구군,양구군수학,,양구군수학,C:\Users\user\Documents\GitHub\studynavi\강원과외\양구군과외\양구군수학과외\index.html,high,true,정상
region,강원특별자치도,양구군,양구군영어,,양구군영어,C:\Users\user\Documents\GitHub\studynavi\강원과외\양구군과외\양구군영어과외\index.html,high,true,정상
region,강원특별자치도,영월군,,,영월군,C:\Users\user\Documents\GitHub\studynavi\강원과외\영월군과외\index.html,high,true,정상
region,강원특별자치도,영월군,상동,,상동,C:\Users\user\Documents\GitHub\studynavi\강원과외\영월군과외\강원상동과외\index.html,high,true,정상
region,강원특별자치도,영월군,영월군수학,,영월군수학,C:\Users\user\Documents\GitHub\studynavi\강원과외\영월군과외\영월군수학과외\index.html,high,true,정상
region,강원특별자치도,영월군,영월군영어,,영월군영어,C:\Users\user\Documents\GitHub\studynavi\강원과외\영월군과외\영월군영어과외\index.html,high,true,정상
region,강원특별자치도,영월군,영월동,,영월동,C:\Users\user\Documents\GitHub\studynavi\강원과외\영월군과외\영월동과외\index.html,high,true,정상
region,강원특별자치도,원주시,,,원주시,C:\Users\user\Documents\GitHub\studynavi\강원과외\원주시과외\index.html,high,true,정상
region,강원특별자치도,원주시,명륜동,,명륜동,C:\Users\user\Documents\GitHub\studynavi\강원과외\원주시과외\강원명륜동과외\index.html,high,true,정상
region,강원특별자치도,원주시,반곡동,,반곡동,C:\Users\user\Documents\GitHub\studynavi\강원과외\원주시과외\강원반곡동과외\index.html,high,true,정상
region,강원특별자치도,원주시,우산동,,우산동,C:\Users\user\Documents\GitHub\studynavi\강원과외\원주시과외\강원우산동과외\index.html,high,true,정상
region,강원특별자치도,원주시,일산동,,일산동,C:\Users\user\Documents\GitHub\studynavi\강원과외\원주시과외\강원일산동과외\index.html,high,true,정상
region,강원특별자치도,원주시,개운동,,개운동,C:\Users\user\Documents\GitHub\studynavi\강원과외\원주시과외\개운동과외\index.html,high,true,정상
region,강원특별자치도,원주시,관설동,,관설동,C:\Users\user\Documents\GitHub\studynavi\강원과외\원주시과외\관설동과외\index.html,high,true,정상
region,강원특별자치도,원주시,단계동,,단계동,C:\Users\user\Documents\GitHub\studynavi\강원과외\원주시과외\단계동과외\index.html,high,true,정상
region,강원특별자치도,원주시,단구동,,단구동,C:\Users\user\Documents\GitHub\studynavi\강원과외\원주시과외\단구동과외\index.html,high,true,정상
region,강원특별자치도,원주시,마지동,,마지동,C:\Users\user\Documents\GitHub\studynavi\강원과외\원주시과외\마지동과외\index.html,high,true,정상
region,강원특별자치도,원주시,무실동,,무실동,C:\Users\user\Documents\GitHub\studynavi\강원과외\원주시과외\무실동과외\index.html,high,true,정상
region,강원특별자치도,원주시,원주시수학,,원주시수학,C:\Users\user\Documents\GitHub\studynavi\강원과외\원주시과외\원주시수학과외\index.html,high,true,정상
region,강원특별자치도,원주시,원주시영어,,원주시영어,C:\Users\user\Documents\GitHub\studynavi\강원과외\원주시과외\원주시영어과외\index.html,high,true,정상
region,강원특별자치도,원주시,태장동,,태장동,C:\Users\user\Documents\GitHub\studynavi\강원과외\원주시과외\태장동과외\index.html,high,true,정상
region,강원특별자치도,원주시,행구동,,행구동,C:\Users\user\Documents\GitHub\studynavi\강원과외\원주시과외\행구동과외\index.html,high,true,정상
region,강원특별자치도,정선군,,,정선군,C:\Users\user\Documents\GitHub\studynavi\강원과외\정선군과외\index.html,high,true,정상
region,강원특별자치도,정선군,신동,,신동,C:\Users\user\Documents\GitHub\studynavi\강원과외\정선군과외\강원신동과외\index.html,high,true,정상
region,강원특별자치도,정선군,정선군수학,,정선군수학,C:\Users\user\Documents\GitHub\studynavi\강원과외\정선군과외\정선군수학과외\index.html,high,true,정상
region,강원특별자치도,정선군,정선군영어,,정선군영어,C:\Users\user\Documents\GitHub\studynavi\강원과외\정선군과외\정선군영어과외\index.html,high,true,정상
region,강원특별자치도,춘천시,,,춘천시,C:\Users\user\Documents\GitHub\studynavi\강원과외\춘천시과외\index.html,high,true,정상
region,강원특별자치도,춘천시,낙원동,,낙원동,C:\Users\user\Documents\GitHub\studynavi\강원과외\춘천시과외\강원낙원동과외\index.html,high,true,정상
region,강원특별자치도,춘천시,효자동,,효자동,C:\Users\user\Documents\GitHub\studynavi\강원과외\춘천시과외\강원효자동과외\index.html,high,true,정상
region,강원특별자치도,춘천시,사농동,,사농동,C:\Users\user\Documents\GitHub\studynavi\강원과외\춘천시과외\사농동과외\index.html,high,true,정상
region,강원특별자치도,춘천시,석사동,,석사동,C:\Users\user\Documents\GitHub\studynavi\강원과외\춘천시과외\석사동과외\index.html,high,true,정상
region,강원특별자치도,춘천시,송암동,,송암동,C:\Users\user\Documents\GitHub\studynavi\강원과외\춘천시과외\송암동과외\index.html,high,true,정상
region,강원특별자치도,춘천시,온의동,,온의동,C:\Users\user\Documents\GitHub\studynavi\강원과외\춘천시과외\온의동과외\index.html,high,true,정상
region,강원특별자치도,춘천시,춘천시교동,,춘천시교동,C:\Users\user\Documents\GitHub\studynavi\강원과외\춘천시과외\춘천시교동과외\index.html,high,true,정상
region,강원특별자치도,춘천시,춘천시수학,,춘천시수학,C:\Users\user\Documents\GitHub\studynavi\강원과외\춘천시과외\춘천시수학과외\index.html,high,true,정상
region,강원특별자치도,춘천시,춘천시영어,,춘천시영어,C:\Users\user\Documents\GitHub\studynavi\강원과외\춘천시과외\춘천시영어과외\index.html,high,true,정상
region,강원특별자치도,춘천시,퇴계동,,퇴계동,C:\Users\user\Documents\GitHub\studynavi\강원과외\춘천시과외\퇴계동과외\index.html,high,true,정상
region,강원특별자치도,춘천시,후평동,,후평동,C:\Users\user\Documents\GitHub\studynavi\강원과외\춘천시과외\후평동과외\index.html,high,true,정상
region,강원특별자치도,태백시,,,태백시,C:\Users\user\Documents\GitHub\studynavi\강원과외\태백시과외\index.html,high,true,정상
region,강원특별자치도,태백시,장성동,,장성동,C:\Users\user\Documents\GitHub\studynavi\강원과외\태백시과외\강원장성동과외\index.html,high,true,정상
region,강원특별자치도,태백시,문곡동,,문곡동,C:\Users\user\Documents\GitHub\studynavi\강원과외\태백시과외\문곡동과외\index.html,high,true,정상
region,강원특별자치도,태백시,철암동,,철암동,C:\Users\user\Documents\GitHub\studynavi\강원과외\태백시과외\철암동과외\index.html,high,true,정상
region,강원특별자치도,태백시,태백시수학,,태백시수학,C:\Users\user\Documents\GitHub\studynavi\강원과외\태백시과외\태백시수학과외\index.html,high,true,정상
region,강원특별자치도,태백시,태백시영어,,태백시영어,C:\Users\user\Documents\GitHub\studynavi\강원과외\태백시과외\태백시영어과외\index.html,high,true,정상
region,강원특별자치도,태백시,황지동,,황지동,C:\Users\user\Documents\GitHub\studynavi\강원과외\태백시과외\황지동과외\index.html,high,true,정상
region,강원특별자치도,평창군,,,평창군,C:\Users\user\Documents\GitHub\studynavi\강원과외\평창군과외\index.html,high,true,정상
region,강원특별자치도,평창군,평창군서동,,평창군서동,C:\Users\user\Documents\GitHub\studynavi\강원과외\평창군과외\평창군서동과외\index.html,high,true,정상
region,강원특별자치도,평창군,평창군수학,,평창군수학,C:\Users\user\Documents\GitHub\studynavi\강원과외\평창군과외\평창군수학과외\index.html,high,true,정상
region,강원특별자치도,평창군,평창군영어,,평창군영어,C:\Users\user\Documents\GitHub\studynavi\강원과외\평창군과외\평창군영어과외\index.html,high,true,정상
region,강원특별자치도,화천군,,,화천군,C:\Users\user\Documents\GitHub\studynavi\강원과외\화천군과외\index.html,high,true,정상
region,강원특별자치도,화천군,간동,,간동,C:\Users\user\Documents\GitHub\studynavi\강원과외\화천군과외\간동과외\index.html,high,true,정상
region,강원특별자치도,화천군,화천군수학,,화천군수학,C:\Users\user\Documents\GitHub\studynavi\강원과외\화천군과외\화천군수학과외\index.html,high,true,정상
region,강원특별자치도,화천군,화천군영어,,화천군영어,C:\Users\user\Documents\GitHub\studynavi\강원과외\화천군과외\화천군영어과외\index.html,high,true,정상
region,강원특별자치도,횡성군,,,횡성군,C:\Users\user\Documents\GitHub\studynavi\강원과외\횡성군과외\index.html,high,true,정상
region,강원특별자치도,횡성군,대동,,대동,C:\Users\user\Documents\GitHub\studynavi\강원과외\횡성군과외\강원대동과외\index.html,high,true,정상
region,강원특별자치도,횡성군,횡성군서동,,횡성군서동,C:\Users\user\Documents\GitHub\studynavi\강원과외\횡성군과외\횡성군서동과외\index.html,high,true,정상
region,강원특별자치도,횡성군,횡성군수학,,횡성군수학,C:\Users\user\Documents\GitHub\studynavi\강원과외\횡성군과외\횡성군수학과외\index.html,high,true,정상
region,강원특별자치도,횡성군,횡성군영어,,횡성군영어,C:\Users\user\Documents\GitHub\studynavi\강원과외\횡성군과외\횡성군영어과외\index.html,high,true,정상
region,경기도,,,,경기도,C:\Users\user\Documents\GitHub\studynavi\경기과외\index.html,high,true,정상
region,경기도,경기고등,,,경기고등,C:\Users\user\Documents\GitHub\studynavi\경기과외\경기고등과외\index.html,high,true,정상
region,경기도,경기수학,,,경기수학,C:\Users\user\Documents\GitHub\studynavi\경기과외\경기수학과외\index.html,high,true,정상
region,경기도,경기수학,경기고등수학,,경기고등수학,C:\Users\user\Documents\GitHub\studynavi\경기과외\경기수학과외\경기고등수학과외\index.html,high,true,정상
region,경기도,경기수학,경기중등수학,,경기중등수학,C:\Users\user\Documents\GitHub\studynavi\경기과외\경기수학과외\경기중등수학과외\index.html,high,true,정상
region,경기도,경기수학,경기초등수학,,경기초등수학,C:\Users\user\Documents\GitHub\studynavi\경기과외\경기수학과외\경기초등수학과외\index.html,high,true,정상
region,경기도,경기영어,,,경기영어,C:\Users\user\Documents\GitHub\studynavi\경기과외\경기영어과외\index.html,high,true,정상
region,경기도,경기영어,경기고등영어,,경기고등영어,C:\Users\user\Documents\GitHub\studynavi\경기과외\경기영어과외\경기고등영어과외\index.html,high,true,정상
region,경기도,경기영어,경기중등영어,,경기중등영어,C:\Users\user\Documents\GitHub\studynavi\경기과외\경기영어과외\경기중등영어과외\index.html,high,true,정상
region,경기도,경기영어,경기초등영어,,경기초등영어,C:\Users\user\Documents\GitHub\studynavi\경기과외\경기영어과외\경기초등영어과외\index.html,high,true,정상
region,경기도,경기중등,,,경기중등,C:\Users\user\Documents\GitHub\studynavi\경기과외\경기중등과외\index.html,high,true,정상
region,경기도,경기초등,,,경기초등,C:\Users\user\Documents\GitHub\studynavi\경기과외\경기초등과외\index.html,high,true,정상
region,경기도,고양시,,,고양시,C:\Users\user\Documents\GitHub\studynavi\경기과외\고양시과외\index.html,high,true,정상
region,경기도,고양시,가좌동,,가좌동,C:\Users\user\Documents\GitHub\studynavi\경기과외\고양시과외\경기가좌동과외\index.html,high,true,정상
region,경기도,고양시,동산동,,동산동,C:\Users\user\Documents\GitHub\studynavi\경기과외\고양시과외\경기동산동과외\index.html,high,true,정상
region,경기도,고양시,백석동,,백석동,C:\Users\user\Documents\GitHub\studynavi\경기과외\고양시과외\경기백석동과외\index.html,high,true,정상
region,경기도,고양시,신원동,,신원동,C:\Users\user\Documents\GitHub\studynavi\경기과외\고양시과외\경기신원동과외\index.html,high,true,정상
region,경기도,고양시,일산동,,일산동,C:\Users\user\Documents\GitHub\studynavi\경기과외\고양시과외\경기일산동과외\index.html,high,true,정상
region,경기도,고양시,중산동,,중산동,C:\Users\user\Documents\GitHub\studynavi\경기과외\고양시과외\경기중산동과외\index.html,high,true,정상
region,경기도,고양시,화정동,,화정동,C:\Users\user\Documents\GitHub\studynavi\경기과외\고양시과외\경기화정동과외\index.html,high,true,정상
region,경기도,고양시,고양동,,고양동,C:\Users\user\Documents\GitHub\studynavi\경기과외\고양시과외\고양동과외\index.html,high,true,정상
region,경기도,고양시,고양시수학,,고양시수학,C:\Users\user\Documents\GitHub\studynavi\경기과외\고양시과외\고양시수학과외\index.html,high,true,정상
region,경기도,고양시,고양시영어,,고양시영어,C:\Users\user\Documents\GitHub\studynavi\경기과외\고양시과외\고양시영어과외\index.html,high,true,정상
region,경기도,고양시,관산동,,관산동,C:\Users\user\Documents\GitHub\studynavi\경기과외\고양시과외\관산동과외\index.html,high,true,정상
region,경기도,고양시,대화동,,대화동,C:\Users\user\Documents\GitHub\studynavi\경기과외\고양시과외\대화동과외\index.html,high,true,정상
region,경기도,고양시,덕은동,,덕은동,C:\Users\user\Documents\GitHub\studynavi\경기과외\고양시과외\덕은동과외\index.html,high,true,정상
region,경기도,고양시,덕이동,,덕이동,C:\Users\user\Documents\GitHub\studynavi\경기과외\고양시과외\덕이동과외\index.html,high,true,정상
region,경기도,고양시,도내동,,도내동,C:\Users\user\Documents\GitHub\studynavi\경기과외\고양시과외\도내동과외\index.html,high,true,정상
region,경기도,고양시,마두동,,마두동,C:\Users\user\Documents\GitHub\studynavi\경기과외\고양시과외\마두동과외\index.html,high,true,정상
region,경기도,고양시,삼송동,,삼송동,C:\Users\user\Documents\GitHub\studynavi\경기과외\고양시과외\삼송동과외\index.html,high,true,정상
region,경기도,고양시,성사동,,성사동,C:\Users\user\Documents\GitHub\studynavi\경기과외\고양시과외\성사동과외\index.html,high,true,정상
region,경기도,고양시,식사동,,식사동,C:\Users\user\Documents\GitHub\studynavi\경기과외\고양시과외\식사동과외\index.html,high,true,정상
region,경기도,고양시,정발산동,,정발산동,C:\Users\user\Documents\GitHub\studynavi\경기과외\고양시과외\정발산동과외\index.html,high,true,정상
region,경기도,고양시,주교동,,주교동,C:\Users\user\Documents\GitHub\studynavi\경기과외\고양시과외\주교동과외\index.html,high,true,정상
region,경기도,고양시,주엽동,,주엽동,C:\Users\user\Documents\GitHub\studynavi\경기과외\고양시과외\주엽동과외\index.html,high,true,정상
region,경기도,고양시,지축동,,지축동,C:\Users\user\Documents\GitHub\studynavi\경기과외\고양시과외\지축동과외\index.html,high,true,정상
region,경기도,고양시,탄현동,,탄현동,C:\Users\user\Documents\GitHub\studynavi\경기과외\고양시과외\탄현동과외\index.html,high,true,정상
region,경기도,고양시,토당동,,토당동,C:\Users\user\Documents\GitHub\studynavi\경기과외\고양시과외\토당동과외\index.html,high,true,정상
region,경기도,고양시,풍동,,풍동,C:\Users\user\Documents\GitHub\studynavi\경기과외\고양시과외\풍동과외\index.html,high,true,정상
region,경기도,고양시,행신동,,행신동,C:\Users\user\Documents\GitHub\studynavi\경기과외\고양시과외\행신동과외\index.html,high,true,정상
region,경기도,고양시,향동동,,향동동,C:\Users\user\Documents\GitHub\studynavi\경기과외\고양시과외\향동동과외\index.html,high,true,정상
region,경기도,고양시,화전동,,화전동,C:\Users\user\Documents\GitHub\studynavi\경기과외\고양시과외\화전동과외\index.html,high,true,정상
region,경기도,과천시,,,과천시,C:\Users\user\Documents\GitHub\studynavi\경기과외\과천시과외\index.html,high,true,정상
region,경기도,과천시,갈현동,,갈현동,C:\Users\user\Documents\GitHub\studynavi\경기과외\과천시과외\경기갈현동과외\index.html,high,true,정상
region,경기도,과천시,중앙동,,중앙동,C:\Users\user\Documents\GitHub\studynavi\경기과외\과천시과외\경기중앙동과외\index.html,high,true,정상
region,경기도,과천시,과천시수학,,과천시수학,C:\Users\user\Documents\GitHub\studynavi\경기과외\과천시과외\과천시수학과외\index.html,high,true,정상
region,경기도,과천시,과천시영어,,과천시영어,C:\Users\user\Documents\GitHub\studynavi\경기과외\과천시과외\과천시영어과외\index.html,high,true,정상
region,경기도,과천시,별양동,,별양동,C:\Users\user\Documents\GitHub\studynavi\경기과외\과천시과외\별양동과외\index.html,high,true,정상
region,경기도,광명시,,,광명시,C:\Users\user\Documents\GitHub\studynavi\경기과외\광명시과외\index.html,high,true,정상
region,경기도,광명시,광명동,,광명동,C:\Users\user\Documents\GitHub\studynavi\경기과외\광명시과외\광명동과외\index.html,high,true,정상
region,경기도,광명시,광명시수학,,광명시수학,C:\Users\user\Documents\GitHub\studynavi\경기과외\광명시과외\광명시수학과외\index.html,high,true,정상
region,경기도,광명시,광명시영어,,광명시영어,C:\Users\user\Documents\GitHub\studynavi\경기과외\광명시과외\광명시영어과외\index.html,high,true,정상
region,경기도,광명시,소하동,,소하동,C:\Users\user\Documents\GitHub\studynavi\경기과외\광명시과외\소하동과외\index.html,high,true,정상
region,경기도,광명시,일직동,,일직동,C:\Users\user\Documents\GitHub\studynavi\경기과외\광명시과외\일직동과외\index.html,high,true,정상
region,경기도,광명시,철산동,,철산동,C:\Users\user\Documents\GitHub\studynavi\경기과외\광명시과외\철산동과외\index.html,high,true,정상
region,경기도,광명시,하안동,,하안동,C:\Users\user\Documents\GitHub\studynavi\경기과외\광명시과외\하안동과외\index.html,high,true,정상
region,경기도,광주시,,,광주시,C:\Users\user\Documents\GitHub\studynavi\경기과외\광주시과외\index.html,high,true,정상
region,경기도,광주시,신현동,,신현동,C:\Users\user\Documents\GitHub\studynavi\경기과외\광주시과외\경기신현동과외\index.html,high,true,정상
region,경기도,광주시,태전동,,태전동,C:\Users\user\Documents\GitHub\studynavi\경기과외\광주시과외\경기태전동과외\index.html,high,true,정상
region,경기도,광주시,경안동,,경안동,C:\Users\user\Documents\GitHub\studynavi\경기과외\광주시과외\경안동과외\index.html,high,true,정상
region,경기도,광주시,광주시송정동,,광주시송정동,C:\Users\user\Documents\GitHub\studynavi\경기과외\광주시과외\광주시송정동과외\index.html,high,true,정상
region,경기도,광주시,광주시수학,,광주시수학,C:\Users\user\Documents\GitHub\studynavi\경기과외\광주시과외\광주시수학과외\index.html,high,true,정상
region,경기도,광주시,광주시영어,,광주시영어,C:\Users\user\Documents\GitHub\studynavi\경기과외\광주시과외\광주시영어과외\index.html,high,true,정상
region,경기도,광주시,광주시장지동,,광주시장지동,C:\Users\user\Documents\GitHub\studynavi\경기과외\광주시과외\광주시장지동과외\index.html,high,true,정상
region,경기도,광주시,역동,,역동,C:\Users\user\Documents\GitHub\studynavi\경기과외\광주시과외\역동과외\index.html,high,true,정상
region,경기도,광주시,탄벌동,,탄벌동,C:\Users\user\Documents\GitHub\studynavi\경기과외\광주시과외\탄벌동과외\index.html,high,true,정상
region,경기도,구리시,,,구리시,C:\Users\user\Documents\GitHub\studynavi\경기과외\구리시과외\index.html,high,true,정상
region,경기도,구리시,갈매동,,갈매동,C:\Users\user\Documents\GitHub\studynavi\경기과외\구리시과외\갈매동과외\index.html,high,true,정상
region,경기도,구리시,토평동,,토평동,C:\Users\user\Documents\GitHub\studynavi\경기과외\구리시과외\경기토평동과외\index.html,high,true,정상
region,경기도,구리시,교문동,,교문동,C:\Users\user\Documents\GitHub\studynavi\경기과외\구리시과외\교문동과외\index.html,high,true,정상
region,경기도,구리시,구리시수학,,구리시수학,C:\Users\user\Documents\GitHub\studynavi\경기과외\구리시과외\구리시수학과외\index.html,high,true,정상
region,경기도,구리시,구리시영어,,구리시영어,C:\Users\user\Documents\GitHub\studynavi\경기과외\구리시과외\구리시영어과외\index.html,high,true,정상
region,경기도,구리시,수택동,,수택동,C:\Users\user\Documents\GitHub\studynavi\경기과외\구리시과외\수택동과외\index.html,high,true,정상
region,경기도,구리시,인창동,,인창동,C:\Users\user\Documents\GitHub\studynavi\경기과외\구리시과외\인창동과외\index.html,high,true,정상
region,경기도,군포시,,,군포시,C:\Users\user\Documents\GitHub\studynavi\경기과외\군포시과외\index.html,high,true,정상
region,경기도,군포시,군포시당동,,군포시당동,C:\Users\user\Documents\GitHub\studynavi\경기과외\군포시과외\군포시당동과외\index.html,high,true,정상
region,경기도,군포시,군포시부곡동,,군포시부곡동,C:\Users\user\Documents\GitHub\studynavi\경기과외\군포시과외\군포시부곡동과외\index.html,high,true,정상
region,경기도,군포시,군포시수학,,군포시수학,C:\Users\user\Documents\GitHub\studynavi\경기과외\군포시과외\군포시수학과외\index.html,high,true,정상
region,경기도,군포시,군포시영어,,군포시영어,C:\Users\user\Documents\GitHub\studynavi\경기과외\군포시과외\군포시영어과외\index.html,high,true,정상
region,경기도,군포시,금정동,,금정동,C:\Users\user\Documents\GitHub\studynavi\경기과외\군포시과외\금정동과외\index.html,high,true,정상
region,경기도,군포시,당정동,,당정동,C:\Users\user\Documents\GitHub\studynavi\경기과외\군포시과외\당정동과외\index.html,high,true,정상
region,경기도,군포시,산본동,,산본동,C:\Users\user\Documents\GitHub\studynavi\경기과외\군포시과외\산본동과외\index.html,high,true,정상
region,경기도,김포시,,,김포시,C:\Users\user\Documents\GitHub\studynavi\경기과외\김포시과외\index.html,high,true,정상
region,경기도,김포시,감정동,,감정동,C:\Users\user\Documents\GitHub\studynavi\경기과외\김포시과외\감정동과외\index.html,high,true,정상
region,경기도,김포시,구래동,,구래동,C:\Users\user\Documents\GitHub\studynavi\경기과외\김포시과외\구래동과외\index.html,high,true,정상
region,경기도,김포시,김포시수학,,김포시수학,C:\Users\user\Documents\GitHub\studynavi\경기과외\김포시과외\김포시수학과외\index.html,high,true,정상
region,경기도,김포시,김포시영어,,김포시영어,C:\Users\user\Documents\GitHub\studynavi\경기과외\김포시과외\김포시영어과외\index.html,high,true,정상
region,경기도,김포시,마산동,,마산동,C:\Users\user\Documents\GitHub\studynavi\경기과외\김포시과외\마산동과외\index.html,high,true,정상
region,경기도,김포시,북변동,,북변동,C:\Users\user\Documents\GitHub\studynavi\경기과외\김포시과외\북변동과외\index.html,high,true,정상
region,경기도,김포시,사우동,,사우동,C:\Users\user\Documents\GitHub\studynavi\경기과외\김포시과외\사우동과외\index.html,high,true,정상
region,경기도,김포시,운양동,,운양동,C:\Users\user\Documents\GitHub\studynavi\경기과외\김포시과외\운양동과외\index.html,high,true,정상
region,경기도,김포시,장기동,,장기동,C:\Users\user\Documents\GitHub\studynavi\경기과외\김포시과외\장기동과외\index.html,high,true,정상
region,경기도,김포시,풍무동,,풍무동,C:\Users\user\Documents\GitHub\studynavi\경기과외\김포시과외\풍무동과외\index.html,high,true,정상
region,경기도,남양주시,,,남양주시,C:\Users\user\Documents\GitHub\studynavi\경기과외\남양주시과외\index.html,high,true,정상
region,경기도,남양주시,가운동,,가운동,C:\Users\user\Documents\GitHub\studynavi\경기과외\남양주시과외\가운동과외\index.html,high,true,정상
region,경기도,남양주시,수동,,수동,C:\Users\user\Documents\GitHub\studynavi\경기과외\남양주시과외\경기수동과외\index.html,high,true,정상
region,경기도,남양주시,광동,,광동,C:\Users\user\Documents\GitHub\studynavi\경기과외\남양주시과외\광동과외\index.html,high,true,정상
region,경기도,남양주시,남양주시금곡동,,남양주시금곡동,C:\Users\user\Documents\GitHub\studynavi\경기과외\남양주시과외\남양주시금곡동과외\index.html,high,true,정상
region,경기도,남양주시,남양주시수학,,남양주시수학,C:\Users\user\Documents\GitHub\studynavi\경기과외\남양주시과외\남양주시수학과외\index.html,high,true,정상
region,경기도,남양주시,남양주시영어,,남양주시영어,C:\Users\user\Documents\GitHub\studynavi\경기과외\남양주시과외\남양주시영어과외\index.html,high,true,정상
region,경기도,남양주시,다산동,,다산동,C:\Users\user\Documents\GitHub\studynavi\경기과외\남양주시과외\다산동과외\index.html,high,true,정상
region,경기도,남양주시,별내동,,별내동,C:\Users\user\Documents\GitHub\studynavi\경기과외\남양주시과외\별내동과외\index.html,high,true,정상
region,경기도,남양주시,지금동,,지금동,C:\Users\user\Documents\GitHub\studynavi\경기과외\남양주시과외\지금동과외\index.html,high,true,정상
region,경기도,남양주시,평내동,,평내동,C:\Users\user\Documents\GitHub\studynavi\경기과외\남양주시과외\평내동과외\index.html,high,true,정상
region,경기도,남양주시,호평동,,호평동,C:\Users\user\Documents\GitHub\studynavi\경기과외\남양주시과외\호평동과외\index.html,high,true,정상
region,경기도,동두천시,,,동두천시,C:\Users\user\Documents\GitHub\studynavi\경기과외\동두천시과외\index.html,high,true,정상
region,경기도,동두천시,동두천시송내동,,동두천시송내동,C:\Users\user\Documents\GitHub\studynavi\경기과외\동두천시과외\동두천시송내동과외\index.html,high,true,정상
region,경기도,동두천시,동두천시수학,,동두천시수학,C:\Users\user\Documents\GitHub\studynavi\경기과외\동두천시과외\동두천시수학과외\index.html,high,true,정상
region,경기도,동두천시,동두천시안흥동,,동두천시안흥동,C:\Users\user\Documents\GitHub\studynavi\경기과외\동두천시과외\동두천시안흥동과외\index.html,high,true,정상
region,경기도,동두천시,동두천시영어,,동두천시영어,C:\Users\user\Documents\GitHub\studynavi\경기과외\동두천시과외\동두천시영어과외\index.html,high,true,정상
region,경기도,동두천시,생연동,,생연동,C:\Users\user\Documents\GitHub\studynavi\경기과외\동두천시과외\생연동과외\index.html,high,true,정상
region,경기도,동두천시,지행동,,지행동,C:\Users\user\Documents\GitHub\studynavi\경기과외\동두천시과외\지행동과외\index.html,high,true,정상
region,경기도,부천시,,,부천시,C:\Users\user\Documents\GitHub\studynavi\경기과외\부천시과외\index.html,high,true,정상
region,경기도,부천시,오정동,,오정동,C:\Users\user\Documents\GitHub\studynavi\경기과외\부천시과외\경기오정동과외\index.html,high,true,정상
region,경기도,부천시,고강동,,고강동,C:\Users\user\Documents\GitHub\studynavi\경기과외\부천시과외\고강동과외\index.html,high,true,정상
region,경기도,부천시,괴안동,,괴안동,C:\Users\user\Documents\GitHub\studynavi\경기과외\부천시과외\괴안동과외\index.html,high,true,정상
region,경기도,부천시,도당동,,도당동,C:\Users\user\Documents\GitHub\studynavi\경기과외\부천시과외\도당동과외\index.html,high,true,정상
region,경기도,부천시,범박동,,범박동,C:\Users\user\Documents\GitHub\studynavi\경기과외\부천시과외\범박동과외\index.html,high,true,정상
region,경기도,부천시,부천시내동,,부천시내동,C:\Users\user\Documents\GitHub\studynavi\경기과외\부천시과외\부천시내동과외\index.html,high,true,정상
region,경기도,부천시,부천시상동,,부천시상동,C:\Users\user\Documents\GitHub\studynavi\경기과외\부천시과외\부천시상동과외\index.html,high,true,정상
region,경기도,부천시,부천시송내동,,부천시송내동,C:\Users\user\Documents\GitHub\studynavi\경기과외\부천시과외\부천시송내동과외\index.html,high,true,정상
region,경기도,부천시,부천시수학,,부천시수학,C:\Users\user\Documents\GitHub\studynavi\경기과외\부천시과외\부천시수학과외\index.html,high,true,정상
region,경기도,부천시,부천시영어,,부천시영어,C:\Users\user\Documents\GitHub\studynavi\경기과외\부천시과외\부천시영어과외\index.html,high,true,정상
region,경기도,부천시,부천시중동,,부천시중동,C:\Users\user\Documents\GitHub\studynavi\경기과외\부천시과외\부천시중동과외\index.html,high,true,정상
region,경기도,부천시,소사동,,소사동,C:\Users\user\Documents\GitHub\studynavi\경기과외\부천시과외\소사동과외\index.html,high,true,정상
region,경기도,부천시,소사본동,,소사본동,C:\Users\user\Documents\GitHub\studynavi\경기과외\부천시과외\소사본동과외\index.html,high,true,정상
region,경기도,부천시,심곡본동,,심곡본동,C:\Users\user\Documents\GitHub\studynavi\경기과외\부천시과외\심곡본동과외\index.html,high,true,정상
region,경기도,부천시,여월동,,여월동,C:\Users\user\Documents\GitHub\studynavi\경기과외\부천시과외\여월동과외\index.html,high,true,정상
region,경기도,부천시,역곡동,,역곡동,C:\Users\user\Documents\GitHub\studynavi\경기과외\부천시과외\역곡동과외\index.html,high,true,정상
region,경기도,부천시,옥길동,,옥길동,C:\Users\user\Documents\GitHub\studynavi\경기과외\부천시과외\옥길동과외\index.html,high,true,정상
region,경기도,부천시,원미동,,원미동,C:\Users\user\Documents\GitHub\studynavi\경기과외\부천시과외\원미동과외\index.html,high,true,정상
region,경기도,부천시,원종동,,원종동,C:\Users\user\Documents\GitHub\studynavi\경기과외\부천시과외\원종동과외\index.html,high,true,정상
region,경기도,부천시,작동,,작동,C:\Users\user\Documents\GitHub\studynavi\경기과외\부천시과외\작동과외\index.html,high,true,정상
region,경기도,성남시,,,성남시,C:\Users\user\Documents\GitHub\studynavi\경기과외\성남시과외\index.html,high,true,정상
region,경기도,성남시,신흥동,,신흥동,C:\Users\user\Documents\GitHub\studynavi\경기과외\성남시과외\경기신흥동과외\index.html,high,true,정상
region,경기도,성남시,태평동,,태평동,C:\Users\user\Documents\GitHub\studynavi\경기과외\성남시과외\경기태평동과외\index.html,high,true,정상
region,경기도,성남시,구미동,,구미동,C:\Users\user\Documents\GitHub\studynavi\경기과외\성남시과외\구미동과외\index.html,high,true,정상
region,경기도,성남시,금광동,,금광동,C:\Users\user\Documents\GitHub\studynavi\경기과외\성남시과외\금광동과외\index.html,high,true,정상
region,경기도,성남시,단대동,,단대동,C:\Users\user\Documents\GitHub\studynavi\경기과외\성남시과외\단대동과외\index.html,high,true,정상
region,경기도,성남시,대장동,,대장동,C:\Users\user\Documents\GitHub\studynavi\경기과외\성남시과외\대장동과외\index.html,high,true,정상
region,경기도,성남시,도촌동,,도촌동,C:\Users\user\Documents\GitHub\studynavi\경기과외\성남시과외\도촌동과외\index.html,high,true,정상
region,경기도,성남시,동원동,,동원동,C:\Users\user\Documents\GitHub\studynavi\경기과외\성남시과외\동원동과외\index.html,high,true,정상
region,경기도,성남시,백현동,,백현동,C:\Users\user\Documents\GitHub\studynavi\경기과외\성남시과외\백현동과외\index.html,high,true,정상
region,경기도,성남시,복정동,,복정동,C:\Users\user\Documents\GitHub\studynavi\경기과외\성남시과외\복정동과외\index.html,high,true,정상
region,경기도,성남시,분당동,,분당동,C:\Users\user\Documents\GitHub\studynavi\경기과외\성남시과외\분당동과외\index.html,high,true,정상
region,경기도,성남시,산성동,,산성동,C:\Users\user\Documents\GitHub\studynavi\경기과외\성남시과외\산성동과외\index.html,high,true,정상
region,경기도,성남시,삼평동,,삼평동,C:\Users\user\Documents\GitHub\studynavi\경기과외\성남시과외\삼평동과외\index.html,high,true,정상
region,경기도,성남시,서현동,,서현동,C:\Users\user\Documents\GitHub\studynavi\경기과외\성남시과외\서현동과외\index.html,high,true,정상
region,경기도,성남시,성남동,,성남동,C:\Users\user\Documents\GitHub\studynavi\경기과외\성남시과외\성남동과외\index.html,high,true,정상
region,경기도,성남시,성남시금곡동,,성남시금곡동,C:\Users\user\Documents\GitHub\studynavi\경기과외\성남시과외\성남시금곡동과외\index.html,high,true,정상
region,경기도,성남시,성남시수학,,성남시수학,C:\Users\user\Documents\GitHub\studynavi\경기과외\성남시과외\성남시수학과외\index.html,high,true,정상
region,경기도,성남시,성남시영어,,성남시영어,C:\Users\user\Documents\GitHub\studynavi\경기과외\성남시과외\성남시영어과외\index.html,high,true,정상
region,경기도,성남시,성남시은행동,,성남시은행동,C:\Users\user\Documents\GitHub\studynavi\경기과외\성남시과외\성남시은행동과외\index.html,high,true,정상
region,경기도,성남시,성남시정자동,,성남시정자동,C:\Users\user\Documents\GitHub\studynavi\경기과외\성남시과외\성남시정자동과외\index.html,high,true,정상
region,경기도,성남시,수내동,,수내동,C:\Users\user\Documents\GitHub\studynavi\경기과외\성남시과외\수내동과외\index.html,high,true,정상
region,경기도,성남시,수진동,,수진동,C:\Users\user\Documents\GitHub\studynavi\경기과외\성남시과외\수진동과외\index.html,high,true,정상
region,경기도,성남시,심곡동,,심곡동,C:\Users\user\Documents\GitHub\studynavi\경기과외\성남시과외\심곡동과외\index.html,high,true,정상
region,경기도,성남시,야탑동,,야탑동,C:\Users\user\Documents\GitHub\studynavi\경기과외\성남시과외\야탑동과외\index.html,high,true,정상
region,경기도,성남시,운중동,,운중동,C:\Users\user\Documents\GitHub\studynavi\경기과외\성남시과외\운중동과외\index.html,high,true,정상
region,경기도,성남시,이매동,,이매동,C:\Users\user\Documents\GitHub\studynavi\경기과외\성남시과외\이매동과외\index.html,high,true,정상
region,경기도,성남시,창곡동,,창곡동,C:\Users\user\Documents\GitHub\studynavi\경기과외\성남시과외\창곡동과외\index.html,high,true,정상
region,경기도,성남시,판교동,,판교동,C:\Users\user\Documents\GitHub\studynavi\경기과외\성남시과외\판교동과외\index.html,high,true,정상
region,경기도,성남시,하대원동,,하대원동,C:\Users\user\Documents\GitHub\studynavi\경기과외\성남시과외\하대원동과외\index.html,high,true,정상
region,경기도,수원시,,,수원시,C:\Users\user\Documents\GitHub\studynavi\경기과외\수원시과외\index.html,high,true,정상
region,경기도,수원시,탑동,,탑동,C:\Users\user\Documents\GitHub\studynavi\경기과외\수원시과외\경기탑동과외\index.html,high,true,정상
region,경기도,수원시,하동,,하동,C:\Users\user\Documents\GitHub\studynavi\경기과외\수원시과외\경기하동과외\index.html,high,true,정상
region,경기도,수원시,고등동,,고등동,C:\Users\user\Documents\GitHub\studynavi\경기과외\수원시과외\고등동과외\index.html,high,true,정상
region,경기도,수원시,고색동,,고색동,C:\Users\user\Documents\GitHub\studynavi\경기과외\수원시과외\고색동과외\index.html,high,true,정상
region,경기도,수원시,곡반정동,,곡반정동,C:\Users\user\Documents\GitHub\studynavi\경기과외\수원시과외\곡반정동과외\index.html,high,true,정상
region,경기도,수원시,구운동,,구운동,C:\Users\user\Documents\GitHub\studynavi\경기과외\수원시과외\구운동과외\index.html,high,true,정상
region,경기도,수원시,권선동,,권선동,C:\Users\user\Documents\GitHub\studynavi\경기과외\수원시과외\권선동과외\index.html,high,true,정상
region,경기도,수원시,당수동,,당수동,C:\Users\user\Documents\GitHub\studynavi\경기과외\수원시과외\당수동과외\index.html,high,true,정상
region,경기도,수원시,망포동,,망포동,C:\Users\user\Documents\GitHub\studynavi\경기과외\수원시과외\망포동과외\index.html,high,true,정상
region,경기도,수원시,매교동,,매교동,C:\Users\user\Documents\GitHub\studynavi\경기과외\수원시과외\매교동과외\index.html,high,true,정상
region,경기도,수원시,매탄동,,매탄동,C:\Users\user\Documents\GitHub\studynavi\경기과외\수원시과외\매탄동과외\index.html,high,true,정상
region,경기도,수원시,매향동,,매향동,C:\Users\user\Documents\GitHub\studynavi\경기과외\수원시과외\매향동과외\index.html,high,true,정상
region,경기도,수원시,서둔동,,서둔동,C:\Users\user\Documents\GitHub\studynavi\경기과외\수원시과외\서둔동과외\index.html,high,true,정상
region,경기도,수원시,세류동,,세류동,C:\Users\user\Documents\GitHub\studynavi\경기과외\수원시과외\세류동과외\index.html,high,true,정상
region,경기도,수원시,송죽동,,송죽동,C:\Users\user\Documents\GitHub\studynavi\경기과외\수원시과외\송죽동과외\index.html,high,true,정상
region,경기도,수원시,수원시금곡동,,수원시금곡동,C:\Users\user\Documents\GitHub\studynavi\경기과외\수원시과외\수원시금곡동과외\index.html,high,true,정상
region,경기도,수원시,수원시수학,,수원시수학,C:\Users\user\Documents\GitHub\studynavi\경기과외\수원시과외\수원시수학과외\index.html,high,true,정상
region,경기도,수원시,수원시영어,,수원시영어,C:\Users\user\Documents\GitHub\studynavi\경기과외\수원시과외\수원시영어과외\index.html,high,true,정상
region,경기도,수원시,수원시정자동,,수원시정자동,C:\Users\user\Documents\GitHub\studynavi\경기과외\수원시과외\수원시정자동과외\index.html,high,true,정상
region,경기도,수원시,연무동,,연무동,C:\Users\user\Documents\GitHub\studynavi\경기과외\수원시과외\연무동과외\index.html,high,true,정상
region,경기도,수원시,영통동,,영통동,C:\Users\user\Documents\GitHub\studynavi\경기과외\수원시과외\영통동과외\index.html,high,true,정상
region,경기도,수원시,영화동,,영화동,C:\Users\user\Documents\GitHub\studynavi\경기과외\수원시과외\영화동과외\index.html,high,true,정상
region,경기도,수원시,오목천동,,오목천동,C:\Users\user\Documents\GitHub\studynavi\경기과외\수원시과외\오목천동과외\index.html,high,true,정상
region,경기도,수원시,우만동,,우만동,C:\Users\user\Documents\GitHub\studynavi\경기과외\수원시과외\우만동과외\index.html,high,true,정상
region,경기도,수원시,원천동,,원천동,C:\Users\user\Documents\GitHub\studynavi\경기과외\수원시과외\원천동과외\index.html,high,true,정상
region,경기도,수원시,율전동,,율전동,C:\Users\user\Documents\GitHub\studynavi\경기과외\수원시과외\율전동과외\index.html,high,true,정상
region,경기도,수원시,이목동,,이목동,C:\Users\user\Documents\GitHub\studynavi\경기과외\수원시과외\이목동과외\index.html,high,true,정상
region,경기도,수원시,이의동,,이의동,C:\Users\user\Documents\GitHub\studynavi\경기과외\수원시과외\이의동과외\index.html,high,true,정상
region,경기도,수원시,조원동,,조원동,C:\Users\user\Documents\GitHub\studynavi\경기과외\수원시과외\조원동과외\index.html,high,true,정상
region,경기도,수원시,천천동,,천천동,C:\Users\user\Documents\GitHub\studynavi\경기과외\수원시과외\천천동과외\index.html,high,true,정상
region,경기도,수원시,파장동,,파장동,C:\Users\user\Documents\GitHub\studynavi\경기과외\수원시과외\파장동과외\index.html,high,true,정상
region,경기도,수원시,호매실동,,호매실동,C:\Users\user\Documents\GitHub\studynavi\경기과외\수원시과외\호매실동과외\index.html,high,true,정상
region,경기도,수원시,화서동,,화서동,C:\Users\user\Documents\GitHub\studynavi\경기과외\수원시과외\화서동과외\index.html,high,true,정상
region,경기도,시흥시,,,시흥시,C:\Users\user\Documents\GitHub\studynavi\경기과외\시흥시과외\index.html,high,true,정상
region,경기도,시흥시,거모동,,거모동,C:\Users\user\Documents\GitHub\studynavi\경기과외\시흥시과외\거모동과외\index.html,high,true,정상
region,경기도,시흥시,신천동,,신천동,C:\Users\user\Documents\GitHub\studynavi\경기과외\시흥시과외\경기신천동과외\index.html,high,true,정상
region,경기도,시흥시,과림동,,과림동,C:\Users\user\Documents\GitHub\studynavi\경기과외\시흥시과외\과림동과외\index.html,high,true,정상
region,경기도,시흥시,논곡동,,논곡동,C:\Users\user\Documents\GitHub\studynavi\경기과외\시흥시과외\논곡동과외\index.html,high,true,정상
region,경기도,시흥시,능곡동,,능곡동,C:\Users\user\Documents\GitHub\studynavi\경기과외\시흥시과외\능곡동과외\index.html,high,true,정상
region,경기도,시흥시,대야동,,대야동,C:\Users\user\Documents\GitHub\studynavi\경기과외\시흥시과외\대야동과외\index.html,high,true,정상
region,경기도,시흥시,매화동,,매화동,C:\Users\user\Documents\GitHub\studynavi\경기과외\시흥시과외\매화동과외\index.html,high,true,정상
region,경기도,시흥시,배곧동,,배곧동,C:\Users\user\Documents\GitHub\studynavi\경기과외\시흥시과외\배곧동과외\index.html,high,true,정상
region,경기도,시흥시,시흥시수학,,시흥시수학,C:\Users\user\Documents\GitHub\studynavi\경기과외\시흥시과외\시흥시수학과외\index.html,high,true,정상
region,경기도,시흥시,시흥시영어,,시흥시영어,C:\Users\user\Documents\GitHub\studynavi\경기과외\시흥시과외\시흥시영어과외\index.html,high,true,정상
region,경기도,시흥시,시흥시은행동,,시흥시은행동,C:\Users\user\Documents\GitHub\studynavi\경기과외\시흥시과외\시흥시은행동과외\index.html,high,true,정상
region,경기도,시흥시,월곶동,,월곶동,C:\Users\user\Documents\GitHub\studynavi\경기과외\시흥시과외\월곶동과외\index.html,high,true,정상
region,경기도,시흥시,장곡동,,장곡동,C:\Users\user\Documents\GitHub\studynavi\경기과외\시흥시과외\장곡동과외\index.html,high,true,정상
region,경기도,시흥시,장현동,,장현동,C:\Users\user\Documents\GitHub\studynavi\경기과외\시흥시과외\장현동과외\index.html,high,true,정상
region,경기도,시흥시,정왕동,,정왕동,C:\Users\user\Documents\GitHub\studynavi\경기과외\시흥시과외\정왕동과외\index.html,high,true,정상
region,경기도,시흥시,조남동,,조남동,C:\Users\user\Documents\GitHub\studynavi\경기과외\시흥시과외\조남동과외\index.html,high,true,정상
region,경기도,시흥시,하상동,,하상동,C:\Users\user\Documents\GitHub\studynavi\경기과외\시흥시과외\하상동과외\index.html,high,true,정상
region,경기도,안산시,,,안산시,C:\Users\user\Documents\GitHub\studynavi\경기과외\안산시과외\index.html,high,true,정상
region,경기도,안산시,사동,,사동,C:\Users\user\Documents\GitHub\studynavi\경기과외\안산시과외\경기사동과외\index.html,high,true,정상
region,경기도,안산시,신길동,,신길동,C:\Users\user\Documents\GitHub\studynavi\경기과외\안산시과외\경기신길동과외\index.html,high,true,정상
region,경기도,안산시,와동,,와동,C:\Users\user\Documents\GitHub\studynavi\경기과외\안산시과외\경기와동과외\index.html,high,true,정상
region,경기도,안산시,고잔동,,고잔동,C:\Users\user\Documents\GitHub\studynavi\경기과외\안산시과외\고잔동과외\index.html,high,true,정상
region,경기도,안산시,대부북동,,대부북동,C:\Users\user\Documents\GitHub\studynavi\경기과외\안산시과외\대부북동과외\index.html,high,true,정상
region,경기도,안산시,본오동,,본오동,C:\Users\user\Documents\GitHub\studynavi\경기과외\안산시과외\본오동과외\index.html,high,true,정상
region,경기도,안산시,선부동,,선부동,C:\Users\user\Documents\GitHub\studynavi\경기과외\안산시과외\선부동과외\index.html,high,true,정상
region,경기도,안산시,성포동,,성포동,C:\Users\user\Documents\GitHub\studynavi\경기과외\안산시과외\성포동과외\index.html,high,true,정상
region,경기도,안산시,안산시부곡동,,안산시부곡동,C:\Users\user\Documents\GitHub\studynavi\경기과외\안산시과외\안산시부곡동과외\index.html,high,true,정상
region,경기도,안산시,안산시수학,,안산시수학,C:\Users\user\Documents\GitHub\studynavi\경기과외\안산시과외\안산시수학과외\index.html,high,true,정상
region,경기도,안산시,안산시영어,,안산시영어,C:\Users\user\Documents\GitHub\studynavi\경기과외\안산시과외\안산시영어과외\index.html,high,true,정상
region,경기도,안산시,안산시이동,,안산시이동,C:\Users\user\Documents\GitHub\studynavi\경기과외\안산시과외\안산시이동과외\index.html,high,true,정상
region,경기도,안산시,안산시일동,,안산시일동,C:\Users\user\Documents\GitHub\studynavi\경기과외\안산시과외\안산시일동과외\index.html,high,true,정상
region,경기도,안산시,원곡동,,원곡동,C:\Users\user\Documents\GitHub\studynavi\경기과외\안산시과외\원곡동과외\index.html,high,true,정상
region,경기도,안산시,월피동,,월피동,C:\Users\user\Documents\GitHub\studynavi\경기과외\안산시과외\월피동과외\index.html,high,true,정상
region,경기도,안산시,장상동,,장상동,C:\Users\user\Documents\GitHub\studynavi\경기과외\안산시과외\장상동과외\index.html,high,true,정상
region,경기도,안산시,초지동,,초지동,C:\Users\user\Documents\GitHub\studynavi\경기과외\안산시과외\초지동과외\index.html,high,true,정상
region,경기도,안산시,팔곡일동,,팔곡일동,C:\Users\user\Documents\GitHub\studynavi\경기과외\안산시과외\팔곡일동과외\index.html,high,true,정상
region,경기도,안성시,,,안성시,C:\Users\user\Documents\GitHub\studynavi\경기과외\안성시과외\index.html,high,true,정상
region,경기도,안성시,구포동,,구포동,C:\Users\user\Documents\GitHub\studynavi\경기과외\안성시과외\경기구포동과외\index.html,high,true,정상
region,경기도,안성시,낙원동,,낙원동,C:\Users\user\Documents\GitHub\studynavi\경기과외\안성시과외\경기낙원동과외\index.html,high,true,정상
region,경기도,안성시,금산동,,금산동,C:\Users\user\Documents\GitHub\studynavi\경기과외\안성시과외\금산동과외\index.html,high,true,정상
region,경기도,안성시,당왕동,,당왕동,C:\Users\user\Documents\GitHub\studynavi\경기과외\안성시과외\당왕동과외\index.html,high,true,정상
region,경기도,안성시,발화동,,발화동,C:\Users\user\Documents\GitHub\studynavi\경기과외\안성시과외\발화동과외\index.html,high,true,정상
region,경기도,안성시,봉남동,,봉남동,C:\Users\user\Documents\GitHub\studynavi\경기과외\안성시과외\봉남동과외\index.html,high,true,정상
region,경기도,안성시,신소현동,,신소현동,C:\Users\user\Documents\GitHub\studynavi\경기과외\안성시과외\신소현동과외\index.html,high,true,정상
region,경기도,안성시,안성시서동,,안성시서동,C:\Users\user\Documents\GitHub\studynavi\경기과외\안성시과외\안성시서동과외\index.html,high,true,정상
region,경기도,안성시,안성시수학,,안성시수학,C:\Users\user\Documents\GitHub\studynavi\경기과외\안성시과외\안성시수학과외\index.html,high,true,정상
region,경기도,안성시,안성시영어,,안성시영어,C:\Users\user\Documents\GitHub\studynavi\경기과외\안성시과외\안성시영어과외\index.html,high,true,정상
region,경기도,안양시,,,안양시,C:\Users\user\Documents\GitHub\studynavi\경기과외\안양시과외\index.html,high,true,정상
region,경기도,안양시,비산동,,비산동,C:\Users\user\Documents\GitHub\studynavi\경기과외\안양시과외\경기비산동과외\index.html,high,true,정상
region,경기도,안양시,호계동,,호계동,C:\Users\user\Documents\GitHub\studynavi\경기과외\안양시과외\경기호계동과외\index.html,high,true,정상
region,경기도,안양시,관양동,,관양동,C:\Users\user\Documents\GitHub\studynavi\경기과외\안양시과외\관양동과외\index.html,high,true,정상
region,경기도,안양시,박달동,,박달동,C:\Users\user\Documents\GitHub\studynavi\경기과외\안양시과외\박달동과외\index.html,high,true,정상
region,경기도,안양시,석수동,,석수동,C:\Users\user\Documents\GitHub\studynavi\경기과외\안양시과외\석수동과외\index.html,high,true,정상
region,경기도,안양시,안양동,,안양동,C:\Users\user\Documents\GitHub\studynavi\경기과외\안양시과외\안양동과외\index.html,high,true,정상
region,경기도,안양시,안양시수학,,안양시수학,C:\Users\user\Documents\GitHub\studynavi\경기과외\안양시과외\안양시수학과외\index.html,high,true,정상
region,경기도,안양시,안양시영어,,안양시영어,C:\Users\user\Documents\GitHub\studynavi\경기과외\안양시과외\안양시영어과외\index.html,high,true,정상
region,경기도,안양시,평촌동,,평촌동,C:\Users\user\Documents\GitHub\studynavi\경기과외\안양시과외\평촌동과외\index.html,high,true,정상
region,경기도,양주시,,,양주시,C:\Users\user\Documents\GitHub\studynavi\경기과외\양주시과외\index.html,high,true,정상
region,경기도,양주시,고암동,,고암동,C:\Users\user\Documents\GitHub\studynavi\경기과외\양주시과외\고암동과외\index.html,high,true,정상
region,경기도,양주시,고읍동,,고읍동,C:\Users\user\Documents\GitHub\studynavi\경기과외\양주시과외\고읍동과외\index.html,high,true,정상
region,경기도,양주시,덕계동,,덕계동,C:\Users\user\Documents\GitHub\studynavi\경기과외\양주시과외\덕계동과외\index.html,high,true,정상
region,경기도,양주시,덕정동,,덕정동,C:\Users\user\Documents\GitHub\studynavi\경기과외\양주시과외\덕정동과외\index.html,high,true,정상
region,경기도,양주시,만송동,,만송동,C:\Users\user\Documents\GitHub\studynavi\경기과외\양주시과외\만송동과외\index.html,high,true,정상
region,경기도,양주시,삼숭동,,삼숭동,C:\Users\user\Documents\GitHub\studynavi\경기과외\양주시과외\삼숭동과외\index.html,high,true,정상
region,경기도,양주시,양주시수학,,양주시수학,C:\Users\user\Documents\GitHub\studynavi\경기과외\양주시과외\양주시수학과외\index.html,high,true,정상
region,경기도,양주시,양주시영어,,양주시영어,C:\Users\user\Documents\GitHub\studynavi\경기과외\양주시과외\양주시영어과외\index.html,high,true,정상
region,경기도,양주시,옥정동,,옥정동,C:\Users\user\Documents\GitHub\studynavi\경기과외\양주시과외\옥정동과외\index.html,high,true,정상
region,경기도,양평군,,,양평군,C:\Users\user\Documents\GitHub\studynavi\경기과외\양평군과외\index.html,high,true,정상
region,경기도,양평군,양동,,양동,C:\Users\user\Documents\GitHub\studynavi\경기과외\양평군과외\경기양동과외\index.html,high,true,정상
region,경기도,양평군,양평군수학,,양평군수학,C:\Users\user\Documents\GitHub\studynavi\경기과외\양평군과외\양평군수학과외\index.html,high,true,정상
region,경기도,양평군,양평군영어,,양평군영어,C:\Users\user\Documents\GitHub\studynavi\경기과외\양평군과외\양평군영어과외\index.html,high,true,정상
region,경기도,여주시,,,여주시,C:\Users\user\Documents\GitHub\studynavi\경기과외\여주시과외\index.html,high,true,정상
region,경기도,여주시,교동,,교동,C:\Users\user\Documents\GitHub\studynavi\경기과외\여주시과외\경기교동과외\index.html,high,true,정상
region,경기도,여주시,여주시상동,,여주시상동,C:\Users\user\Documents\GitHub\studynavi\경기과외\여주시과외\여주시상동과외\index.html,high,true,정상
region,경기도,여주시,여주시수학,,여주시수학,C:\Users\user\Documents\GitHub\studynavi\경기과외\여주시과외\여주시수학과외\index.html,high,true,정상
region,경기도,여주시,여주시영어,,여주시영어,C:\Users\user\Documents\GitHub\studynavi\경기과외\여주시과외\여주시영어과외\index.html,high,true,정상
region,경기도,여주시,점동,,점동,C:\Users\user\Documents\GitHub\studynavi\경기과외\여주시과외\점동과외\index.html,high,true,정상
region,경기도,오산시,,,오산시,C:\Users\user\Documents\GitHub\studynavi\경기과외\오산시과외\index.html,high,true,정상
region,경기도,오산시,가수동,,가수동,C:\Users\user\Documents\GitHub\studynavi\경기과외\오산시과외\가수동과외\index.html,high,true,정상
region,경기도,오산시,금암동,,금암동,C:\Users\user\Documents\GitHub\studynavi\경기과외\오산시과외\경기금암동과외\index.html,high,true,정상
region,경기도,오산시,수청동,,수청동,C:\Users\user\Documents\GitHub\studynavi\경기과외\오산시과외\경기수청동과외\index.html,high,true,정상
region,경기도,오산시,원동,,원동,C:\Users\user\Documents\GitHub\studynavi\경기과외\오산시과외\경기원동과외\index.html,high,true,정상
region,경기도,오산시,청학동,,청학동,C:\Users\user\Documents\GitHub\studynavi\경기과외\오산시과외\경기청학동과외\index.html,high,true,정상
region,경기도,오산시,궐동,,궐동,C:\Users\user\Documents\GitHub\studynavi\경기과외\오산시과외\궐동과외\index.html,high,true,정상
region,경기도,오산시,부산동,,부산동,C:\Users\user\Documents\GitHub\studynavi\경기과외\오산시과외\부산동과외\index.html,high,true,정상
region,경기도,오산시,오산시세교동,,오산시세교동,C:\Users\user\Documents\GitHub\studynavi\경기과외\오산시과외\오산시세교동과외\index.html,high,true,정상
region,경기도,오산시,오산시수학,,오산시수학,C:\Users\user\Documents\GitHub\studynavi\경기과외\오산시과외\오산시수학과외\index.html,high,true,정상
region,경기도,오산시,오산시영어,,오산시영어,C:\Users\user\Documents\GitHub\studynavi\경기과외\오산시과외\오산시영어과외\index.html,high,true,정상
region,경기도,오산시,오산시오산동,,오산시오산동,C:\Users\user\Documents\GitHub\studynavi\경기과외\오산시과외\오산시오산동과외\index.html,high,true,정상
region,경기도,용인시,,,용인시,C:\Users\user\Documents\GitHub\studynavi\경기과외\용인시과외\index.html,high,true,정상
region,경기도,용인시,남동,,남동,C:\Users\user\Documents\GitHub\studynavi\경기과외\용인시과외\경기남동과외\index.html,high,true,정상
region,경기도,용인시,동천동,,동천동,C:\Users\user\Documents\GitHub\studynavi\경기과외\용인시과외\경기동천동과외\index.html,high,true,정상
region,경기도,용인시,신봉동,,신봉동,C:\Users\user\Documents\GitHub\studynavi\경기과외\용인시과외\경기신봉동과외\index.html,high,true,정상
region,경기도,용인시,용동,,용동,C:\Users\user\Documents\GitHub\studynavi\경기과외\용인시과외\경기용동과외\index.html,high,true,정상
region,경기도,용인시,고림동,,고림동,C:\Users\user\Documents\GitHub\studynavi\경기과외\용인시과외\고림동과외\index.html,high,true,정상
region,경기도,용인시,구갈동,,구갈동,C:\Users\user\Documents\GitHub\studynavi\경기과외\용인시과외\구갈동과외\index.html,high,true,정상
region,경기도,용인시,김량장동,,김량장동,C:\Users\user\Documents\GitHub\studynavi\경기과외\용인시과외\김량장동과외\index.html,high,true,정상
region,경기도,용인시,농서동,,농서동,C:\Users\user\Documents\GitHub\studynavi\경기과외\용인시과외\농서동과외\index.html,high,true,정상
region,경기도,용인시,동백동,,동백동,C:\Users\user\Documents\GitHub\studynavi\경기과외\용인시과외\동백동과외\index.html,high,true,정상
region,경기도,용인시,마북동,,마북동,C:\Users\user\Documents\GitHub\studynavi\경기과외\용인시과외\마북동과외\index.html,high,true,정상
region,경기도,용인시,보라동,,보라동,C:\Users\user\Documents\GitHub\studynavi\경기과외\용인시과외\보라동과외\index.html,high,true,정상
region,경기도,용인시,보정동,,보정동,C:\Users\user\Documents\GitHub\studynavi\경기과외\용인시과외\보정동과외\index.html,high,true,정상
region,경기도,용인시,상갈동,,상갈동,C:\Users\user\Documents\GitHub\studynavi\경기과외\용인시과외\상갈동과외\index.html,high,true,정상
region,경기도,용인시,상하동,,상하동,C:\Users\user\Documents\GitHub\studynavi\경기과외\용인시과외\상하동과외\index.html,high,true,정상
region,경기도,용인시,상현동,,상현동,C:\Users\user\Documents\GitHub\studynavi\경기과외\용인시과외\상현동과외\index.html,high,true,정상
region,경기도,용인시,서천동,,서천동,C:\Users\user\Documents\GitHub\studynavi\경기과외\용인시과외\서천동과외\index.html,high,true,정상
region,경기도,용인시,성복동,,성복동,C:\Users\user\Documents\GitHub\studynavi\경기과외\용인시과외\성복동과외\index.html,high,true,정상
region,경기도,용인시,신갈동,,신갈동,C:\Users\user\Documents\GitHub\studynavi\경기과외\용인시과외\신갈동과외\index.html,high,true,정상
region,경기도,용인시,언남동,,언남동,C:\Users\user\Documents\GitHub\studynavi\경기과외\용인시과외\언남동과외\index.html,high,true,정상
region,경기도,용인시,역북동,,역북동,C:\Users\user\Documents\GitHub\studynavi\경기과외\용인시과외\역북동과외\index.html,high,true,정상
region,경기도,용인시,영덕동,,영덕동,C:\Users\user\Documents\GitHub\studynavi\경기과외\용인시과외\영덕동과외\index.html,high,true,정상
region,경기도,용인시,용인시내동,,용인시내동,C:\Users\user\Documents\GitHub\studynavi\경기과외\용인시과외\용인시내동과외\index.html,high,true,정상
region,경기도,용인시,용인시수학,,용인시수학,C:\Users\user\Documents\GitHub\studynavi\경기과외\용인시과외\용인시수학과외\index.html,high,true,정상
region,경기도,용인시,용인시영어,,용인시영어,C:\Users\user\Documents\GitHub\studynavi\경기과외\용인시과외\용인시영어과외\index.html,high,true,정상
region,경기도,용인시,용인시이동,,용인시이동,C:\Users\user\Documents\GitHub\studynavi\경기과외\용인시과외\용인시이동과외\index.html,high,true,정상
region,경기도,용인시,용인시중동,,용인시중동,C:\Users\user\Documents\GitHub\studynavi\경기과외\용인시과외\용인시중동과외\index.html,high,true,정상
region,경기도,용인시,죽전동,,죽전동,C:\Users\user\Documents\GitHub\studynavi\경기과외\용인시과외\죽전동과외\index.html,high,true,정상
region,경기도,용인시,청덕동,,청덕동,C:\Users\user\Documents\GitHub\studynavi\경기과외\용인시과외\청덕동과외\index.html,high,true,정상
region,경기도,용인시,풍덕천동,,풍덕천동,C:\Users\user\Documents\GitHub\studynavi\경기과외\용인시과외\풍덕천동과외\index.html,high,true,정상
region,경기도,의왕시,,,의왕시,C:\Users\user\Documents\GitHub\studynavi\경기과외\의왕시과외\index.html,high,true,정상
region,경기도,의왕시,삼동,,삼동,C:\Users\user\Documents\GitHub\studynavi\경기과외\의왕시과외\경기삼동과외\index.html,high,true,정상
region,경기도,의왕시,고천동,,고천동,C:\Users\user\Documents\GitHub\studynavi\경기과외\의왕시과외\고천동과외\index.html,high,true,정상
region,경기도,의왕시,내손동,,내손동,C:\Users\user\Documents\GitHub\studynavi\경기과외\의왕시과외\내손동과외\index.html,high,true,정상
region,경기도,의왕시,오전동,,오전동,C:\Users\user\Documents\GitHub\studynavi\경기과외\의왕시과외\오전동과외\index.html,high,true,정상
region,경기도,의왕시,월암동,,월암동,C:\Users\user\Documents\GitHub\studynavi\경기과외\의왕시과외\월암동과외\index.html,high,true,정상
region,경기도,의왕시,의왕시수학,,의왕시수학,C:\Users\user\Documents\GitHub\studynavi\경기과외\의왕시과외\의왕시수학과외\index.html,high,true,정상
region,경기도,의왕시,의왕시영어,,의왕시영어,C:\Users\user\Documents\GitHub\studynavi\경기과외\의왕시과외\의왕시영어과외\index.html,high,true,정상
region,경기도,의왕시,의왕시청계동,,의왕시청계동,C:\Users\user\Documents\GitHub\studynavi\경기과외\의왕시과외\의왕시청계동과외\index.html,high,true,정상
region,경기도,의왕시,포일동,,포일동,C:\Users\user\Documents\GitHub\studynavi\경기과외\의왕시과외\포일동과외\index.html,high,true,정상
region,경기도,의정부시,,,의정부시,C:\Users\user\Documents\GitHub\studynavi\경기과외\의정부시과외\index.html,high,true,정상
region,경기도,의정부시,가능동,,가능동,C:\Users\user\Documents\GitHub\studynavi\경기과외\의정부시과외\가능동과외\index.html,high,true,정상
region,경기도,의정부시,낙양동,,낙양동,C:\Users\user\Documents\GitHub\studynavi\경기과외\의정부시과외\경기낙양동과외\index.html,high,true,정상
region,경기도,의정부시,용현동,,용현동,C:\Users\user\Documents\GitHub\studynavi\경기과외\의정부시과외\경기용현동과외\index.html,high,true,정상
region,경기도,의정부시,고산동,,고산동,C:\Users\user\Documents\GitHub\studynavi\경기과외\의정부시과외\고산동과외\index.html,high,true,정상
region,경기도,의정부시,금오동,,금오동,C:\Users\user\Documents\GitHub\studynavi\경기과외\의정부시과외\금오동과외\index.html,high,true,정상
region,경기도,의정부시,녹양동,,녹양동,C:\Users\user\Documents\GitHub\studynavi\경기과외\의정부시과외\녹양동과외\index.html,high,true,정상
region,경기도,의정부시,민락동,,민락동,C:\Users\user\Documents\GitHub\studynavi\경기과외\의정부시과외\민락동과외\index.html,high,true,정상
region,경기도,의정부시,신곡동,,신곡동,C:\Users\user\Documents\GitHub\studynavi\경기과외\의정부시과외\신곡동과외\index.html,high,true,정상
region,경기도,의정부시,의정부동,,의정부동,C:\Users\user\Documents\GitHub\studynavi\경기과외\의정부시과외\의정부동과외\index.html,high,true,정상
region,경기도,의정부시,의정부시수학,,의정부시수학,C:\Users\user\Documents\GitHub\studynavi\경기과외\의정부시과외\의정부시수학과외\index.html,high,true,정상
region,경기도,의정부시,의정부시영어,,의정부시영어,C:\Users\user\Documents\GitHub\studynavi\경기과외\의정부시과외\의정부시영어과외\index.html,high,true,정상
region,경기도,의정부시,장암동,,장암동,C:\Users\user\Documents\GitHub\studynavi\경기과외\의정부시과외\장암동과외\index.html,high,true,정상
region,경기도,의정부시,호원동,,호원동,C:\Users\user\Documents\GitHub\studynavi\경기과외\의정부시과외\호원동과외\index.html,high,true,정상
region,경기도,이천시,,,이천시,C:\Users\user\Documents\GitHub\studynavi\경기과외\이천시과외\index.html,high,true,정상
region,경기도,이천시,갈산동,,갈산동,C:\Users\user\Documents\GitHub\studynavi\경기과외\이천시과외\경기갈산동과외\index.html,high,true,정상
region,경기도,이천시,관고동,,관고동,C:\Users\user\Documents\GitHub\studynavi\경기과외\이천시과외\관고동과외\index.html,high,true,정상
region,경기도,이천시,사음동,,사음동,C:\Users\user\Documents\GitHub\studynavi\경기과외\이천시과외\사음동과외\index.html,high,true,정상
region,경기도,이천시,이천사동,,이천사동,C:\Users\user\Documents\GitHub\studynavi\경기과외\이천시과외\이천사동과외\index.html,high,true,정상
region,경기도,이천시,이천시서동,,이천시서동,C:\Users\user\Documents\GitHub\studynavi\경기과외\이천시과외\이천시서동과외\index.html,high,true,정상
region,경기도,이천시,이천시송정동,,이천시송정동,C:\Users\user\Documents\GitHub\studynavi\경기과외\이천시과외\이천시송정동과외\index.html,high,true,정상
region,경기도,이천시,이천시수학,,이천시수학,C:\Users\user\Documents\GitHub\studynavi\경기과외\이천시과외\이천시수학과외\index.html,high,true,정상
region,경기도,이천시,이천시안흥동,,이천시안흥동,C:\Users\user\Documents\GitHub\studynavi\경기과외\이천시과외\이천시안흥동과외\index.html,high,true,정상
region,경기도,이천시,이천시영어,,이천시영어,C:\Users\user\Documents\GitHub\studynavi\경기과외\이천시과외\이천시영어과외\index.html,high,true,정상
region,경기도,이천시,증포동,,증포동,C:\Users\user\Documents\GitHub\studynavi\경기과외\이천시과외\증포동과외\index.html,high,true,정상
region,경기도,이천시,창전동,,창전동,C:\Users\user\Documents\GitHub\studynavi\경기과외\이천시과외\창전동과외\index.html,high,true,정상
region,경기도,파주시,,,파주시,C:\Users\user\Documents\GitHub\studynavi\경기과외\파주시과외\index.html,high,true,정상
region,경기도,파주시,금릉동,,금릉동,C:\Users\user\Documents\GitHub\studynavi\경기과외\파주시과외\금릉동과외\index.html,high,true,정상
region,경기도,파주시,금촌동,,금촌동,C:\Users\user\Documents\GitHub\studynavi\경기과외\파주시과외\금촌동과외\index.html,high,true,정상
region,경기도,파주시,다율동,,다율동,C:\Users\user\Documents\GitHub\studynavi\경기과외\파주시과외\다율동과외\index.html,high,true,정상
region,경기도,파주시,동패동,,동패동,C:\Users\user\Documents\GitHub\studynavi\경기과외\파주시과외\동패동과외\index.html,high,true,정상
region,경기도,파주시,목동동,,목동동,C:\Users\user\Documents\GitHub\studynavi\경기과외\파주시과외\목동동과외\index.html,high,true,정상
region,경기도,파주시,문산동,,문산동,C:\Users\user\Documents\GitHub\studynavi\경기과외\파주시과외\문산동과외\index.html,high,true,정상
region,경기도,파주시,야당동,,야당동,C:\Users\user\Documents\GitHub\studynavi\경기과외\파주시과외\야당동과외\index.html,high,true,정상
region,경기도,파주시,야동동,,야동동,C:\Users\user\Documents\GitHub\studynavi\경기과외\파주시과외\야동동과외\index.html,high,true,정상
region,경기도,파주시,와동동,,와동동,C:\Users\user\Documents\GitHub\studynavi\경기과외\파주시과외\와동동과외\index.html,high,true,정상
region,경기도,파주시,파주시당동,,파주시당동,C:\Users\user\Documents\GitHub\studynavi\경기과외\파주시과외\파주시당동과외\index.html,high,true,정상
region,경기도,파주시,파주시수학,,파주시수학,C:\Users\user\Documents\GitHub\studynavi\경기과외\파주시과외\파주시수학과외\index.html,high,true,정상
region,경기도,파주시,파주시영어,,파주시영어,C:\Users\user\Documents\GitHub\studynavi\경기과외\파주시과외\파주시영어과외\index.html,high,true,정상
region,경기도,평택시,,,평택시,C:\Users\user\Documents\GitHub\studynavi\경기과외\평택시과외\index.html,high,true,정상
region,경기도,평택시,고덕동,,고덕동,C:\Users\user\Documents\GitHub\studynavi\경기과외\평택시과외\경기고덕동과외\index.html,high,true,정상
region,경기도,평택시,장안동,,장안동,C:\Users\user\Documents\GitHub\studynavi\경기과외\평택시과외\경기장안동과외\index.html,high,true,정상
region,경기도,평택시,지산동,,지산동,C:\Users\user\Documents\GitHub\studynavi\경기과외\평택시과외\경기지산동과외\index.html,high,true,정상
region,경기도,평택시,동삭동,,동삭동,C:\Users\user\Documents\GitHub\studynavi\경기과외\평택시과외\동삭동과외\index.html,high,true,정상
region,경기도,평택시,비전동,,비전동,C:\Users\user\Documents\GitHub\studynavi\경기과외\평택시과외\비전동과외\index.html,high,true,정상
region,경기도,평택시,서정동,,서정동,C:\Users\user\Documents\GitHub\studynavi\경기과외\평택시과외\서정동과외\index.html,high,true,정상
region,경기도,평택시,용이동,,용이동,C:\Users\user\Documents\GitHub\studynavi\경기과외\평택시과외\용이동과외\index.html,high,true,정상
region,경기도,평택시,이충동,,이충동,C:\Users\user\Documents\GitHub\studynavi\경기과외\평택시과외\이충동과외\index.html,high,true,정상
region,경기도,평택시,장당동,,장당동,C:\Users\user\Documents\GitHub\studynavi\경기과외\평택시과외\장당동과외\index.html,high,true,정상
region,경기도,평택시,죽백동,,죽백동,C:\Users\user\Documents\GitHub\studynavi\경기과외\평택시과외\죽백동과외\index.html,high,true,정상
region,경기도,평택시,평택시서동,,평택시서동,C:\Users\user\Documents\GitHub\studynavi\경기과외\평택시과외\평택시서동과외\index.html,high,true,정상
region,경기도,평택시,평택시세교동,,평택시세교동,C:\Users\user\Documents\GitHub\studynavi\경기과외\평택시과외\평택시세교동과외\index.html,high,true,정상
region,경기도,평택시,평택시수학,,평택시수학,C:\Users\user\Documents\GitHub\studynavi\경기과외\평택시과외\평택시수학과외\index.html,high,true,정상
region,경기도,평택시,평택시신장동,,평택시신장동,C:\Users\user\Documents\GitHub\studynavi\경기과외\평택시과외\평택시신장동과외\index.html,high,true,정상
region,경기도,평택시,평택시영어,,평택시영어,C:\Users\user\Documents\GitHub\studynavi\경기과외\평택시과외\평택시영어과외\index.html,high,true,정상
region,경기도,포천시,,,포천시,C:\Users\user\Documents\GitHub\studynavi\경기과외\포천시과외\index.html,high,true,정상
region,경기도,포천시,신읍동,,신읍동,C:\Users\user\Documents\GitHub\studynavi\경기과외\포천시과외\신읍동과외\index.html,high,true,정상
region,경기도,포천시,포천시수학,,포천시수학,C:\Users\user\Documents\GitHub\studynavi\경기과외\포천시과외\포천시수학과외\index.html,high,true,정상
region,경기도,포천시,포천시영어,,포천시영어,C:\Users\user\Documents\GitHub\studynavi\경기과외\포천시과외\포천시영어과외\index.html,high,true,정상
region,경기도,포천시,포천시이동,,포천시이동,C:\Users\user\Documents\GitHub\studynavi\경기과외\포천시과외\포천시이동과외\index.html,high,true,정상
region,경기도,포천시,포천시일동,,포천시일동,C:\Users\user\Documents\GitHub\studynavi\경기과외\포천시과외\포천시일동과외\index.html,high,true,정상
region,경기도,하남시,,,하남시,C:\Users\user\Documents\GitHub\studynavi\경기과외\하남시과외\index.html,high,true,정상
region,경기도,하남시,감이동,,감이동,C:\Users\user\Documents\GitHub\studynavi\경기과외\하남시과외\감이동과외\index.html,high,true,정상
region,경기도,하남시,감일동,,감일동,C:\Users\user\Documents\GitHub\studynavi\경기과외\하남시과외\감일동과외\index.html,high,true,정상
region,경기도,하남시,덕풍동,,덕풍동,C:\Users\user\Documents\GitHub\studynavi\경기과외\하남시과외\덕풍동과외\index.html,high,true,정상
region,경기도,하남시,망월동,,망월동,C:\Users\user\Documents\GitHub\studynavi\경기과외\하남시과외\망월동과외\index.html,high,true,정상
region,경기도,하남시,선동,,선동,C:\Users\user\Documents\GitHub\studynavi\경기과외\하남시과외\선동과외\index.html,high,true,정상
region,경기도,하남시,창우동,,창우동,C:\Users\user\Documents\GitHub\studynavi\경기과외\하남시과외\창우동과외\index.html,high,true,정상
region,경기도,하남시,하남시수학,,하남시수학,C:\Users\user\Documents\GitHub\studynavi\경기과외\하남시과외\하남시수학과외\index.html,high,true,정상
region,경기도,하남시,하남시신장동,,하남시신장동,C:\Users\user\Documents\GitHub\studynavi\경기과외\하남시과외\하남시신장동과외\index.html,high,true,정상
region,경기도,하남시,하남시영어,,하남시영어,C:\Users\user\Documents\GitHub\studynavi\경기과외\하남시과외\하남시영어과외\index.html,high,true,정상
region,경기도,하남시,학암동,,학암동,C:\Users\user\Documents\GitHub\studynavi\경기과외\하남시과외\학암동과외\index.html,high,true,정상
region,경기도,화성시,,,화성시,C:\Users\user\Documents\GitHub\studynavi\경기과외\화성시과외\index.html,high,true,정상
region,경기도,화성시,목동,,목동,C:\Users\user\Documents\GitHub\studynavi\경기과외\화성시과외\경기목동과외\index.html,high,true,정상
region,경기도,화성시,반송동,,반송동,C:\Users\user\Documents\GitHub\studynavi\경기과외\화성시과외\경기반송동과외\index.html,high,true,정상
region,경기도,화성시,송동,,송동,C:\Users\user\Documents\GitHub\studynavi\경기과외\화성시과외\경기송동과외\index.html,high,true,정상
region,경기도,화성시,신동,,신동,C:\Users\user\Documents\GitHub\studynavi\경기과외\화성시과외\경기신동과외\index.html,high,true,정상
region,경기도,화성시,기산동,,기산동,C:\Users\user\Documents\GitHub\studynavi\경기과외\화성시과외\기산동과외\index.html,high,true,정상
region,경기도,화성시,기아자동,,기아자동,C:\Users\user\Documents\GitHub\studynavi\경기과외\화성시과외\기아자동과외\index.html,high,true,정상
region,경기도,화성시,기안동,,기안동,C:\Users\user\Documents\GitHub\studynavi\경기과외\화성시과외\기안동과외\index.html,high,true,정상
region,경기도,화성시,능동,,능동,C:\Users\user\Documents\GitHub\studynavi\경기과외\화성시과외\능동과외\index.html,high,true,정상
region,경기도,화성시,반월동,,반월동,C:\Users\user\Documents\GitHub\studynavi\경기과외\화성시과외\반월동과외\index.html,high,true,정상
region,경기도,화성시,병점동,,병점동,C:\Users\user\Documents\GitHub\studynavi\경기과외\화성시과외\병점동과외\index.html,high,true,정상
region,경기도,화성시,산척동,,산척동,C:\Users\user\Documents\GitHub\studynavi\경기과외\화성시과외\산척동과외\index.html,high,true,정상
region,경기도,화성시,새솔동,,새솔동,C:\Users\user\Documents\GitHub\studynavi\경기과외\화성시과외\새솔동과외\index.html,high,true,정상
region,경기도,화성시,석우동,,석우동,C:\Users\user\Documents\GitHub\studynavi\경기과외\화성시과외\석우동과외\index.html,high,true,정상
region,경기도,화성시,송산동,,송산동,C:\Users\user\Documents\GitHub\studynavi\경기과외\화성시과외\송산동과외\index.html,high,true,정상
region,경기도,화성시,영천동,,영천동,C:\Users\user\Documents\GitHub\studynavi\경기과외\화성시과외\영천동과외\index.html,high,true,정상
region,경기도,화성시,진안동,,진안동,C:\Users\user\Documents\GitHub\studynavi\경기과외\화성시과외\진안동과외\index.html,high,true,정상
region,경기도,화성시,행정동,,행정동,C:\Users\user\Documents\GitHub\studynavi\경기과외\화성시과외\행정동과외\index.html,high,true,정상
region,경기도,화성시,화성동,,화성동,C:\Users\user\Documents\GitHub\studynavi\경기과외\화성시과외\화성동과외\index.html,high,true,정상
region,경기도,화성시,화성시수학,,화성시수학,C:\Users\user\Documents\GitHub\studynavi\경기과외\화성시과외\화성시수학과외\index.html,high,true,정상
region,경기도,화성시,화성시영어,,화성시영어,C:\Users\user\Documents\GitHub\studynavi\경기과외\화성시과외\화성시영어과외\index.html,high,true,정상
region,경기도,화성시,화성시오산동,,화성시오산동,C:\Users\user\Documents\GitHub\studynavi\경기과외\화성시과외\화성시오산동과외\index.html,high,true,정상
region,경기도,화성시,화성시장지동,,화성시장지동,C:\Users\user\Documents\GitHub\studynavi\경기과외\화성시과외\화성시장지동과외\index.html,high,true,정상
region,경기도,화성시,화성시청계동,,화성시청계동,C:\Users\user\Documents\GitHub\studynavi\경기과외\화성시과외\화성시청계동과외\index.html,high,true,정상
region,경상남도,,,,경상남도,C:\Users\user\Documents\GitHub\studynavi\경남과외\index.html,high,true,정상
region,경상남도,거제시,,,거제시,C:\Users\user\Documents\GitHub\studynavi\경남과외\거제시과외\index.html,high,true,정상
region,경상남도,거제시,거제시수학,,거제시수학,C:\Users\user\Documents\GitHub\studynavi\경남과외\거제시과외\거제시수학과외\index.html,high,true,정상
region,경상남도,거제시,거제시영어,,거제시영어,C:\Users\user\Documents\GitHub\studynavi\경남과외\거제시과외\거제시영어과외\index.html,high,true,정상
region,경상남도,거제시,고현동,,고현동,C:\Users\user\Documents\GitHub\studynavi\경남과외\거제시과외\고현동과외\index.html,high,true,정상
region,경상남도,거제시,문동동,,문동동,C:\Users\user\Documents\GitHub\studynavi\경남과외\거제시과외\문동동과외\index.html,high,true,정상
region,경상남도,거제시,수월동,,수월동,C:\Users\user\Documents\GitHub\studynavi\경남과외\거제시과외\수월동과외\index.html,high,true,정상
region,경상남도,거제시,아주동,,아주동,C:\Users\user\Documents\GitHub\studynavi\경남과외\거제시과외\아주동과외\index.html,high,true,정상
region,경상남도,거제시,옥포동,,옥포동,C:\Users\user\Documents\GitHub\studynavi\경남과외\거제시과외\옥포동과외\index.html,high,true,정상
region,경상남도,거제시,장승포동,,장승포동,C:\Users\user\Documents\GitHub\studynavi\경남과외\거제시과외\장승포동과외\index.html,high,true,정상
region,경상남도,거제시,장평동,,장평동,C:\Users\user\Documents\GitHub\studynavi\경남과외\거제시과외\장평동과외\index.html,high,true,정상
region,경상남도,거창군,,,거창군,C:\Users\user\Documents\GitHub\studynavi\경남과외\거창군과외\index.html,high,true,정상
region,경상남도,거창군,거창군수학,,거창군수학,C:\Users\user\Documents\GitHub\studynavi\경남과외\거창군과외\거창군수학과외\index.html,high,true,정상
region,경상남도,거창군,거창군영어,,거창군영어,C:\Users\user\Documents\GitHub\studynavi\경남과외\거창군과외\거창군영어과외\index.html,high,true,정상
region,경상남도,거창군,상동,,상동,C:\Users\user\Documents\GitHub\studynavi\경남과외\거창군과외\경남상동과외\index.html,high,true,정상
region,경상남도,거창군,동동,,동동,C:\Users\user\Documents\GitHub\studynavi\경남과외\거창군과외\동동과외\index.html,high,true,정상
region,경상남도,경남고등,,,경남고등,C:\Users\user\Documents\GitHub\studynavi\경남과외\경남고등과외\index.html,high,true,정상
region,경상남도,경남수학,,,경남수학,C:\Users\user\Documents\GitHub\studynavi\경남과외\경남수학과외\index.html,high,true,정상
region,경상남도,경남수학,경남고등수학,,경남고등수학,C:\Users\user\Documents\GitHub\studynavi\경남과외\경남수학과외\경남고등수학과외\index.html,high,true,정상
region,경상남도,경남수학,경남중등수학,,경남중등수학,C:\Users\user\Documents\GitHub\studynavi\경남과외\경남수학과외\경남중등수학과외\index.html,high,true,정상
region,경상남도,경남수학,경남초등수학,,경남초등수학,C:\Users\user\Documents\GitHub\studynavi\경남과외\경남수학과외\경남초등수학과외\index.html,high,true,정상
region,경상남도,경남영어,,,경남영어,C:\Users\user\Documents\GitHub\studynavi\경남과외\경남영어과외\index.html,high,true,정상
region,경상남도,경남영어,경남고등영어,,경남고등영어,C:\Users\user\Documents\GitHub\studynavi\경남과외\경남영어과외\경남고등영어과외\index.html,high,true,정상
region,경상남도,경남영어,경남중등영어,,경남중등영어,C:\Users\user\Documents\GitHub\studynavi\경남과외\경남영어과외\경남중등영어과외\index.html,high,true,정상
region,경상남도,경남영어,경남초등영어,,경남초등영어,C:\Users\user\Documents\GitHub\studynavi\경남과외\경남영어과외\경남초등영어과외\index.html,high,true,정상
region,경상남도,경남중등,,,경남중등,C:\Users\user\Documents\GitHub\studynavi\경남과외\경남중등과외\index.html,high,true,정상
region,경상남도,경남초등,,,경남초등,C:\Users\user\Documents\GitHub\studynavi\경남과외\경남초등과외\index.html,high,true,정상
region,경상남도,고성군,,,고성군,C:\Users\user\Documents\GitHub\studynavi\경남과외\고성군과외\index.html,high,true,정상
region,경상남도,고성군,당동,,당동,C:\Users\user\Documents\GitHub\studynavi\경남과외\고성군과외\경남당동과외\index.html,high,true,정상
region,경상남도,고성군,고성군수학,,고성군수학,C:\Users\user\Documents\GitHub\studynavi\경남과외\고성군과외\고성군수학과외\index.html,high,true,정상
region,경상남도,고성군,고성군영어,,고성군영어,C:\Users\user\Documents\GitHub\studynavi\경남과외\고성군과외\고성군영어과외\index.html,high,true,정상
region,경상남도,김해시,,,김해시,C:\Users\user\Documents\GitHub\studynavi\경남과외\김해시과외\index.html,high,true,정상
region,경상남도,김해시,구산동,,구산동,C:\Users\user\Documents\GitHub\studynavi\경남과외\김해시과외\경남구산동과외\index.html,high,true,정상
region,경상남도,김해시,내덕동,,내덕동,C:\Users\user\Documents\GitHub\studynavi\경남과외\김해시과외\경남내덕동과외\index.html,high,true,정상
region,경상남도,김해시,대동,,대동,C:\Users\user\Documents\GitHub\studynavi\경남과외\김해시과외\경남대동과외\index.html,high,true,정상
region,경상남도,김해시,대성동,,대성동,C:\Users\user\Documents\GitHub\studynavi\경남과외\김해시과외\경남대성동과외\index.html,high,true,정상
region,경상남도,김해시,대청동,,대청동,C:\Users\user\Documents\GitHub\studynavi\경남과외\김해시과외\경남대청동과외\index.html,high,true,정상
region,경상남도,김해시,부곡동,,부곡동,C:\Users\user\Documents\GitHub\studynavi\경남과외\김해시과외\경남부곡동과외\index.html,high,true,정상
region,경상남도,김해시,안동,,안동,C:\Users\user\Documents\GitHub\studynavi\경남과외\김해시과외\경남안동과외\index.html,high,true,정상
region,경상남도,김해시,율하동,,율하동,C:\Users\user\Documents\GitHub\studynavi\경남과외\김해시과외\경남율하동과외\index.html,high,true,정상
region,경상남도,김해시,관동동,,관동동,C:\Users\user\Documents\GitHub\studynavi\경남과외\김해시과외\관동동과외\index.html,high,true,정상
region,경상남도,김해시,김해시내동,,김해시내동,C:\Users\user\Documents\GitHub\studynavi\경남과외\김해시과외\김해시내동과외\index.html,high,true,정상
region,경상남도,김해시,김해시삼문동,,김해시삼문동,C:\Users\user\Documents\GitHub\studynavi\경남과외\김해시과외\김해시삼문동과외\index.html,high,true,정상
region,경상남도,김해시,김해시수학,,김해시수학,C:\Users\user\Documents\GitHub\studynavi\경남과외\김해시과외\김해시수학과외\index.html,high,true,정상
region,경상남도,김해시,김해시영어,,김해시영어,C:\Users\user\Documents\GitHub\studynavi\경남과외\김해시과외\김해시영어과외\index.html,high,true,정상
region,경상남도,김해시,김해시외동,,김해시외동,C:\Users\user\Documents\GitHub\studynavi\경남과외\김해시과외\김해시외동과외\index.html,high,true,정상
region,경상남도,김해시,동상동,,동상동,C:\Users\user\Documents\GitHub\studynavi\경남과외\김해시과외\동상동과외\index.html,high,true,정상
region,경상남도,김해시,부원동,,부원동,C:\Users\user\Documents\GitHub\studynavi\경남과외\김해시과외\부원동과외\index.html,high,true,정상
region,경상남도,김해시,삼계동,,삼계동,C:\Users\user\Documents\GitHub\studynavi\경남과외\김해시과외\삼계동과외\index.html,high,true,정상
region,경상남도,김해시,삼방동,,삼방동,C:\Users\user\Documents\GitHub\studynavi\경남과외\김해시과외\삼방동과외\index.html,high,true,정상
region,경상남도,김해시,삼정동,,삼정동,C:\Users\user\Documents\GitHub\studynavi\경남과외\김해시과외\삼정동과외\index.html,high,true,정상
region,경상남도,김해시,신문동,,신문동,C:\Users\user\Documents\GitHub\studynavi\경남과외\김해시과외\신문동과외\index.html,high,true,정상
region,경상남도,김해시,어방동,,어방동,C:\Users\user\Documents\GitHub\studynavi\경남과외\김해시과외\어방동과외\index.html,high,true,정상
region,경상남도,김해시,장유동,,장유동,C:\Users\user\Documents\GitHub\studynavi\경남과외\김해시과외\장유동과외\index.html,high,true,정상
region,경상남도,김해시,지내동,,지내동,C:\Users\user\Documents\GitHub\studynavi\경남과외\김해시과외\지내동과외\index.html,high,true,정상
region,경상남도,남해군,,,남해군,C:\Users\user\Documents\GitHub\studynavi\경남과외\남해군과외\index.html,high,true,정상
region,경상남도,남해군,삼동,,삼동,C:\Users\user\Documents\GitHub\studynavi\경남과외\남해군과외\경남삼동과외\index.html,high,true,정상
region,경상남도,남해군,이동,,이동,C:\Users\user\Documents\GitHub\studynavi\경남과외\남해군과외\경남이동과외\index.html,high,true,정상
region,경상남도,남해군,남해군수학,,남해군수학,C:\Users\user\Documents\GitHub\studynavi\경남과외\남해군과외\남해군수학과외\index.html,high,true,정상
region,경상남도,남해군,남해군영어,,남해군영어,C:\Users\user\Documents\GitHub\studynavi\경남과외\남해군과외\남해군영어과외\index.html,high,true,정상
region,경상남도,밀양시,,,밀양시,C:\Users\user\Documents\GitHub\studynavi\경남과외\밀양시과외\index.html,high,true,정상
region,경상남도,밀양시,가곡동,,가곡동,C:\Users\user\Documents\GitHub\studynavi\경남과외\밀양시과외\경남가곡동과외\index.html,high,true,정상
region,경상남도,밀양시,내이동,,내이동,C:\Users\user\Documents\GitHub\studynavi\경남과외\밀양시과외\내이동과외\index.html,high,true,정상
region,경상남도,밀양시,내일동,,내일동,C:\Users\user\Documents\GitHub\studynavi\경남과외\밀양시과외\내일동과외\index.html,high,true,정상
region,경상남도,밀양시,밀양동,,밀양동,C:\Users\user\Documents\GitHub\studynavi\경남과외\밀양시과외\밀양동과외\index.html,high,true,정상
region,경상남도,밀양시,밀양시삼문동,,밀양시삼문동,C:\Users\user\Documents\GitHub\studynavi\경남과외\밀양시과외\밀양시삼문동과외\index.html,high,true,정상
region,경상남도,밀양시,밀양시수학,,밀양시수학,C:\Users\user\Documents\GitHub\studynavi\경남과외\밀양시과외\밀양시수학과외\index.html,high,true,정상
region,경상남도,밀양시,밀양시영어,,밀양시영어,C:\Users\user\Documents\GitHub\studynavi\경남과외\밀양시과외\밀양시영어과외\index.html,high,true,정상
region,경상남도,사천시,,,사천시,C:\Users\user\Documents\GitHub\studynavi\경남과외\사천시과외\index.html,high,true,정상
region,경상남도,사천시,용강동,,용강동,C:\Users\user\Documents\GitHub\studynavi\경남과외\사천시과외\경남용강동과외\index.html,high,true,정상
region,경상남도,사천시,정동,,정동,C:\Users\user\Documents\GitHub\studynavi\경남과외\사천시과외\경남정동과외\index.html,high,true,정상
region,경상남도,사천시,동금동,,동금동,C:\Users\user\Documents\GitHub\studynavi\경남과외\사천시과외\동금동과외\index.html,high,true,정상
region,경상남도,사천시,벌리동,,벌리동,C:\Users\user\Documents\GitHub\studynavi\경남과외\사천시과외\벌리동과외\index.html,high,true,정상
region,경상남도,사천시,사천시수학,,사천시수학,C:\Users\user\Documents\GitHub\studynavi\경남과외\사천시과외\사천시수학과외\index.html,high,true,정상
region,경상남도,사천시,사천시영어,,사천시영어,C:\Users\user\Documents\GitHub\studynavi\경남과외\사천시과외\사천시영어과외\index.html,high,true,정상
region,경상남도,사천시,송포동,,송포동,C:\Users\user\Documents\GitHub\studynavi\경남과외\사천시과외\송포동과외\index.html,high,true,정상
region,경상남도,양산시,,,양산시,C:\Users\user\Documents\GitHub\studynavi\경남과외\양산시과외\index.html,high,true,정상
region,경상남도,양산시,원동,,원동,C:\Users\user\Documents\GitHub\studynavi\경남과외\양산시과외\경남원동과외\index.html,high,true,정상
region,경상남도,양산시,남부동,,남부동,C:\Users\user\Documents\GitHub\studynavi\경남과외\양산시과외\남부동과외\index.html,high,true,정상
region,경상남도,양산시,물금동,,물금동,C:\Users\user\Documents\GitHub\studynavi\경남과외\양산시과외\물금동과외\index.html,high,true,정상
region,경상남도,양산시,북부동,,북부동,C:\Users\user\Documents\GitHub\studynavi\경남과외\양산시과외\북부동과외\index.html,high,true,정상
region,경상남도,양산시,북정동,,북정동,C:\Users\user\Documents\GitHub\studynavi\경남과외\양산시과외\북정동과외\index.html,high,true,정상
region,경상남도,양산시,삼호동,,삼호동,C:\Users\user\Documents\GitHub\studynavi\경남과외\양산시과외\삼호동과외\index.html,high,true,정상
region,경상남도,양산시,양산시교동,,양산시교동,C:\Users\user\Documents\GitHub\studynavi\경남과외\양산시과외\양산시교동과외\index.html,high,true,정상
region,경상남도,양산시,양산시수학,,양산시수학,C:\Users\user\Documents\GitHub\studynavi\경남과외\양산시과외\양산시수학과외\index.html,high,true,정상
region,경상남도,양산시,양산시영어,,양산시영어,C:\Users\user\Documents\GitHub\studynavi\경남과외\양산시과외\양산시영어과외\index.html,high,true,정상
region,경상남도,양산시,어곡동,,어곡동,C:\Users\user\Documents\GitHub\studynavi\경남과외\양산시과외\어곡동과외\index.html,high,true,정상
region,경상남도,양산시,평산동,,평산동,C:\Users\user\Documents\GitHub\studynavi\경남과외\양산시과외\평산동과외\index.html,high,true,정상
region,경상남도,진주시,,,진주시,C:\Users\user\Documents\GitHub\studynavi\경남과외\진주시과외\index.html,high,true,정상
region,경상남도,진주시,가좌동,,가좌동,C:\Users\user\Documents\GitHub\studynavi\경남과외\진주시과외\경남가좌동과외\index.html,high,true,정상
region,경상남도,진주시,상봉동,,상봉동,C:\Users\user\Documents\GitHub\studynavi\경남과외\진주시과외\경남상봉동과외\index.html,high,true,정상
region,경상남도,진주시,상평동,,상평동,C:\Users\user\Documents\GitHub\studynavi\경남과외\진주시과외\상평동과외\index.html,high,true,정상
region,경상남도,진주시,이현동,,이현동,C:\Users\user\Documents\GitHub\studynavi\경남과외\진주시과외\이현동과외\index.html,high,true,정상
region,경상남도,진주시,진주동,,진주동,C:\Users\user\Documents\GitHub\studynavi\경남과외\진주시과외\진주동과외\index.html,high,true,정상
region,경상남도,진주시,진주시수학,,진주시수학,C:\Users\user\Documents\GitHub\studynavi\경남과외\진주시과외\진주시수학과외\index.html,high,true,정상
region,경상남도,진주시,진주시영어,,진주시영어,C:\Users\user\Documents\GitHub\studynavi\경남과외\진주시과외\진주시영어과외\index.html,high,true,정상
region,경상남도,진주시,초전동,,초전동,C:\Users\user\Documents\GitHub\studynavi\경남과외\진주시과외\초전동과외\index.html,high,true,정상
region,경상남도,진주시,충무공동,,충무공동,C:\Users\user\Documents\GitHub\studynavi\경남과외\진주시과외\충무공동과외\index.html,high,true,정상
region,경상남도,진주시,칠암동,,칠암동,C:\Users\user\Documents\GitHub\studynavi\경남과외\진주시과외\칠암동과외\index.html,high,true,정상
region,경상남도,진주시,평거동,,평거동,C:\Users\user\Documents\GitHub\studynavi\경남과외\진주시과외\평거동과외\index.html,high,true,정상
region,경상남도,진주시,하대동,,하대동,C:\Users\user\Documents\GitHub\studynavi\경남과외\진주시과외\하대동과외\index.html,high,true,정상
region,경상남도,창녕군,,,창녕군,C:\Users\user\Documents\GitHub\studynavi\경남과외\창녕군과외\index.html,high,true,정상
region,경상남도,창녕군,낙동,,낙동,C:\Users\user\Documents\GitHub\studynavi\경남과외\창녕군과외\경남낙동과외\index.html,high,true,정상
region,경상남도,창녕군,창녕군수학,,창녕군수학,C:\Users\user\Documents\GitHub\studynavi\경남과외\창녕군과외\창녕군수학과외\index.html,high,true,정상
region,경상남도,창녕군,창녕군영어,,창녕군영어,C:\Users\user\Documents\GitHub\studynavi\경남과외\창녕군과외\창녕군영어과외\index.html,high,true,정상
region,경상남도,창원시,,,창원시,C:\Users\user\Documents\GitHub\studynavi\경남과외\창원시과외\index.html,high,true,정상
region,경상남도,창원시,가음동,,가음동,C:\Users\user\Documents\GitHub\studynavi\경남과외\창원시과외\가음동과외\index.html,high,true,정상
region,경상남도,창원시,가음정동,,가음정동,C:\Users\user\Documents\GitHub\studynavi\경남과외\창원시과외\가음정동과외\index.html,high,true,정상
region,경상남도,창원시,가포동,,가포동,C:\Users\user\Documents\GitHub\studynavi\경남과외\창원시과외\가포동과외\index.html,high,true,정상
region,경상남도,창원시,구암동,,구암동,C:\Users\user\Documents\GitHub\studynavi\경남과외\창원시과외\경남구암동과외\index.html,high,true,정상
region,경상남도,창원시,대방동,,대방동,C:\Users\user\Documents\GitHub\studynavi\경남과외\창원시과외\경남대방동과외\index.html,high,true,정상
region,경상남도,창원시,문화동,,문화동,C:\Users\user\Documents\GitHub\studynavi\경남과외\창원시과외\경남문화동과외\index.html,high,true,정상
region,경상남도,창원시,봉곡동,,봉곡동,C:\Users\user\Documents\GitHub\studynavi\경남과외\창원시과외\경남봉곡동과외\index.html,high,true,정상
region,경상남도,창원시,성내동,,성내동,C:\Users\user\Documents\GitHub\studynavi\경남과외\창원시과외\경남성내동과외\index.html,high,true,정상
region,경상남도,창원시,신월동,,신월동,C:\Users\user\Documents\GitHub\studynavi\경남과외\창원시과외\경남신월동과외\index.html,high,true,정상
region,경상남도,창원시,양덕동,,양덕동,C:\Users\user\Documents\GitHub\studynavi\경남과외\창원시과외\경남양덕동과외\index.html,high,true,정상
region,경상남도,창원시,용호동,,용호동,C:\Users\user\Documents\GitHub\studynavi\경남과외\창원시과외\경남용호동과외\index.html,high,true,정상
region,경상남도,창원시,중앙동,,중앙동,C:\Users\user\Documents\GitHub\studynavi\경남과외\창원시과외\경남중앙동과외\index.html,high,true,정상
region,경상남도,창원시,현동,,현동,C:\Users\user\Documents\GitHub\studynavi\경남과외\창원시과외\경남현동과외\index.html,high,true,정상
region,경상남도,창원시,경화동,,경화동,C:\Users\user\Documents\GitHub\studynavi\경남과외\창원시과외\경화동과외\index.html,high,true,정상
region,경상남도,창원시,교방동,,교방동,C:\Users\user\Documents\GitHub\studynavi\경남과외\창원시과외\교방동과외\index.html,high,true,정상
region,경상남도,창원시,남문동,,남문동,C:\Users\user\Documents\GitHub\studynavi\경남과외\창원시과외\남문동과외\index.html,high,true,정상
region,경상남도,창원시,도계동,,도계동,C:\Users\user\Documents\GitHub\studynavi\경남과외\창원시과외\도계동과외\index.html,high,true,정상
region,경상남도,창원시,두대동,,두대동,C:\Users\user\Documents\GitHub\studynavi\경남과외\창원시과외\두대동과외\index.html,high,true,정상
region,경상남도,창원시,두동,,두동,C:\Users\user\Documents\GitHub\studynavi\경남과외\창원시과외\두동과외\index.html,high,true,정상
region,경상남도,창원시,명곡동,,명곡동,C:\Users\user\Documents\GitHub\studynavi\경남과외\창원시과외\명곡동과외\index.html,high,true,정상
region,경상남도,창원시,명서동,,명서동,C:\Users\user\Documents\GitHub\studynavi\경남과외\창원시과외\명서동과외\index.html,high,true,정상
region,경상남도,창원시,무동,,무동,C:\Users\user\Documents\GitHub\studynavi\경남과외\창원시과외\무동과외\index.html,high,true,정상
region,경상남도,창원시,반림동,,반림동,C:\Users\user\Documents\GitHub\studynavi\경남과외\창원시과외\반림동과외\index.html,high,true,정상
region,경상남도,창원시,반지동,,반지동,C:\Users\user\Documents\GitHub\studynavi\경남과외\창원시과외\반지동과외\index.html,high,true,정상
region,경상남도,창원시,봉암동,,봉암동,C:\Users\user\Documents\GitHub\studynavi\경남과외\창원시과외\봉암동과외\index.html,high,true,정상
region,경상남도,창원시,사림동,,사림동,C:\Users\user\Documents\GitHub\studynavi\경남과외\창원시과외\사림동과외\index.html,high,true,정상
region,경상남도,창원시,사파동,,사파동,C:\Users\user\Documents\GitHub\studynavi\경남과외\창원시과외\사파동과외\index.html,high,true,정상
region,경상남도,창원시,산호동,,산호동,C:\Users\user\Documents\GitHub\studynavi\경남과외\창원시과외\산호동과외\index.html,high,true,정상
region,경상남도,창원시,상남동,,상남동,C:\Users\user\Documents\GitHub\studynavi\경남과외\창원시과외\상남동과외\index.html,high,true,정상
region,경상남도,창원시,서상동,,서상동,C:\Users\user\Documents\GitHub\studynavi\경남과외\창원시과외\서상동과외\index.html,high,true,정상
region,경상남도,창원시,석동,,석동,C:\Users\user\Documents\GitHub\studynavi\경남과외\창원시과외\석동과외\index.html,high,true,정상
region,경상남도,창원시,성주동,,성주동,C:\Users\user\Documents\GitHub\studynavi\경남과외\창원시과외\성주동과외\index.html,high,true,정상
region,경상남도,창원시,소계동,,소계동,C:\Users\user\Documents\GitHub\studynavi\경남과외\창원시과외\소계동과외\index.html,high,true,정상
region,경상남도,창원시,신촌동,,신촌동,C:\Users\user\Documents\GitHub\studynavi\경남과외\창원시과외\신촌동과외\index.html,high,true,정상
region,경상남도,창원시,안민동,,안민동,C:\Users\user\Documents\GitHub\studynavi\경남과외\창원시과외\안민동과외\index.html,high,true,정상
region,경상남도,창원시,여좌동,,여좌동,C:\Users\user\Documents\GitHub\studynavi\경남과외\창원시과외\여좌동과외\index.html,high,true,정상
region,경상남도,창원시,완월동,,완월동,C:\Users\user\Documents\GitHub\studynavi\경남과외\창원시과외\완월동과외\index.html,high,true,정상
region,경상남도,창원시,용원동,,용원동,C:\Users\user\Documents\GitHub\studynavi\경남과외\창원시과외\용원동과외\index.html,high,true,정상
region,경상남도,창원시,월영동,,월영동,C:\Users\user\Documents\GitHub\studynavi\경남과외\창원시과외\월영동과외\index.html,high,true,정상
region,경상남도,창원시,자산동,,자산동,C:\Users\user\Documents\GitHub\studynavi\경남과외\창원시과외\자산동과외\index.html,high,true,정상
region,경상남도,창원시,자은동,,자은동,C:\Users\user\Documents\GitHub\studynavi\경남과외\창원시과외\자은동과외\index.html,high,true,정상
region,경상남도,창원시,진동,,진동,C:\Users\user\Documents\GitHub\studynavi\경남과외\창원시과외\진동과외\index.html,high,true,정상
region,경상남도,창원시,창원동,,창원동,C:\Users\user\Documents\GitHub\studynavi\경남과외\창원시과외\창원동과외\index.html,high,true,정상
region,경상남도,창원시,창원시내동,,창원시내동,C:\Users\user\Documents\GitHub\studynavi\경남과외\창원시과외\창원시내동과외\index.html,high,true,정상
region,경상남도,창원시,창원시수학,,창원시수학,C:\Users\user\Documents\GitHub\studynavi\경남과외\창원시과외\창원시수학과외\index.html,high,true,정상
region,경상남도,창원시,창원시영어,,창원시영어,C:\Users\user\Documents\GitHub\studynavi\경남과외\창원시과외\창원시영어과외\index.html,high,true,정상
region,경상남도,창원시,창원시외동,,창원시외동,C:\Users\user\Documents\GitHub\studynavi\경남과외\창원시과외\창원시외동과외\index.html,high,true,정상
region,경상남도,창원시,청안동,,청안동,C:\Users\user\Documents\GitHub\studynavi\경남과외\창원시과외\청안동과외\index.html,high,true,정상
region,경상남도,창원시,토월동,,토월동,C:\Users\user\Documents\GitHub\studynavi\경남과외\창원시과외\토월동과외\index.html,high,true,정상
region,경상남도,창원시,팔용동,,팔용동,C:\Users\user\Documents\GitHub\studynavi\경남과외\창원시과외\팔용동과외\index.html,high,true,정상
region,경상남도,창원시,풍호동,,풍호동,C:\Users\user\Documents\GitHub\studynavi\경남과외\창원시과외\풍호동과외\index.html,high,true,정상
region,경상남도,창원시,합성동,,합성동,C:\Users\user\Documents\GitHub\studynavi\경남과외\창원시과외\합성동과외\index.html,high,true,정상
region,경상남도,창원시,해운동,,해운동,C:\Users\user\Documents\GitHub\studynavi\경남과외\창원시과외\해운동과외\index.html,high,true,정상
region,경상남도,창원시,호계본동,,호계본동,C:\Users\user\Documents\GitHub\studynavi\경남과외\창원시과외\호계본동과외\index.html,high,true,정상
region,경상남도,창원시,회원동,,회원동,C:\Users\user\Documents\GitHub\studynavi\경남과외\창원시과외\회원동과외\index.html,high,true,정상
region,경상남도,통영시,,,통영시,C:\Users\user\Documents\GitHub\studynavi\경남과외\통영시과외\index.html,high,true,정상
region,경상남도,통영시,도천동,,도천동,C:\Users\user\Documents\GitHub\studynavi\경남과외\통영시과외\도천동과외\index.html,high,true,정상
region,경상남도,통영시,무전동,,무전동,C:\Users\user\Documents\GitHub\studynavi\경남과외\통영시과외\무전동과외\index.html,high,true,정상
region,경상남도,통영시,봉평동,,봉평동,C:\Users\user\Documents\GitHub\studynavi\경남과외\통영시과외\봉평동과외\index.html,high,true,정상
region,경상남도,통영시,북신동,,북신동,C:\Users\user\Documents\GitHub\studynavi\경남과외\통영시과외\북신동과외\index.html,high,true,정상
region,경상남도,통영시,인평동,,인평동,C:\Users\user\Documents\GitHub\studynavi\경남과외\통영시과외\인평동과외\index.html,high,true,정상
region,경상남도,통영시,통영시수학,,통영시수학,C:\Users\user\Documents\GitHub\studynavi\경남과외\통영시과외\통영시수학과외\index.html,high,true,정상
region,경상남도,통영시,통영시영어,,통영시영어,C:\Users\user\Documents\GitHub\studynavi\경남과외\통영시과외\통영시영어과외\index.html,high,true,정상
region,경상남도,하동군,,,하동군,C:\Users\user\Documents\GitHub\studynavi\경남과외\하동군과외\index.html,high,true,정상
region,경상남도,하동군,하동,,하동,C:\Users\user\Documents\GitHub\studynavi\경남과외\하동군과외\경남하동과외\index.html,high,true,정상
region,경상남도,하동군,하동군수학,,하동군수학,C:\Users\user\Documents\GitHub\studynavi\경남과외\하동군과외\하동군수학과외\index.html,high,true,정상
region,경상남도,하동군,하동군영어,,하동군영어,C:\Users\user\Documents\GitHub\studynavi\경남과외\하동군과외\하동군영어과외\index.html,high,true,정상
region,경상남도,함양군,,,함양군,C:\Users\user\Documents\GitHub\studynavi\경남과외\함양군과외\index.html,high,true,정상
region,경상남도,함양군,수동,,수동,C:\Users\user\Documents\GitHub\studynavi\경남과외\함양군과외\경남수동과외\index.html,high,true,정상
region,경상남도,함양군,함양군수학,,함양군수학,C:\Users\user\Documents\GitHub\studynavi\경남과외\함양군과외\함양군수학과외\index.html,high,true,정상
region,경상남도,함양군,함양군영어,,함양군영어,C:\Users\user\Documents\GitHub\studynavi\경남과외\함양군과외\함양군영어과외\index.html,high,true,정상
region,경상남도,합천군,,,합천군,C:\Users\user\Documents\GitHub\studynavi\경남과외\합천군과외\index.html,high,true,정상
region,경상남도,합천군,신성동,,신성동,C:\Users\user\Documents\GitHub\studynavi\경남과외\합천군과외\경남신성동과외\index.html,high,true,정상
region,경상남도,합천군,합천군교동,,합천군교동,C:\Users\user\Documents\GitHub\studynavi\경남과외\합천군과외\합천군교동과외\index.html,high,true,정상
region,경상남도,합천군,합천군수학,,합천군수학,C:\Users\user\Documents\GitHub\studynavi\경남과외\합천군과외\합천군수학과외\index.html,high,true,정상
region,경상남도,합천군,합천군영어,,합천군영어,C:\Users\user\Documents\GitHub\studynavi\경남과외\합천군과외\합천군영어과외\index.html,high,true,정상
region,경상북도,,,,경상북도,C:\Users\user\Documents\GitHub\studynavi\경북과외\index.html,high,true,정상
region,경상북도,경북고등,,,경북고등,C:\Users\user\Documents\GitHub\studynavi\경북과외\경북고등과외\index.html,high,true,정상
region,경상북도,경북수학,,,경북수학,C:\Users\user\Documents\GitHub\studynavi\경북과외\경북수학과외\index.html,high,true,정상
region,경상북도,경북수학,경북고등수학,,경북고등수학,C:\Users\user\Documents\GitHub\studynavi\경북과외\경북수학과외\경북고등수학과외\index.html,high,true,정상
region,경상북도,경북수학,경북중등수학,,경북중등수학,C:\Users\user\Documents\GitHub\studynavi\경북과외\경북수학과외\경북중등수학과외\index.html,high,true,정상
region,경상북도,경북수학,경북초등수학,,경북초등수학,C:\Users\user\Documents\GitHub\studynavi\경북과외\경북수학과외\경북초등수학과외\index.html,high,true,정상
region,경상북도,경북영어,,,경북영어,C:\Users\user\Documents\GitHub\studynavi\경북과외\경북영어과외\index.html,high,true,정상
region,경상북도,경북영어,경북고등영어,,경북고등영어,C:\Users\user\Documents\GitHub\studynavi\경북과외\경북영어과외\경북고등영어과외\index.html,high,true,정상
region,경상북도,경북영어,경북중등영어,,경북중등영어,C:\Users\user\Documents\GitHub\studynavi\경북과외\경북영어과외\경북중등영어과외\index.html,high,true,정상
region,경상북도,경북영어,경북초등영어,,경북초등영어,C:\Users\user\Documents\GitHub\studynavi\경북과외\경북영어과외\경북초등영어과외\index.html,high,true,정상
region,경상북도,경북중등,,,경북중등,C:\Users\user\Documents\GitHub\studynavi\경북과외\경북중등과외\index.html,high,true,정상
region,경상북도,경북초등,,,경북초등,C:\Users\user\Documents\GitHub\studynavi\경북과외\경북초등과외\index.html,high,true,정상
region,경상북도,경산시,,,경산시,C:\Users\user\Documents\GitHub\studynavi\경북과외\경산시과외\index.html,high,true,정상
region,경상북도,경산시,갑제동,,갑제동,C:\Users\user\Documents\GitHub\studynavi\경북과외\경산시과외\갑제동과외\index.html,high,true,정상
region,경상북도,경산시,경산시사동,,경산시사동,C:\Users\user\Documents\GitHub\studynavi\경북과외\경산시과외\경산시사동과외\index.html,high,true,정상
region,경상북도,경산시,경산시수학,,경산시수학,C:\Users\user\Documents\GitHub\studynavi\경북과외\경산시과외\경산시수학과외\index.html,high,true,정상
region,경상북도,경산시,경산시영어,,경산시영어,C:\Users\user\Documents\GitHub\studynavi\경북과외\경산시과외\경산시영어과외\index.html,high,true,정상
region,경상북도,경산시,계양동,,계양동,C:\Users\user\Documents\GitHub\studynavi\경북과외\경산시과외\계양동과외\index.html,high,true,정상
region,경상북도,경산시,백천동,,백천동,C:\Users\user\Documents\GitHub\studynavi\경북과외\경산시과외\백천동과외\index.html,high,true,정상
region,경상북도,경산시,사정동,,사정동,C:\Users\user\Documents\GitHub\studynavi\경북과외\경산시과외\사정동과외\index.html,high,true,정상
region,경상북도,경산시,신교동,,신교동,C:\Users\user\Documents\GitHub\studynavi\경북과외\경산시과외\신교동과외\index.html,high,true,정상
region,경상북도,경산시,옥곡동,,옥곡동,C:\Users\user\Documents\GitHub\studynavi\경북과외\경산시과외\옥곡동과외\index.html,high,true,정상
region,경상북도,경주시,,,경주시,C:\Users\user\Documents\GitHub\studynavi\경북과외\경주시과외\index.html,high,true,정상
region,경상북도,경주시,외동,,외동,C:\Users\user\Documents\GitHub\studynavi\경북과외\경주시과외\경북외동과외\index.html,high,true,정상
region,경상북도,경주시,용강동,,용강동,C:\Users\user\Documents\GitHub\studynavi\경북과외\경주시과외\경북용강동과외\index.html,high,true,정상
region,경상북도,경주시,경주시수학,,경주시수학,C:\Users\user\Documents\GitHub\studynavi\경북과외\경주시과외\경주시수학과외\index.html,high,true,정상
region,경상북도,경주시,경주시영어,,경주시영어,C:\Users\user\Documents\GitHub\studynavi\경북과외\경주시과외\경주시영어과외\index.html,high,true,정상
region,경상북도,경주시,서악동,,서악동,C:\Users\user\Documents\GitHub\studynavi\경북과외\경주시과외\서악동과외\index.html,high,true,정상
region,경상북도,경주시,성건동,,성건동,C:\Users\user\Documents\GitHub\studynavi\경북과외\경주시과외\성건동과외\index.html,high,true,정상
region,경상북도,경주시,시래동,,시래동,C:\Users\user\Documents\GitHub\studynavi\경북과외\경주시과외\시래동과외\index.html,high,true,정상
region,경상북도,경주시,인왕동,,인왕동,C:\Users\user\Documents\GitHub\studynavi\경북과외\경주시과외\인왕동과외\index.html,high,true,정상
region,경상북도,경주시,장항재동,,장항재동,C:\Users\user\Documents\GitHub\studynavi\경북과외\경주시과외\장항재동과외\index.html,high,true,정상
region,경상북도,경주시,충효동,,충효동,C:\Users\user\Documents\GitHub\studynavi\경북과외\경주시과외\충효동과외\index.html,high,true,정상
region,경상북도,경주시,황성동,,황성동,C:\Users\user\Documents\GitHub\studynavi\경북과외\경주시과외\황성동과외\index.html,high,true,정상
region,경상북도,경주시,황오동,,황오동,C:\Users\user\Documents\GitHub\studynavi\경북과외\경주시과외\황오동과외\index.html,high,true,정상
region,경상북도,구미시,,,구미시,C:\Users\user\Documents\GitHub\studynavi\경북과외\구미시과외\index.html,high,true,정상
region,경상북도,구미시,거의동,,거의동,C:\Users\user\Documents\GitHub\studynavi\경북과외\구미시과외\거의동과외\index.html,high,true,정상
region,경상북도,구미시,강동,,강동,C:\Users\user\Documents\GitHub\studynavi\경북과외\구미시과외\경북강동과외\index.html,high,true,정상
region,경상북도,구미시,봉곡동,,봉곡동,C:\Users\user\Documents\GitHub\studynavi\경북과외\구미시과외\경북봉곡동과외\index.html,high,true,정상
region,경상북도,구미시,송정동,,송정동,C:\Users\user\Documents\GitHub\studynavi\경북과외\구미시과외\경북송정동과외\index.html,high,true,정상
region,경상북도,구미시,신평동,,신평동,C:\Users\user\Documents\GitHub\studynavi\경북과외\구미시과외\경북신평동과외\index.html,high,true,정상
region,경상북도,구미시,지산동,,지산동,C:\Users\user\Documents\GitHub\studynavi\경북과외\구미시과외\경북지산동과외\index.html,high,true,정상
region,경상북도,구미시,광평동,,광평동,C:\Users\user\Documents\GitHub\studynavi\경북과외\구미시과외\광평동과외\index.html,high,true,정상
region,경상북도,구미시,구미시산동,,구미시산동,C:\Users\user\Documents\GitHub\studynavi\경북과외\구미시과외\구미시산동과외\index.html,high,true,정상
region,경상북도,구미시,구미시수학,,구미시수학,C:\Users\user\Documents\GitHub\studynavi\경북과외\구미시과외\구미시수학과외\index.html,high,true,정상
region,경상북도,구미시,구미시영어,,구미시영어,C:\Users\user\Documents\GitHub\studynavi\경북과외\구미시과외\구미시영어과외\index.html,high,true,정상
region,경상북도,구미시,구평동,,구평동,C:\Users\user\Documents\GitHub\studynavi\경북과외\구미시과외\구평동과외\index.html,high,true,정상
region,경상북도,구미시,남통동,,남통동,C:\Users\user\Documents\GitHub\studynavi\경북과외\구미시과외\남통동과외\index.html,high,true,정상
region,경상북도,구미시,도량동,,도량동,C:\Users\user\Documents\GitHub\studynavi\경북과외\구미시과외\도량동과외\index.html,high,true,정상
region,경상북도,구미시,사곡동,,사곡동,C:\Users\user\Documents\GitHub\studynavi\경북과외\구미시과외\사곡동과외\index.html,high,true,정상
region,경상북도,구미시,상모동,,상모동,C:\Users\user\Documents\GitHub\studynavi\경북과외\구미시과외\상모동과외\index.html,high,true,정상
region,경상북도,구미시,오태동,,오태동,C:\Users\user\Documents\GitHub\studynavi\경북과외\구미시과외\오태동과외\index.html,high,true,정상
region,경상북도,구미시,옥계동,,옥계동,C:\Users\user\Documents\GitHub\studynavi\경북과외\구미시과외\옥계동과외\index.html,high,true,정상
region,경상북도,구미시,원평동,,원평동,C:\Users\user\Documents\GitHub\studynavi\경북과외\구미시과외\원평동과외\index.html,high,true,정상
region,경상북도,구미시,인의동,,인의동,C:\Users\user\Documents\GitHub\studynavi\경북과외\구미시과외\인의동과외\index.html,high,true,정상
region,경상북도,구미시,임은동,,임은동,C:\Users\user\Documents\GitHub\studynavi\경북과외\구미시과외\임은동과외\index.html,high,true,정상
region,경상북도,구미시,진평동,,진평동,C:\Users\user\Documents\GitHub\studynavi\경북과외\구미시과외\진평동과외\index.html,high,true,정상
region,경상북도,구미시,형곡동,,형곡동,C:\Users\user\Documents\GitHub\studynavi\경북과외\구미시과외\형곡동과외\index.html,high,true,정상
region,경상북도,김천시,,,김천시,C:\Users\user\Documents\GitHub\studynavi\경북과외\김천시과외\index.html,high,true,정상
region,경상북도,김천시,교동,,교동,C:\Users\user\Documents\GitHub\studynavi\경북과외\김천시과외\경북교동과외\index.html,high,true,정상
region,경상북도,김천시,부곡동,,부곡동,C:\Users\user\Documents\GitHub\studynavi\경북과외\김천시과외\경북부곡동과외\index.html,high,true,정상
region,경상북도,김천시,평화동,,평화동,C:\Users\user\Documents\GitHub\studynavi\경북과외\김천시과외\경북평화동과외\index.html,high,true,정상
region,경상북도,김천시,황금동,,황금동,C:\Users\user\Documents\GitHub\studynavi\경북과외\김천시과외\경북황금동과외\index.html,high,true,정상
region,경상북도,김천시,김천시성내동,,김천시성내동,C:\Users\user\Documents\GitHub\studynavi\경북과외\김천시과외\김천시성내동과외\index.html,high,true,정상
region,경상북도,김천시,김천시수학,,김천시수학,C:\Users\user\Documents\GitHub\studynavi\경북과외\김천시과외\김천시수학과외\index.html,high,true,정상
region,경상북도,김천시,김천시영어,,김천시영어,C:\Users\user\Documents\GitHub\studynavi\경북과외\김천시과외\김천시영어과외\index.html,high,true,정상
region,경상북도,김천시,모암동,,모암동,C:\Users\user\Documents\GitHub\studynavi\경북과외\김천시과외\모암동과외\index.html,high,true,정상
region,경상북도,김천시,삼락동,,삼락동,C:\Users\user\Documents\GitHub\studynavi\경북과외\김천시과외\삼락동과외\index.html,high,true,정상
region,경상북도,김천시,율곡동,,율곡동,C:\Users\user\Documents\GitHub\studynavi\경북과외\김천시과외\율곡동과외\index.html,high,true,정상
region,경상북도,김천시,지좌동,,지좌동,C:\Users\user\Documents\GitHub\studynavi\경북과외\김천시과외\지좌동과외\index.html,high,true,정상
region,경상북도,문경시,,,문경시,C:\Users\user\Documents\GitHub\studynavi\경북과외\문경시과외\index.html,high,true,정상
region,경상북도,문경시,모전동,,모전동,C:\Users\user\Documents\GitHub\studynavi\경북과외\문경시과외\모전동과외\index.html,high,true,정상
region,경상북도,문경시,문경시수학,,문경시수학,C:\Users\user\Documents\GitHub\studynavi\경북과외\문경시과외\문경시수학과외\index.html,high,true,정상
region,경상북도,문경시,문경시영어,,문경시영어,C:\Users\user\Documents\GitHub\studynavi\경북과외\문경시과외\문경시영어과외\index.html,high,true,정상
region,경상북도,문경시,점촌동,,점촌동,C:\Users\user\Documents\GitHub\studynavi\경북과외\문경시과외\점촌동과외\index.html,high,true,정상
region,경상북도,문경시,흥덕동,,흥덕동,C:\Users\user\Documents\GitHub\studynavi\경북과외\문경시과외\흥덕동과외\index.html,high,true,정상
region,경상북도,상주시,,,상주시,C:\Users\user\Documents\GitHub\studynavi\경북과외\상주시과외\index.html,high,true,정상
region,경상북도,상주시,계산동,,계산동,C:\Users\user\Documents\GitHub\studynavi\경북과외\상주시과외\경북계산동과외\index.html,high,true,정상
region,경상북도,상주시,낙양동,,낙양동,C:\Users\user\Documents\GitHub\studynavi\경북과외\상주시과외\경북낙양동과외\index.html,high,true,정상
region,경상북도,상주시,신봉동,,신봉동,C:\Users\user\Documents\GitHub\studynavi\경북과외\상주시과외\경북신봉동과외\index.html,high,true,정상
region,경상북도,상주시,화동,,화동,C:\Users\user\Documents\GitHub\studynavi\경북과외\상주시과외\경북화동과외\index.html,high,true,정상
region,경상북도,상주시,남성동,,남성동,C:\Users\user\Documents\GitHub\studynavi\경북과외\상주시과외\남성동과외\index.html,high,true,정상
region,경상북도,상주시,만산동,,만산동,C:\Users\user\Documents\GitHub\studynavi\경북과외\상주시과외\만산동과외\index.html,high,true,정상
region,경상북도,상주시,모동,,모동,C:\Users\user\Documents\GitHub\studynavi\경북과외\상주시과외\모동과외\index.html,high,true,정상
region,경상북도,상주시,복룡동,,복룡동,C:\Users\user\Documents\GitHub\studynavi\경북과외\상주시과외\복룡동과외\index.html,high,true,정상
region,경상북도,상주시,상주시낙동,,상주시낙동,C:\Users\user\Documents\GitHub\studynavi\경북과외\상주시과외\상주시낙동과외\index.html,high,true,정상
region,경상북도,상주시,상주시수학,,상주시수학,C:\Users\user\Documents\GitHub\studynavi\경북과외\상주시과외\상주시수학과외\index.html,high,true,정상
region,경상북도,상주시,상주시영어,,상주시영어,C:\Users\user\Documents\GitHub\studynavi\경북과외\상주시과외\상주시영어과외\index.html,high,true,정상
region,경상북도,안동시,,,안동시,C:\Users\user\Documents\GitHub\studynavi\경북과외\안동시과외\index.html,high,true,정상
region,경상북도,안동시,금곡동,,금곡동,C:\Users\user\Documents\GitHub\studynavi\경북과외\안동시과외\경북금곡동과외\index.html,high,true,정상
region,경상북도,안동시,송현동,,송현동,C:\Users\user\Documents\GitHub\studynavi\경북과외\안동시과외\경북송현동과외\index.html,high,true,정상
region,경상북도,안동시,안동,,안동,C:\Users\user\Documents\GitHub\studynavi\경북과외\안동시과외\경북안동과외\index.html,high,true,정상
region,경상북도,안동시,태화동,,태화동,C:\Users\user\Documents\GitHub\studynavi\경북과외\안동시과외\경북태화동과외\index.html,high,true,정상
region,경상북도,안동시,당북동,,당북동,C:\Users\user\Documents\GitHub\studynavi\경북과외\안동시과외\당북동과외\index.html,high,true,정상
region,경상북도,안동시,법상동,,법상동,C:\Users\user\Documents\GitHub\studynavi\경북과외\안동시과외\법상동과외\index.html,high,true,정상
region,경상북도,안동시,신안동,,신안동,C:\Users\user\Documents\GitHub\studynavi\경북과외\안동시과외\신안동과외\index.html,high,true,정상
region,경상북도,안동시,안기동,,안기동,C:\Users\user\Documents\GitHub\studynavi\경북과외\안동시과외\안기동과외\index.html,high,true,정상
region,경상북도,안동시,안동시수학,,안동시수학,C:\Users\user\Documents\GitHub\studynavi\경북과외\안동시과외\안동시수학과외\index.html,high,true,정상
region,경상북도,안동시,안동시영어,,안동시영어,C:\Users\user\Documents\GitHub\studynavi\경북과외\안동시과외\안동시영어과외\index.html,high,true,정상
region,경상북도,안동시,안막동,,안막동,C:\Users\user\Documents\GitHub\studynavi\경북과외\안동시과외\안막동과외\index.html,high,true,정상
region,경상북도,안동시,용상동,,용상동,C:\Users\user\Documents\GitHub\studynavi\경북과외\안동시과외\용상동과외\index.html,high,true,정상
region,경상북도,안동시,정상동,,정상동,C:\Users\user\Documents\GitHub\studynavi\경북과외\안동시과외\정상동과외\index.html,high,true,정상
region,경상북도,안동시,정하동,,정하동,C:\Users\user\Documents\GitHub\studynavi\경북과외\안동시과외\정하동과외\index.html,high,true,정상
region,경상북도,영양군,,,영양군,C:\Users\user\Documents\GitHub\studynavi\경북과외\영양군과외\index.html,high,true,정상
region,경상북도,영양군,영양군낙동,,영양군낙동,C:\Users\user\Documents\GitHub\studynavi\경북과외\영양군과외\영양군낙동과외\index.html,high,true,정상
region,경상북도,영양군,영양군수학,,영양군수학,C:\Users\user\Documents\GitHub\studynavi\경북과외\영양군과외\영양군수학과외\index.html,high,true,정상
region,경상북도,영양군,영양군영어,,영양군영어,C:\Users\user\Documents\GitHub\studynavi\경북과외\영양군과외\영양군영어과외\index.html,high,true,정상
region,경상북도,영주시,,,영주시,C:\Users\user\Documents\GitHub\studynavi\경북과외\영주시과외\index.html,high,true,정상
region,경상북도,영주시,가흥동,,가흥동,C:\Users\user\Documents\GitHub\studynavi\경북과외\영주시과외\가흥동과외\index.html,high,true,정상
region,경상북도,영주시,영주동,,영주동,C:\Users\user\Documents\GitHub\studynavi\경북과외\영주시과외\경북영주동과외\index.html,high,true,정상
region,경상북도,영주시,상망동,,상망동,C:\Users\user\Documents\GitHub\studynavi\경북과외\영주시과외\상망동과외\index.html,high,true,정상
region,경상북도,영주시,영주시수학,,영주시수학,C:\Users\user\Documents\GitHub\studynavi\경북과외\영주시과외\영주시수학과외\index.html,high,true,정상
region,경상북도,영주시,영주시영어,,영주시영어,C:\Users\user\Documents\GitHub\studynavi\경북과외\영주시과외\영주시영어과외\index.html,high,true,정상
region,경상북도,영주시,하망동,,하망동,C:\Users\user\Documents\GitHub\studynavi\경북과외\영주시과외\하망동과외\index.html,high,true,정상
region,경상북도,영주시,휴천동,,휴천동,C:\Users\user\Documents\GitHub\studynavi\경북과외\영주시과외\휴천동과외\index.html,high,true,정상
region,경상북도,영천시,,,영천시,C:\Users\user\Documents\GitHub\studynavi\경북과외\영천시과외\index.html,high,true,정상
region,경상북도,영천시,도동,,도동,C:\Users\user\Documents\GitHub\studynavi\경북과외\영천시과외\경북도동과외\index.html,high,true,정상
region,경상북도,영천시,교촌동,,교촌동,C:\Users\user\Documents\GitHub\studynavi\경북과외\영천시과외\교촌동과외\index.html,high,true,정상
region,경상북도,영천시,문내동,,문내동,C:\Users\user\Documents\GitHub\studynavi\경북과외\영천시과외\문내동과외\index.html,high,true,정상
region,경상북도,영천시,야사동,,야사동,C:\Users\user\Documents\GitHub\studynavi\경북과외\영천시과외\야사동과외\index.html,high,true,정상
region,경상북도,영천시,영천시산동,,영천시산동,C:\Users\user\Documents\GitHub\studynavi\경북과외\영천시과외\영천시산동과외\index.html,high,true,정상
region,경상북도,영천시,영천시성내동,,영천시성내동,C:\Users\user\Documents\GitHub\studynavi\경북과외\영천시과외\영천시성내동과외\index.html,high,true,정상
region,경상북도,영천시,영천시수학,,영천시수학,C:\Users\user\Documents\GitHub\studynavi\경북과외\영천시과외\영천시수학과외\index.html,high,true,정상
region,경상북도,영천시,영천시영어,,영천시영어,C:\Users\user\Documents\GitHub\studynavi\경북과외\영천시과외\영천시영어과외\index.html,high,true,정상
region,경상북도,영천시,화룡동,,화룡동,C:\Users\user\Documents\GitHub\studynavi\경북과외\영천시과외\화룡동과외\index.html,high,true,정상
region,경상북도,울릉군,,,울릉군,C:\Users\user\Documents\GitHub\studynavi\경북과외\울릉군과외\index.html,high,true,정상
region,경상북도,울릉군,울릉군사동,,울릉군사동,C:\Users\user\Documents\GitHub\studynavi\경북과외\울릉군과외\울릉군사동과외\index.html,high,true,정상
region,경상북도,울릉군,울릉군수학,,울릉군수학,C:\Users\user\Documents\GitHub\studynavi\경북과외\울릉군과외\울릉군수학과외\index.html,high,true,정상
region,경상북도,울릉군,울릉군영어,,울릉군영어,C:\Users\user\Documents\GitHub\studynavi\경북과외\울릉군과외\울릉군영어과외\index.html,high,true,정상
region,경상북도,청송군,,,청송군,C:\Users\user\Documents\GitHub\studynavi\경북과외\청송군과외\index.html,high,true,정상
region,경상북도,청송군,현동,,현동,C:\Users\user\Documents\GitHub\studynavi\경북과외\청송군과외\경북현동과외\index.html,high,true,정상
region,경상북도,청송군,청송군수학,,청송군수학,C:\Users\user\Documents\GitHub\studynavi\경북과외\청송군과외\청송군수학과외\index.html,high,true,정상
region,경상북도,청송군,청송군영어,,청송군영어,C:\Users\user\Documents\GitHub\studynavi\경북과외\청송군과외\청송군영어과외\index.html,high,true,정상
region,경상북도,청송군,청송중학교부동,,청송중학교부동,C:\Users\user\Documents\GitHub\studynavi\경북과외\청송군과외\청송중학교부동과외\index.html,high,true,정상
region,경상북도,칠곡군,,,칠곡군,C:\Users\user\Documents\GitHub\studynavi\경북과외\칠곡군과외\index.html,high,true,정상
region,경상북도,칠곡군,신동,,신동,C:\Users\user\Documents\GitHub\studynavi\경북과외\칠곡군과외\경북신동과외\index.html,high,true,정상
region,경상북도,칠곡군,칠곡군수학,,칠곡군수학,C:\Users\user\Documents\GitHub\studynavi\경북과외\칠곡군과외\칠곡군수학과외\index.html,high,true,정상
region,경상북도,칠곡군,칠곡군영어,,칠곡군영어,C:\Users\user\Documents\GitHub\studynavi\경북과외\칠곡군과외\칠곡군영어과외\index.html,high,true,정상
region,경상북도,포항시,,,포항시,C:\Users\user\Documents\GitHub\studynavi\경북과외\포항시과외\index.html,high,true,정상
region,경상북도,포항시,송도동,,송도동,C:\Users\user\Documents\GitHub\studynavi\경북과외\포항시과외\경북송도동과외\index.html,high,true,정상
region,경상북도,포항시,양덕동,,양덕동,C:\Users\user\Documents\GitHub\studynavi\경북과외\포항시과외\경북양덕동과외\index.html,high,true,정상
region,경상북도,포항시,이동,,이동,C:\Users\user\Documents\GitHub\studynavi\경북과외\포항시과외\경북이동과외\index.html,high,true,정상
region,경상북도,포항시,장성동,,장성동,C:\Users\user\Documents\GitHub\studynavi\경북과외\포항시과외\경북장성동과외\index.html,high,true,정상
region,경상북도,포항시,대도동,,대도동,C:\Users\user\Documents\GitHub\studynavi\경북과외\포항시과외\대도동과외\index.html,high,true,정상
region,경상북도,포항시,대잠동,,대잠동,C:\Users\user\Documents\GitHub\studynavi\경북과외\포항시과외\대잠동과외\index.html,high,true,정상
region,경상북도,포항시,두호동,,두호동,C:\Users\user\Documents\GitHub\studynavi\경북과외\포항시과외\두호동과외\index.html,high,true,정상
region,경상북도,포항시,득량동,,득량동,C:\Users\user\Documents\GitHub\studynavi\경북과외\포항시과외\득량동과외\index.html,high,true,정상
region,경상북도,포항시,용흥동,,용흥동,C:\Users\user\Documents\GitHub\studynavi\경북과외\포항시과외\용흥동과외\index.html,high,true,정상
region,경상북도,포항시,우현동,,우현동,C:\Users\user\Documents\GitHub\studynavi\경북과외\포항시과외\우현동과외\index.html,high,true,정상
region,경상북도,포항시,죽도동,,죽도동,C:\Users\user\Documents\GitHub\studynavi\경북과외\포항시과외\죽도동과외\index.html,high,true,정상
region,경상북도,포항시,지곡동,,지곡동,C:\Users\user\Documents\GitHub\studynavi\경북과외\포항시과외\지곡동과외\index.html,high,true,정상
region,경상북도,포항시,창포동,,창포동,C:\Users\user\Documents\GitHub\studynavi\경북과외\포항시과외\창포동과외\index.html,high,true,정상
region,경상북도,포항시,포항동,,포항동,C:\Users\user\Documents\GitHub\studynavi\경북과외\포항시과외\포항동과외\index.html,high,true,정상
region,경상북도,포항시,포항시수학,,포항시수학,C:\Users\user\Documents\GitHub\studynavi\경북과외\포항시과외\포항시수학과외\index.html,high,true,정상
region,경상북도,포항시,포항시영어,,포항시영어,C:\Users\user\Documents\GitHub\studynavi\경북과외\포항시과외\포항시영어과외\index.html,high,true,정상
region,경상북도,포항시,학산동,,학산동,C:\Users\user\Documents\GitHub\studynavi\경북과외\포항시과외\학산동과외\index.html,high,true,정상
region,경상북도,포항시,환호동,,환호동,C:\Users\user\Documents\GitHub\studynavi\경북과외\포항시과외\환호동과외\index.html,high,true,정상
region,광주광역시,,,,광주광역시,C:\Users\user\Documents\GitHub\studynavi\광주과외\index.html,high,true,정상
region,광주광역시,광산구,,,광산구,C:\Users\user\Documents\GitHub\studynavi\광주과외\광산구과외\index.html,high,true,정상
region,광주광역시,광산구,광산구수학,,광산구수학,C:\Users\user\Documents\GitHub\studynavi\광주과외\광산구과외\광산구수학과외\index.html,high,true,정상
region,광주광역시,광산구,광산구영어,,광산구영어,C:\Users\user\Documents\GitHub\studynavi\광주과외\광산구과외\광산구영어과외\index.html,high,true,정상
region,광주광역시,광산구,광산구우산동,,광산구우산동,C:\Users\user\Documents\GitHub\studynavi\광주과외\광산구과외\광산구우산동과외\index.html,high,true,정상
region,광주광역시,광산구,산정동,,산정동,C:\Users\user\Documents\GitHub\studynavi\광주과외\광산구과외\광주산정동과외\index.html,high,true,정상
region,광주광역시,광산구,선암동,,선암동,C:\Users\user\Documents\GitHub\studynavi\광주과외\광산구과외\광주선암동과외\index.html,high,true,정상
region,광주광역시,광산구,송정동,,송정동,C:\Users\user\Documents\GitHub\studynavi\광주과외\광산구과외\광주송정동과외\index.html,high,true,정상
region,광주광역시,광산구,용동,,용동,C:\Users\user\Documents\GitHub\studynavi\광주과외\광산구과외\광주용동과외\index.html,high,true,정상
region,광주광역시,광산구,운남동,,운남동,C:\Users\user\Documents\GitHub\studynavi\광주과외\광산구과외\광주운남동과외\index.html,high,true,정상
region,광주광역시,광산구,월계동,,월계동,C:\Users\user\Documents\GitHub\studynavi\광주과외\광산구과외\광주월계동과외\index.html,high,true,정상
region,광주광역시,광산구,산월동,,산월동,C:\Users\user\Documents\GitHub\studynavi\광주과외\광산구과외\산월동과외\index.html,high,true,정상
region,광주광역시,광산구,서봉동,,서봉동,C:\Users\user\Documents\GitHub\studynavi\광주과외\광산구과외\서봉동과외\index.html,high,true,정상
region,광주광역시,광산구,소촌동,,소촌동,C:\Users\user\Documents\GitHub\studynavi\광주과외\광산구과외\소촌동과외\index.html,high,true,정상
region,광주광역시,광산구,수완동,,수완동,C:\Users\user\Documents\GitHub\studynavi\광주과외\광산구과외\수완동과외\index.html,high,true,정상
region,광주광역시,광산구,신창동,,신창동,C:\Users\user\Documents\GitHub\studynavi\광주과외\광산구과외\신창동과외\index.html,high,true,정상
region,광주광역시,광산구,운수동,,운수동,C:\Users\user\Documents\GitHub\studynavi\광주과외\광산구과외\운수동과외\index.html,high,true,정상
region,광주광역시,광산구,월곡동,,월곡동,C:\Users\user\Documents\GitHub\studynavi\광주과외\광산구과외\월곡동과외\index.html,high,true,정상
region,광주광역시,광산구,임곡동,,임곡동,C:\Users\user\Documents\GitHub\studynavi\광주과외\광산구과외\임곡동과외\index.html,high,true,정상
region,광주광역시,광산구,장덕동,,장덕동,C:\Users\user\Documents\GitHub\studynavi\광주과외\광산구과외\장덕동과외\index.html,high,true,정상
region,광주광역시,광주고등,,,광주고등,C:\Users\user\Documents\GitHub\studynavi\광주과외\광주고등과외\index.html,high,true,정상
region,광주광역시,광주수학,,,광주수학,C:\Users\user\Documents\GitHub\studynavi\광주과외\광주수학과외\index.html,high,true,정상
region,광주광역시,광주수학,광주고등수학,,광주고등수학,C:\Users\user\Documents\GitHub\studynavi\광주과외\광주수학과외\광주고등수학과외\index.html,high,true,정상
region,광주광역시,광주수학,광주중등수학,,광주중등수학,C:\Users\user\Documents\GitHub\studynavi\광주과외\광주수학과외\광주중등수학과외\index.html,high,true,정상
region,광주광역시,광주수학,광주초등수학,,광주초등수학,C:\Users\user\Documents\GitHub\studynavi\광주과외\광주수학과외\광주초등수학과외\index.html,high,true,정상
region,광주광역시,광주영어,,,광주영어,C:\Users\user\Documents\GitHub\studynavi\광주과외\광주영어과외\index.html,high,true,정상
region,광주광역시,광주영어,광주고등영어,,광주고등영어,C:\Users\user\Documents\GitHub\studynavi\광주과외\광주영어과외\광주고등영어과외\index.html,high,true,정상
region,광주광역시,광주영어,광주중등영어,,광주중등영어,C:\Users\user\Documents\GitHub\studynavi\광주과외\광주영어과외\광주중등영어과외\index.html,high,true,정상
region,광주광역시,광주영어,광주초등영어,,광주초등영어,C:\Users\user\Documents\GitHub\studynavi\광주과외\광주영어과외\광주초등영어과외\index.html,high,true,정상
region,광주광역시,광주중등,,,광주중등,C:\Users\user\Documents\GitHub\studynavi\광주과외\광주중등과외\index.html,high,true,정상
region,광주광역시,광주초등,,,광주초등,C:\Users\user\Documents\GitHub\studynavi\광주과외\광주초등과외\index.html,high,true,정상
region,광주광역시,남구,,,남구,C:\Users\user\Documents\GitHub\studynavi\광주과외\남구과외\index.html,high,true,정상
region,광주광역시,남구,남구수학,,남구수학,C:\Users\user\Documents\GitHub\studynavi\광주과외\남구과외\남구수학과외\index.html,high,true,정상
region,광주광역시,남구,남구영어,,남구영어,C:\Users\user\Documents\GitHub\studynavi\광주과외\남구과외\남구영어과외\index.html,high,true,정상
region,광주광역시,남구,노대동,,노대동,C:\Users\user\Documents\GitHub\studynavi\광주과외\남구과외\노대동과외\index.html,high,true,정상
region,광주광역시,남구,방림동,,방림동,C:\Users\user\Documents\GitHub\studynavi\광주과외\남구과외\방림동과외\index.html,high,true,정상
region,광주광역시,남구,백운동,,백운동,C:\Users\user\Documents\GitHub\studynavi\광주과외\남구과외\백운동과외\index.html,high,true,정상
region,광주광역시,남구,봉선동,,봉선동,C:\Users\user\Documents\GitHub\studynavi\광주과외\남구과외\봉선동과외\index.html,high,true,정상
region,광주광역시,남구,송하동,,송하동,C:\Users\user\Documents\GitHub\studynavi\광주과외\남구과외\송하동과외\index.html,high,true,정상
region,광주광역시,남구,양림동,,양림동,C:\Users\user\Documents\GitHub\studynavi\광주과외\남구과외\양림동과외\index.html,high,true,정상
region,광주광역시,남구,월산동,,월산동,C:\Users\user\Documents\GitHub\studynavi\광주과외\남구과외\월산동과외\index.html,high,true,정상
region,광주광역시,남구,주월동,,주월동,C:\Users\user\Documents\GitHub\studynavi\광주과외\남구과외\주월동과외\index.html,high,true,정상
region,광주광역시,남구,지석동,,지석동,C:\Users\user\Documents\GitHub\studynavi\광주과외\남구과외\지석동과외\index.html,high,true,정상
region,광주광역시,남구,진월동,,진월동,C:\Users\user\Documents\GitHub\studynavi\광주과외\남구과외\진월동과외\index.html,high,true,정상
region,광주광역시,남구,행암동,,행암동,C:\Users\user\Documents\GitHub\studynavi\광주과외\남구과외\행암동과외\index.html,high,true,정상
region,광주광역시,동구,,,동구,C:\Users\user\Documents\GitHub\studynavi\광주과외\동구과외\index.html,high,true,정상
region,광주광역시,동구,계림동,,계림동,C:\Users\user\Documents\GitHub\studynavi\광주과외\동구과외\계림동과외\index.html,high,true,정상
region,광주광역시,동구,장동,,장동,C:\Users\user\Documents\GitHub\studynavi\광주과외\동구과외\광주장동과외\index.html,high,true,정상
region,광주광역시,동구,지산동,,지산동,C:\Users\user\Documents\GitHub\studynavi\광주과외\동구과외\광주지산동과외\index.html,high,true,정상
region,광주광역시,동구,동구수학,,동구수학,C:\Users\user\Documents\GitHub\studynavi\광주과외\동구과외\동구수학과외\index.html,high,true,정상
region,광주광역시,동구,동구영어,,동구영어,C:\Users\user\Documents\GitHub\studynavi\광주과외\동구과외\동구영어과외\index.html,high,true,정상
region,광주광역시,동구,산수동,,산수동,C:\Users\user\Documents\GitHub\studynavi\광주과외\동구과외\산수동과외\index.html,high,true,정상
region,광주광역시,동구,서석동,,서석동,C:\Users\user\Documents\GitHub\studynavi\광주과외\동구과외\서석동과외\index.html,high,true,정상
region,광주광역시,동구,소태동,,소태동,C:\Users\user\Documents\GitHub\studynavi\광주과외\동구과외\소태동과외\index.html,high,true,정상
region,광주광역시,동구,운림동,,운림동,C:\Users\user\Documents\GitHub\studynavi\광주과외\동구과외\운림동과외\index.html,high,true,정상
region,광주광역시,동구,학동,,학동,C:\Users\user\Documents\GitHub\studynavi\광주과외\동구과외\학동과외\index.html,high,true,정상
region,광주광역시,북구,,,북구,C:\Users\user\Documents\GitHub\studynavi\광주과외\북구과외\index.html,high,true,정상
region,광주광역시,북구,각화동,,각화동,C:\Users\user\Documents\GitHub\studynavi\광주과외\북구과외\각화동과외\index.html,high,true,정상
region,광주광역시,북구,매곡동,,매곡동,C:\Users\user\Documents\GitHub\studynavi\광주과외\북구과외\광주매곡동과외\index.html,high,true,정상
region,광주광역시,북구,용두동,,용두동,C:\Users\user\Documents\GitHub\studynavi\광주과외\북구과외\광주용두동과외\index.html,high,true,정상
region,광주광역시,북구,누문동,,누문동,C:\Users\user\Documents\GitHub\studynavi\광주과외\북구과외\누문동과외\index.html,high,true,정상
region,광주광역시,북구,두암동,,두암동,C:\Users\user\Documents\GitHub\studynavi\광주과외\북구과외\두암동과외\index.html,high,true,정상
region,광주광역시,북구,문흥동,,문흥동,C:\Users\user\Documents\GitHub\studynavi\광주과외\북구과외\문흥동과외\index.html,high,true,정상
region,광주광역시,북구,본촌동,,본촌동,C:\Users\user\Documents\GitHub\studynavi\광주과외\북구과외\본촌동과외\index.html,high,true,정상
region,광주광역시,북구,북구수학,,북구수학,C:\Users\user\Documents\GitHub\studynavi\광주과외\북구과외\북구수학과외\index.html,high,true,정상
region,광주광역시,북구,북구영어,,북구영어,C:\Users\user\Documents\GitHub\studynavi\광주과외\북구과외\북구영어과외\index.html,high,true,정상
region,광주광역시,북구,북구우산동,,북구우산동,C:\Users\user\Documents\GitHub\studynavi\광주과외\북구과외\북구우산동과외\index.html,high,true,정상
region,광주광역시,북구,삼각동,,삼각동,C:\Users\user\Documents\GitHub\studynavi\광주과외\북구과외\삼각동과외\index.html,high,true,정상
region,광주광역시,북구,신용동,,신용동,C:\Users\user\Documents\GitHub\studynavi\광주과외\북구과외\신용동과외\index.html,high,true,정상
region,광주광역시,북구,양산동,,양산동,C:\Users\user\Documents\GitHub\studynavi\광주과외\북구과외\양산동과외\index.html,high,true,정상
region,광주광역시,북구,오룡동,,오룡동,C:\Users\user\Documents\GitHub\studynavi\광주과외\북구과외\오룡동과외\index.html,high,true,정상
region,광주광역시,북구,오치동,,오치동,C:\Users\user\Documents\GitHub\studynavi\광주과외\북구과외\오치동과외\index.html,high,true,정상
region,광주광역시,북구,용봉동,,용봉동,C:\Users\user\Documents\GitHub\studynavi\광주과외\북구과외\용봉동과외\index.html,high,true,정상
region,광주광역시,북구,운암동,,운암동,C:\Users\user\Documents\GitHub\studynavi\광주과외\북구과외\운암동과외\index.html,high,true,정상
region,광주광역시,북구,유동,,유동,C:\Users\user\Documents\GitHub\studynavi\광주과외\북구과외\유동과외\index.html,high,true,정상
region,광주광역시,북구,일곡동,,일곡동,C:\Users\user\Documents\GitHub\studynavi\광주과외\북구과외\일곡동과외\index.html,high,true,정상
region,광주광역시,북구,풍향동,,풍향동,C:\Users\user\Documents\GitHub\studynavi\광주과외\북구과외\풍향동과외\index.html,high,true,정상
region,광주광역시,서구,,,서구,C:\Users\user\Documents\GitHub\studynavi\광주과외\서구과외\index.html,high,true,정상
region,광주광역시,서구,금호동,,금호동,C:\Users\user\Documents\GitHub\studynavi\광주과외\서구과외\광주금호동과외\index.html,high,true,정상
region,광주광역시,서구,동천동,,동천동,C:\Users\user\Documents\GitHub\studynavi\광주과외\서구과외\광주동천동과외\index.html,high,true,정상
region,광주광역시,서구,화정동,,화정동,C:\Users\user\Documents\GitHub\studynavi\광주과외\서구과외\광주화정동과외\index.html,high,true,정상
region,광주광역시,서구,매월동,,매월동,C:\Users\user\Documents\GitHub\studynavi\광주과외\서구과외\매월동과외\index.html,high,true,정상
region,광주광역시,서구,서구수학,,서구수학,C:\Users\user\Documents\GitHub\studynavi\광주과외\서구과외\서구수학과외\index.html,high,true,정상
region,광주광역시,서구,서구영어,,서구영어,C:\Users\user\Documents\GitHub\studynavi\광주과외\서구과외\서구영어과외\index.html,high,true,정상
region,광주광역시,서구,쌍촌동,,쌍촌동,C:\Users\user\Documents\GitHub\studynavi\광주과외\서구과외\쌍촌동과외\index.html,high,true,정상
region,광주광역시,서구,유촌동,,유촌동,C:\Users\user\Documents\GitHub\studynavi\광주과외\서구과외\유촌동과외\index.html,high,true,정상
region,광주광역시,서구,치평동,,치평동,C:\Users\user\Documents\GitHub\studynavi\광주과외\서구과외\치평동과외\index.html,high,true,정상
region,광주광역시,서구,풍암동,,풍암동,C:\Users\user\Documents\GitHub\studynavi\광주과외\서구과외\풍암동과외\index.html,high,true,정상
region,대구광역시,,,,대구광역시,C:\Users\user\Documents\GitHub\studynavi\대구과외\index.html,high,true,정상
region,대구광역시,남구,,,남구,C:\Users\user\Documents\GitHub\studynavi\대구과외\남구과외\index.html,high,true,정상
region,대구광역시,남구,남구수학,,남구수학,C:\Users\user\Documents\GitHub\studynavi\대구과외\남구과외\남구수학과외\index.html,high,true,정상
region,대구광역시,남구,남구영어,,남구영어,C:\Users\user\Documents\GitHub\studynavi\대구과외\남구과외\남구영어과외\index.html,high,true,정상
region,대구광역시,남구,대명동,,대명동,C:\Users\user\Documents\GitHub\studynavi\대구과외\남구과외\대명동과외\index.html,high,true,정상
region,대구광역시,남구,봉덕동,,봉덕동,C:\Users\user\Documents\GitHub\studynavi\대구과외\남구과외\봉덕동과외\index.html,high,true,정상
region,대구광역시,남구,이천동,,이천동,C:\Users\user\Documents\GitHub\studynavi\대구과외\남구과외\이천동과외\index.html,high,true,정상
region,대구광역시,달서구,,,달서구,C:\Users\user\Documents\GitHub\studynavi\대구과외\달서구과외\index.html,high,true,정상
region,대구광역시,달서구,달서구수학,,달서구수학,C:\Users\user\Documents\GitHub\studynavi\대구과외\달서구과외\달서구수학과외\index.html,high,true,정상
region,대구광역시,달서구,달서구영어,,달서구영어,C:\Users\user\Documents\GitHub\studynavi\대구과외\달서구과외\달서구영어과외\index.html,high,true,정상
region,대구광역시,달서구,대곡동,,대곡동,C:\Users\user\Documents\GitHub\studynavi\대구과외\달서구과외\대곡동과외\index.html,high,true,정상
region,대구광역시,달서구,도원동,,도원동,C:\Users\user\Documents\GitHub\studynavi\대구과외\달서구과외\대구도원동과외\index.html,high,true,정상
region,대구광역시,달서구,송현동,,송현동,C:\Users\user\Documents\GitHub\studynavi\대구과외\달서구과외\대구송현동과외\index.html,high,true,정상
region,대구광역시,달서구,신당동,,신당동,C:\Users\user\Documents\GitHub\studynavi\대구과외\달서구과외\대구신당동과외\index.html,high,true,정상
region,대구광역시,달서구,용산동,,용산동,C:\Users\user\Documents\GitHub\studynavi\대구과외\달서구과외\대구용산동과외\index.html,high,true,정상
region,대구광역시,달서구,두류동,,두류동,C:\Users\user\Documents\GitHub\studynavi\대구과외\달서구과외\두류동과외\index.html,high,true,정상
region,대구광역시,달서구,본리동,,본리동,C:\Users\user\Documents\GitHub\studynavi\대구과외\달서구과외\본리동과외\index.html,high,true,정상
region,대구광역시,달서구,상인동,,상인동,C:\Users\user\Documents\GitHub\studynavi\대구과외\달서구과외\상인동과외\index.html,high,true,정상
region,대구광역시,달서구,성당동,,성당동,C:\Users\user\Documents\GitHub\studynavi\대구과외\달서구과외\성당동과외\index.html,high,true,정상
region,대구광역시,달서구,월성동,,월성동,C:\Users\user\Documents\GitHub\studynavi\대구과외\달서구과외\월성동과외\index.html,high,true,정상
region,대구광역시,달서구,이곡동,,이곡동,C:\Users\user\Documents\GitHub\studynavi\대구과외\달서구과외\이곡동과외\index.html,high,true,정상
region,대구광역시,달서구,진천동,,진천동,C:\Users\user\Documents\GitHub\studynavi\대구과외\달서구과외\진천동과외\index.html,high,true,정상
region,대구광역시,달서구,호산동,,호산동,C:\Users\user\Documents\GitHub\studynavi\대구과외\달서구과외\호산동과외\index.html,high,true,정상
region,대구광역시,달성군,,,달성군,C:\Users\user\Documents\GitHub\studynavi\대구과외\달성군과외\index.html,high,true,정상
region,대구광역시,달성군,달성군수학,,달성군수학,C:\Users\user\Documents\GitHub\studynavi\대구과외\달성군과외\달성군수학과외\index.html,high,true,정상
region,대구광역시,달성군,달성군영어,,달성군영어,C:\Users\user\Documents\GitHub\studynavi\대구과외\달성군과외\달성군영어과외\index.html,high,true,정상
region,대구광역시,달성군,서동,,서동,C:\Users\user\Documents\GitHub\studynavi\대구과외\달성군과외\대구서동과외\index.html,high,true,정상
region,대구광역시,달성군,북동,,북동,C:\Users\user\Documents\GitHub\studynavi\대구과외\달성군과외\북동과외\index.html,high,true,정상
region,대구광역시,달성군,지동,,지동,C:\Users\user\Documents\GitHub\studynavi\대구과외\달성군과외\지동과외\index.html,high,true,정상
region,대구광역시,대구고등,,,대구고등,C:\Users\user\Documents\GitHub\studynavi\대구과외\대구고등과외\index.html,high,true,정상
region,대구광역시,대구수학,,,대구수학,C:\Users\user\Documents\GitHub\studynavi\대구과외\대구수학과외\index.html,high,true,정상
region,대구광역시,대구수학,대구고등수학,,대구고등수학,C:\Users\user\Documents\GitHub\studynavi\대구과외\대구수학과외\대구고등수학과외\index.html,high,true,정상
region,대구광역시,대구수학,대구중등수학,,대구중등수학,C:\Users\user\Documents\GitHub\studynavi\대구과외\대구수학과외\대구중등수학과외\index.html,high,true,정상
region,대구광역시,대구수학,대구초등수학,,대구초등수학,C:\Users\user\Documents\GitHub\studynavi\대구과외\대구수학과외\대구초등수학과외\index.html,high,true,정상
region,대구광역시,대구영어,,,대구영어,C:\Users\user\Documents\GitHub\studynavi\대구과외\대구영어과외\index.html,high,true,정상
region,대구광역시,대구영어,대구고등영어,,대구고등영어,C:\Users\user\Documents\GitHub\studynavi\대구과외\대구영어과외\대구고등영어과외\index.html,high,true,정상
region,대구광역시,대구영어,대구중등영어,,대구중등영어,C:\Users\user\Documents\GitHub\studynavi\대구과외\대구영어과외\대구중등영어과외\index.html,high,true,정상
region,대구광역시,대구영어,대구초등영어,,대구초등영어,C:\Users\user\Documents\GitHub\studynavi\대구과외\대구영어과외\대구초등영어과외\index.html,high,true,정상
region,대구광역시,대구중등,,,대구중등,C:\Users\user\Documents\GitHub\studynavi\대구과외\대구중등과외\index.html,high,true,정상
region,대구광역시,대구초등,,,대구초등,C:\Users\user\Documents\GitHub\studynavi\대구과외\대구초등과외\index.html,high,true,정상
region,대구광역시,동구,,,동구,C:\Users\user\Documents\GitHub\studynavi\대구과외\동구과외\index.html,high,true,정상
region,대구광역시,동구,각산동,,각산동,C:\Users\user\Documents\GitHub\studynavi\대구과외\동구과외\각산동과외\index.html,high,true,정상
region,대구광역시,동구,불로동,,불로동,C:\Users\user\Documents\GitHub\studynavi\대구과외\동구과외\대구불로동과외\index.html,high,true,정상
region,대구광역시,동구,신천동,,신천동,C:\Users\user\Documents\GitHub\studynavi\대구과외\동구과외\대구신천동과외\index.html,high,true,정상
region,대구광역시,동구,신평동,,신평동,C:\Users\user\Documents\GitHub\studynavi\대구과외\동구과외\대구신평동과외\index.html,high,true,정상
region,대구광역시,동구,율하동,,율하동,C:\Users\user\Documents\GitHub\studynavi\대구과외\동구과외\대구율하동과외\index.html,high,true,정상
region,대구광역시,동구,덕곡동,,덕곡동,C:\Users\user\Documents\GitHub\studynavi\대구과외\동구과외\덕곡동과외\index.html,high,true,정상
region,대구광역시,동구,동구수학,,동구수학,C:\Users\user\Documents\GitHub\studynavi\대구과외\동구과외\동구수학과외\index.html,high,true,정상
region,대구광역시,동구,동구영어,,동구영어,C:\Users\user\Documents\GitHub\studynavi\대구과외\동구과외\동구영어과외\index.html,high,true,정상
region,대구광역시,동구,방촌동,,방촌동,C:\Users\user\Documents\GitHub\studynavi\대구과외\동구과외\방촌동과외\index.html,high,true,정상
region,대구광역시,동구,백안동,,백안동,C:\Users\user\Documents\GitHub\studynavi\대구과외\동구과외\백안동과외\index.html,high,true,정상
region,대구광역시,동구,봉무동,,봉무동,C:\Users\user\Documents\GitHub\studynavi\대구과외\동구과외\봉무동과외\index.html,high,true,정상
region,대구광역시,동구,서호동,,서호동,C:\Users\user\Documents\GitHub\studynavi\대구과외\동구과외\서호동과외\index.html,high,true,정상
region,대구광역시,동구,신기동,,신기동,C:\Users\user\Documents\GitHub\studynavi\대구과외\동구과외\신기동과외\index.html,high,true,정상
region,대구광역시,동구,신서동,,신서동,C:\Users\user\Documents\GitHub\studynavi\대구과외\동구과외\신서동과외\index.html,high,true,정상
region,대구광역시,동구,신암동,,신암동,C:\Users\user\Documents\GitHub\studynavi\대구과외\동구과외\신암동과외\index.html,high,true,정상
region,대구광역시,동구,용계동,,용계동,C:\Users\user\Documents\GitHub\studynavi\대구과외\동구과외\용계동과외\index.html,high,true,정상
region,대구광역시,동구,입석동,,입석동,C:\Users\user\Documents\GitHub\studynavi\대구과외\동구과외\입석동과외\index.html,high,true,정상
region,대구광역시,동구,지묘동,,지묘동,C:\Users\user\Documents\GitHub\studynavi\대구과외\동구과외\지묘동과외\index.html,high,true,정상
region,대구광역시,북구,,,북구,C:\Users\user\Documents\GitHub\studynavi\대구과외\북구과외\index.html,high,true,정상
region,대구광역시,북구,관음동,,관음동,C:\Users\user\Documents\GitHub\studynavi\대구과외\북구과외\관음동과외\index.html,high,true,정상
region,대구광역시,북구,국우동,,국우동,C:\Users\user\Documents\GitHub\studynavi\대구과외\북구과외\국우동과외\index.html,high,true,정상
region,대구광역시,북구,구암동,,구암동,C:\Users\user\Documents\GitHub\studynavi\대구과외\북구과외\대구구암동과외\index.html,high,true,정상
region,대구광역시,북구,읍내동,,읍내동,C:\Users\user\Documents\GitHub\studynavi\대구과외\북구과외\대구읍내동과외\index.html,high,true,정상
region,대구광역시,북구,태전동,,태전동,C:\Users\user\Documents\GitHub\studynavi\대구과외\북구과외\대구태전동과외\index.html,high,true,정상
region,대구광역시,북구,동변동,,동변동,C:\Users\user\Documents\GitHub\studynavi\대구과외\북구과외\동변동과외\index.html,high,true,정상
region,대구광역시,북구,동호동,,동호동,C:\Users\user\Documents\GitHub\studynavi\대구과외\북구과외\동호동과외\index.html,high,true,정상
region,대구광역시,북구,복현동,,복현동,C:\Users\user\Documents\GitHub\studynavi\대구과외\북구과외\복현동과외\index.html,high,true,정상
region,대구광역시,북구,북구수학,,북구수학,C:\Users\user\Documents\GitHub\studynavi\대구과외\북구과외\북구수학과외\index.html,high,true,정상
region,대구광역시,북구,북구영어,,북구영어,C:\Users\user\Documents\GitHub\studynavi\대구과외\북구과외\북구영어과외\index.html,high,true,정상
region,대구광역시,북구,사수동,,사수동,C:\Users\user\Documents\GitHub\studynavi\대구과외\북구과외\사수동과외\index.html,high,true,정상
region,대구광역시,북구,산격동,,산격동,C:\Users\user\Documents\GitHub\studynavi\대구과외\북구과외\산격동과외\index.html,high,true,정상
region,대구광역시,북구,서변동,,서변동,C:\Users\user\Documents\GitHub\studynavi\대구과외\북구과외\서변동과외\index.html,high,true,정상
region,대구광역시,북구,칠성동,,칠성동,C:\Users\user\Documents\GitHub\studynavi\대구과외\북구과외\칠성동과외\index.html,high,true,정상
region,대구광역시,북구,침산동,,침산동,C:\Users\user\Documents\GitHub\studynavi\대구과외\북구과외\침산동과외\index.html,high,true,정상
region,대구광역시,북구,팔달동,,팔달동,C:\Users\user\Documents\GitHub\studynavi\대구과외\북구과외\팔달동과외\index.html,high,true,정상
region,대구광역시,서구,,,서구,C:\Users\user\Documents\GitHub\studynavi\대구과외\서구과외\index.html,high,true,정상
region,대구광역시,서구,내당동,,내당동,C:\Users\user\Documents\GitHub\studynavi\대구과외\서구과외\내당동과외\index.html,high,true,정상
region,대구광역시,서구,비산동,,비산동,C:\Users\user\Documents\GitHub\studynavi\대구과외\서구과외\대구비산동과외\index.html,high,true,정상
region,대구광역시,서구,중리동,,중리동,C:\Users\user\Documents\GitHub\studynavi\대구과외\서구과외\대구중리동과외\index.html,high,true,정상
region,대구광역시,서구,상리동,,상리동,C:\Users\user\Documents\GitHub\studynavi\대구과외\서구과외\상리동과외\index.html,high,true,정상
region,대구광역시,서구,서구수학,,서구수학,C:\Users\user\Documents\GitHub\studynavi\대구과외\서구과외\서구수학과외\index.html,high,true,정상
region,대구광역시,서구,서구영어,,서구영어,C:\Users\user\Documents\GitHub\studynavi\대구과외\서구과외\서구영어과외\index.html,high,true,정상
region,대구광역시,서구,원대동,,원대동,C:\Users\user\Documents\GitHub\studynavi\대구과외\서구과외\원대동과외\index.html,high,true,정상
region,대구광역시,서구,평리동,,평리동,C:\Users\user\Documents\GitHub\studynavi\대구과외\서구과외\평리동과외\index.html,high,true,정상
region,대구광역시,수성구,,,수성구,C:\Users\user\Documents\GitHub\studynavi\대구과외\수성구과외\index.html,high,true,정상
region,대구광역시,수성구,노변동,,노변동,C:\Users\user\Documents\GitHub\studynavi\대구과외\수성구과외\노변동과외\index.html,high,true,정상
region,대구광역시,수성구,상동,,상동,C:\Users\user\Documents\GitHub\studynavi\대구과외\수성구과외\대구상동과외\index.html,high,true,정상
region,대구광역시,수성구,수성동,,수성동,C:\Users\user\Documents\GitHub\studynavi\대구과외\수성구과외\대구수성동과외\index.html,high,true,정상
region,대구광역시,수성구,지산동,,지산동,C:\Users\user\Documents\GitHub\studynavi\대구과외\수성구과외\대구지산동과외\index.html,high,true,정상
region,대구광역시,수성구,황금동,,황금동,C:\Users\user\Documents\GitHub\studynavi\대구과외\수성구과외\대구황금동과외\index.html,high,true,정상
region,대구광역시,수성구,만촌동,,만촌동,C:\Users\user\Documents\GitHub\studynavi\대구과외\수성구과외\만촌동과외\index.html,high,true,정상
region,대구광역시,수성구,매호동,,매호동,C:\Users\user\Documents\GitHub\studynavi\대구과외\수성구과외\매호동과외\index.html,high,true,정상
region,대구광역시,수성구,범물동,,범물동,C:\Users\user\Documents\GitHub\studynavi\대구과외\수성구과외\범물동과외\index.html,high,true,정상
region,대구광역시,수성구,범어동,,범어동,C:\Users\user\Documents\GitHub\studynavi\대구과외\수성구과외\범어동과외\index.html,high,true,정상
region,대구광역시,수성구,수성구수학,,수성구수학,C:\Users\user\Documents\GitHub\studynavi\대구과외\수성구과외\수성구수학과외\index.html,high,true,정상
region,대구광역시,수성구,수성구영어,,수성구영어,C:\Users\user\Documents\GitHub\studynavi\대구과외\수성구과외\수성구영어과외\index.html,high,true,정상
region,대구광역시,수성구,시지동,,시지동,C:\Users\user\Documents\GitHub\studynavi\대구과외\수성구과외\시지동과외\index.html,high,true,정상
region,대구광역시,수성구,신매동,,신매동,C:\Users\user\Documents\GitHub\studynavi\대구과외\수성구과외\신매동과외\index.html,high,true,정상
region,대구광역시,수성구,욱수동,,욱수동,C:\Users\user\Documents\GitHub\studynavi\대구과외\수성구과외\욱수동과외\index.html,high,true,정상
region,대구광역시,수성구,파동,,파동,C:\Users\user\Documents\GitHub\studynavi\대구과외\수성구과외\파동과외\index.html,high,true,정상
region,대구광역시,중구,,,중구,C:\Users\user\Documents\GitHub\studynavi\대구과외\중구과외\index.html,high,true,정상
region,대구광역시,중구,남산동,,남산동,C:\Users\user\Documents\GitHub\studynavi\대구과외\중구과외\대구남산동과외\index.html,high,true,정상
region,대구광역시,중구,대신동,,대신동,C:\Users\user\Documents\GitHub\studynavi\대구과외\중구과외\대구대신동과외\index.html,high,true,정상
region,대구광역시,중구,동산동,,동산동,C:\Users\user\Documents\GitHub\studynavi\대구과외\중구과외\대구동산동과외\index.html,high,true,정상
region,대구광역시,중구,대봉동,,대봉동,C:\Users\user\Documents\GitHub\studynavi\대구과외\중구과외\대봉동과외\index.html,high,true,정상
region,대구광역시,중구,봉산동,,봉산동,C:\Users\user\Documents\GitHub\studynavi\대구과외\중구과외\봉산동과외\index.html,high,true,정상
region,대구광역시,중구,중구수학,,중구수학,C:\Users\user\Documents\GitHub\studynavi\대구과외\중구과외\중구수학과외\index.html,high,true,정상
region,대구광역시,중구,중구영어,,중구영어,C:\Users\user\Documents\GitHub\studynavi\대구과외\중구과외\중구영어과외\index.html,high,true,정상
region,대전광역시,,,,대전광역시,C:\Users\user\Documents\GitHub\studynavi\대전과외\index.html,high,true,정상
region,대전광역시,대덕구,,,대덕구,C:\Users\user\Documents\GitHub\studynavi\대전과외\대덕구과외\index.html,high,true,정상
region,대전광역시,대덕구,대덕구수학,,대덕구수학,C:\Users\user\Documents\GitHub\studynavi\대전과외\대덕구과외\대덕구수학과외\index.html,high,true,정상
region,대전광역시,대덕구,대덕구영어,,대덕구영어,C:\Users\user\Documents\GitHub\studynavi\대전과외\대덕구과외\대덕구영어과외\index.html,high,true,정상
region,대전광역시,대덕구,오정동,,오정동,C:\Users\user\Documents\GitHub\studynavi\대전과외\대덕구과외\대전오정동과외\index.html,high,true,정상
region,대전광역시,대덕구,와동,,와동,C:\Users\user\Documents\GitHub\studynavi\대전과외\대덕구과외\대전와동과외\index.html,high,true,정상
region,대전광역시,대덕구,중리동,,중리동,C:\Users\user\Documents\GitHub\studynavi\대전과외\대덕구과외\대전중리동과외\index.html,high,true,정상
region,대전광역시,대덕구,덕암동,,덕암동,C:\Users\user\Documents\GitHub\studynavi\대전과외\대덕구과외\덕암동과외\index.html,high,true,정상
region,대전광역시,대덕구,법동,,법동,C:\Users\user\Documents\GitHub\studynavi\대전과외\대덕구과외\법동과외\index.html,high,true,정상
region,대전광역시,대덕구,석봉동,,석봉동,C:\Users\user\Documents\GitHub\studynavi\대전과외\대덕구과외\석봉동과외\index.html,high,true,정상
region,대전광역시,대덕구,송촌동,,송촌동,C:\Users\user\Documents\GitHub\studynavi\대전과외\대덕구과외\송촌동과외\index.html,high,true,정상
region,대전광역시,대덕구,신탄진동,,신탄진동,C:\Users\user\Documents\GitHub\studynavi\대전과외\대덕구과외\신탄진동과외\index.html,high,true,정상
region,대전광역시,대전고등,,,대전고등,C:\Users\user\Documents\GitHub\studynavi\대전과외\대전고등과외\index.html,high,true,정상
region,대전광역시,대전수학,,,대전수학,C:\Users\user\Documents\GitHub\studynavi\대전과외\대전수학과외\index.html,high,true,정상
region,대전광역시,대전수학,대전고등수학,,대전고등수학,C:\Users\user\Documents\GitHub\studynavi\대전과외\대전수학과외\대전고등수학과외\index.html,high,true,정상
region,대전광역시,대전수학,대전중등수학,,대전중등수학,C:\Users\user\Documents\GitHub\studynavi\대전과외\대전수학과외\대전중등수학과외\index.html,high,true,정상
region,대전광역시,대전수학,대전초등수학,,대전초등수학,C:\Users\user\Documents\GitHub\studynavi\대전과외\대전수학과외\대전초등수학과외\index.html,high,true,정상
region,대전광역시,대전영어,,,대전영어,C:\Users\user\Documents\GitHub\studynavi\대전과외\대전영어과외\index.html,high,true,정상
region,대전광역시,대전영어,대전고등영어,,대전고등영어,C:\Users\user\Documents\GitHub\studynavi\대전과외\대전영어과외\대전고등영어과외\index.html,high,true,정상
region,대전광역시,대전영어,대전중등영어,,대전중등영어,C:\Users\user\Documents\GitHub\studynavi\대전과외\대전영어과외\대전중등영어과외\index.html,high,true,정상
region,대전광역시,대전영어,대전초등영어,,대전초등영어,C:\Users\user\Documents\GitHub\studynavi\대전과외\대전영어과외\대전초등영어과외\index.html,high,true,정상
region,대전광역시,대전중등,,,대전중등,C:\Users\user\Documents\GitHub\studynavi\대전과외\대전중등과외\index.html,high,true,정상
region,대전광역시,대전초등,,,대전초등,C:\Users\user\Documents\GitHub\studynavi\대전과외\대전초등과외\index.html,high,true,정상
region,대전광역시,동구,,,동구,C:\Users\user\Documents\GitHub\studynavi\대전과외\동구과외\index.html,high,true,정상
region,대전광역시,동구,가오동,,가오동,C:\Users\user\Documents\GitHub\studynavi\대전과외\동구과외\가오동과외\index.html,high,true,정상
region,대전광역시,동구,가양동,,가양동,C:\Users\user\Documents\GitHub\studynavi\대전과외\동구과외\대전가양동과외\index.html,high,true,정상
region,대전광역시,동구,대동,,대동,C:\Users\user\Documents\GitHub\studynavi\대전과외\동구과외\대전대동과외\index.html,high,true,정상
region,대전광역시,동구,대성동,,대성동,C:\Users\user\Documents\GitHub\studynavi\대전과외\동구과외\대전대성동과외\index.html,high,true,정상
region,대전광역시,동구,삼성동,,삼성동,C:\Users\user\Documents\GitHub\studynavi\대전과외\동구과외\대전삼성동과외\index.html,high,true,정상
region,대전광역시,동구,신흥동,,신흥동,C:\Users\user\Documents\GitHub\studynavi\대전과외\동구과외\대전신흥동과외\index.html,high,true,정상
region,대전광역시,동구,자양동,,자양동,C:\Users\user\Documents\GitHub\studynavi\대전과외\동구과외\대전자양동과외\index.html,high,true,정상
region,대전광역시,동구,동구수학,,동구수학,C:\Users\user\Documents\GitHub\studynavi\대전과외\동구과외\동구수학과외\index.html,high,true,정상
region,대전광역시,동구,동구영어,,동구영어,C:\Users\user\Documents\GitHub\studynavi\대전과외\동구과외\동구영어과외\index.html,high,true,정상
region,대전광역시,동구,비룡동,,비룡동,C:\Users\user\Documents\GitHub\studynavi\대전과외\동구과외\비룡동과외\index.html,high,true,정상
region,대전광역시,동구,용운동,,용운동,C:\Users\user\Documents\GitHub\studynavi\대전과외\동구과외\용운동과외\index.html,high,true,정상
region,대전광역시,동구,판암동,,판암동,C:\Users\user\Documents\GitHub\studynavi\대전과외\동구과외\판암동과외\index.html,high,true,정상
region,대전광역시,서구,,,서구,C:\Users\user\Documents\GitHub\studynavi\대전과외\서구과외\index.html,high,true,정상
region,대전광역시,서구,가수원동,,가수원동,C:\Users\user\Documents\GitHub\studynavi\대전과외\서구과외\가수원동과외\index.html,high,true,정상
region,대전광역시,서구,갈마동,,갈마동,C:\Users\user\Documents\GitHub\studynavi\대전과외\서구과외\갈마동과외\index.html,high,true,정상
region,대전광역시,서구,관저동,,관저동,C:\Users\user\Documents\GitHub\studynavi\대전과외\서구과외\관저동과외\index.html,high,true,정상
region,대전광역시,서구,괴곡동,,괴곡동,C:\Users\user\Documents\GitHub\studynavi\대전과외\서구과외\괴곡동과외\index.html,high,true,정상
region,대전광역시,서구,괴정동,,괴정동,C:\Users\user\Documents\GitHub\studynavi\대전과외\서구과외\대전괴정동과외\index.html,high,true,정상
region,대전광역시,서구,내동,,내동,C:\Users\user\Documents\GitHub\studynavi\대전과외\서구과외\대전내동과외\index.html,high,true,정상
region,대전광역시,서구,월평동,,월평동,C:\Users\user\Documents\GitHub\studynavi\대전과외\서구과외\대전월평동과외\index.html,high,true,정상
region,대전광역시,서구,흑석동,,흑석동,C:\Users\user\Documents\GitHub\studynavi\대전과외\서구과외\대전흑석동과외\index.html,high,true,정상
region,대전광역시,서구,도마동,,도마동,C:\Users\user\Documents\GitHub\studynavi\대전과외\서구과외\도마동과외\index.html,high,true,정상
region,대전광역시,서구,도안동,,도안동,C:\Users\user\Documents\GitHub\studynavi\대전과외\서구과외\도안동과외\index.html,high,true,정상
region,대전광역시,서구,둔산동,,둔산동,C:\Users\user\Documents\GitHub\studynavi\대전과외\서구과외\둔산동과외\index.html,high,true,정상
region,대전광역시,서구,만년동,,만년동,C:\Users\user\Documents\GitHub\studynavi\대전과외\서구과외\만년동과외\index.html,high,true,정상
region,대전광역시,서구,변동,,변동,C:\Users\user\Documents\GitHub\studynavi\대전과외\서구과외\변동과외\index.html,high,true,정상
region,대전광역시,서구,복수동,,복수동,C:\Users\user\Documents\GitHub\studynavi\대전과외\서구과외\복수동과외\index.html,high,true,정상
region,대전광역시,서구,서구수학,,서구수학,C:\Users\user\Documents\GitHub\studynavi\대전과외\서구과외\서구수학과외\index.html,high,true,정상
region,대전광역시,서구,서구영어,,서구영어,C:\Users\user\Documents\GitHub\studynavi\대전과외\서구과외\서구영어과외\index.html,high,true,정상
region,대전광역시,유성구,,,유성구,C:\Users\user\Documents\GitHub\studynavi\대전과외\유성구과외\index.html,high,true,정상
region,대전광역시,유성구,관평동,,관평동,C:\Users\user\Documents\GitHub\studynavi\대전과외\유성구과외\관평동과외\index.html,high,true,정상
region,대전광역시,유성구,구성동,,구성동,C:\Users\user\Documents\GitHub\studynavi\대전과외\유성구과외\구성동과외\index.html,high,true,정상
region,대전광역시,유성구,노은동,,노은동,C:\Users\user\Documents\GitHub\studynavi\대전과외\유성구과외\노은동과외\index.html,high,true,정상
region,대전광역시,유성구,가정동,,가정동,C:\Users\user\Documents\GitHub\studynavi\대전과외\유성구과외\대전가정동과외\index.html,high,true,정상
region,대전광역시,유성구,구암동,,구암동,C:\Users\user\Documents\GitHub\studynavi\대전과외\유성구과외\대전구암동과외\index.html,high,true,정상
region,대전광역시,유성구,봉명동,,봉명동,C:\Users\user\Documents\GitHub\studynavi\대전과외\유성구과외\대전봉명동과외\index.html,high,true,정상
region,대전광역시,유성구,신봉동,,신봉동,C:\Users\user\Documents\GitHub\studynavi\대전과외\유성구과외\대전신봉동과외\index.html,high,true,정상
region,대전광역시,유성구,신성동,,신성동,C:\Users\user\Documents\GitHub\studynavi\대전과외\유성구과외\대전신성동과외\index.html,high,true,정상
region,대전광역시,유성구,용산동,,용산동,C:\Users\user\Documents\GitHub\studynavi\대전과외\유성구과외\대전용산동과외\index.html,high,true,정상
region,대전광역시,유성구,덕명동,,덕명동,C:\Users\user\Documents\GitHub\studynavi\대전과외\유성구과외\덕명동과외\index.html,high,true,정상
region,대전광역시,유성구,도룡동,,도룡동,C:\Users\user\Documents\GitHub\studynavi\대전과외\유성구과외\도룡동과외\index.html,high,true,정상
region,대전광역시,유성구,둔곡동,,둔곡동,C:\Users\user\Documents\GitHub\studynavi\대전과외\유성구과외\둔곡동과외\index.html,high,true,정상
region,대전광역시,유성구,반석동,,반석동,C:\Users\user\Documents\GitHub\studynavi\대전과외\유성구과외\반석동과외\index.html,high,true,정상
region,대전광역시,유성구,상대동,,상대동,C:\Users\user\Documents\GitHub\studynavi\대전과외\유성구과외\상대동과외\index.html,high,true,정상
region,대전광역시,유성구,송강동,,송강동,C:\Users\user\Documents\GitHub\studynavi\대전과외\유성구과외\송강동과외\index.html,high,true,정상
region,대전광역시,유성구,어은동,,어은동,C:\Users\user\Documents\GitHub\studynavi\대전과외\유성구과외\어은동과외\index.html,high,true,정상
region,대전광역시,유성구,원내동,,원내동,C:\Users\user\Documents\GitHub\studynavi\대전과외\유성구과외\원내동과외\index.html,high,true,정상
region,대전광역시,유성구,원신흥동,,원신흥동,C:\Users\user\Documents\GitHub\studynavi\대전과외\유성구과외\원신흥동과외\index.html,high,true,정상
region,대전광역시,유성구,유성구수학,,유성구수학,C:\Users\user\Documents\GitHub\studynavi\대전과외\유성구과외\유성구수학과외\index.html,high,true,정상
region,대전광역시,유성구,유성구영어,,유성구영어,C:\Users\user\Documents\GitHub\studynavi\대전과외\유성구과외\유성구영어과외\index.html,high,true,정상
region,대전광역시,유성구,장대동,,장대동,C:\Users\user\Documents\GitHub\studynavi\대전과외\유성구과외\장대동과외\index.html,high,true,정상
region,대전광역시,유성구,전민동,,전민동,C:\Users\user\Documents\GitHub\studynavi\대전과외\유성구과외\전민동과외\index.html,high,true,정상
region,대전광역시,유성구,죽동,,죽동,C:\Users\user\Documents\GitHub\studynavi\대전과외\유성구과외\죽동과외\index.html,high,true,정상
region,대전광역시,유성구,지족동,,지족동,C:\Users\user\Documents\GitHub\studynavi\대전과외\유성구과외\지족동과외\index.html,high,true,정상
region,대전광역시,유성구,하기동,,하기동,C:\Users\user\Documents\GitHub\studynavi\대전과외\유성구과외\하기동과외\index.html,high,true,정상
region,대전광역시,중구,,,중구,C:\Users\user\Documents\GitHub\studynavi\대전과외\중구과외\index.html,high,true,정상
region,대전광역시,중구,대흥동,,대흥동,C:\Users\user\Documents\GitHub\studynavi\대전과외\중구과외\대전대흥동과외\index.html,high,true,정상
region,대전광역시,중구,목동,,목동,C:\Users\user\Documents\GitHub\studynavi\대전과외\중구과외\대전목동과외\index.html,high,true,정상
region,대전광역시,중구,문화동,,문화동,C:\Users\user\Documents\GitHub\studynavi\대전과외\중구과외\대전문화동과외\index.html,high,true,정상
region,대전광역시,중구,용두동,,용두동,C:\Users\user\Documents\GitHub\studynavi\대전과외\중구과외\대전용두동과외\index.html,high,true,정상
region,대전광역시,중구,태평동,,태평동,C:\Users\user\Documents\GitHub\studynavi\대전과외\중구과외\대전태평동과외\index.html,high,true,정상
region,대전광역시,중구,부사동,,부사동,C:\Users\user\Documents\GitHub\studynavi\대전과외\중구과외\부사동과외\index.html,high,true,정상
region,대전광역시,중구,석교동,,석교동,C:\Users\user\Documents\GitHub\studynavi\대전과외\중구과외\석교동과외\index.html,high,true,정상
region,대전광역시,중구,안영동,,안영동,C:\Users\user\Documents\GitHub\studynavi\대전과외\중구과외\안영동과외\index.html,high,true,정상
region,대전광역시,중구,중구수학,,중구수학,C:\Users\user\Documents\GitHub\studynavi\대전과외\중구과외\중구수학과외\index.html,high,true,정상
region,대전광역시,중구,중구영어,,중구영어,C:\Users\user\Documents\GitHub\studynavi\대전과외\중구과외\중구영어과외\index.html,high,true,정상
region,대전광역시,중구,중촌동,,중촌동,C:\Users\user\Documents\GitHub\studynavi\대전과외\중구과외\중촌동과외\index.html,high,true,정상
region,부산광역시,,,,부산광역시,C:\Users\user\Documents\GitHub\studynavi\부산과외\index.html,high,true,정상
region,부산광역시,강서구,,,강서구,C:\Users\user\Documents\GitHub\studynavi\부산과외\강서구과외\index.html,high,true,정상
region,부산광역시,강서구,강동동,,강동동,C:\Users\user\Documents\GitHub\studynavi\부산과외\강서구과외\강동동과외\index.html,high,true,정상
region,부산광역시,강서구,강서구수학,,강서구수학,C:\Users\user\Documents\GitHub\studynavi\부산과외\강서구과외\강서구수학과외\index.html,high,true,정상
region,부산광역시,강서구,강서구영어,,강서구영어,C:\Users\user\Documents\GitHub\studynavi\부산과외\강서구과외\강서구영어과외\index.html,high,true,정상
region,부산광역시,강서구,녹산동,,녹산동,C:\Users\user\Documents\GitHub\studynavi\부산과외\강서구과외\녹산동과외\index.html,high,true,정상
region,부산광역시,강서구,명지동,,명지동,C:\Users\user\Documents\GitHub\studynavi\부산과외\강서구과외\명지동과외\index.html,high,true,정상
region,부산광역시,강서구,낙동,,낙동,C:\Users\user\Documents\GitHub\studynavi\부산과외\강서구과외\부산낙동과외\index.html,high,true,정상
region,부산광역시,강서구,성북동,,성북동,C:\Users\user\Documents\GitHub\studynavi\부산과외\강서구과외\부산성북동과외\index.html,high,true,정상
region,부산광역시,강서구,신호동,,신호동,C:\Users\user\Documents\GitHub\studynavi\부산과외\강서구과외\신호동과외\index.html,high,true,정상
region,부산광역시,강서구,지사동,,지사동,C:\Users\user\Documents\GitHub\studynavi\부산과외\강서구과외\지사동과외\index.html,high,true,정상
region,부산광역시,금정구,,,금정구,C:\Users\user\Documents\GitHub\studynavi\부산과외\금정구과외\index.html,high,true,정상
region,부산광역시,금정구,구서동,,구서동,C:\Users\user\Documents\GitHub\studynavi\부산과외\금정구과외\구서동과외\index.html,high,true,정상
region,부산광역시,금정구,금정구수학,,금정구수학,C:\Users\user\Documents\GitHub\studynavi\부산과외\금정구과외\금정구수학과외\index.html,high,true,정상
region,부산광역시,금정구,금정구영어,,금정구영어,C:\Users\user\Documents\GitHub\studynavi\부산과외\금정구과외\금정구영어과외\index.html,high,true,정상
region,부산광역시,금정구,남산동,,남산동,C:\Users\user\Documents\GitHub\studynavi\부산과외\금정구과외\부산남산동과외\index.html,high,true,정상
region,부산광역시,금정구,부곡동,,부곡동,C:\Users\user\Documents\GitHub\studynavi\부산과외\금정구과외\부산부곡동과외\index.html,high,true,정상
region,부산광역시,금정구,서동,,서동,C:\Users\user\Documents\GitHub\studynavi\부산과외\금정구과외\부산서동과외\index.html,high,true,정상
region,부산광역시,금정구,장전동,,장전동,C:\Users\user\Documents\GitHub\studynavi\부산과외\금정구과외\장전동과외\index.html,high,true,정상
region,부산광역시,남구,,,남구,C:\Users\user\Documents\GitHub\studynavi\부산과외\남구과외\index.html,high,true,정상
region,부산광역시,남구,감만동,,감만동,C:\Users\user\Documents\GitHub\studynavi\부산과외\남구과외\감만동과외\index.html,high,true,정상
region,부산광역시,남구,남구수학,,남구수학,C:\Users\user\Documents\GitHub\studynavi\부산과외\남구과외\남구수학과외\index.html,high,true,정상
region,부산광역시,남구,남구영어,,남구영어,C:\Users\user\Documents\GitHub\studynavi\부산과외\남구과외\남구영어과외\index.html,high,true,정상
region,부산광역시,남구,대연동,,대연동,C:\Users\user\Documents\GitHub\studynavi\부산과외\남구과외\대연동과외\index.html,high,true,정상
region,부산광역시,남구,문현동,,문현동,C:\Users\user\Documents\GitHub\studynavi\부산과외\남구과외\문현동과외\index.html,high,true,정상
region,부산광역시,남구,용당동,,용당동,C:\Users\user\Documents\GitHub\studynavi\부산과외\남구과외\부산용당동과외\index.html,high,true,정상
region,부산광역시,남구,용호동,,용호동,C:\Users\user\Documents\GitHub\studynavi\부산과외\남구과외\부산용호동과외\index.html,high,true,정상
region,부산광역시,남구,우암동,,우암동,C:\Users\user\Documents\GitHub\studynavi\부산과외\남구과외\부산우암동과외\index.html,high,true,정상
region,부산광역시,동구,,,동구,C:\Users\user\Documents\GitHub\studynavi\부산과외\동구과외\index.html,high,true,정상
region,부산광역시,동구,동구수학,,동구수학,C:\Users\user\Documents\GitHub\studynavi\부산과외\동구과외\동구수학과외\index.html,high,true,정상
region,부산광역시,동구,동구영어,,동구영어,C:\Users\user\Documents\GitHub\studynavi\부산과외\동구과외\동구영어과외\index.html,high,true,정상
region,부산광역시,동구,범일동,,범일동,C:\Users\user\Documents\GitHub\studynavi\부산과외\동구과외\범일동과외\index.html,high,true,정상
region,부산광역시,동구,수정동,,수정동,C:\Users\user\Documents\GitHub\studynavi\부산과외\동구과외\부산수정동과외\index.html,high,true,정상
region,부산광역시,동구,좌천동,,좌천동,C:\Users\user\Documents\GitHub\studynavi\부산과외\동구과외\좌천동과외\index.html,high,true,정상
region,부산광역시,동구,초량동,,초량동,C:\Users\user\Documents\GitHub\studynavi\부산과외\동구과외\초량동과외\index.html,high,true,정상
region,부산광역시,동래구,,,동래구,C:\Users\user\Documents\GitHub\studynavi\부산과외\동래구과외\index.html,high,true,정상
region,부산광역시,동래구,동래구수학,,동래구수학,C:\Users\user\Documents\GitHub\studynavi\부산과외\동래구과외\동래구수학과외\index.html,high,true,정상
region,부산광역시,동래구,동래구영어,,동래구영어,C:\Users\user\Documents\GitHub\studynavi\부산과외\동래구과외\동래구영어과외\index.html,high,true,정상
region,부산광역시,동래구,명장동,,명장동,C:\Users\user\Documents\GitHub\studynavi\부산과외\동래구과외\명장동과외\index.html,high,true,정상
region,부산광역시,동래구,명륜동,,명륜동,C:\Users\user\Documents\GitHub\studynavi\부산과외\동래구과외\부산명륜동과외\index.html,high,true,정상
region,부산광역시,동래구,사직동,,사직동,C:\Users\user\Documents\GitHub\studynavi\부산과외\동래구과외\부산사직동과외\index.html,high,true,정상
region,부산광역시,동래구,온천동,,온천동,C:\Users\user\Documents\GitHub\studynavi\부산과외\동래구과외\부산온천동과외\index.html,high,true,정상
region,부산광역시,동래구,안락동,,안락동,C:\Users\user\Documents\GitHub\studynavi\부산과외\동래구과외\안락동과외\index.html,high,true,정상
region,부산광역시,동래구,칠산동,,칠산동,C:\Users\user\Documents\GitHub\studynavi\부산과외\동래구과외\칠산동과외\index.html,high,true,정상
region,부산광역시,부산고등,,,부산고등,C:\Users\user\Documents\GitHub\studynavi\부산과외\부산고등과외\index.html,high,true,정상
region,부산광역시,부산수학,,,부산수학,C:\Users\user\Documents\GitHub\studynavi\부산과외\부산수학과외\index.html,high,true,정상
region,부산광역시,부산수학,부산고등수학,,부산고등수학,C:\Users\user\Documents\GitHub\studynavi\부산과외\부산수학과외\부산고등수학과외\index.html,high,true,정상
region,부산광역시,부산수학,부산중등수학,,부산중등수학,C:\Users\user\Documents\GitHub\studynavi\부산과외\부산수학과외\부산중등수학과외\index.html,high,true,정상
region,부산광역시,부산수학,부산초등수학,,부산초등수학,C:\Users\user\Documents\GitHub\studynavi\부산과외\부산수학과외\부산초등수학과외\index.html,high,true,정상
region,부산광역시,부산영어,,,부산영어,C:\Users\user\Documents\GitHub\studynavi\부산과외\부산영어과외\index.html,high,true,정상
region,부산광역시,부산영어,부산고등영어,,부산고등영어,C:\Users\user\Documents\GitHub\studynavi\부산과외\부산영어과외\부산고등영어과외\index.html,high,true,정상
region,부산광역시,부산영어,부산중등영어,,부산중등영어,C:\Users\user\Documents\GitHub\studynavi\부산과외\부산영어과외\부산중등영어과외\index.html,high,true,정상
region,부산광역시,부산영어,부산초등영어,,부산초등영어,C:\Users\user\Documents\GitHub\studynavi\부산과외\부산영어과외\부산초등영어과외\index.html,high,true,정상
region,부산광역시,부산중등,,,부산중등,C:\Users\user\Documents\GitHub\studynavi\부산과외\부산중등과외\index.html,high,true,정상
region,부산광역시,부산진구,,,부산진구,C:\Users\user\Documents\GitHub\studynavi\부산과외\부산진구과외\index.html,high,true,정상
region,부산광역시,부산진구,가야동,,가야동,C:\Users\user\Documents\GitHub\studynavi\부산과외\부산진구과외\가야동과외\index.html,high,true,정상
region,부산광역시,부산진구,개금동,,개금동,C:\Users\user\Documents\GitHub\studynavi\부산과외\부산진구과외\개금동과외\index.html,high,true,정상
region,부산광역시,부산진구,당감동,,당감동,C:\Users\user\Documents\GitHub\studynavi\부산과외\부산진구과외\당감동과외\index.html,high,true,정상
region,부산광역시,부산진구,범전동,,범전동,C:\Users\user\Documents\GitHub\studynavi\부산과외\부산진구과외\범전동과외\index.html,high,true,정상
region,부산광역시,부산진구,양정동,,양정동,C:\Users\user\Documents\GitHub\studynavi\부산과외\부산진구과외\부산양정동과외\index.html,high,true,정상
region,부산광역시,부산진구,부산진구수학,,부산진구수학,C:\Users\user\Documents\GitHub\studynavi\부산과외\부산진구과외\부산진구수학과외\index.html,high,true,정상
region,부산광역시,부산진구,부산진구영어,,부산진구영어,C:\Users\user\Documents\GitHub\studynavi\부산과외\부산진구과외\부산진구영어과외\index.html,high,true,정상
region,부산광역시,부산진구,부암동,,부암동,C:\Users\user\Documents\GitHub\studynavi\부산과외\부산진구과외\부암동과외\index.html,high,true,정상
region,부산광역시,부산진구,전포동,,전포동,C:\Users\user\Documents\GitHub\studynavi\부산과외\부산진구과외\전포동과외\index.html,high,true,정상
region,부산광역시,부산진구,초읍동,,초읍동,C:\Users\user\Documents\GitHub\studynavi\부산과외\부산진구과외\초읍동과외\index.html,high,true,정상
region,부산광역시,부산초등,,,부산초등,C:\Users\user\Documents\GitHub\studynavi\부산과외\부산초등과외\index.html,high,true,정상
region,부산광역시,북구,,,북구,C:\Users\user\Documents\GitHub\studynavi\부산과외\북구과외\index.html,high,true,정상
region,부산광역시,북구,덕천동,,덕천동,C:\Users\user\Documents\GitHub\studynavi\부산과외\북구과외\덕천동과외\index.html,high,true,정상
region,부산광역시,북구,만덕동,,만덕동,C:\Users\user\Documents\GitHub\studynavi\부산과외\북구과외\만덕동과외\index.html,high,true,정상
region,부산광역시,북구,구포동,,구포동,C:\Users\user\Documents\GitHub\studynavi\부산과외\북구과외\부산구포동과외\index.html,high,true,정상
region,부산광역시,북구,금곡동,,금곡동,C:\Users\user\Documents\GitHub\studynavi\부산과외\북구과외\부산금곡동과외\index.html,high,true,정상
region,부산광역시,북구,북구수학,,북구수학,C:\Users\user\Documents\GitHub\studynavi\부산과외\북구과외\북구수학과외\index.html,high,true,정상
region,부산광역시,북구,북구영어,,북구영어,C:\Users\user\Documents\GitHub\studynavi\부산과외\북구과외\북구영어과외\index.html,high,true,정상
region,부산광역시,북구,화명동,,화명동,C:\Users\user\Documents\GitHub\studynavi\부산과외\북구과외\화명동과외\index.html,high,true,정상
region,부산광역시,사상구,,,사상구,C:\Users\user\Documents\GitHub\studynavi\부산과외\사상구과외\index.html,high,true,정상
region,부산광역시,사상구,덕포동,,덕포동,C:\Users\user\Documents\GitHub\studynavi\부산과외\사상구과외\덕포동과외\index.html,high,true,정상
region,부산광역시,사상구,모라동,,모라동,C:\Users\user\Documents\GitHub\studynavi\부산과외\사상구과외\모라동과외\index.html,high,true,정상
region,부산광역시,사상구,사상구수학,,사상구수학,C:\Users\user\Documents\GitHub\studynavi\부산과외\사상구과외\사상구수학과외\index.html,high,true,정상
region,부산광역시,사상구,사상구영어,,사상구영어,C:\Users\user\Documents\GitHub\studynavi\부산과외\사상구과외\사상구영어과외\index.html,high,true,정상
region,부산광역시,사상구,엄궁동,,엄궁동,C:\Users\user\Documents\GitHub\studynavi\부산과외\사상구과외\엄궁동과외\index.html,high,true,정상
region,부산광역시,사상구,주례동,,주례동,C:\Users\user\Documents\GitHub\studynavi\부산과외\사상구과외\주례동과외\index.html,high,true,정상
region,부산광역시,사상구,학장동,,학장동,C:\Users\user\Documents\GitHub\studynavi\부산과외\사상구과외\학장동과외\index.html,high,true,정상
region,부산광역시,사하구,,,사하구,C:\Users\user\Documents\GitHub\studynavi\부산과외\사하구과외\index.html,high,true,정상
region,부산광역시,사하구,감천동,,감천동,C:\Users\user\Documents\GitHub\studynavi\부산과외\사하구과외\감천동과외\index.html,high,true,정상
region,부산광역시,사하구,다대동,,다대동,C:\Users\user\Documents\GitHub\studynavi\부산과외\사하구과외\다대동과외\index.html,high,true,정상
region,부산광역시,사하구,당리동,,당리동,C:\Users\user\Documents\GitHub\studynavi\부산과외\사하구과외\당리동과외\index.html,high,true,정상
region,부산광역시,사하구,괴정동,,괴정동,C:\Users\user\Documents\GitHub\studynavi\부산과외\사하구과외\부산괴정동과외\index.html,high,true,정상
region,부산광역시,사하구,신평동,,신평동,C:\Users\user\Documents\GitHub\studynavi\부산과외\사하구과외\부산신평동과외\index.html,high,true,정상
region,부산광역시,사하구,사하구수학,,사하구수학,C:\Users\user\Documents\GitHub\studynavi\부산과외\사하구과외\사하구수학과외\index.html,high,true,정상
region,부산광역시,사하구,사하구영어,,사하구영어,C:\Users\user\Documents\GitHub\studynavi\부산과외\사하구과외\사하구영어과외\index.html,high,true,정상
region,부산광역시,사하구,장림동,,장림동,C:\Users\user\Documents\GitHub\studynavi\부산과외\사하구과외\장림동과외\index.html,high,true,정상
region,부산광역시,사하구,하단동,,하단동,C:\Users\user\Documents\GitHub\studynavi\부산과외\사하구과외\하단동과외\index.html,high,true,정상
region,부산광역시,서구,,,서구,C:\Users\user\Documents\GitHub\studynavi\부산과외\서구과외\index.html,high,true,정상
region,부산광역시,서구,남부민동,,남부민동,C:\Users\user\Documents\GitHub\studynavi\부산과외\서구과외\남부민동과외\index.html,high,true,정상
region,부산광역시,서구,동대신동,,동대신동,C:\Users\user\Documents\GitHub\studynavi\부산과외\서구과외\동대신동과외\index.html,high,true,정상
region,부산광역시,서구,서구수학,,서구수학,C:\Users\user\Documents\GitHub\studynavi\부산과외\서구과외\서구수학과외\index.html,high,true,정상
region,부산광역시,서구,서구영어,,서구영어,C:\Users\user\Documents\GitHub\studynavi\부산과외\서구과외\서구영어과외\index.html,high,true,정상
region,부산광역시,서구,서대신동,,서대신동,C:\Users\user\Documents\GitHub\studynavi\부산과외\서구과외\서대신동과외\index.html,high,true,정상
region,부산광역시,서구,초장동,,초장동,C:\Users\user\Documents\GitHub\studynavi\부산과외\서구과외\초장동과외\index.html,high,true,정상
region,부산광역시,서구,토성동,,토성동,C:\Users\user\Documents\GitHub\studynavi\부산과외\서구과외\토성동과외\index.html,high,true,정상
region,부산광역시,수영구,,,수영구,C:\Users\user\Documents\GitHub\studynavi\부산과외\수영구과외\index.html,high,true,정상
region,부산광역시,수영구,광안동,,광안동,C:\Users\user\Documents\GitHub\studynavi\부산과외\수영구과외\광안동과외\index.html,high,true,정상
region,부산광역시,수영구,남천동,,남천동,C:\Users\user\Documents\GitHub\studynavi\부산과외\수영구과외\남천동과외\index.html,high,true,정상
region,부산광역시,수영구,망미동,,망미동,C:\Users\user\Documents\GitHub\studynavi\부산과외\수영구과외\망미동과외\index.html,high,true,정상
region,부산광역시,수영구,수영구수학,,수영구수학,C:\Users\user\Documents\GitHub\studynavi\부산과외\수영구과외\수영구수학과외\index.html,high,true,정상
region,부산광역시,수영구,수영구영어,,수영구영어,C:\Users\user\Documents\GitHub\studynavi\부산과외\수영구과외\수영구영어과외\index.html,high,true,정상
region,부산광역시,연제구,,,연제구,C:\Users\user\Documents\GitHub\studynavi\부산과외\연제구과외\index.html,high,true,정상
region,부산광역시,연제구,거제동,,거제동,C:\Users\user\Documents\GitHub\studynavi\부산과외\연제구과외\거제동과외\index.html,high,true,정상
region,부산광역시,연제구,연산동,,연산동,C:\Users\user\Documents\GitHub\studynavi\부산과외\연제구과외\부산연산동과외\index.html,high,true,정상
region,부산광역시,연제구,연제구수학,,연제구수학,C:\Users\user\Documents\GitHub\studynavi\부산과외\연제구과외\연제구수학과외\index.html,high,true,정상
region,부산광역시,연제구,연제구영어,,연제구영어,C:\Users\user\Documents\GitHub\studynavi\부산과외\연제구과외\연제구영어과외\index.html,high,true,정상
region,부산광역시,영도구,,,영도구,C:\Users\user\Documents\GitHub\studynavi\부산과외\영도구과외\index.html,high,true,정상
region,부산광역시,영도구,남항동,,남항동,C:\Users\user\Documents\GitHub\studynavi\부산과외\영도구과외\남항동과외\index.html,high,true,정상
region,부산광역시,영도구,동삼동,,동삼동,C:\Users\user\Documents\GitHub\studynavi\부산과외\영도구과외\동삼동과외\index.html,high,true,정상
region,부산광역시,영도구,신선동,,신선동,C:\Users\user\Documents\GitHub\studynavi\부산과외\영도구과외\신선동과외\index.html,high,true,정상
region,부산광역시,영도구,영도구수학,,영도구수학,C:\Users\user\Documents\GitHub\studynavi\부산과외\영도구과외\영도구수학과외\index.html,high,true,정상
region,부산광역시,영도구,영도구영어,,영도구영어,C:\Users\user\Documents\GitHub\studynavi\부산과외\영도구과외\영도구영어과외\index.html,high,true,정상
region,부산광역시,중구,,,중구,C:\Users\user\Documents\GitHub\studynavi\부산과외\중구과외\index.html,high,true,정상
region,부산광역시,중구,광복동,,광복동,C:\Users\user\Documents\GitHub\studynavi\부산과외\중구과외\광복동과외\index.html,high,true,정상
region,부산광역시,중구,보수동,,보수동,C:\Users\user\Documents\GitHub\studynavi\부산과외\중구과외\보수동과외\index.html,high,true,정상
region,부산광역시,중구,대청동,,대청동,C:\Users\user\Documents\GitHub\studynavi\부산과외\중구과외\부산대청동과외\index.html,high,true,정상
region,부산광역시,중구,영주동,,영주동,C:\Users\user\Documents\GitHub\studynavi\부산과외\중구과외\부산영주동과외\index.html,high,true,정상
region,부산광역시,중구,중구수학,,중구수학,C:\Users\user\Documents\GitHub\studynavi\부산과외\중구과외\중구수학과외\index.html,high,true,정상
region,부산광역시,중구,중구영어,,중구영어,C:\Users\user\Documents\GitHub\studynavi\부산과외\중구과외\중구영어과외\index.html,high,true,정상
region,부산광역시,해운대구,,,해운대구,C:\Users\user\Documents\GitHub\studynavi\부산과외\해운대구과외\index.html,high,true,정상
region,부산광역시,해운대구,반여동,,반여동,C:\Users\user\Documents\GitHub\studynavi\부산과외\해운대구과외\반여동과외\index.html,high,true,정상
region,부산광역시,해운대구,반송동,,반송동,C:\Users\user\Documents\GitHub\studynavi\부산과외\해운대구과외\부산반송동과외\index.html,high,true,정상
region,부산광역시,해운대구,중동,,중동,C:\Users\user\Documents\GitHub\studynavi\부산과외\해운대구과외\부산중동과외\index.html,high,true,정상
region,부산광역시,해운대구,우동,,우동,C:\Users\user\Documents\GitHub\studynavi\부산과외\해운대구과외\우동과외\index.html,high,true,정상
region,부산광역시,해운대구,재송동,,재송동,C:\Users\user\Documents\GitHub\studynavi\부산과외\해운대구과외\재송동과외\index.html,high,true,정상
region,부산광역시,해운대구,좌동,,좌동,C:\Users\user\Documents\GitHub\studynavi\부산과외\해운대구과외\좌동과외\index.html,high,true,정상
region,부산광역시,해운대구,해운대구수학,,해운대구수학,C:\Users\user\Documents\GitHub\studynavi\부산과외\해운대구과외\해운대구수학과외\index.html,high,true,정상
region,부산광역시,해운대구,해운대구영어,,해운대구영어,C:\Users\user\Documents\GitHub\studynavi\부산과외\해운대구과외\해운대구영어과외\index.html,high,true,정상
region,서울특별시,,,,서울특별시,C:\Users\user\Documents\GitHub\studynavi\서울과외\index.html,high,true,정상
region,서울특별시,강남구,,,강남구,C:\Users\user\Documents\GitHub\studynavi\서울과외\강남구과외\index.html,high,true,정상
region,서울특별시,강남구,강남구수학,,강남구수학,C:\Users\user\Documents\GitHub\studynavi\서울과외\강남구과외\강남구수학과외\index.html,high,true,정상
region,서울특별시,강남구,강남구신사동,,강남구신사동,C:\Users\user\Documents\GitHub\studynavi\서울과외\강남구과외\강남구신사동과외\index.html,high,true,정상
region,서울특별시,강남구,강남구영어,,강남구영어,C:\Users\user\Documents\GitHub\studynavi\서울과외\강남구과외\강남구영어과외\index.html,high,true,정상
region,서울특별시,강남구,강남구중동,,강남구중동,C:\Users\user\Documents\GitHub\studynavi\서울과외\강남구과외\강남구중동과외\index.html,high,true,정상
region,서울특별시,강남구,개포동,,개포동,C:\Users\user\Documents\GitHub\studynavi\서울과외\강남구과외\개포동과외\index.html,high,true,정상
region,서울특별시,강남구,대치동,,대치동,C:\Users\user\Documents\GitHub\studynavi\서울과외\강남구과외\대치동과외\index.html,high,true,정상
region,서울특별시,강남구,도곡동,,도곡동,C:\Users\user\Documents\GitHub\studynavi\서울과외\강남구과외\도곡동과외\index.html,high,true,정상
region,서울특별시,강남구,논현동,,논현동,C:\Users\user\Documents\GitHub\studynavi\서울과외\강남구과외\서울논현동과외\index.html,high,true,정상
region,서울특별시,강남구,삼성동,,삼성동,C:\Users\user\Documents\GitHub\studynavi\서울과외\강남구과외\서울삼성동과외\index.html,high,true,정상
region,서울특별시,강남구,수서동,,수서동,C:\Users\user\Documents\GitHub\studynavi\서울과외\강남구과외\수서동과외\index.html,high,true,정상
region,서울특별시,강남구,압구정동,,압구정동,C:\Users\user\Documents\GitHub\studynavi\서울과외\강남구과외\압구정동과외\index.html,high,true,정상
region,서울특별시,강남구,역삼동,,역삼동,C:\Users\user\Documents\GitHub\studynavi\서울과외\강남구과외\역삼동과외\index.html,high,true,정상
region,서울특별시,강남구,일원동,,일원동,C:\Users\user\Documents\GitHub\studynavi\서울과외\강남구과외\일원동과외\index.html,high,true,정상
region,서울특별시,강남구,자곡동,,자곡동,C:\Users\user\Documents\GitHub\studynavi\서울과외\강남구과외\자곡동과외\index.html,high,true,정상
region,서울특별시,강남구,청담동,,청담동,C:\Users\user\Documents\GitHub\studynavi\서울과외\강남구과외\청담동과외\index.html,high,true,정상
region,서울특별시,강동구,,,강동구,C:\Users\user\Documents\GitHub\studynavi\서울과외\강동구과외\index.html,high,true,정상
region,서울특별시,강동구,강동구수학,,강동구수학,C:\Users\user\Documents\GitHub\studynavi\서울과외\강동구과외\강동구수학과외\index.html,high,true,정상
region,서울특별시,강동구,강동구영어,,강동구영어,C:\Users\user\Documents\GitHub\studynavi\서울과외\강동구과외\강동구영어과외\index.html,high,true,정상
region,서울특별시,강동구,강일동,,강일동,C:\Users\user\Documents\GitHub\studynavi\서울과외\강동구과외\강일동과외\index.html,high,true,정상
region,서울특별시,강동구,길동,,길동,C:\Users\user\Documents\GitHub\studynavi\서울과외\강동구과외\길동과외\index.html,high,true,정상
region,서울특별시,강동구,둔촌동,,둔촌동,C:\Users\user\Documents\GitHub\studynavi\서울과외\강동구과외\둔촌동과외\index.html,high,true,정상
region,서울특별시,강동구,명일동,,명일동,C:\Users\user\Documents\GitHub\studynavi\서울과외\강동구과외\명일동과외\index.html,high,true,정상
region,서울특별시,강동구,상일동,,상일동,C:\Users\user\Documents\GitHub\studynavi\서울과외\강동구과외\상일동과외\index.html,high,true,정상
region,서울특별시,강동구,고덕동,,고덕동,C:\Users\user\Documents\GitHub\studynavi\서울과외\강동구과외\서울고덕동과외\index.html,high,true,정상
region,서울특별시,강동구,성내동,,성내동,C:\Users\user\Documents\GitHub\studynavi\서울과외\강동구과외\서울성내동과외\index.html,high,true,정상
region,서울특별시,강동구,암사동,,암사동,C:\Users\user\Documents\GitHub\studynavi\서울과외\강동구과외\암사동과외\index.html,high,true,정상
region,서울특별시,강동구,천호동,,천호동,C:\Users\user\Documents\GitHub\studynavi\서울과외\강동구과외\천호동과외\index.html,high,true,정상
region,서울특별시,강북구,,,강북구,C:\Users\user\Documents\GitHub\studynavi\서울과외\강북구과외\index.html,high,true,정상
region,서울특별시,강북구,강북구수학,,강북구수학,C:\Users\user\Documents\GitHub\studynavi\서울과외\강북구과외\강북구수학과외\index.html,high,true,정상
region,서울특별시,강북구,강북구영어,,강북구영어,C:\Users\user\Documents\GitHub\studynavi\서울과외\강북구과외\강북구영어과외\index.html,high,true,정상
region,서울특별시,강북구,미아동,,미아동,C:\Users\user\Documents\GitHub\studynavi\서울과외\강북구과외\미아동과외\index.html,high,true,정상
region,서울특별시,강북구,번동,,번동,C:\Users\user\Documents\GitHub\studynavi\서울과외\강북구과외\번동과외\index.html,high,true,정상
region,서울특별시,강북구,송중동,,송중동,C:\Users\user\Documents\GitHub\studynavi\서울과외\강북구과외\송중동과외\index.html,high,true,정상
region,서울특별시,강북구,수유동,,수유동,C:\Users\user\Documents\GitHub\studynavi\서울과외\강북구과외\수유동과외\index.html,high,true,정상
region,서울특별시,강북구,우이동,,우이동,C:\Users\user\Documents\GitHub\studynavi\서울과외\강북구과외\우이동과외\index.html,high,true,정상
region,서울특별시,강서구,,,강서구,C:\Users\user\Documents\GitHub\studynavi\서울과외\강서구과외\index.html,high,true,정상
region,서울특별시,강서구,강서구수학,,강서구수학,C:\Users\user\Documents\GitHub\studynavi\서울과외\강서구과외\강서구수학과외\index.html,high,true,정상
region,서울특별시,강서구,강서구영어,,강서구영어,C:\Users\user\Documents\GitHub\studynavi\서울과외\강서구과외\강서구영어과외\index.html,high,true,정상
region,서울특별시,강서구,공항동,,공항동,C:\Users\user\Documents\GitHub\studynavi\서울과외\강서구과외\공항동과외\index.html,high,true,정상
region,서울특별시,강서구,내발산동,,내발산동,C:\Users\user\Documents\GitHub\studynavi\서울과외\강서구과외\내발산동과외\index.html,high,true,정상
region,서울특별시,강서구,등촌동,,등촌동,C:\Users\user\Documents\GitHub\studynavi\서울과외\강서구과외\등촌동과외\index.html,high,true,정상
region,서울특별시,강서구,마곡동,,마곡동,C:\Users\user\Documents\GitHub\studynavi\서울과외\강서구과외\마곡동과외\index.html,high,true,정상
region,서울특별시,강서구,방화동,,방화동,C:\Users\user\Documents\GitHub\studynavi\서울과외\강서구과외\방화동과외\index.html,high,true,정상
region,서울특별시,강서구,가양동,,가양동,C:\Users\user\Documents\GitHub\studynavi\서울과외\강서구과외\서울가양동과외\index.html,high,true,정상
region,서울특별시,강서구,염창동,,염창동,C:\Users\user\Documents\GitHub\studynavi\서울과외\강서구과외\염창동과외\index.html,high,true,정상
region,서울특별시,강서구,화곡동,,화곡동,C:\Users\user\Documents\GitHub\studynavi\서울과외\강서구과외\화곡동과외\index.html,high,true,정상
region,서울특별시,관악구,,,관악구,C:\Users\user\Documents\GitHub\studynavi\서울과외\관악구과외\index.html,high,true,정상
region,서울특별시,관악구,관악구수학,,관악구수학,C:\Users\user\Documents\GitHub\studynavi\서울과외\관악구과외\관악구수학과외\index.html,high,true,정상
region,서울특별시,관악구,관악구영어,,관악구영어,C:\Users\user\Documents\GitHub\studynavi\서울과외\관악구과외\관악구영어과외\index.html,high,true,정상
region,서울특별시,관악구,봉천동,,봉천동,C:\Users\user\Documents\GitHub\studynavi\서울과외\관악구과외\봉천동과외\index.html,high,true,정상
region,서울특별시,관악구,신림동,,신림동,C:\Users\user\Documents\GitHub\studynavi\서울과외\관악구과외\신림동과외\index.html,high,true,정상
region,서울특별시,광진구,,,광진구,C:\Users\user\Documents\GitHub\studynavi\서울과외\광진구과외\index.html,high,true,정상
region,서울특별시,광진구,광장동,,광장동,C:\Users\user\Documents\GitHub\studynavi\서울과외\광진구과외\광장동과외\index.html,high,true,정상
region,서울특별시,광진구,광진구수학,,광진구수학,C:\Users\user\Documents\GitHub\studynavi\서울과외\광진구과외\광진구수학과외\index.html,high,true,정상
region,서울특별시,광진구,광진구영어,,광진구영어,C:\Users\user\Documents\GitHub\studynavi\서울과외\광진구과외\광진구영어과외\index.html,high,true,정상
region,서울특별시,광진구,구의동,,구의동,C:\Users\user\Documents\GitHub\studynavi\서울과외\광진구과외\구의동과외\index.html,high,true,정상
region,서울특별시,광진구,자양동,,자양동,C:\Users\user\Documents\GitHub\studynavi\서울과외\광진구과외\서울자양동과외\index.html,high,true,정상
region,서울특별시,광진구,중곡동,,중곡동,C:\Users\user\Documents\GitHub\studynavi\서울과외\광진구과외\중곡동과외\index.html,high,true,정상
region,서울특별시,광진구,화양동,,화양동,C:\Users\user\Documents\GitHub\studynavi\서울과외\광진구과외\화양동과외\index.html,high,true,정상
region,서울특별시,구로구,,,구로구,C:\Users\user\Documents\GitHub\studynavi\서울과외\구로구과외\index.html,high,true,정상
region,서울특별시,구로구,개봉동,,개봉동,C:\Users\user\Documents\GitHub\studynavi\서울과외\구로구과외\개봉동과외\index.html,high,true,정상
region,서울특별시,구로구,고척동,,고척동,C:\Users\user\Documents\GitHub\studynavi\서울과외\구로구과외\고척동과외\index.html,high,true,정상
region,서울특별시,구로구,구로구수학,,구로구수학,C:\Users\user\Documents\GitHub\studynavi\서울과외\구로구과외\구로구수학과외\index.html,high,true,정상
region,서울특별시,구로구,구로구영어,,구로구영어,C:\Users\user\Documents\GitHub\studynavi\서울과외\구로구과외\구로구영어과외\index.html,high,true,정상
region,서울특별시,구로구,구로동,,구로동,C:\Users\user\Documents\GitHub\studynavi\서울과외\구로구과외\구로동과외\index.html,high,true,정상
region,서울특별시,구로구,궁동,,궁동,C:\Users\user\Documents\GitHub\studynavi\서울과외\구로구과외\궁동과외\index.html,high,true,정상
region,서울특별시,구로구,신도림동,,신도림동,C:\Users\user\Documents\GitHub\studynavi\서울과외\구로구과외\신도림동과외\index.html,high,true,정상
region,서울특별시,구로구,오류동,,오류동,C:\Users\user\Documents\GitHub\studynavi\서울과외\구로구과외\오류동과외\index.html,high,true,정상
region,서울특별시,구로구,천왕동,,천왕동,C:\Users\user\Documents\GitHub\studynavi\서울과외\구로구과외\천왕동과외\index.html,high,true,정상
region,서울특별시,구로구,항동,,항동,C:\Users\user\Documents\GitHub\studynavi\서울과외\구로구과외\항동과외\index.html,high,true,정상
region,서울특별시,금천구,,,금천구,C:\Users\user\Documents\GitHub\studynavi\서울과외\금천구과외\index.html,high,true,정상
region,서울특별시,금천구,금천구수학,,금천구수학,C:\Users\user\Documents\GitHub\studynavi\서울과외\금천구과외\금천구수학과외\index.html,high,true,정상
region,서울특별시,금천구,금천구영어,,금천구영어,C:\Users\user\Documents\GitHub\studynavi\서울과외\금천구과외\금천구영어과외\index.html,high,true,정상
region,서울특별시,금천구,독산동,,독산동,C:\Users\user\Documents\GitHub\studynavi\서울과외\금천구과외\독산동과외\index.html,high,true,정상
region,서울특별시,금천구,시흥동,,시흥동,C:\Users\user\Documents\GitHub\studynavi\서울과외\금천구과외\시흥동과외\index.html,high,true,정상
region,서울특별시,노원구,,,노원구,C:\Users\user\Documents\GitHub\studynavi\서울과외\노원구과외\index.html,high,true,정상
region,서울특별시,노원구,공릉동,,공릉동,C:\Users\user\Documents\GitHub\studynavi\서울과외\노원구과외\공릉동과외\index.html,high,true,정상
region,서울특별시,노원구,노원구수학,,노원구수학,C:\Users\user\Documents\GitHub\studynavi\서울과외\노원구과외\노원구수학과외\index.html,high,true,정상
region,서울특별시,노원구,노원구영어,,노원구영어,C:\Users\user\Documents\GitHub\studynavi\서울과외\노원구과외\노원구영어과외\index.html,high,true,정상
region,서울특별시,노원구,상계동,,상계동,C:\Users\user\Documents\GitHub\studynavi\서울과외\노원구과외\상계동과외\index.html,high,true,정상
region,서울특별시,노원구,월계동,,월계동,C:\Users\user\Documents\GitHub\studynavi\서울과외\노원구과외\서울월계동과외\index.html,high,true,정상
region,서울특별시,노원구,중계동,,중계동,C:\Users\user\Documents\GitHub\studynavi\서울과외\노원구과외\중계동과외\index.html,high,true,정상
region,서울특별시,노원구,하계동,,하계동,C:\Users\user\Documents\GitHub\studynavi\서울과외\노원구과외\하계동과외\index.html,high,true,정상
region,서울특별시,도봉구,,,도봉구,C:\Users\user\Documents\GitHub\studynavi\서울과외\도봉구과외\index.html,high,true,정상
region,서울특별시,도봉구,도봉구수학,,도봉구수학,C:\Users\user\Documents\GitHub\studynavi\서울과외\도봉구과외\도봉구수학과외\index.html,high,true,정상
region,서울특별시,도봉구,도봉구영어,,도봉구영어,C:\Users\user\Documents\GitHub\studynavi\서울과외\도봉구과외\도봉구영어과외\index.html,high,true,정상
region,서울특별시,도봉구,도봉동,,도봉동,C:\Users\user\Documents\GitHub\studynavi\서울과외\도봉구과외\도봉동과외\index.html,high,true,정상
region,서울특별시,도봉구,방학동,,방학동,C:\Users\user\Documents\GitHub\studynavi\서울과외\도봉구과외\방학동과외\index.html,high,true,정상
region,서울특별시,도봉구,쌍문동,,쌍문동,C:\Users\user\Documents\GitHub\studynavi\서울과외\도봉구과외\쌍문동과외\index.html,high,true,정상
region,서울특별시,도봉구,창동,,창동,C:\Users\user\Documents\GitHub\studynavi\서울과외\도봉구과외\창동과외\index.html,high,true,정상
region,서울특별시,동대문구,,,동대문구,C:\Users\user\Documents\GitHub\studynavi\서울과외\동대문구과외\index.html,high,true,정상
region,서울특별시,동대문구,답십리동,,답십리동,C:\Users\user\Documents\GitHub\studynavi\서울과외\동대문구과외\답십리동과외\index.html,high,true,정상
region,서울특별시,동대문구,동대문구수학,,동대문구수학,C:\Users\user\Documents\GitHub\studynavi\서울과외\동대문구과외\동대문구수학과외\index.html,high,true,정상
region,서울특별시,동대문구,동대문구영어,,동대문구영어,C:\Users\user\Documents\GitHub\studynavi\서울과외\동대문구과외\동대문구영어과외\index.html,high,true,정상
region,서울특별시,동대문구,장안동,,장안동,C:\Users\user\Documents\GitHub\studynavi\서울과외\동대문구과외\서울장안동과외\index.html,high,true,정상
region,서울특별시,동대문구,신설동,,신설동,C:\Users\user\Documents\GitHub\studynavi\서울과외\동대문구과외\신설동과외\index.html,high,true,정상
region,서울특별시,동대문구,전농동,,전농동,C:\Users\user\Documents\GitHub\studynavi\서울과외\동대문구과외\전농동과외\index.html,high,true,정상
region,서울특별시,동대문구,제기동,,제기동,C:\Users\user\Documents\GitHub\studynavi\서울과외\동대문구과외\제기동과외\index.html,high,true,정상
region,서울특별시,동대문구,청량리동,,청량리동,C:\Users\user\Documents\GitHub\studynavi\서울과외\동대문구과외\청량리동과외\index.html,high,true,정상
region,서울특별시,동대문구,회기동,,회기동,C:\Users\user\Documents\GitHub\studynavi\서울과외\동대문구과외\회기동과외\index.html,high,true,정상
region,서울특별시,동대문구,휘경동,,휘경동,C:\Users\user\Documents\GitHub\studynavi\서울과외\동대문구과외\휘경동과외\index.html,high,true,정상
region,서울특별시,동작구,,,동작구,C:\Users\user\Documents\GitHub\studynavi\서울과외\동작구과외\index.html,high,true,정상
region,서울특별시,동작구,동작구수학,,동작구수학,C:\Users\user\Documents\GitHub\studynavi\서울과외\동작구과외\동작구수학과외\index.html,high,true,정상
region,서울특별시,동작구,동작구영어,,동작구영어,C:\Users\user\Documents\GitHub\studynavi\서울과외\동작구과외\동작구영어과외\index.html,high,true,정상
region,서울특별시,동작구,동작동,,동작동,C:\Users\user\Documents\GitHub\studynavi\서울과외\동작구과외\동작동과외\index.html,high,true,정상
region,서울특별시,동작구,사당동,,사당동,C:\Users\user\Documents\GitHub\studynavi\서울과외\동작구과외\사당동과외\index.html,high,true,정상
region,서울특별시,동작구,상도동,,상도동,C:\Users\user\Documents\GitHub\studynavi\서울과외\동작구과외\상도동과외\index.html,high,true,정상
region,서울특별시,동작구,대방동,,대방동,C:\Users\user\Documents\GitHub\studynavi\서울과외\동작구과외\서울대방동과외\index.html,high,true,정상
region,서울특별시,동작구,흑석동,,흑석동,C:\Users\user\Documents\GitHub\studynavi\서울과외\동작구과외\서울흑석동과외\index.html,high,true,정상
region,서울특별시,동작구,신대방동,,신대방동,C:\Users\user\Documents\GitHub\studynavi\서울과외\동작구과외\신대방동과외\index.html,high,true,정상
region,서울특별시,마포구,,,마포구,C:\Users\user\Documents\GitHub\studynavi\서울과외\마포구과외\index.html,high,true,정상
region,서울특별시,마포구,노고산동,,노고산동,C:\Users\user\Documents\GitHub\studynavi\서울과외\마포구과외\노고산동과외\index.html,high,true,정상
region,서울특별시,마포구,마포구수학,,마포구수학,C:\Users\user\Documents\GitHub\studynavi\서울과외\마포구과외\마포구수학과외\index.html,high,true,정상
region,서울특별시,마포구,마포구영어,,마포구영어,C:\Users\user\Documents\GitHub\studynavi\서울과외\마포구과외\마포구영어과외\index.html,high,true,정상
region,서울특별시,마포구,마포구중동,,마포구중동,C:\Users\user\Documents\GitHub\studynavi\서울과외\마포구과외\마포구중동과외\index.html,high,true,정상
region,서울특별시,마포구,상암동,,상암동,C:\Users\user\Documents\GitHub\studynavi\서울과외\마포구과외\상암동과외\index.html,high,true,정상
region,서울특별시,마포구,대흥동,,대흥동,C:\Users\user\Documents\GitHub\studynavi\서울과외\마포구과외\서울대흥동과외\index.html,high,true,정상
region,서울특별시,마포구,성산동,,성산동,C:\Users\user\Documents\GitHub\studynavi\서울과외\마포구과외\성산동과외\index.html,high,true,정상
region,서울특별시,마포구,신수동,,신수동,C:\Users\user\Documents\GitHub\studynavi\서울과외\마포구과외\신수동과외\index.html,high,true,정상
region,서울특별시,마포구,아현동,,아현동,C:\Users\user\Documents\GitHub\studynavi\서울과외\마포구과외\아현동과외\index.html,high,true,정상
region,서울특별시,마포구,연남동,,연남동,C:\Users\user\Documents\GitHub\studynavi\서울과외\마포구과외\연남동과외\index.html,high,true,정상
region,서울특별시,마포구,염리동,,염리동,C:\Users\user\Documents\GitHub\studynavi\서울과외\마포구과외\염리동과외\index.html,high,true,정상
region,서울특별시,마포구,합정동,,합정동,C:\Users\user\Documents\GitHub\studynavi\서울과외\마포구과외\합정동과외\index.html,high,true,정상
region,서울특별시,서대문구,,,서대문구,C:\Users\user\Documents\GitHub\studynavi\서울과외\서대문구과외\index.html,high,true,정상
region,서울특별시,서대문구,남가좌동,,남가좌동,C:\Users\user\Documents\GitHub\studynavi\서울과외\서대문구과외\남가좌동과외\index.html,high,true,정상
region,서울특별시,서대문구,북가좌동,,북가좌동,C:\Users\user\Documents\GitHub\studynavi\서울과외\서대문구과외\북가좌동과외\index.html,high,true,정상
region,서울특별시,서대문구,북아현동,,북아현동,C:\Users\user\Documents\GitHub\studynavi\서울과외\서대문구과외\북아현동과외\index.html,high,true,정상
region,서울특별시,서대문구,서대문구수학,,서대문구수학,C:\Users\user\Documents\GitHub\studynavi\서울과외\서대문구과외\서대문구수학과외\index.html,high,true,정상
region,서울특별시,서대문구,서대문구영어,,서대문구영어,C:\Users\user\Documents\GitHub\studynavi\서울과외\서대문구과외\서대문구영어과외\index.html,high,true,정상
region,서울특별시,서대문구,대신동,,대신동,C:\Users\user\Documents\GitHub\studynavi\서울과외\서대문구과외\서울대신동과외\index.html,high,true,정상
region,서울특별시,서대문구,연희동,,연희동,C:\Users\user\Documents\GitHub\studynavi\서울과외\서대문구과외\서울연희동과외\index.html,high,true,정상
region,서울특별시,서대문구,천연동,,천연동,C:\Users\user\Documents\GitHub\studynavi\서울과외\서대문구과외\천연동과외\index.html,high,true,정상
region,서울특별시,서대문구,현저동,,현저동,C:\Users\user\Documents\GitHub\studynavi\서울과외\서대문구과외\현저동과외\index.html,high,true,정상
region,서울특별시,서대문구,홍은동,,홍은동,C:\Users\user\Documents\GitHub\studynavi\서울과외\서대문구과외\홍은동과외\index.html,high,true,정상
region,서울특별시,서대문구,홍제동,,홍제동,C:\Users\user\Documents\GitHub\studynavi\서울과외\서대문구과외\홍제동과외\index.html,high,true,정상
region,서울특별시,서울고등,,,서울고등,C:\Users\user\Documents\GitHub\studynavi\서울과외\서울고등과외\index.html,high,true,정상
region,서울특별시,서울수학,,,서울수학,C:\Users\user\Documents\GitHub\studynavi\서울과외\서울수학과외\index.html,high,true,정상
region,서울특별시,서울수학,서울고등수학,,서울고등수학,C:\Users\user\Documents\GitHub\studynavi\서울과외\서울수학과외\서울고등수학과외\index.html,high,true,정상
region,서울특별시,서울수학,서울중등수학,,서울중등수학,C:\Users\user\Documents\GitHub\studynavi\서울과외\서울수학과외\서울중등수학과외\index.html,high,true,정상
region,서울특별시,서울수학,서울초등수학,,서울초등수학,C:\Users\user\Documents\GitHub\studynavi\서울과외\서울수학과외\서울초등수학과외\index.html,high,true,정상
region,서울특별시,서울영어,,,서울영어,C:\Users\user\Documents\GitHub\studynavi\서울과외\서울영어과외\index.html,high,true,정상
region,서울특별시,서울영어,서울고등영어,,서울고등영어,C:\Users\user\Documents\GitHub\studynavi\서울과외\서울영어과외\서울고등영어과외\index.html,high,true,정상
region,서울특별시,서울영어,서울중등영어,,서울중등영어,C:\Users\user\Documents\GitHub\studynavi\서울과외\서울영어과외\서울중등영어과외\index.html,high,true,정상
region,서울특별시,서울영어,서울초등영어,,서울초등영어,C:\Users\user\Documents\GitHub\studynavi\서울과외\서울영어과외\서울초등영어과외\index.html,high,true,정상
region,서울특별시,서울중등,,,서울중등,C:\Users\user\Documents\GitHub\studynavi\서울과외\서울중등과외\index.html,high,true,정상
region,서울특별시,서울초등,,,서울초등,C:\Users\user\Documents\GitHub\studynavi\서울과외\서울초등과외\index.html,high,true,정상
region,서울특별시,서초구,,,서초구,C:\Users\user\Documents\GitHub\studynavi\서울과외\서초구과외\index.html,high,true,정상
region,서울특별시,서초구,반포동,,반포동,C:\Users\user\Documents\GitHub\studynavi\서울과외\서초구과외\반포동과외\index.html,high,true,정상
region,서울특별시,서초구,방배동,,방배동,C:\Users\user\Documents\GitHub\studynavi\서울과외\서초구과외\방배동과외\index.html,high,true,정상
region,서울특별시,서초구,신원동,,신원동,C:\Users\user\Documents\GitHub\studynavi\서울과외\서초구과외\서울신원동과외\index.html,high,true,정상
region,서울특별시,서초구,서초구수학,,서초구수학,C:\Users\user\Documents\GitHub\studynavi\서울과외\서초구과외\서초구수학과외\index.html,high,true,정상
region,서울특별시,서초구,서초구영어,,서초구영어,C:\Users\user\Documents\GitHub\studynavi\서울과외\서초구과외\서초구영어과외\index.html,high,true,정상
region,서울특별시,서초구,서초동,,서초동,C:\Users\user\Documents\GitHub\studynavi\서울과외\서초구과외\서초동과외\index.html,high,true,정상
region,서울특별시,서초구,양재동,,양재동,C:\Users\user\Documents\GitHub\studynavi\서울과외\서초구과외\양재동과외\index.html,high,true,정상
region,서울특별시,서초구,우면동,,우면동,C:\Users\user\Documents\GitHub\studynavi\서울과외\서초구과외\우면동과외\index.html,high,true,정상
region,서울특별시,서초구,잠원동,,잠원동,C:\Users\user\Documents\GitHub\studynavi\서울과외\서초구과외\잠원동과외\index.html,high,true,정상
region,서울특별시,성동구,,,성동구,C:\Users\user\Documents\GitHub\studynavi\서울과외\성동구과외\index.html,high,true,정상
region,서울특별시,성동구,마장동,,마장동,C:\Users\user\Documents\GitHub\studynavi\서울과외\성동구과외\마장동과외\index.html,high,true,정상
region,서울특별시,성동구,사근동,,사근동,C:\Users\user\Documents\GitHub\studynavi\서울과외\성동구과외\사근동과외\index.html,high,true,정상
region,서울특별시,성동구,금호동,,금호동,C:\Users\user\Documents\GitHub\studynavi\서울과외\성동구과외\서울금호동과외\index.html,high,true,정상
region,서울특별시,성동구,성동,,성동,C:\Users\user\Documents\GitHub\studynavi\서울과외\성동구과외\서울성동과외\index.html,high,true,정상
region,서울특별시,성동구,성동구수학,,성동구수학,C:\Users\user\Documents\GitHub\studynavi\서울과외\성동구과외\성동구수학과외\index.html,high,true,정상
region,서울특별시,성동구,성동구영어,,성동구영어,C:\Users\user\Documents\GitHub\studynavi\서울과외\성동구과외\성동구영어과외\index.html,high,true,정상
region,서울특별시,성동구,성수동,,성수동,C:\Users\user\Documents\GitHub\studynavi\서울과외\성동구과외\성수동과외\index.html,high,true,정상
region,서울특별시,성동구,옥수동,,옥수동,C:\Users\user\Documents\GitHub\studynavi\서울과외\성동구과외\옥수동과외\index.html,high,true,정상
region,서울특별시,성동구,응봉동,,응봉동,C:\Users\user\Documents\GitHub\studynavi\서울과외\성동구과외\응봉동과외\index.html,high,true,정상
region,서울특별시,성동구,하왕십리동,,하왕십리동,C:\Users\user\Documents\GitHub\studynavi\서울과외\성동구과외\하왕십리동과외\index.html,high,true,정상
region,서울특별시,성동구,행당동,,행당동,C:\Users\user\Documents\GitHub\studynavi\서울과외\성동구과외\행당동과외\index.html,high,true,정상
region,서울특별시,성북구,,,성북구,C:\Users\user\Documents\GitHub\studynavi\서울과외\성북구과외\index.html,high,true,정상
region,서울특별시,성북구,길음동,,길음동,C:\Users\user\Documents\GitHub\studynavi\서울과외\성북구과외\길음동과외\index.html,high,true,정상
region,서울특별시,성북구,돈암동,,돈암동,C:\Users\user\Documents\GitHub\studynavi\서울과외\성북구과외\돈암동과외\index.html,high,true,정상
region,서울특별시,성북구,동소문동,,동소문동,C:\Users\user\Documents\GitHub\studynavi\서울과외\성북구과외\동소문동과외\index.html,high,true,정상
region,서울특별시,성북구,삼선동,,삼선동,C:\Users\user\Documents\GitHub\studynavi\서울과외\성북구과외\삼선동과외\index.html,high,true,정상
region,서울특별시,성북구,상월곡동,,상월곡동,C:\Users\user\Documents\GitHub\studynavi\서울과외\성북구과외\상월곡동과외\index.html,high,true,정상
region,서울특별시,성북구,성북동,,성북동,C:\Users\user\Documents\GitHub\studynavi\서울과외\성북구과외\서울성북동과외\index.html,high,true,정상
region,서울특별시,성북구,석관동,,석관동,C:\Users\user\Documents\GitHub\studynavi\서울과외\성북구과외\석관동과외\index.html,high,true,정상
region,서울특별시,성북구,성북구수학,,성북구수학,C:\Users\user\Documents\GitHub\studynavi\서울과외\성북구과외\성북구수학과외\index.html,high,true,정상
region,서울특별시,성북구,성북구영어,,성북구영어,C:\Users\user\Documents\GitHub\studynavi\서울과외\성북구과외\성북구영어과외\index.html,high,true,정상
region,서울특별시,성북구,안암동,,안암동,C:\Users\user\Documents\GitHub\studynavi\서울과외\성북구과외\안암동과외\index.html,high,true,정상
region,서울특별시,성북구,장위동,,장위동,C:\Users\user\Documents\GitHub\studynavi\서울과외\성북구과외\장위동과외\index.html,high,true,정상
region,서울특별시,성북구,정릉동,,정릉동,C:\Users\user\Documents\GitHub\studynavi\서울과외\성북구과외\정릉동과외\index.html,high,true,정상
region,서울특별시,성북구,종암동,,종암동,C:\Users\user\Documents\GitHub\studynavi\서울과외\성북구과외\종암동과외\index.html,high,true,정상
region,서울특별시,성북구,하월곡동,,하월곡동,C:\Users\user\Documents\GitHub\studynavi\서울과외\성북구과외\하월곡동과외\index.html,high,true,정상
region,서울특별시,송파구,,,송파구,C:\Users\user\Documents\GitHub\studynavi\서울과외\송파구과외\index.html,high,true,정상
region,서울특별시,송파구,가락동,,가락동,C:\Users\user\Documents\GitHub\studynavi\서울과외\송파구과외\가락동과외\index.html,high,true,정상
region,서울특별시,송파구,거여동,,거여동,C:\Users\user\Documents\GitHub\studynavi\서울과외\송파구과외\거여동과외\index.html,high,true,정상
region,서울특별시,송파구,문정동,,문정동,C:\Users\user\Documents\GitHub\studynavi\서울과외\송파구과외\문정동과외\index.html,high,true,정상
region,서울특별시,송파구,방이동,,방이동,C:\Users\user\Documents\GitHub\studynavi\서울과외\송파구과외\방이동과외\index.html,high,true,정상
region,서울특별시,송파구,삼전동,,삼전동,C:\Users\user\Documents\GitHub\studynavi\서울과외\송파구과외\삼전동과외\index.html,high,true,정상
region,서울특별시,송파구,신천동,,신천동,C:\Users\user\Documents\GitHub\studynavi\서울과외\송파구과외\서울신천동과외\index.html,high,true,정상
region,서울특별시,송파구,장지동,,장지동,C:\Users\user\Documents\GitHub\studynavi\서울과외\송파구과외\서울장지동과외\index.html,high,true,정상
region,서울특별시,송파구,송파구수학,,송파구수학,C:\Users\user\Documents\GitHub\studynavi\서울과외\송파구과외\송파구수학과외\index.html,high,true,정상
region,서울특별시,송파구,송파구영어,,송파구영어,C:\Users\user\Documents\GitHub\studynavi\서울과외\송파구과외\송파구영어과외\index.html,high,true,정상
region,서울특별시,송파구,송파동,,송파동,C:\Users\user\Documents\GitHub\studynavi\서울과외\송파구과외\송파동과외\index.html,high,true,정상
region,서울특별시,송파구,오금동,,오금동,C:\Users\user\Documents\GitHub\studynavi\서울과외\송파구과외\오금동과외\index.html,high,true,정상
region,서울특별시,송파구,잠실동,,잠실동,C:\Users\user\Documents\GitHub\studynavi\서울과외\송파구과외\잠실동과외\index.html,high,true,정상
region,서울특별시,송파구,풍납동,,풍납동,C:\Users\user\Documents\GitHub\studynavi\서울과외\송파구과외\풍납동과외\index.html,high,true,정상
region,서울특별시,양천구,,,양천구,C:\Users\user\Documents\GitHub\studynavi\서울과외\양천구과외\index.html,high,true,정상
region,서울특별시,양천구,목동,,목동,C:\Users\user\Documents\GitHub\studynavi\서울과외\양천구과외\서울목동과외\index.html,high,true,정상
region,서울특별시,양천구,신월동,,신월동,C:\Users\user\Documents\GitHub\studynavi\서울과외\양천구과외\서울신월동과외\index.html,high,true,정상
region,서울특별시,양천구,신정동,,신정동,C:\Users\user\Documents\GitHub\studynavi\서울과외\양천구과외\서울신정동과외\index.html,high,true,정상
region,서울특별시,양천구,양천구수학,,양천구수학,C:\Users\user\Documents\GitHub\studynavi\서울과외\양천구과외\양천구수학과외\index.html,high,true,정상
region,서울특별시,양천구,양천구영어,,양천구영어,C:\Users\user\Documents\GitHub\studynavi\서울과외\양천구과외\양천구영어과외\index.html,high,true,정상
region,서울특별시,영등포구,,,영등포구,C:\Users\user\Documents\GitHub\studynavi\서울과외\영등포구과외\index.html,high,true,정상
region,서울특별시,영등포구,당산동,,당산동,C:\Users\user\Documents\GitHub\studynavi\서울과외\영등포구과외\당산동과외\index.html,high,true,정상
region,서울특별시,영등포구,대림동,,대림동,C:\Users\user\Documents\GitHub\studynavi\서울과외\영등포구과외\대림동과외\index.html,high,true,정상
region,서울특별시,영등포구,문래동,,문래동,C:\Users\user\Documents\GitHub\studynavi\서울과외\영등포구과외\문래동과외\index.html,high,true,정상
region,서울특별시,영등포구,신길동,,신길동,C:\Users\user\Documents\GitHub\studynavi\서울과외\영등포구과외\서울신길동과외\index.html,high,true,정상
region,서울특별시,영등포구,양평동,,양평동,C:\Users\user\Documents\GitHub\studynavi\서울과외\영등포구과외\양평동과외\index.html,high,true,정상
region,서울특별시,영등포구,여의도동,,여의도동,C:\Users\user\Documents\GitHub\studynavi\서울과외\영등포구과외\여의도동과외\index.html,high,true,정상
region,서울특별시,영등포구,영등포구수학,,영등포구수학,C:\Users\user\Documents\GitHub\studynavi\서울과외\영등포구과외\영등포구수학과외\index.html,high,true,정상
region,서울특별시,영등포구,영등포구영어,,영등포구영어,C:\Users\user\Documents\GitHub\studynavi\서울과외\영등포구과외\영등포구영어과외\index.html,high,true,정상
region,서울특별시,영등포구,영등포동,,영등포동,C:\Users\user\Documents\GitHub\studynavi\서울과외\영등포구과외\영등포동과외\index.html,high,true,정상
region,서울특별시,용산구,,,용산구,C:\Users\user\Documents\GitHub\studynavi\서울과외\용산구과외\index.html,high,true,정상
region,서울특별시,용산구,보광동,,보광동,C:\Users\user\Documents\GitHub\studynavi\서울과외\용산구과외\보광동과외\index.html,high,true,정상
region,서울특별시,용산구,서계동,,서계동,C:\Users\user\Documents\GitHub\studynavi\서울과외\용산구과외\서계동과외\index.html,high,true,정상
region,서울특별시,용산구,서빙고동,,서빙고동,C:\Users\user\Documents\GitHub\studynavi\서울과외\용산구과외\서빙고동과외\index.html,high,true,정상
region,서울특별시,용산구,용산동,,용산동,C:\Users\user\Documents\GitHub\studynavi\서울과외\용산구과외\서울용산동과외\index.html,high,true,정상
region,서울특별시,용산구,용산구수학,,용산구수학,C:\Users\user\Documents\GitHub\studynavi\서울과외\용산구과외\용산구수학과외\index.html,high,true,정상
region,서울특별시,용산구,용산구영어,,용산구영어,C:\Users\user\Documents\GitHub\studynavi\서울과외\용산구과외\용산구영어과외\index.html,high,true,정상
region,서울특별시,용산구,이촌동,,이촌동,C:\Users\user\Documents\GitHub\studynavi\서울과외\용산구과외\이촌동과외\index.html,high,true,정상
region,서울특별시,용산구,청파동,,청파동,C:\Users\user\Documents\GitHub\studynavi\서울과외\용산구과외\청파동과외\index.html,high,true,정상
region,서울특별시,은평구,,,은평구,C:\Users\user\Documents\GitHub\studynavi\서울과외\은평구과외\index.html,high,true,정상
region,서울특별시,은평구,대조동,,대조동,C:\Users\user\Documents\GitHub\studynavi\서울과외\은평구과외\대조동과외\index.html,high,true,정상
region,서울특별시,은평구,불광동,,불광동,C:\Users\user\Documents\GitHub\studynavi\서울과외\은평구과외\불광동과외\index.html,high,true,정상
region,서울특별시,은평구,갈현동,,갈현동,C:\Users\user\Documents\GitHub\studynavi\서울과외\은평구과외\서울갈현동과외\index.html,high,true,정상
region,서울특별시,은평구,구산동,,구산동,C:\Users\user\Documents\GitHub\studynavi\서울과외\은평구과외\서울구산동과외\index.html,high,true,정상
region,서울특별시,은평구,은평구수학,,은평구수학,C:\Users\user\Documents\GitHub\studynavi\서울과외\은평구과외\은평구수학과외\index.html,high,true,정상
region,서울특별시,은평구,은평구신사동,,은평구신사동,C:\Users\user\Documents\GitHub\studynavi\서울과외\은평구과외\은평구신사동과외\index.html,high,true,정상
region,서울특별시,은평구,은평구영어,,은평구영어,C:\Users\user\Documents\GitHub\studynavi\서울과외\은평구과외\은평구영어과외\index.html,high,true,정상
region,서울특별시,은평구,응암동,,응암동,C:\Users\user\Documents\GitHub\studynavi\서울과외\은평구과외\응암동과외\index.html,high,true,정상
region,서울특별시,은평구,증산동,,증산동,C:\Users\user\Documents\GitHub\studynavi\서울과외\은평구과외\증산동과외\index.html,high,true,정상
region,서울특별시,은평구,진관동,,진관동,C:\Users\user\Documents\GitHub\studynavi\서울과외\은평구과외\진관동과외\index.html,high,true,정상
region,서울특별시,종로구,,,종로구,C:\Users\user\Documents\GitHub\studynavi\서울과외\종로구과외\index.html,high,true,정상
region,서울특별시,종로구,계동,,계동,C:\Users\user\Documents\GitHub\studynavi\서울과외\종로구과외\계동과외\index.html,high,true,정상
region,서울특별시,종로구,송현동,,송현동,C:\Users\user\Documents\GitHub\studynavi\서울과외\종로구과외\서울송현동과외\index.html,high,true,정상
region,서울특별시,종로구,안국동,,안국동,C:\Users\user\Documents\GitHub\studynavi\서울과외\종로구과외\안국동과외\index.html,high,true,정상
region,서울특별시,종로구,이화동,,이화동,C:\Users\user\Documents\GitHub\studynavi\서울과외\종로구과외\이화동과외\index.html,high,true,정상
region,서울특별시,종로구,종로구수학,,종로구수학,C:\Users\user\Documents\GitHub\studynavi\서울과외\종로구과외\종로구수학과외\index.html,high,true,정상
region,서울특별시,종로구,종로구영어,,종로구영어,C:\Users\user\Documents\GitHub\studynavi\서울과외\종로구과외\종로구영어과외\index.html,high,true,정상
region,서울특별시,종로구,청운동,,청운동,C:\Users\user\Documents\GitHub\studynavi\서울과외\종로구과외\청운동과외\index.html,high,true,정상
region,서울특별시,종로구,필운동,,필운동,C:\Users\user\Documents\GitHub\studynavi\서울과외\종로구과외\필운동과외\index.html,high,true,정상
region,서울특별시,종로구,행촌동,,행촌동,C:\Users\user\Documents\GitHub\studynavi\서울과외\종로구과외\행촌동과외\index.html,high,true,정상
region,서울특별시,종로구,혜화동,,혜화동,C:\Users\user\Documents\GitHub\studynavi\서울과외\종로구과외\혜화동과외\index.html,high,true,정상
region,서울특별시,종로구,홍지동,,홍지동,C:\Users\user\Documents\GitHub\studynavi\서울과외\종로구과외\홍지동과외\index.html,high,true,정상
region,서울특별시,중구,,,중구,C:\Users\user\Documents\GitHub\studynavi\서울과외\중구과외\index.html,high,true,정상
region,서울특별시,중구,만리동,,만리동,C:\Users\user\Documents\GitHub\studynavi\서울과외\중구과외\만리동과외\index.html,high,true,정상
region,서울특별시,중구,신당동,,신당동,C:\Users\user\Documents\GitHub\studynavi\서울과외\중구과외\서울신당동과외\index.html,high,true,정상
region,서울특별시,중구,정동,,정동,C:\Users\user\Documents\GitHub\studynavi\서울과외\중구과외\서울정동과외\index.html,high,true,정상
region,서울특별시,중구,순화동,,순화동,C:\Users\user\Documents\GitHub\studynavi\서울과외\중구과외\순화동과외\index.html,high,true,정상
region,서울특별시,중구,인현동,,인현동,C:\Users\user\Documents\GitHub\studynavi\서울과외\중구과외\인현동과외\index.html,high,true,정상
region,서울특별시,중구,중구수학,,중구수학,C:\Users\user\Documents\GitHub\studynavi\서울과외\중구과외\중구수학과외\index.html,high,true,정상
region,서울특별시,중구,중구영어,,중구영어,C:\Users\user\Documents\GitHub\studynavi\서울과외\중구과외\중구영어과외\index.html,high,true,정상
region,서울특별시,중랑구,,,중랑구,C:\Users\user\Documents\GitHub\studynavi\서울과외\중랑구과외\index.html,high,true,정상
region,서울특별시,중랑구,망우동,,망우동,C:\Users\user\Documents\GitHub\studynavi\서울과외\중랑구과외\망우동과외\index.html,high,true,정상
region,서울특별시,중랑구,면목동,,면목동,C:\Users\user\Documents\GitHub\studynavi\서울과외\중랑구과외\면목동과외\index.html,high,true,정상
region,서울특별시,중랑구,묵동,,묵동,C:\Users\user\Documents\GitHub\studynavi\서울과외\중랑구과외\묵동과외\index.html,high,true,정상
region,서울특별시,중랑구,상봉동,,상봉동,C:\Users\user\Documents\GitHub\studynavi\서울과외\중랑구과외\서울상봉동과외\index.html,high,true,정상
region,서울특별시,중랑구,중랑구수학,,중랑구수학,C:\Users\user\Documents\GitHub\studynavi\서울과외\중랑구과외\중랑구수학과외\index.html,high,true,정상
region,서울특별시,중랑구,중랑구영어,,중랑구영어,C:\Users\user\Documents\GitHub\studynavi\서울과외\중랑구과외\중랑구영어과외\index.html,high,true,정상
region,서울특별시,중랑구,중화동,,중화동,C:\Users\user\Documents\GitHub\studynavi\서울과외\중랑구과외\중화동과외\index.html,high,true,정상
region,세종특별자치시,,,,세종특별자치시,C:\Users\user\Documents\GitHub\studynavi\세종과외\index.html,high,true,정상
region,세종특별자치시,세종고등,,,세종고등,C:\Users\user\Documents\GitHub\studynavi\세종과외\세종고등과외\index.html,high,true,정상
region,세종특별자치시,세종수학,,,세종수학,C:\Users\user\Documents\GitHub\studynavi\세종과외\세종수학과외\index.html,high,true,정상
region,세종특별자치시,세종수학,세종고등수학,,세종고등수학,C:\Users\user\Documents\GitHub\studynavi\세종과외\세종수학과외\세종고등수학과외\index.html,high,true,정상
region,세종특별자치시,세종수학,세종중등수학,,세종중등수학,C:\Users\user\Documents\GitHub\studynavi\세종과외\세종수학과외\세종중등수학과외\index.html,high,true,정상
region,세종특별자치시,세종수학,세종초등수학,,세종초등수학,C:\Users\user\Documents\GitHub\studynavi\세종과외\세종수학과외\세종초등수학과외\index.html,high,true,정상
region,세종특별자치시,세종시,,,세종시,C:\Users\user\Documents\GitHub\studynavi\세종과외\세종시과외\index.html,high,true,정상
region,세종특별자치시,세종시,고운동,,고운동,C:\Users\user\Documents\GitHub\studynavi\세종과외\세종시과외\고운동과외\index.html,high,true,정상
region,세종특별자치시,세종시,나성동,,나성동,C:\Users\user\Documents\GitHub\studynavi\세종과외\세종시과외\나성동과외\index.html,high,true,정상
region,세종특별자치시,세종시,다정동,,다정동,C:\Users\user\Documents\GitHub\studynavi\세종과외\세종시과외\다정동과외\index.html,high,true,정상
region,세종특별자치시,세종시,대평동,,대평동,C:\Users\user\Documents\GitHub\studynavi\세종과외\세종시과외\대평동과외\index.html,high,true,정상
region,세종특별자치시,세종시,도담동,,도담동,C:\Users\user\Documents\GitHub\studynavi\세종과외\세종시과외\도담동과외\index.html,high,true,정상
region,세종특별자치시,세종시,보람동,,보람동,C:\Users\user\Documents\GitHub\studynavi\세종과외\세종시과외\보람동과외\index.html,high,true,정상
region,세종특별자치시,세종시,산울동,,산울동,C:\Users\user\Documents\GitHub\studynavi\세종과외\세종시과외\산울동과외\index.html,high,true,정상
region,세종특별자치시,세종시,새롬동,,새롬동,C:\Users\user\Documents\GitHub\studynavi\세종과외\세종시과외\새롬동과외\index.html,high,true,정상
region,세종특별자치시,세종시,반곡동,,반곡동,C:\Users\user\Documents\GitHub\studynavi\세종과외\세종시과외\세종반곡동과외\index.html,high,true,정상
region,세종특별자치시,세종시,세종시수학,,세종시수학,C:\Users\user\Documents\GitHub\studynavi\세종과외\세종시과외\세종시수학과외\index.html,high,true,정상
region,세종특별자치시,세종시,세종시영어,,세종시영어,C:\Users\user\Documents\GitHub\studynavi\세종과외\세종시과외\세종시영어과외\index.html,high,true,정상
region,세종특별자치시,세종시,연동,,연동,C:\Users\user\Documents\GitHub\studynavi\세종과외\세종시과외\세종연동과외\index.html,high,true,정상
region,세종특별자치시,세종시,소담동,,소담동,C:\Users\user\Documents\GitHub\studynavi\세종과외\세종시과외\소담동과외\index.html,high,true,정상
region,세종특별자치시,세종시,아름동,,아름동,C:\Users\user\Documents\GitHub\studynavi\세종과외\세종시과외\아름동과외\index.html,high,true,정상
region,세종특별자치시,세종시,어진동,,어진동,C:\Users\user\Documents\GitHub\studynavi\세종과외\세종시과외\어진동과외\index.html,high,true,정상
region,세종특별자치시,세종시,종촌동,,종촌동,C:\Users\user\Documents\GitHub\studynavi\세종과외\세종시과외\종촌동과외\index.html,high,true,정상
region,세종특별자치시,세종시,한솔동,,한솔동,C:\Users\user\Documents\GitHub\studynavi\세종과외\세종시과외\한솔동과외\index.html,high,true,정상
region,세종특별자치시,세종시,해밀동,,해밀동,C:\Users\user\Documents\GitHub\studynavi\세종과외\세종시과외\해밀동과외\index.html,high,true,정상
region,세종특별자치시,세종영어,,,세종영어,C:\Users\user\Documents\GitHub\studynavi\세종과외\세종영어과외\index.html,high,true,정상
region,세종특별자치시,세종영어,세종고등영어,,세종고등영어,C:\Users\user\Documents\GitHub\studynavi\세종과외\세종영어과외\세종고등영어과외\index.html,high,true,정상
region,세종특별자치시,세종영어,세종중등영어,,세종중등영어,C:\Users\user\Documents\GitHub\studynavi\세종과외\세종영어과외\세종중등영어과외\index.html,high,true,정상
region,세종특별자치시,세종영어,세종초등영어,,세종초등영어,C:\Users\user\Documents\GitHub\studynavi\세종과외\세종영어과외\세종초등영어과외\index.html,high,true,정상
region,세종특별자치시,세종중등,,,세종중등,C:\Users\user\Documents\GitHub\studynavi\세종과외\세종중등과외\index.html,high,true,정상
region,세종특별자치시,세종초등,,,세종초등,C:\Users\user\Documents\GitHub\studynavi\세종과외\세종초등과외\index.html,high,true,정상
region,울산광역시,,,,울산광역시,C:\Users\user\Documents\GitHub\studynavi\울산과외\index.html,high,true,정상
region,울산광역시,남구,,,남구,C:\Users\user\Documents\GitHub\studynavi\울산과외\남구과외\index.html,high,true,정상
region,울산광역시,남구,남구수학,,남구수학,C:\Users\user\Documents\GitHub\studynavi\울산과외\남구과외\남구수학과외\index.html,high,true,정상
region,울산광역시,남구,남구영어,,남구영어,C:\Users\user\Documents\GitHub\studynavi\울산과외\남구과외\남구영어과외\index.html,high,true,정상
region,울산광역시,남구,달동,,달동,C:\Users\user\Documents\GitHub\studynavi\울산과외\남구과외\달동과외\index.html,high,true,정상
region,울산광역시,남구,무거동,,무거동,C:\Users\user\Documents\GitHub\studynavi\울산과외\남구과외\무거동과외\index.html,high,true,정상
region,울산광역시,남구,야음동,,야음동,C:\Users\user\Documents\GitHub\studynavi\울산과외\남구과외\야음동과외\index.html,high,true,정상
region,울산광역시,남구,옥동,,옥동,C:\Users\user\Documents\GitHub\studynavi\울산과외\남구과외\옥동과외\index.html,high,true,정상
region,울산광역시,남구,삼산동,,삼산동,C:\Users\user\Documents\GitHub\studynavi\울산과외\남구과외\울산삼산동과외\index.html,high,true,정상
region,울산광역시,남구,선암동,,선암동,C:\Users\user\Documents\GitHub\studynavi\울산과외\남구과외\울산선암동과외\index.html,high,true,정상
region,울산광역시,남구,신정동,,신정동,C:\Users\user\Documents\GitHub\studynavi\울산과외\남구과외\울산신정동과외\index.html,high,true,정상
region,울산광역시,동구,,,동구,C:\Users\user\Documents\GitHub\studynavi\울산과외\동구과외\index.html,high,true,정상
region,울산광역시,동구,동구수학,,동구수학,C:\Users\user\Documents\GitHub\studynavi\울산과외\동구과외\동구수학과외\index.html,high,true,정상
region,울산광역시,동구,동구영어,,동구영어,C:\Users\user\Documents\GitHub\studynavi\울산과외\동구과외\동구영어과외\index.html,high,true,정상
region,울산광역시,동구,방어동,,방어동,C:\Users\user\Documents\GitHub\studynavi\울산과외\동구과외\방어동과외\index.html,high,true,정상
region,울산광역시,동구,서부동,,서부동,C:\Users\user\Documents\GitHub\studynavi\울산과외\동구과외\울산서부동과외\index.html,high,true,정상
region,울산광역시,동구,일산동,,일산동,C:\Users\user\Documents\GitHub\studynavi\울산과외\동구과외\울산일산동과외\index.html,high,true,정상
region,울산광역시,동구,화정동,,화정동,C:\Users\user\Documents\GitHub\studynavi\울산과외\동구과외\울산화정동과외\index.html,high,true,정상
region,울산광역시,북구,,,북구,C:\Users\user\Documents\GitHub\studynavi\울산과외\북구과외\index.html,high,true,정상
region,울산광역시,북구,달천동,,달천동,C:\Users\user\Documents\GitHub\studynavi\울산과외\북구과외\달천동과외\index.html,high,true,정상
region,울산광역시,북구,북구수학,,북구수학,C:\Users\user\Documents\GitHub\studynavi\울산과외\북구과외\북구수학과외\index.html,high,true,정상
region,울산광역시,북구,북구영어,,북구영어,C:\Users\user\Documents\GitHub\studynavi\울산과외\북구과외\북구영어과외\index.html,high,true,정상
region,울산광역시,북구,산하동,,산하동,C:\Users\user\Documents\GitHub\studynavi\울산과외\북구과외\산하동과외\index.html,high,true,정상
region,울산광역시,북구,상안동,,상안동,C:\Users\user\Documents\GitHub\studynavi\울산과외\북구과외\상안동과외\index.html,high,true,정상
region,울산광역시,북구,연암동,,연암동,C:\Users\user\Documents\GitHub\studynavi\울산과외\북구과외\연암동과외\index.html,high,true,정상
region,울산광역시,북구,매곡동,,매곡동,C:\Users\user\Documents\GitHub\studynavi\울산과외\북구과외\울산매곡동과외\index.html,high,true,정상
region,울산광역시,북구,양정동,,양정동,C:\Users\user\Documents\GitHub\studynavi\울산과외\북구과외\울산양정동과외\index.html,high,true,정상
region,울산광역시,북구,중산동,,중산동,C:\Users\user\Documents\GitHub\studynavi\울산과외\북구과외\울산중산동과외\index.html,high,true,정상
region,울산광역시,북구,천곡동,,천곡동,C:\Users\user\Documents\GitHub\studynavi\울산과외\북구과외\울산천곡동과외\index.html,high,true,정상
region,울산광역시,북구,호계동,,호계동,C:\Users\user\Documents\GitHub\studynavi\울산과외\북구과외\울산호계동과외\index.html,high,true,정상
region,울산광역시,북구,진장동,,진장동,C:\Users\user\Documents\GitHub\studynavi\울산과외\북구과외\진장동과외\index.html,high,true,정상
region,울산광역시,북구,화봉동,,화봉동,C:\Users\user\Documents\GitHub\studynavi\울산과외\북구과외\화봉동과외\index.html,high,true,정상
region,울산광역시,북구,효문동,,효문동,C:\Users\user\Documents\GitHub\studynavi\울산과외\북구과외\효문동과외\index.html,high,true,정상
region,울산광역시,울산고등,,,울산고등,C:\Users\user\Documents\GitHub\studynavi\울산과외\울산고등과외\index.html,high,true,정상
region,울산광역시,울산수학,,,울산수학,C:\Users\user\Documents\GitHub\studynavi\울산과외\울산수학과외\index.html,high,true,정상
region,울산광역시,울산수학,울산고등수학,,울산고등수학,C:\Users\user\Documents\GitHub\studynavi\울산과외\울산수학과외\울산고등수학과외\index.html,high,true,정상
region,울산광역시,울산수학,울산중등수학,,울산중등수학,C:\Users\user\Documents\GitHub\studynavi\울산과외\울산수학과외\울산중등수학과외\index.html,high,true,정상
region,울산광역시,울산수학,울산초등수학,,울산초등수학,C:\Users\user\Documents\GitHub\studynavi\울산과외\울산수학과외\울산초등수학과외\index.html,high,true,정상
region,울산광역시,울산영어,,,울산영어,C:\Users\user\Documents\GitHub\studynavi\울산과외\울산영어과외\index.html,high,true,정상
region,울산광역시,울산영어,울산고등영어,,울산고등영어,C:\Users\user\Documents\GitHub\studynavi\울산과외\울산영어과외\울산고등영어과외\index.html,high,true,정상
region,울산광역시,울산영어,울산중등영어,,울산중등영어,C:\Users\user\Documents\GitHub\studynavi\울산과외\울산영어과외\울산중등영어과외\index.html,high,true,정상
region,울산광역시,울산영어,울산초등영어,,울산초등영어,C:\Users\user\Documents\GitHub\studynavi\울산과외\울산영어과외\울산초등영어과외\index.html,high,true,정상
region,울산광역시,울산중등,,,울산중등,C:\Users\user\Documents\GitHub\studynavi\울산과외\울산중등과외\index.html,high,true,정상
region,울산광역시,울산초등,,,울산초등,C:\Users\user\Documents\GitHub\studynavi\울산과외\울산초등과외\index.html,high,true,정상
region,울산광역시,울주군,,,울주군,C:\Users\user\Documents\GitHub\studynavi\울산과외\울주군과외\index.html,high,true,정상
region,울산광역시,울주군,도동,,도동,C:\Users\user\Documents\GitHub\studynavi\울산과외\울주군과외\울산도동과외\index.html,high,true,정상
region,울산광역시,울주군,울주군수학,,울주군수학,C:\Users\user\Documents\GitHub\studynavi\울산과외\울주군과외\울주군수학과외\index.html,high,true,정상
region,울산광역시,울주군,울주군영어,,울주군영어,C:\Users\user\Documents\GitHub\studynavi\울산과외\울주군과외\울주군영어과외\index.html,high,true,정상
region,울산광역시,중구,,,중구,C:\Users\user\Documents\GitHub\studynavi\울산과외\중구과외\index.html,high,true,정상
region,울산광역시,중구,남외동,,남외동,C:\Users\user\Documents\GitHub\studynavi\울산과외\중구과외\남외동과외\index.html,high,true,정상
region,울산광역시,중구,다운동,,다운동,C:\Users\user\Documents\GitHub\studynavi\울산과외\중구과외\다운동과외\index.html,high,true,정상
region,울산광역시,중구,반구동,,반구동,C:\Users\user\Documents\GitHub\studynavi\울산과외\중구과외\반구동과외\index.html,high,true,정상
region,울산광역시,중구,복산동,,복산동,C:\Users\user\Documents\GitHub\studynavi\울산과외\중구과외\복산동과외\index.html,high,true,정상
region,울산광역시,중구,성안동,,성안동,C:\Users\user\Documents\GitHub\studynavi\울산과외\중구과외\성안동과외\index.html,high,true,정상
region,울산광역시,중구,약사동,,약사동,C:\Users\user\Documents\GitHub\studynavi\울산과외\중구과외\약사동과외\index.html,high,true,정상
region,울산광역시,중구,서동,,서동,C:\Users\user\Documents\GitHub\studynavi\울산과외\중구과외\울산서동과외\index.html,high,true,정상
region,울산광역시,중구,태화동,,태화동,C:\Users\user\Documents\GitHub\studynavi\울산과외\중구과외\울산태화동과외\index.html,high,true,정상
region,울산광역시,중구,유곡동,,유곡동,C:\Users\user\Documents\GitHub\studynavi\울산과외\중구과외\유곡동과외\index.html,high,true,정상
region,울산광역시,중구,중구수학,,중구수학,C:\Users\user\Documents\GitHub\studynavi\울산과외\중구과외\중구수학과외\index.html,high,true,정상
region,울산광역시,중구,중구영어,,중구영어,C:\Users\user\Documents\GitHub\studynavi\울산과외\중구과외\중구영어과외\index.html,high,true,정상
region,인천광역시,,,,인천광역시,C:\Users\user\Documents\GitHub\studynavi\인천과외\index.html,high,true,정상
region,인천광역시,강화군,,,강화군,C:\Users\user\Documents\GitHub\studynavi\인천과외\강화군과외\index.html,high,true,정상
region,인천광역시,강화군,강화군수학,,강화군수학,C:\Users\user\Documents\GitHub\studynavi\인천과외\강화군과외\강화군수학과외\index.html,high,true,정상
region,인천광역시,강화군,강화군영어,,강화군영어,C:\Users\user\Documents\GitHub\studynavi\인천과외\강화군과외\강화군영어과외\index.html,high,true,정상
region,인천광역시,강화군,교동,,교동,C:\Users\user\Documents\GitHub\studynavi\인천과외\강화군과외\인천교동과외\index.html,high,true,정상
region,인천광역시,계양구,,,계양구,C:\Users\user\Documents\GitHub\studynavi\인천과외\계양구과외\index.html,high,true,정상
region,인천광역시,계양구,계양구수학,,계양구수학,C:\Users\user\Documents\GitHub\studynavi\인천과외\계양구과외\계양구수학과외\index.html,high,true,정상
region,인천광역시,계양구,계양구영어,,계양구영어,C:\Users\user\Documents\GitHub\studynavi\인천과외\계양구과외\계양구영어과외\index.html,high,true,정상
region,인천광역시,계양구,귤현동,,귤현동,C:\Users\user\Documents\GitHub\studynavi\인천과외\계양구과외\귤현동과외\index.html,high,true,정상
region,인천광역시,계양구,동양동,,동양동,C:\Users\user\Documents\GitHub\studynavi\인천과외\계양구과외\동양동과외\index.html,high,true,정상
region,인천광역시,계양구,방축동,,방축동,C:\Users\user\Documents\GitHub\studynavi\인천과외\계양구과외\방축동과외\index.html,high,true,정상
region,인천광역시,계양구,병방동,,병방동,C:\Users\user\Documents\GitHub\studynavi\인천과외\계양구과외\병방동과외\index.html,high,true,정상
region,인천광역시,계양구,서운동,,서운동,C:\Users\user\Documents\GitHub\studynavi\인천과외\계양구과외\서운동과외\index.html,high,true,정상
region,인천광역시,계양구,용종동,,용종동,C:\Users\user\Documents\GitHub\studynavi\인천과외\계양구과외\용종동과외\index.html,high,true,정상
region,인천광역시,계양구,계산동,,계산동,C:\Users\user\Documents\GitHub\studynavi\인천과외\계양구과외\인천계산동과외\index.html,high,true,정상
region,인천광역시,계양구,작전동,,작전동,C:\Users\user\Documents\GitHub\studynavi\인천과외\계양구과외\작전동과외\index.html,high,true,정상
region,인천광역시,계양구,효성동,,효성동,C:\Users\user\Documents\GitHub\studynavi\인천과외\계양구과외\효성동과외\index.html,high,true,정상
region,인천광역시,남동구,,,남동구,C:\Users\user\Documents\GitHub\studynavi\인천과외\남동구과외\index.html,high,true,정상
region,인천광역시,남동구,간석동,,간석동,C:\Users\user\Documents\GitHub\studynavi\인천과외\남동구과외\간석동과외\index.html,high,true,정상
region,인천광역시,남동구,구월동,,구월동,C:\Users\user\Documents\GitHub\studynavi\인천과외\남동구과외\구월동과외\index.html,high,true,정상
region,인천광역시,남동구,남동구수학,,남동구수학,C:\Users\user\Documents\GitHub\studynavi\인천과외\남동구과외\남동구수학과외\index.html,high,true,정상
region,인천광역시,남동구,남동구영어,,남동구영어,C:\Users\user\Documents\GitHub\studynavi\인천과외\남동구과외\남동구영어과외\index.html,high,true,정상
region,인천광역시,남동구,만수동,,만수동,C:\Users\user\Documents\GitHub\studynavi\인천과외\남동구과외\만수동과외\index.html,high,true,정상
region,인천광역시,남동구,서창동,,서창동,C:\Users\user\Documents\GitHub\studynavi\인천과외\남동구과외\서창동과외\index.html,high,true,정상
region,인천광역시,남동구,논현동,,논현동,C:\Users\user\Documents\GitHub\studynavi\인천과외\남동구과외\인천논현동과외\index.html,high,true,정상
region,인천광역시,동구,,,동구,C:\Users\user\Documents\GitHub\studynavi\인천과외\동구과외\index.html,high,true,정상
region,인천광역시,동구,동구수학,,동구수학,C:\Users\user\Documents\GitHub\studynavi\인천과외\동구과외\동구수학과외\index.html,high,true,정상
region,인천광역시,동구,동구영어,,동구영어,C:\Users\user\Documents\GitHub\studynavi\인천과외\동구과외\동구영어과외\index.html,high,true,정상
region,인천광역시,동구,송림동,,송림동,C:\Users\user\Documents\GitHub\studynavi\인천과외\동구과외\송림동과외\index.html,high,true,정상
region,인천광역시,동구,화수동,,화수동,C:\Users\user\Documents\GitHub\studynavi\인천과외\동구과외\화수동과외\index.html,high,true,정상
region,인천광역시,미추홀구,,,미추홀구,C:\Users\user\Documents\GitHub\studynavi\인천과외\미추홀구과외\index.html,high,true,정상
region,인천광역시,미추홀구,관교동,,관교동,C:\Users\user\Documents\GitHub\studynavi\인천과외\미추홀구과외\관교동과외\index.html,high,true,정상
region,인천광역시,미추홀구,도화동,,도화동,C:\Users\user\Documents\GitHub\studynavi\인천과외\미추홀구과외\도화동과외\index.html,high,true,정상
region,인천광역시,미추홀구,미추홀구수학,,미추홀구수학,C:\Users\user\Documents\GitHub\studynavi\인천과외\미추홀구과외\미추홀구수학과외\index.html,high,true,정상
region,인천광역시,미추홀구,미추홀구영어,,미추홀구영어,C:\Users\user\Documents\GitHub\studynavi\인천과외\미추홀구과외\미추홀구영어과외\index.html,high,true,정상
region,인천광역시,미추홀구,숭의동,,숭의동,C:\Users\user\Documents\GitHub\studynavi\인천과외\미추홀구과외\숭의동과외\index.html,high,true,정상
region,인천광역시,미추홀구,용현동,,용현동,C:\Users\user\Documents\GitHub\studynavi\인천과외\미추홀구과외\인천용현동과외\index.html,high,true,정상
region,인천광역시,미추홀구,주안동,,주안동,C:\Users\user\Documents\GitHub\studynavi\인천과외\미추홀구과외\주안동과외\index.html,high,true,정상
region,인천광역시,미추홀구,학익동,,학익동,C:\Users\user\Documents\GitHub\studynavi\인천과외\미추홀구과외\학익동과외\index.html,high,true,정상
region,인천광역시,부평구,,,부평구,C:\Users\user\Documents\GitHub\studynavi\인천과외\부평구과외\index.html,high,true,정상
region,인천광역시,부평구,부개동,,부개동,C:\Users\user\Documents\GitHub\studynavi\인천과외\부평구과외\부개동과외\index.html,high,true,정상
region,인천광역시,부평구,부평구수학,,부평구수학,C:\Users\user\Documents\GitHub\studynavi\인천과외\부평구과외\부평구수학과외\index.html,high,true,정상
region,인천광역시,부평구,부평구영어,,부평구영어,C:\Users\user\Documents\GitHub\studynavi\인천과외\부평구과외\부평구영어과외\index.html,high,true,정상
region,인천광역시,부평구,부평동,,부평동,C:\Users\user\Documents\GitHub\studynavi\인천과외\부평구과외\부평동과외\index.html,high,true,정상
region,인천광역시,부평구,산곡동,,산곡동,C:\Users\user\Documents\GitHub\studynavi\인천과외\부평구과외\산곡동과외\index.html,high,true,정상
region,인천광역시,부평구,십정동,,십정동,C:\Users\user\Documents\GitHub\studynavi\인천과외\부평구과외\십정동과외\index.html,high,true,정상
region,인천광역시,부평구,갈산동,,갈산동,C:\Users\user\Documents\GitHub\studynavi\인천과외\부평구과외\인천갈산동과외\index.html,high,true,정상
region,인천광역시,부평구,삼산동,,삼산동,C:\Users\user\Documents\GitHub\studynavi\인천과외\부평구과외\인천삼산동과외\index.html,high,true,정상
region,인천광역시,부평구,청천동,,청천동,C:\Users\user\Documents\GitHub\studynavi\인천과외\부평구과외\청천동과외\index.html,high,true,정상
region,인천광역시,서구,,,서구,C:\Users\user\Documents\GitHub\studynavi\인천과외\서구과외\index.html,high,true,정상
region,인천광역시,서구,검암동,,검암동,C:\Users\user\Documents\GitHub\studynavi\인천과외\서구과외\검암동과외\index.html,high,true,정상
region,인천광역시,서구,공촌동,,공촌동,C:\Users\user\Documents\GitHub\studynavi\인천과외\서구과외\공촌동과외\index.html,high,true,정상
region,인천광역시,서구,당하동,,당하동,C:\Users\user\Documents\GitHub\studynavi\인천과외\서구과외\당하동과외\index.html,high,true,정상
region,인천광역시,서구,마전동,,마전동,C:\Users\user\Documents\GitHub\studynavi\인천과외\서구과외\마전동과외\index.html,high,true,정상
region,인천광역시,서구,서구수학,,서구수학,C:\Users\user\Documents\GitHub\studynavi\인천과외\서구과외\서구수학과외\index.html,high,true,정상
region,인천광역시,서구,서구영어,,서구영어,C:\Users\user\Documents\GitHub\studynavi\인천과외\서구과외\서구영어과외\index.html,high,true,정상
region,인천광역시,서구,가정동,,가정동,C:\Users\user\Documents\GitHub\studynavi\인천과외\서구과외\인천가정동과외\index.html,high,true,정상
region,인천광역시,서구,가좌동,,가좌동,C:\Users\user\Documents\GitHub\studynavi\인천과외\서구과외\인천가좌동과외\index.html,high,true,정상
region,인천광역시,서구,백석동,,백석동,C:\Users\user\Documents\GitHub\studynavi\인천과외\서구과외\인천백석동과외\index.html,high,true,정상
region,인천광역시,서구,불로동,,불로동,C:\Users\user\Documents\GitHub\studynavi\인천과외\서구과외\인천불로동과외\index.html,high,true,정상
region,인천광역시,서구,석남동,,석남동,C:\Users\user\Documents\GitHub\studynavi\인천과외\서구과외\인천석남동과외\index.html,high,true,정상
region,인천광역시,서구,신현동,,신현동,C:\Users\user\Documents\GitHub\studynavi\인천과외\서구과외\인천신현동과외\index.html,high,true,정상
region,인천광역시,서구,연희동,,연희동,C:\Users\user\Documents\GitHub\studynavi\인천과외\서구과외\인천연희동과외\index.html,high,true,정상
region,인천광역시,서구,원당동,,원당동,C:\Users\user\Documents\GitHub\studynavi\인천과외\서구과외\인천원당동과외\index.html,high,true,정상
region,인천광역시,서구,청라동,,청라동,C:\Users\user\Documents\GitHub\studynavi\인천과외\서구과외\청라동과외\index.html,high,true,정상
region,인천광역시,연수구,,,연수구,C:\Users\user\Documents\GitHub\studynavi\인천과외\연수구과외\index.html,high,true,정상
region,인천광역시,연수구,동춘동,,동춘동,C:\Users\user\Documents\GitHub\studynavi\인천과외\연수구과외\동춘동과외\index.html,high,true,정상
region,인천광역시,연수구,선학동,,선학동,C:\Users\user\Documents\GitHub\studynavi\인천과외\연수구과외\선학동과외\index.html,high,true,정상
region,인천광역시,연수구,연수구수학,,연수구수학,C:\Users\user\Documents\GitHub\studynavi\인천과외\연수구과외\연수구수학과외\index.html,high,true,정상
region,인천광역시,연수구,연수구영어,,연수구영어,C:\Users\user\Documents\GitHub\studynavi\인천과외\연수구과외\연수구영어과외\index.html,high,true,정상
region,인천광역시,연수구,연수동,,연수동,C:\Users\user\Documents\GitHub\studynavi\인천과외\연수구과외\연수동과외\index.html,high,true,정상
region,인천광역시,연수구,옥련동,,옥련동,C:\Users\user\Documents\GitHub\studynavi\인천과외\연수구과외\옥련동과외\index.html,high,true,정상
region,인천광역시,연수구,송도동,,송도동,C:\Users\user\Documents\GitHub\studynavi\인천과외\연수구과외\인천송도동과외\index.html,high,true,정상
region,인천광역시,연수구,청학동,,청학동,C:\Users\user\Documents\GitHub\studynavi\인천과외\연수구과외\인천청학동과외\index.html,high,true,정상
region,인천광역시,옹진군,,,옹진군,C:\Users\user\Documents\GitHub\studynavi\인천과외\옹진군과외\index.html,high,true,정상
region,인천광역시,옹진군,옹진군수학,,옹진군수학,C:\Users\user\Documents\GitHub\studynavi\인천과외\옹진군과외\옹진군수학과외\index.html,high,true,정상
region,인천광역시,옹진군,옹진군영어,,옹진군영어,C:\Users\user\Documents\GitHub\studynavi\인천과외\옹진군과외\옹진군영어과외\index.html,high,true,정상
region,인천광역시,옹진군,내동,,내동,C:\Users\user\Documents\GitHub\studynavi\인천과외\옹진군과외\인천내동과외\index.html,high,true,정상
region,인천광역시,인천고등,,,인천고등,C:\Users\user\Documents\GitHub\studynavi\인천과외\인천고등과외\index.html,high,true,정상
region,인천광역시,인천수학,,,인천수학,C:\Users\user\Documents\GitHub\studynavi\인천과외\인천수학과외\index.html,high,true,정상
region,인천광역시,인천수학,인천고등수학,,인천고등수학,C:\Users\user\Documents\GitHub\studynavi\인천과외\인천수학과외\인천고등수학과외\index.html,high,true,정상
region,인천광역시,인천수학,인천중등수학,,인천중등수학,C:\Users\user\Documents\GitHub\studynavi\인천과외\인천수학과외\인천중등수학과외\index.html,high,true,정상
region,인천광역시,인천수학,인천초등수학,,인천초등수학,C:\Users\user\Documents\GitHub\studynavi\인천과외\인천수학과외\인천초등수학과외\index.html,high,true,정상
region,인천광역시,인천영어,,,인천영어,C:\Users\user\Documents\GitHub\studynavi\인천과외\인천영어과외\index.html,high,true,정상
region,인천광역시,인천영어,인천고등영어,,인천고등영어,C:\Users\user\Documents\GitHub\studynavi\인천과외\인천영어과외\인천고등영어과외\index.html,high,true,정상
region,인천광역시,인천영어,인천중등영어,,인천중등영어,C:\Users\user\Documents\GitHub\studynavi\인천과외\인천영어과외\인천중등영어과외\index.html,high,true,정상
region,인천광역시,인천영어,인천초등영어,,인천초등영어,C:\Users\user\Documents\GitHub\studynavi\인천과외\인천영어과외\인천초등영어과외\index.html,high,true,정상
region,인천광역시,인천중등,,,인천중등,C:\Users\user\Documents\GitHub\studynavi\인천과외\인천중등과외\index.html,high,true,정상
region,인천광역시,인천초등,,,인천초등,C:\Users\user\Documents\GitHub\studynavi\인천과외\인천초등과외\index.html,high,true,정상
region,인천광역시,중구,,,중구,C:\Users\user\Documents\GitHub\studynavi\인천과외\중구과외\index.html,high,true,정상
region,인천광역시,중구,남북동,,남북동,C:\Users\user\Documents\GitHub\studynavi\인천과외\중구과외\남북동과외\index.html,high,true,정상
region,인천광역시,중구,북성동,,북성동,C:\Users\user\Documents\GitHub\studynavi\인천과외\중구과외\북성동과외\index.html,high,true,정상
region,인천광역시,중구,송학동,,송학동,C:\Users\user\Documents\GitHub\studynavi\인천과외\중구과외\송학동과외\index.html,high,true,정상
region,인천광역시,중구,운서동,,운서동,C:\Users\user\Documents\GitHub\studynavi\인천과외\중구과외\운서동과외\index.html,high,true,정상
region,인천광역시,중구,도원동,,도원동,C:\Users\user\Documents\GitHub\studynavi\인천과외\중구과외\인천도원동과외\index.html,high,true,정상
region,인천광역시,중구,신흥동,,신흥동,C:\Users\user\Documents\GitHub\studynavi\인천과외\중구과외\인천신흥동과외\index.html,high,true,정상
region,인천광역시,중구,운남동,,운남동,C:\Users\user\Documents\GitHub\studynavi\인천과외\중구과외\인천운남동과외\index.html,high,true,정상
region,인천광역시,중구,중산동,,중산동,C:\Users\user\Documents\GitHub\studynavi\인천과외\중구과외\인천중산동과외\index.html,high,true,정상
region,인천광역시,중구,전동,,전동,C:\Users\user\Documents\GitHub\studynavi\인천과외\중구과외\전동과외\index.html,high,true,정상
region,인천광역시,중구,중구수학,,중구수학,C:\Users\user\Documents\GitHub\studynavi\인천과외\중구과외\중구수학과외\index.html,high,true,정상
region,인천광역시,중구,중구영어,,중구영어,C:\Users\user\Documents\GitHub\studynavi\인천과외\중구과외\중구영어과외\index.html,high,true,정상
region,전라남도,,,,전라남도,C:\Users\user\Documents\GitHub\studynavi\전남과외\index.html,high,true,정상
region,전라남도,강진군,,,강진군,C:\Users\user\Documents\GitHub\studynavi\전남과외\강진군과외\index.html,high,true,정상
region,전라남도,강진군,강진군수학,,강진군수학,C:\Users\user\Documents\GitHub\studynavi\전남과외\강진군과외\강진군수학과외\index.html,high,true,정상
region,전라남도,강진군,강진군영어,,강진군영어,C:\Users\user\Documents\GitHub\studynavi\전남과외\강진군과외\강진군영어과외\index.html,high,true,정상
region,전라남도,강진군,군동,,군동,C:\Users\user\Documents\GitHub\studynavi\전남과외\강진군과외\군동과외\index.html,high,true,정상
region,전라남도,고흥군,,,고흥군,C:\Users\user\Documents\GitHub\studynavi\전남과외\고흥군과외\index.html,high,true,정상
region,전라남도,고흥군,고흥군수학,,고흥군수학,C:\Users\user\Documents\GitHub\studynavi\전남과외\고흥군과외\고흥군수학과외\index.html,high,true,정상
region,전라남도,고흥군,고흥군영어,,고흥군영어,C:\Users\user\Documents\GitHub\studynavi\전남과외\고흥군과외\고흥군영어과외\index.html,high,true,정상
region,전라남도,고흥군,녹동,,녹동,C:\Users\user\Documents\GitHub\studynavi\전남과외\고흥군과외\녹동과외\index.html,high,true,정상
region,전라남도,곡성군,,,곡성군,C:\Users\user\Documents\GitHub\studynavi\전남과외\곡성군과외\index.html,high,true,정상
region,전라남도,곡성군,곡성군수학,,곡성군수학,C:\Users\user\Documents\GitHub\studynavi\전남과외\곡성군과외\곡성군수학과외\index.html,high,true,정상
region,전라남도,곡성군,곡성군영어,,곡성군영어,C:\Users\user\Documents\GitHub\studynavi\전남과외\곡성군과외\곡성군영어과외\index.html,high,true,정상
region,전라남도,곡성군,목사동,,목사동,C:\Users\user\Documents\GitHub\studynavi\전남과외\곡성군과외\목사동과외\index.html,high,true,정상
region,전라남도,광양시,,,광양시,C:\Users\user\Documents\GitHub\studynavi\전남과외\광양시과외\index.html,high,true,정상
region,전라남도,광양시,광양시수학,,광양시수학,C:\Users\user\Documents\GitHub\studynavi\전남과외\광양시과외\광양시수학과외\index.html,high,true,정상
region,전라남도,광양시,광양시영어,,광양시영어,C:\Users\user\Documents\GitHub\studynavi\전남과외\광양시과외\광양시영어과외\index.html,high,true,정상
region,전라남도,광양시,광영동,,광영동,C:\Users\user\Documents\GitHub\studynavi\전남과외\광양시과외\광영동과외\index.html,high,true,정상
region,전라남도,광양시,마동,,마동,C:\Users\user\Documents\GitHub\studynavi\전남과외\광양시과외\마동과외\index.html,high,true,정상
region,전라남도,광양시,금호동,,금호동,C:\Users\user\Documents\GitHub\studynavi\전남과외\광양시과외\전남금호동과외\index.html,high,true,정상
region,전라남도,광양시,성황동,,성황동,C:\Users\user\Documents\GitHub\studynavi\전남과외\광양시과외\전남성황동과외\index.html,high,true,정상
region,전라남도,광양시,중동,,중동,C:\Users\user\Documents\GitHub\studynavi\전남과외\광양시과외\전남중동과외\index.html,high,true,정상
region,전라남도,구례군,,,구례군,C:\Users\user\Documents\GitHub\studynavi\전남과외\구례군과외\index.html,high,true,정상
region,전라남도,구례군,구례군수학,,구례군수학,C:\Users\user\Documents\GitHub\studynavi\전남과외\구례군과외\구례군수학과외\index.html,high,true,정상
region,전라남도,구례군,구례군영어,,구례군영어,C:\Users\user\Documents\GitHub\studynavi\전남과외\구례군과외\구례군영어과외\index.html,high,true,정상
region,전라남도,구례군,구례동,,구례동,C:\Users\user\Documents\GitHub\studynavi\전남과외\구례군과외\구례동과외\index.html,high,true,정상
region,전라남도,구례군,산동,,산동,C:\Users\user\Documents\GitHub\studynavi\전남과외\구례군과외\전남산동과외\index.html,high,true,정상
region,전라남도,나주시,,,나주시,C:\Users\user\Documents\GitHub\studynavi\전남과외\나주시과외\index.html,high,true,정상
region,전라남도,나주시,경현동,,경현동,C:\Users\user\Documents\GitHub\studynavi\전남과외\나주시과외\경현동과외\index.html,high,true,정상
region,전라남도,나주시,나주시교동,,나주시교동,C:\Users\user\Documents\GitHub\studynavi\전남과외\나주시과외\나주시교동과외\index.html,high,true,정상
region,전라남도,나주시,나주시수학,,나주시수학,C:\Users\user\Documents\GitHub\studynavi\전남과외\나주시과외\나주시수학과외\index.html,high,true,정상
region,전라남도,나주시,나주시영어,,나주시영어,C:\Users\user\Documents\GitHub\studynavi\전남과외\나주시과외\나주시영어과외\index.html,high,true,정상
region,전라남도,나주시,대호동,,대호동,C:\Users\user\Documents\GitHub\studynavi\전남과외\나주시과외\대호동과외\index.html,high,true,정상
region,전라남도,나주시,빛가람동,,빛가람동,C:\Users\user\Documents\GitHub\studynavi\전남과외\나주시과외\빛가람동과외\index.html,high,true,정상
region,전라남도,나주시,삼영동,,삼영동,C:\Users\user\Documents\GitHub\studynavi\전남과외\나주시과외\삼영동과외\index.html,high,true,정상
region,전라남도,나주시,영산동,,영산동,C:\Users\user\Documents\GitHub\studynavi\전남과외\나주시과외\영산동과외\index.html,high,true,정상
region,전라남도,나주시,이창동,,이창동,C:\Users\user\Documents\GitHub\studynavi\전남과외\나주시과외\이창동과외\index.html,high,true,정상
region,전라남도,나주시,인동,,인동,C:\Users\user\Documents\GitHub\studynavi\전남과외\나주시과외\인동과외\index.html,high,true,정상
region,전라남도,나주시,용산동,,용산동,C:\Users\user\Documents\GitHub\studynavi\전남과외\나주시과외\전남용산동과외\index.html,high,true,정상
region,전라남도,나주시,죽림동,,죽림동,C:\Users\user\Documents\GitHub\studynavi\전남과외\나주시과외\죽림동과외\index.html,high,true,정상
region,전라남도,담양군,,,담양군,C:\Users\user\Documents\GitHub\studynavi\전남과외\담양군과외\index.html,high,true,정상
region,전라남도,담양군,담양군수학,,담양군수학,C:\Users\user\Documents\GitHub\studynavi\전남과외\담양군과외\담양군수학과외\index.html,high,true,정상
region,전라남도,담양군,담양군영어,,담양군영어,C:\Users\user\Documents\GitHub\studynavi\전남과외\담양군과외\담양군영어과외\index.html,high,true,정상
region,전라남도,담양군,한수동,,한수동,C:\Users\user\Documents\GitHub\studynavi\전남과외\담양군과외\한수동과외\index.html,high,true,정상
region,전라남도,목포시,,,목포시,C:\Users\user\Documents\GitHub\studynavi\전남과외\목포시과외\index.html,high,true,정상
region,전라남도,목포시,경동,,경동,C:\Users\user\Documents\GitHub\studynavi\전남과외\목포시과외\경동과외\index.html,high,true,정상
region,전라남도,목포시,대양동,,대양동,C:\Users\user\Documents\GitHub\studynavi\전남과외\목포시과외\대양동과외\index.html,high,true,정상
region,전라남도,목포시,목포시수학,,목포시수학,C:\Users\user\Documents\GitHub\studynavi\전남과외\목포시과외\목포시수학과외\index.html,high,true,정상
region,전라남도,목포시,목포시영어,,목포시영어,C:\Users\user\Documents\GitHub\studynavi\전남과외\목포시과외\목포시영어과외\index.html,high,true,정상
region,전라남도,목포시,목포시용당동,,목포시용당동,C:\Users\user\Documents\GitHub\studynavi\전남과외\목포시과외\목포시용당동과외\index.html,high,true,정상
region,전라남도,목포시,옥암동,,옥암동,C:\Users\user\Documents\GitHub\studynavi\전남과외\목포시과외\옥암동과외\index.html,high,true,정상
region,전라남도,목포시,용해동,,용해동,C:\Users\user\Documents\GitHub\studynavi\전남과외\목포시과외\용해동과외\index.html,high,true,정상
region,전라남도,목포시,대성동,,대성동,C:\Users\user\Documents\GitHub\studynavi\전남과외\목포시과외\전남대성동과외\index.html,high,true,정상
region,전라남도,목포시,산정동,,산정동,C:\Users\user\Documents\GitHub\studynavi\전남과외\목포시과외\전남산정동과외\index.html,high,true,정상
region,전라남도,목포시,상동,,상동,C:\Users\user\Documents\GitHub\studynavi\전남과외\목포시과외\전남상동과외\index.html,high,true,정상
region,전라남도,목포시,양동,,양동,C:\Users\user\Documents\GitHub\studynavi\전남과외\목포시과외\전남양동과외\index.html,high,true,정상
region,전라남도,목포시,연산동,,연산동,C:\Users\user\Documents\GitHub\studynavi\전남과외\목포시과외\전남연산동과외\index.html,high,true,정상
region,전라남도,목포시,죽교동,,죽교동,C:\Users\user\Documents\GitHub\studynavi\전남과외\목포시과외\죽교동과외\index.html,high,true,정상
region,전라남도,무안군,,,무안군,C:\Users\user\Documents\GitHub\studynavi\전남과외\무안군과외\index.html,high,true,정상
region,전라남도,무안군,무안군수학,,무안군수학,C:\Users\user\Documents\GitHub\studynavi\전남과외\무안군과외\무안군수학과외\index.html,high,true,정상
region,전라남도,무안군,무안군영어,,무안군영어,C:\Users\user\Documents\GitHub\studynavi\전남과외\무안군과외\무안군영어과외\index.html,high,true,정상
region,전라남도,무안군,죽사동,,죽사동,C:\Users\user\Documents\GitHub\studynavi\전남과외\무안군과외\죽사동과외\index.html,high,true,정상
region,전라남도,무안군,호동,,호동,C:\Users\user\Documents\GitHub\studynavi\전남과외\무안군과외\호동과외\index.html,high,true,정상
region,전라남도,보성군,,,보성군,C:\Users\user\Documents\GitHub\studynavi\전남과외\보성군과외\index.html,high,true,정상
region,전라남도,보성군,보성군수학,,보성군수학,C:\Users\user\Documents\GitHub\studynavi\전남과외\보성군과외\보성군수학과외\index.html,high,true,정상
region,전라남도,보성군,보성군영어,,보성군영어,C:\Users\user\Documents\GitHub\studynavi\전남과외\보성군과외\보성군영어과외\index.html,high,true,정상
region,전라남도,보성군,채동,,채동,C:\Users\user\Documents\GitHub\studynavi\전남과외\보성군과외\채동과외\index.html,high,true,정상
region,전라남도,순천시,,,순천시,C:\Users\user\Documents\GitHub\studynavi\전남과외\순천시과외\index.html,high,true,정상
region,전라남도,순천시,대룡동,,대룡동,C:\Users\user\Documents\GitHub\studynavi\전남과외\순천시과외\대룡동과외\index.html,high,true,정상
region,전라남도,순천시,덕월동,,덕월동,C:\Users\user\Documents\GitHub\studynavi\전남과외\순천시과외\덕월동과외\index.html,high,true,정상
region,전라남도,순천시,생목동,,생목동,C:\Users\user\Documents\GitHub\studynavi\전남과외\순천시과외\생목동과외\index.html,high,true,정상
region,전라남도,순천시,석현동,,석현동,C:\Users\user\Documents\GitHub\studynavi\전남과외\순천시과외\석현동과외\index.html,high,true,정상
region,전라남도,순천시,순천시수학,,순천시수학,C:\Users\user\Documents\GitHub\studynavi\전남과외\순천시과외\순천시수학과외\index.html,high,true,정상
region,전라남도,순천시,순천시영어,,순천시영어,C:\Users\user\Documents\GitHub\studynavi\전남과외\순천시과외\순천시영어과외\index.html,high,true,정상
region,전라남도,순천시,순천시용당동,,순천시용당동,C:\Users\user\Documents\GitHub\studynavi\전남과외\순천시과외\순천시용당동과외\index.html,high,true,정상
region,전라남도,순천시,연향동,,연향동,C:\Users\user\Documents\GitHub\studynavi\전남과외\순천시과외\연향동과외\index.html,high,true,정상
region,전라남도,순천시,왕지동,,왕지동,C:\Users\user\Documents\GitHub\studynavi\전남과외\순천시과외\왕지동과외\index.html,high,true,정상
region,전라남도,순천시,이읍원동,,이읍원동,C:\Users\user\Documents\GitHub\studynavi\전남과외\순천시과외\이읍원동과외\index.html,high,true,정상
region,전라남도,순천시,인제동,,인제동,C:\Users\user\Documents\GitHub\studynavi\전남과외\순천시과외\인제동과외\index.html,high,true,정상
region,전라남도,순천시,저전동,,저전동,C:\Users\user\Documents\GitHub\studynavi\전남과외\순천시과외\저전동과외\index.html,high,true,정상
region,전라남도,순천시,가곡동,,가곡동,C:\Users\user\Documents\GitHub\studynavi\전남과외\순천시과외\전남가곡동과외\index.html,high,true,정상
region,전라남도,순천시,매곡동,,매곡동,C:\Users\user\Documents\GitHub\studynavi\전남과외\순천시과외\전남매곡동과외\index.html,high,true,정상
region,전라남도,순천시,조례동,,조례동,C:\Users\user\Documents\GitHub\studynavi\전남과외\순천시과외\조례동과외\index.html,high,true,정상
region,전라남도,순천시,풍덕동,,풍덕동,C:\Users\user\Documents\GitHub\studynavi\전남과외\순천시과외\풍덕동과외\index.html,high,true,정상
region,전라남도,신안군,,,신안군,C:\Users\user\Documents\GitHub\studynavi\전남과외\신안군과외\index.html,high,true,정상
region,전라남도,신안군,신안군수학,,신안군수학,C:\Users\user\Documents\GitHub\studynavi\전남과외\신안군과외\신안군수학과외\index.html,high,true,정상
region,전라남도,신안군,신안군영어,,신안군영어,C:\Users\user\Documents\GitHub\studynavi\전남과외\신안군과외\신안군영어과외\index.html,high,true,정상
region,전라남도,신안군,증동,,증동,C:\Users\user\Documents\GitHub\studynavi\전남과외\신안군과외\증동과외\index.html,high,true,정상
region,전라남도,여수시,,,여수시,C:\Users\user\Documents\GitHub\studynavi\전남과외\여수시과외\index.html,high,true,정상
region,전라남도,여수시,공화동,,공화동,C:\Users\user\Documents\GitHub\studynavi\전남과외\여수시과외\공화동과외\index.html,high,true,정상
region,전라남도,여수시,관문동,,관문동,C:\Users\user\Documents\GitHub\studynavi\전남과외\여수시과외\관문동과외\index.html,high,true,정상
region,전라남도,여수시,국동,,국동,C:\Users\user\Documents\GitHub\studynavi\전남과외\여수시과외\국동과외\index.html,high,true,정상
region,전라남도,여수시,군자동,,군자동,C:\Users\user\Documents\GitHub\studynavi\전남과외\여수시과외\군자동과외\index.html,high,true,정상
region,전라남도,여수시,덕충동,,덕충동,C:\Users\user\Documents\GitHub\studynavi\전남과외\여수시과외\덕충동과외\index.html,high,true,정상
region,전라남도,여수시,문수동,,문수동,C:\Users\user\Documents\GitHub\studynavi\전남과외\여수시과외\문수동과외\index.html,high,true,정상
region,전라남도,여수시,봉강동,,봉강동,C:\Users\user\Documents\GitHub\studynavi\전남과외\여수시과외\봉강동과외\index.html,high,true,정상
region,전라남도,여수시,봉계동,,봉계동,C:\Users\user\Documents\GitHub\studynavi\전남과외\여수시과외\봉계동과외\index.html,high,true,정상
region,전라남도,여수시,선원동,,선원동,C:\Users\user\Documents\GitHub\studynavi\전남과외\여수시과외\선원동과외\index.html,high,true,정상
region,전라남도,여수시,안산동,,안산동,C:\Users\user\Documents\GitHub\studynavi\전남과외\여수시과외\안산동과외\index.html,high,true,정상
region,전라남도,여수시,여서동,,여서동,C:\Users\user\Documents\GitHub\studynavi\전남과외\여수시과외\여서동과외\index.html,high,true,정상
region,전라남도,여수시,여수시수학,,여수시수학,C:\Users\user\Documents\GitHub\studynavi\전남과외\여수시과외\여수시수학과외\index.html,high,true,정상
region,전라남도,여수시,여수시영어,,여수시영어,C:\Users\user\Documents\GitHub\studynavi\전남과외\여수시과외\여수시영어과외\index.html,high,true,정상
region,전라남도,여수시,웅천동,,웅천동,C:\Users\user\Documents\GitHub\studynavi\전남과외\여수시과외\웅천동과외\index.html,high,true,정상
region,전라남도,여수시,미평동,,미평동,C:\Users\user\Documents\GitHub\studynavi\전남과외\여수시과외\전남미평동과외\index.html,high,true,정상
region,전라남도,여수시,수정동,,수정동,C:\Users\user\Documents\GitHub\studynavi\전남과외\여수시과외\전남수정동과외\index.html,high,true,정상
region,전라남도,여수시,화동,,화동,C:\Users\user\Documents\GitHub\studynavi\전남과외\여수시과외\전남화동과외\index.html,high,true,정상
region,전라남도,여수시,화장동,,화장동,C:\Users\user\Documents\GitHub\studynavi\전남과외\여수시과외\화장동과외\index.html,high,true,정상
region,전라남도,영암군,,,영암군,C:\Users\user\Documents\GitHub\studynavi\전남과외\영암군과외\index.html,high,true,정상
region,전라남도,영암군,영암군수학,,영암군수학,C:\Users\user\Documents\GitHub\studynavi\전남과외\영암군과외\영암군수학과외\index.html,high,true,정상
region,전라남도,영암군,영암군영어,,영암군영어,C:\Users\user\Documents\GitHub\studynavi\전남과외\영암군과외\영암군영어과외\index.html,high,true,정상
region,전라남도,영암군,황금동,,황금동,C:\Users\user\Documents\GitHub\studynavi\전남과외\영암군과외\전남황금동과외\index.html,high,true,정상
region,전라남도,완도군,,,완도군,C:\Users\user\Documents\GitHub\studynavi\전남과외\완도군과외\index.html,high,true,정상
region,전라남도,완도군,완도군수학,,완도군수학,C:\Users\user\Documents\GitHub\studynavi\전남과외\완도군과외\완도군수학과외\index.html,high,true,정상
region,전라남도,완도군,완도군영어,,완도군영어,C:\Users\user\Documents\GitHub\studynavi\전남과외\완도군과외\완도군영어과외\index.html,high,true,정상
region,전라남도,완도군,원동,,원동,C:\Users\user\Documents\GitHub\studynavi\전남과외\완도군과외\전남원동과외\index.html,high,true,정상
region,전라남도,장성군,,,장성군,C:\Users\user\Documents\GitHub\studynavi\전남과외\장성군과외\index.html,high,true,정상
region,전라남도,장성군,장성군수학,,장성군수학,C:\Users\user\Documents\GitHub\studynavi\전남과외\장성군과외\장성군수학과외\index.html,high,true,정상
region,전라남도,장성군,장성군영어,,장성군영어,C:\Users\user\Documents\GitHub\studynavi\전남과외\장성군과외\장성군영어과외\index.html,high,true,정상
region,전라남도,장성군,홍길동,,홍길동,C:\Users\user\Documents\GitHub\studynavi\전남과외\장성군과외\홍길동과외\index.html,high,true,정상
region,전라남도,전남고등,,,전남고등,C:\Users\user\Documents\GitHub\studynavi\전남과외\전남고등과외\index.html,high,true,정상
region,전라남도,전남수학,,,전남수학,C:\Users\user\Documents\GitHub\studynavi\전남과외\전남수학과외\index.html,high,true,정상
region,전라남도,전남수학,전남고등수학,,전남고등수학,C:\Users\user\Documents\GitHub\studynavi\전남과외\전남수학과외\전남고등수학과외\index.html,high,true,정상
region,전라남도,전남수학,전남중등수학,,전남중등수학,C:\Users\user\Documents\GitHub\studynavi\전남과외\전남수학과외\전남중등수학과외\index.html,high,true,정상
region,전라남도,전남수학,전남초등수학,,전남초등수학,C:\Users\user\Documents\GitHub\studynavi\전남과외\전남수학과외\전남초등수학과외\index.html,high,true,정상
region,전라남도,전남영어,,,전남영어,C:\Users\user\Documents\GitHub\studynavi\전남과외\전남영어과외\index.html,high,true,정상
region,전라남도,전남영어,전남고등영어,,전남고등영어,C:\Users\user\Documents\GitHub\studynavi\전남과외\전남영어과외\전남고등영어과외\index.html,high,true,정상
region,전라남도,전남영어,전남중등영어,,전남중등영어,C:\Users\user\Documents\GitHub\studynavi\전남과외\전남영어과외\전남중등영어과외\index.html,high,true,정상
region,전라남도,전남영어,전남초등영어,,전남초등영어,C:\Users\user\Documents\GitHub\studynavi\전남과외\전남영어과외\전남초등영어과외\index.html,high,true,정상
region,전라남도,전남중등,,,전남중등,C:\Users\user\Documents\GitHub\studynavi\전남과외\전남중등과외\index.html,high,true,정상
region,전라남도,전남초등,,,전남초등,C:\Users\user\Documents\GitHub\studynavi\전남과외\전남초등과외\index.html,high,true,정상
region,전라남도,진도군,,,진도군,C:\Users\user\Documents\GitHub\studynavi\전남과외\진도군과외\index.html,high,true,정상
region,전라남도,진도군,진도군교동,,진도군교동,C:\Users\user\Documents\GitHub\studynavi\전남과외\진도군과외\진도군교동과외\index.html,high,true,정상
region,전라남도,진도군,진도군수학,,진도군수학,C:\Users\user\Documents\GitHub\studynavi\전남과외\진도군과외\진도군수학과외\index.html,high,true,정상
region,전라남도,진도군,진도군영어,,진도군영어,C:\Users\user\Documents\GitHub\studynavi\전남과외\진도군과외\진도군영어과외\index.html,high,true,정상
region,전라남도,해남군,,,해남군,C:\Users\user\Documents\GitHub\studynavi\전남과외\해남군과외\index.html,high,true,정상
region,전라남도,해남군,탑동,,탑동,C:\Users\user\Documents\GitHub\studynavi\전남과외\해남군과외\전남탑동과외\index.html,high,true,정상
region,전라남도,해남군,해남군수학,,해남군수학,C:\Users\user\Documents\GitHub\studynavi\전남과외\해남군과외\해남군수학과외\index.html,high,true,정상
region,전라남도,해남군,해남군영어,,해남군영어,C:\Users\user\Documents\GitHub\studynavi\전남과외\해남군과외\해남군영어과외\index.html,high,true,정상
region,전라남도,화순군,,,화순군,C:\Users\user\Documents\GitHub\studynavi\전남과외\화순군과외\index.html,high,true,정상
region,전라남도,화순군,권동,,권동,C:\Users\user\Documents\GitHub\studynavi\전남과외\화순군과외\권동과외\index.html,high,true,정상
region,전라남도,화순군,화순군수학,,화순군수학,C:\Users\user\Documents\GitHub\studynavi\전남과외\화순군과외\화순군수학과외\index.html,high,true,정상
region,전라남도,화순군,화순군영어,,화순군영어,C:\Users\user\Documents\GitHub\studynavi\전남과외\화순군과외\화순군영어과외\index.html,high,true,정상
region,전라남도,화순군,화순동,,화순동,C:\Users\user\Documents\GitHub\studynavi\전남과외\화순군과외\화순동과외\index.html,high,true,정상
region,전북특별자치도,,,,전북특별자치도,C:\Users\user\Documents\GitHub\studynavi\전북과외\index.html,high,true,정상
region,전북특별자치도,고창군,,,고창군,C:\Users\user\Documents\GitHub\studynavi\전북과외\고창군과외\index.html,high,true,정상
region,전북특별자치도,고창군,고창군수학,,고창군수학,C:\Users\user\Documents\GitHub\studynavi\전북과외\고창군과외\고창군수학과외\index.html,high,true,정상
region,전북특별자치도,고창군,고창군영어,,고창군영어,C:\Users\user\Documents\GitHub\studynavi\전북과외\고창군과외\고창군영어과외\index.html,high,true,정상
region,전북특별자치도,고창군,목동,,목동,C:\Users\user\Documents\GitHub\studynavi\전북과외\고창군과외\전북목동과외\index.html,high,true,정상
region,전북특별자치도,군산시,,,군산시,C:\Users\user\Documents\GitHub\studynavi\전북과외\군산시과외\index.html,high,true,정상
region,전북특별자치도,군산시,개정동,,개정동,C:\Users\user\Documents\GitHub\studynavi\전북과외\군산시과외\개정동과외\index.html,high,true,정상
region,전북특별자치도,군산시,군산동,,군산동,C:\Users\user\Documents\GitHub\studynavi\전북과외\군산시과외\군산동과외\index.html,high,true,정상
region,전북특별자치도,군산시,군산시수학,,군산시수학,C:\Users\user\Documents\GitHub\studynavi\전북과외\군산시과외\군산시수학과외\index.html,high,true,정상
region,전북특별자치도,군산시,군산시영어,,군산시영어,C:\Users\user\Documents\GitHub\studynavi\전북과외\군산시과외\군산시영어과외\index.html,high,true,정상
region,전북특별자치도,군산시,동흥남동,,동흥남동,C:\Users\user\Documents\GitHub\studynavi\전북과외\군산시과외\동흥남동과외\index.html,high,true,정상
region,전북특별자치도,군산시,둔율동,,둔율동,C:\Users\user\Documents\GitHub\studynavi\전북과외\군산시과외\둔율동과외\index.html,high,true,정상
region,전북특별자치도,군산시,등동,,등동,C:\Users\user\Documents\GitHub\studynavi\전북과외\군산시과외\등동과외\index.html,high,true,정상
region,전북특별자치도,군산시,서흥남동,,서흥남동,C:\Users\user\Documents\GitHub\studynavi\전북과외\군산시과외\서흥남동과외\index.html,high,true,정상
region,전북특별자치도,군산시,소룡동,,소룡동,C:\Users\user\Documents\GitHub\studynavi\전북과외\군산시과외\소룡동과외\index.html,high,true,정상
region,전북특별자치도,군산시,수송동,,수송동,C:\Users\user\Documents\GitHub\studynavi\전북과외\군산시과외\수송동과외\index.html,high,true,정상
region,전북특별자치도,군산시,월명동,,월명동,C:\Users\user\Documents\GitHub\studynavi\전북과외\군산시과외\월명동과외\index.html,high,true,정상
region,전북특별자치도,군산시,문화동,,문화동,C:\Users\user\Documents\GitHub\studynavi\전북과외\군산시과외\전북문화동과외\index.html,high,true,정상
region,전북특별자치도,군산시,조촌동,,조촌동,C:\Users\user\Documents\GitHub\studynavi\전북과외\군산시과외\조촌동과외\index.html,high,true,정상
region,전북특별자치도,김제시,,,김제시,C:\Users\user\Documents\GitHub\studynavi\전북과외\김제시과외\index.html,high,true,정상
region,전북특별자치도,김제시,김제시수학,,김제시수학,C:\Users\user\Documents\GitHub\studynavi\전북과외\김제시과외\김제시수학과외\index.html,high,true,정상
region,전북특별자치도,김제시,김제시영어,,김제시영어,C:\Users\user\Documents\GitHub\studynavi\전북과외\김제시과외\김제시영어과외\index.html,high,true,정상
region,전북특별자치도,김제시,서암동,,서암동,C:\Users\user\Documents\GitHub\studynavi\전북과외\김제시과외\서암동과외\index.html,high,true,정상
region,전북특별자치도,김제시,신풍동,,신풍동,C:\Users\user\Documents\GitHub\studynavi\전북과외\김제시과외\신풍동과외\index.html,high,true,정상
region,전북특별자치도,김제시,요촌동,,요촌동,C:\Users\user\Documents\GitHub\studynavi\전북과외\김제시과외\요촌동과외\index.html,high,true,정상
region,전북특별자치도,김제시,성동,,성동,C:\Users\user\Documents\GitHub\studynavi\전북과외\김제시과외\전북성동과외\index.html,high,true,정상
region,전북특별자치도,남원시,,,남원시,C:\Users\user\Documents\GitHub\studynavi\전북과외\남원시과외\index.html,high,true,정상
region,전북특별자치도,남원시,남원시수학,,남원시수학,C:\Users\user\Documents\GitHub\studynavi\전북과외\남원시과외\남원시수학과외\index.html,high,true,정상
region,전북특별자치도,남원시,남원시영어,,남원시영어,C:\Users\user\Documents\GitHub\studynavi\전북과외\남원시과외\남원시영어과외\index.html,high,true,정상
region,전북특별자치도,남원시,도통동,,도통동,C:\Users\user\Documents\GitHub\studynavi\전북과외\남원시과외\도통동과외\index.html,high,true,정상
region,전북특별자치도,남원시,왕정동,,왕정동,C:\Users\user\Documents\GitHub\studynavi\전북과외\남원시과외\왕정동과외\index.html,high,true,정상
region,전북특별자치도,남원시,월락동,,월락동,C:\Users\user\Documents\GitHub\studynavi\전북과외\남원시과외\월락동과외\index.html,high,true,정상
region,전북특별자치도,남원시,노암동,,노암동,C:\Users\user\Documents\GitHub\studynavi\전북과외\남원시과외\전북노암동과외\index.html,high,true,정상
region,전북특별자치도,남원시,송동,,송동,C:\Users\user\Documents\GitHub\studynavi\전북과외\남원시과외\전북송동과외\index.html,high,true,정상
region,전북특별자치도,남원시,향교동,,향교동,C:\Users\user\Documents\GitHub\studynavi\전북과외\남원시과외\향교동과외\index.html,high,true,정상
region,전북특별자치도,부안군,,,부안군,C:\Users\user\Documents\GitHub\studynavi\전북과외\부안군과외\index.html,high,true,정상
region,전북특별자치도,부안군,부안군교동,,부안군교동,C:\Users\user\Documents\GitHub\studynavi\전북과외\부안군과외\부안군교동과외\index.html,high,true,정상
region,전북특별자치도,부안군,부안군수학,,부안군수학,C:\Users\user\Documents\GitHub\studynavi\전북과외\부안군과외\부안군수학과외\index.html,high,true,정상
region,전북특별자치도,부안군,부안군영어,,부안군영어,C:\Users\user\Documents\GitHub\studynavi\전북과외\부안군과외\부안군영어과외\index.html,high,true,정상
region,전북특별자치도,순창군,,,순창군,C:\Users\user\Documents\GitHub\studynavi\전북과외\순창군과외\index.html,high,true,정상
region,전북특별자치도,순창군,순창군수학,,순창군수학,C:\Users\user\Documents\GitHub\studynavi\전북과외\순창군과외\순창군수학과외\index.html,high,true,정상
region,전북특별자치도,순창군,순창군영어,,순창군영어,C:\Users\user\Documents\GitHub\studynavi\전북과외\순창군과외\순창군영어과외\index.html,high,true,정상
region,전북특별자치도,순창군,강동,,강동,C:\Users\user\Documents\GitHub\studynavi\전북과외\순창군과외\전북강동과외\index.html,high,true,정상
region,전북특별자치도,완주군,,,완주군,C:\Users\user\Documents\GitHub\studynavi\전북과외\완주군과외\index.html,high,true,정상
region,전북특별자치도,완주군,봉동,,봉동,C:\Users\user\Documents\GitHub\studynavi\전북과외\완주군과외\봉동과외\index.html,high,true,정상
region,전북특별자치도,완주군,완주군수학,,완주군수학,C:\Users\user\Documents\GitHub\studynavi\전북과외\완주군과외\완주군수학과외\index.html,high,true,정상
region,전북특별자치도,완주군,완주군영어,,완주군영어,C:\Users\user\Documents\GitHub\studynavi\전북과외\완주군과외\완주군영어과외\index.html,high,true,정상
region,전북특별자치도,익산시,,,익산시,C:\Users\user\Documents\GitHub\studynavi\전북과외\익산시과외\index.html,high,true,정상
region,전북특별자치도,익산시,남중동,,남중동,C:\Users\user\Documents\GitHub\studynavi\전북과외\익산시과외\남중동과외\index.html,high,true,정상
region,전북특별자치도,익산시,모현동,,모현동,C:\Users\user\Documents\GitHub\studynavi\전북과외\익산시과외\모현동과외\index.html,high,true,정상
region,전북특별자치도,익산시,부송동,,부송동,C:\Users\user\Documents\GitHub\studynavi\전북과외\익산시과외\부송동과외\index.html,high,true,정상
region,전북특별자치도,익산시,어양동,,어양동,C:\Users\user\Documents\GitHub\studynavi\전북과외\익산시과외\어양동과외\index.html,high,true,정상
region,전북특별자치도,익산시,영등동,,영등동,C:\Users\user\Documents\GitHub\studynavi\전북과외\익산시과외\영등동과외\index.html,high,true,정상
region,전북특별자치도,익산시,이리동,,이리동,C:\Users\user\Documents\GitHub\studynavi\전북과외\익산시과외\이리동과외\index.html,high,true,정상
region,전북특별자치도,익산시,익산시수학,,익산시수학,C:\Users\user\Documents\GitHub\studynavi\전북과외\익산시과외\익산시수학과외\index.html,high,true,정상
region,전북특별자치도,익산시,익산시영어,,익산시영어,C:\Users\user\Documents\GitHub\studynavi\전북과외\익산시과외\익산시영어과외\index.html,high,true,정상
region,전북특별자치도,익산시,익산시평화동,,익산시평화동,C:\Users\user\Documents\GitHub\studynavi\전북과외\익산시과외\익산시평화동과외\index.html,high,true,정상
region,전북특별자치도,익산시,인화동,,인화동,C:\Users\user\Documents\GitHub\studynavi\전북과외\익산시과외\인화동과외\index.html,high,true,정상
region,전북특별자치도,익산시,신동,,신동,C:\Users\user\Documents\GitHub\studynavi\전북과외\익산시과외\전북신동과외\index.html,high,true,정상
region,전북특별자치도,익산시,평동,,평동,C:\Users\user\Documents\GitHub\studynavi\전북과외\익산시과외\전북평동과외\index.html,high,true,정상
region,전북특별자치도,임실군,,,임실군,C:\Users\user\Documents\GitHub\studynavi\전북과외\임실군과외\index.html,high,true,정상
region,전북특별자치도,임실군,임실군수학,,임실군수학,C:\Users\user\Documents\GitHub\studynavi\전북과외\임실군과외\임실군수학과외\index.html,high,true,정상
region,전북특별자치도,임실군,임실군영어,,임실군영어,C:\Users\user\Documents\GitHub\studynavi\전북과외\임실군과외\임실군영어과외\index.html,high,true,정상
region,전북특별자치도,임실군,임실동,,임실동,C:\Users\user\Documents\GitHub\studynavi\전북과외\임실군과외\임실동과외\index.html,high,true,정상
region,전북특별자치도,전북고등,,,전북고등,C:\Users\user\Documents\GitHub\studynavi\전북과외\전북고등과외\index.html,high,true,정상
region,전북특별자치도,전북수학,,,전북수학,C:\Users\user\Documents\GitHub\studynavi\전북과외\전북수학과외\index.html,high,true,정상
region,전북특별자치도,전북수학,전북고등수학,,전북고등수학,C:\Users\user\Documents\GitHub\studynavi\전북과외\전북수학과외\전북고등수학과외\index.html,high,true,정상
region,전북특별자치도,전북수학,전북중등수학,,전북중등수학,C:\Users\user\Documents\GitHub\studynavi\전북과외\전북수학과외\전북중등수학과외\index.html,high,true,정상
region,전북특별자치도,전북수학,전북초등수학,,전북초등수학,C:\Users\user\Documents\GitHub\studynavi\전북과외\전북수학과외\전북초등수학과외\index.html,high,true,정상
region,전북특별자치도,전북영어,,,전북영어,C:\Users\user\Documents\GitHub\studynavi\전북과외\전북영어과외\index.html,high,true,정상
region,전북특별자치도,전북영어,전북고등영어,,전북고등영어,C:\Users\user\Documents\GitHub\studynavi\전북과외\전북영어과외\전북고등영어과외\index.html,high,true,정상
region,전북특별자치도,전북영어,전북중등영어,,전북중등영어,C:\Users\user\Documents\GitHub\studynavi\전북과외\전북영어과외\전북중등영어과외\index.html,high,true,정상
region,전북특별자치도,전북영어,전북초등영어,,전북초등영어,C:\Users\user\Documents\GitHub\studynavi\전북과외\전북영어과외\전북초등영어과외\index.html,high,true,정상
region,전북특별자치도,전북중등,,,전북중등,C:\Users\user\Documents\GitHub\studynavi\전북과외\전북중등과외\index.html,high,true,정상
region,전북특별자치도,전북초등,,,전북초등,C:\Users\user\Documents\GitHub\studynavi\전북과외\전북초등과외\index.html,high,true,정상
region,전북특별자치도,전주시,,,전주시,C:\Users\user\Documents\GitHub\studynavi\전북과외\전주시과외\index.html,high,true,정상
region,전북특별자치도,전주시,남노송동,,남노송동,C:\Users\user\Documents\GitHub\studynavi\전북과외\전주시과외\남노송동과외\index.html,high,true,정상
region,전북특별자치도,전주시,덕진동,,덕진동,C:\Users\user\Documents\GitHub\studynavi\전북과외\전주시과외\덕진동과외\index.html,high,true,정상
region,전북특별자치도,전주시,동완산동,,동완산동,C:\Users\user\Documents\GitHub\studynavi\전북과외\전주시과외\동완산동과외\index.html,high,true,정상
region,전북특별자치도,전주시,삼천동,,삼천동,C:\Users\user\Documents\GitHub\studynavi\전북과외\전주시과외\삼천동과외\index.html,high,true,정상
region,전북특별자치도,전주시,서신동,,서신동,C:\Users\user\Documents\GitHub\studynavi\전북과외\전주시과외\서신동과외\index.html,high,true,정상
region,전북특별자치도,전주시,서완산동,,서완산동,C:\Users\user\Documents\GitHub\studynavi\전북과외\전주시과외\서완산동과외\index.html,high,true,정상
region,전북특별자치도,전주시,송천동,,송천동,C:\Users\user\Documents\GitHub\studynavi\전북과외\전주시과외\송천동과외\index.html,high,true,정상
region,전북특별자치도,전주시,여의동,,여의동,C:\Users\user\Documents\GitHub\studynavi\전북과외\전주시과외\여의동과외\index.html,high,true,정상
region,전북특별자치도,전주시,인후동,,인후동,C:\Users\user\Documents\GitHub\studynavi\전북과외\전주시과외\인후동과외\index.html,high,true,정상
region,전북특별자치도,전주시,금암동,,금암동,C:\Users\user\Documents\GitHub\studynavi\전북과외\전주시과외\전북금암동과외\index.html,high,true,정상
region,전북특별자치도,전주시,장동,,장동,C:\Users\user\Documents\GitHub\studynavi\전북과외\전주시과외\전북장동과외\index.html,high,true,정상
region,전북특별자치도,전주시,중동,,중동,C:\Users\user\Documents\GitHub\studynavi\전북과외\전주시과외\전북중동과외\index.html,high,true,정상
region,전북특별자치도,전주시,효자동,,효자동,C:\Users\user\Documents\GitHub\studynavi\전북과외\전주시과외\전북효자동과외\index.html,high,true,정상
region,전북특별자치도,전주시,전주동,,전주동,C:\Users\user\Documents\GitHub\studynavi\전북과외\전주시과외\전주동과외\index.html,high,true,정상
region,전북특별자치도,전주시,전주시교동,,전주시교동,C:\Users\user\Documents\GitHub\studynavi\전북과외\전주시과외\전주시교동과외\index.html,high,true,정상
region,전북특별자치도,전주시,전주시수학,,전주시수학,C:\Users\user\Documents\GitHub\studynavi\전북과외\전주시과외\전주시수학과외\index.html,high,true,정상
region,전북특별자치도,전주시,전주시영어,,전주시영어,C:\Users\user\Documents\GitHub\studynavi\전북과외\전주시과외\전주시영어과외\index.html,high,true,정상
region,전북특별자치도,전주시,전주시평화동,,전주시평화동,C:\Users\user\Documents\GitHub\studynavi\전북과외\전주시과외\전주시평화동과외\index.html,high,true,정상
region,전북특별자치도,전주시,중노송동,,중노송동,C:\Users\user\Documents\GitHub\studynavi\전북과외\전주시과외\중노송동과외\index.html,high,true,정상
region,전북특별자치도,전주시,중화산동,,중화산동,C:\Users\user\Documents\GitHub\studynavi\전북과외\전주시과외\중화산동과외\index.html,high,true,정상
region,전북특별자치도,정읍시,,,정읍시,C:\Users\user\Documents\GitHub\studynavi\전북과외\정읍시과외\index.html,high,true,정상
region,전북특별자치도,정읍시,감곡동,,감곡동,C:\Users\user\Documents\GitHub\studynavi\전북과외\정읍시과외\감곡동과외\index.html,high,true,정상
region,전북특별자치도,정읍시,금붕동,,금붕동,C:\Users\user\Documents\GitHub\studynavi\전북과외\정읍시과외\금붕동과외\index.html,high,true,정상
region,전북특별자치도,정읍시,시기동,,시기동,C:\Users\user\Documents\GitHub\studynavi\전북과외\정읍시과외\시기동과외\index.html,high,true,정상
region,전북특별자치도,정읍시,전북동,,전북동,C:\Users\user\Documents\GitHub\studynavi\전북과외\정읍시과외\전북동과외\index.html,high,true,정상
region,전북특별자치도,정읍시,상동,,상동,C:\Users\user\Documents\GitHub\studynavi\전북과외\정읍시과외\전북상동과외\index.html,high,true,정상
region,전북특별자치도,정읍시,수성동,,수성동,C:\Users\user\Documents\GitHub\studynavi\전북과외\정읍시과외\전북수성동과외\index.html,high,true,정상
region,전북특별자치도,정읍시,정읍시수학,,정읍시수학,C:\Users\user\Documents\GitHub\studynavi\전북과외\정읍시과외\정읍시수학과외\index.html,high,true,정상
region,전북특별자치도,정읍시,정읍시영어,,정읍시영어,C:\Users\user\Documents\GitHub\studynavi\전북과외\정읍시과외\정읍시영어과외\index.html,high,true,정상
region,전북특별자치도,정읍시,흑암동,,흑암동,C:\Users\user\Documents\GitHub\studynavi\전북과외\정읍시과외\흑암동과외\index.html,high,true,정상
region,제주특별자치도,,,,제주특별자치도,C:\Users\user\Documents\GitHub\studynavi\제주과외\index.html,high,true,정상
region,제주특별자치도,서귀포시,,,서귀포시,C:\Users\user\Documents\GitHub\studynavi\제주과외\서귀포시과외\index.html,high,true,정상
region,제주특별자치도,서귀포시,강정동,,강정동,C:\Users\user\Documents\GitHub\studynavi\제주과외\서귀포시과외\강정동과외\index.html,high,true,정상
region,제주특별자치도,서귀포시,대포동,,대포동,C:\Users\user\Documents\GitHub\studynavi\제주과외\서귀포시과외\대포동과외\index.html,high,true,정상
region,제주특별자치도,서귀포시,동홍동,,동홍동,C:\Users\user\Documents\GitHub\studynavi\제주과외\서귀포시과외\동홍동과외\index.html,high,true,정상
region,제주특별자치도,서귀포시,서귀동,,서귀동,C:\Users\user\Documents\GitHub\studynavi\제주과외\서귀포시과외\서귀동과외\index.html,high,true,정상
region,제주특별자치도,서귀포시,서귀포시수학,,서귀포시수학,C:\Users\user\Documents\GitHub\studynavi\제주과외\서귀포시과외\서귀포시수학과외\index.html,high,true,정상
region,제주특별자치도,서귀포시,서귀포시영어,,서귀포시영어,C:\Users\user\Documents\GitHub\studynavi\제주과외\서귀포시과외\서귀포시영어과외\index.html,high,true,정상
region,제주특별자치도,서귀포시,서귀포시일주동,,서귀포시일주동,C:\Users\user\Documents\GitHub\studynavi\제주과외\서귀포시과외\서귀포시일주동과외\index.html,high,true,정상
region,제주특별자치도,서귀포시,서홍동,,서홍동,C:\Users\user\Documents\GitHub\studynavi\제주과외\서귀포시과외\서홍동과외\index.html,high,true,정상
region,제주특별자치도,서귀포시,토평동,,토평동,C:\Users\user\Documents\GitHub\studynavi\제주과외\서귀포시과외\제주토평동과외\index.html,high,true,정상
region,제주특별자치도,서귀포시,중문동,,중문동,C:\Users\user\Documents\GitHub\studynavi\제주과외\서귀포시과외\중문동과외\index.html,high,true,정상
region,제주특별자치도,서귀포시,하효동,,하효동,C:\Users\user\Documents\GitHub\studynavi\제주과외\서귀포시과외\하효동과외\index.html,high,true,정상
region,제주특별자치도,서귀포시,호근동,,호근동,C:\Users\user\Documents\GitHub\studynavi\제주과외\서귀포시과외\호근동과외\index.html,high,true,정상
region,제주특별자치도,제주고등,,,제주고등,C:\Users\user\Documents\GitHub\studynavi\제주과외\제주고등과외\index.html,high,true,정상
region,제주특별자치도,제주수학,,,제주수학,C:\Users\user\Documents\GitHub\studynavi\제주과외\제주수학과외\index.html,high,true,정상
region,제주특별자치도,제주수학,제주고등수학,,제주고등수학,C:\Users\user\Documents\GitHub\studynavi\제주과외\제주수학과외\제주고등수학과외\index.html,high,true,정상
region,제주특별자치도,제주수학,제주중등수학,,제주중등수학,C:\Users\user\Documents\GitHub\studynavi\제주과외\제주수학과외\제주중등수학과외\index.html,high,true,정상
region,제주특별자치도,제주수학,제주초등수학,,제주초등수학,C:\Users\user\Documents\GitHub\studynavi\제주과외\제주수학과외\제주초등수학과외\index.html,high,true,정상
region,제주특별자치도,제주시,,,제주시,C:\Users\user\Documents\GitHub\studynavi\제주과외\제주시과외\index.html,high,true,정상
region,제주특별자치도,제주시,노형동,,노형동,C:\Users\user\Documents\GitHub\studynavi\제주과외\제주시과외\노형동과외\index.html,high,true,정상
region,제주특별자치도,제주시,도련일동,,도련일동,C:\Users\user\Documents\GitHub\studynavi\제주과외\제주시과외\도련일동과외\index.html,high,true,정상
region,제주특별자치도,제주시,봉개동,,봉개동,C:\Users\user\Documents\GitHub\studynavi\제주과외\제주시과외\봉개동과외\index.html,high,true,정상
region,제주특별자치도,제주시,삼도이동,,삼도이동,C:\Users\user\Documents\GitHub\studynavi\제주과외\제주시과외\삼도이동과외\index.html,high,true,정상
region,제주특별자치도,제주시,아라이동,,아라이동,C:\Users\user\Documents\GitHub\studynavi\제주과외\제주시과외\아라이동과외\index.html,high,true,정상
region,제주특별자치도,제주시,아라일동,,아라일동,C:\Users\user\Documents\GitHub\studynavi\제주과외\제주시과외\아라일동과외\index.html,high,true,정상
region,제주특별자치도,제주시,영평동,,영평동,C:\Users\user\Documents\GitHub\studynavi\제주과외\제주시과외\영평동과외\index.html,high,true,정상
region,제주특별자치도,제주시,오라이동,,오라이동,C:\Users\user\Documents\GitHub\studynavi\제주과외\제주시과외\오라이동과외\index.html,high,true,정상
region,제주특별자치도,제주시,용담삼동,,용담삼동,C:\Users\user\Documents\GitHub\studynavi\제주과외\제주시과외\용담삼동과외\index.html,high,true,정상
region,제주특별자치도,제주시,용담일동,,용담일동,C:\Users\user\Documents\GitHub\studynavi\제주과외\제주시과외\용담일동과외\index.html,high,true,정상
region,제주특별자치도,제주시,이도이동,,이도이동,C:\Users\user\Documents\GitHub\studynavi\제주과외\제주시과외\이도이동과외\index.html,high,true,정상
region,제주특별자치도,제주시,제주시수학,,제주시수학,C:\Users\user\Documents\GitHub\studynavi\제주과외\제주시과외\제주시수학과외\index.html,high,true,정상
region,제주특별자치도,제주시,제주시영어,,제주시영어,C:\Users\user\Documents\GitHub\studynavi\제주과외\제주시과외\제주시영어과외\index.html,high,true,정상
region,제주특별자치도,제주시,시일주동,,시일주동,C:\Users\user\Documents\GitHub\studynavi\제주과외\제주시과외\제주시일주동과외\index.html,high,true,정상
region,제주특별자치도,제주시,연동,,연동,C:\Users\user\Documents\GitHub\studynavi\제주과외\제주시과외\제주연동과외\index.html,high,true,정상
region,제주특별자치도,제주시,월평동,,월평동,C:\Users\user\Documents\GitHub\studynavi\제주과외\제주시과외\제주월평동과외\index.html,high,true,정상
region,제주특별자치도,제주시,화북일동,,화북일동,C:\Users\user\Documents\GitHub\studynavi\제주과외\제주시과외\화북일동과외\index.html,high,true,정상
region,제주특별자치도,제주영어,,,제주영어,C:\Users\user\Documents\GitHub\studynavi\제주과외\제주영어과외\index.html,high,true,정상
region,제주특별자치도,제주영어,제주고등영어,,제주고등영어,C:\Users\user\Documents\GitHub\studynavi\제주과외\제주영어과외\제주고등영어과외\index.html,high,true,정상
region,제주특별자치도,제주영어,제주중등영어,,제주중등영어,C:\Users\user\Documents\GitHub\studynavi\제주과외\제주영어과외\제주중등영어과외\index.html,high,true,정상
region,제주특별자치도,제주영어,제주초등영어,,제주초등영어,C:\Users\user\Documents\GitHub\studynavi\제주과외\제주영어과외\제주초등영어과외\index.html,high,true,정상
region,제주특별자치도,제주중등,,,제주중등,C:\Users\user\Documents\GitHub\studynavi\제주과외\제주중등과외\index.html,high,true,정상
region,제주특별자치도,제주초등,,,제주초등,C:\Users\user\Documents\GitHub\studynavi\제주과외\제주초등과외\index.html,high,true,정상
region,충청남도,,,,충청남도,C:\Users\user\Documents\GitHub\studynavi\충남과외\index.html,high,true,정상
region,충청남도,계룡시,,,계룡시,C:\Users\user\Documents\GitHub\studynavi\충남과외\계룡시과외\index.html,high,true,정상
region,충청남도,계룡시,계룡시수학,,계룡시수학,C:\Users\user\Documents\GitHub\studynavi\충남과외\계룡시과외\계룡시수학과외\index.html,high,true,정상
region,충청남도,계룡시,계룡시영어,,계룡시영어,C:\Users\user\Documents\GitHub\studynavi\충남과외\계룡시과외\계룡시영어과외\index.html,high,true,정상
region,충청남도,계룡시,금암동,,금암동,C:\Users\user\Documents\GitHub\studynavi\충남과외\계룡시과외\충남금암동과외\index.html,high,true,정상
region,충청남도,공주시,,,공주시,C:\Users\user\Documents\GitHub\studynavi\충남과외\공주시과외\index.html,high,true,정상
region,충청남도,공주시,공주시수학,,공주시수학,C:\Users\user\Documents\GitHub\studynavi\충남과외\공주시과외\공주시수학과외\index.html,high,true,정상
region,충청남도,공주시,공주시영어,,공주시영어,C:\Users\user\Documents\GitHub\studynavi\충남과외\공주시과외\공주시영어과외\index.html,high,true,정상
region,충청남도,공주시,금성동,,금성동,C:\Users\user\Documents\GitHub\studynavi\충남과외\공주시과외\금성동과외\index.html,high,true,정상
region,충청남도,공주시,금학동,,금학동,C:\Users\user\Documents\GitHub\studynavi\충남과외\공주시과외\금학동과외\index.html,high,true,정상
region,충청남도,공주시,반죽동,,반죽동,C:\Users\user\Documents\GitHub\studynavi\충남과외\공주시과외\반죽동과외\index.html,high,true,정상
region,충청남도,공주시,신관동,,신관동,C:\Users\user\Documents\GitHub\studynavi\충남과외\공주시과외\신관동과외\index.html,high,true,정상
region,충청남도,공주시,웅진동,,웅진동,C:\Users\user\Documents\GitHub\studynavi\충남과외\공주시과외\웅진동과외\index.html,high,true,정상
region,충청남도,공주시,중학동,,중학동,C:\Users\user\Documents\GitHub\studynavi\충남과외\공주시과외\중학동과외\index.html,high,true,정상
region,충청남도,공주시,교동,,교동,C:\Users\user\Documents\GitHub\studynavi\충남과외\공주시과외\충남교동과외\index.html,high,true,정상
region,충청남도,공주시,중동,,중동,C:\Users\user\Documents\GitHub\studynavi\충남과외\공주시과외\충남중동과외\index.html,high,true,정상
region,충청남도,논산시,,,논산시,C:\Users\user\Documents\GitHub\studynavi\충남과외\논산시과외\index.html,high,true,정상
region,충청남도,논산시,관촉동,,관촉동,C:\Users\user\Documents\GitHub\studynavi\충남과외\논산시과외\관촉동과외\index.html,high,true,정상
region,충청남도,논산시,논산시수학,,논산시수학,C:\Users\user\Documents\GitHub\studynavi\충남과외\논산시과외\논산시수학과외\index.html,high,true,정상
region,충청남도,논산시,논산시영어,,논산시영어,C:\Users\user\Documents\GitHub\studynavi\충남과외\논산시과외\논산시영어과외\index.html,high,true,정상
region,충청남도,논산시,등화동,,등화동,C:\Users\user\Documents\GitHub\studynavi\충남과외\논산시과외\등화동과외\index.html,high,true,정상
region,충청남도,논산시,부창동,,부창동,C:\Users\user\Documents\GitHub\studynavi\충남과외\논산시과외\부창동과외\index.html,high,true,정상
region,충청남도,논산시,청동,,청동,C:\Users\user\Documents\GitHub\studynavi\충남과외\논산시과외\청동과외\index.html,high,true,정상
region,충청남도,논산시,내동,,내동,C:\Users\user\Documents\GitHub\studynavi\충남과외\논산시과외\충남내동과외\index.html,high,true,정상
region,충청남도,논산시,취암동,,취암동,C:\Users\user\Documents\GitHub\studynavi\충남과외\논산시과외\취암동과외\index.html,high,true,정상
region,충청남도,당진시,,,당진시,C:\Users\user\Documents\GitHub\studynavi\충남과외\당진시과외\index.html,high,true,정상
region,충청남도,당진시,당진시수학,,당진시수학,C:\Users\user\Documents\GitHub\studynavi\충남과외\당진시과외\당진시수학과외\index.html,high,true,정상
region,충청남도,당진시,당진시영어,,당진시영어,C:\Users\user\Documents\GitHub\studynavi\충남과외\당진시과외\당진시영어과외\index.html,high,true,정상
region,충청남도,당진시,당진시읍내동,,당진시읍내동,C:\Users\user\Documents\GitHub\studynavi\충남과외\당진시과외\당진시읍내동과외\index.html,high,true,정상
region,충청남도,당진시,채운동,,채운동,C:\Users\user\Documents\GitHub\studynavi\충남과외\당진시과외\채운동과외\index.html,high,true,정상
region,충청남도,당진시,수청동,,수청동,C:\Users\user\Documents\GitHub\studynavi\충남과외\당진시과외\충남수청동과외\index.html,high,true,정상
region,충청남도,당진시,원당동,,원당동,C:\Users\user\Documents\GitHub\studynavi\충남과외\당진시과외\충남원당동과외\index.html,high,true,정상
region,충청남도,보령시,,,보령시,C:\Users\user\Documents\GitHub\studynavi\충남과외\보령시과외\index.html,high,true,정상
region,충청남도,보령시,대천동,,대천동,C:\Users\user\Documents\GitHub\studynavi\충남과외\보령시과외\대천동과외\index.html,high,true,정상
region,충청남도,보령시,동대동,,동대동,C:\Users\user\Documents\GitHub\studynavi\충남과외\보령시과외\동대동과외\index.html,high,true,정상
region,충청남도,보령시,만세운동,,만세운동,C:\Users\user\Documents\GitHub\studynavi\충남과외\보령시과외\만세운동과외\index.html,high,true,정상
region,충청남도,보령시,명천동,,명천동,C:\Users\user\Documents\GitHub\studynavi\충남과외\보령시과외\명천동과외\index.html,high,true,정상
region,충청남도,보령시,보령시수학,,보령시수학,C:\Users\user\Documents\GitHub\studynavi\충남과외\보령시과외\보령시수학과외\index.html,high,true,정상
region,충청남도,보령시,보령시영어,,보령시영어,C:\Users\user\Documents\GitHub\studynavi\충남과외\보령시과외\보령시영어과외\index.html,high,true,정상
region,충청남도,보령시,신흑동,,신흑동,C:\Users\user\Documents\GitHub\studynavi\충남과외\보령시과외\신흑동과외\index.html,high,true,정상
region,충청남도,보령시,야동,,야동,C:\Users\user\Documents\GitHub\studynavi\충남과외\보령시과외\야동과외\index.html,high,true,정상
region,충청남도,보령시,죽정동,,죽정동,C:\Users\user\Documents\GitHub\studynavi\충남과외\보령시과외\죽정동과외\index.html,high,true,정상
region,충청남도,서산시,,,서산시,C:\Users\user\Documents\GitHub\studynavi\충남과외\서산시과외\index.html,high,true,정상
region,충청남도,서산시,동문동,,동문동,C:\Users\user\Documents\GitHub\studynavi\충남과외\서산시과외\동문동과외\index.html,high,true,정상
region,충청남도,서산시,서산시수학,,서산시수학,C:\Users\user\Documents\GitHub\studynavi\충남과외\서산시과외\서산시수학과외\index.html,high,true,정상
region,충청남도,서산시,서산시영어,,서산시영어,C:\Users\user\Documents\GitHub\studynavi\충남과외\서산시과외\서산시영어과외\index.html,high,true,정상
region,충청남도,서산시,서산시읍내동,,서산시읍내동,C:\Users\user\Documents\GitHub\studynavi\충남과외\서산시과외\서산시읍내동과외\index.html,high,true,정상
region,충청남도,서산시,석림동,,석림동,C:\Users\user\Documents\GitHub\studynavi\충남과외\서산시과외\석림동과외\index.html,high,true,정상
region,충청남도,서산시,석남동,,석남동,C:\Users\user\Documents\GitHub\studynavi\충남과외\서산시과외\충남석남동과외\index.html,high,true,정상
region,충청남도,아산시,,,아산시,C:\Users\user\Documents\GitHub\studynavi\충남과외\아산시과외\index.html,high,true,정상
region,충청남도,아산시,권곡동,,권곡동,C:\Users\user\Documents\GitHub\studynavi\충남과외\아산시과외\권곡동과외\index.html,high,true,정상
region,충청남도,아산시,모종동,,모종동,C:\Users\user\Documents\GitHub\studynavi\충남과외\아산시과외\모종동과외\index.html,high,true,정상
region,충청남도,아산시,실옥동,,실옥동,C:\Users\user\Documents\GitHub\studynavi\충남과외\아산시과외\실옥동과외\index.html,high,true,정상
region,충청남도,아산시,아산시수학,,아산시수학,C:\Users\user\Documents\GitHub\studynavi\충남과외\아산시과외\아산시수학과외\index.html,high,true,정상
region,충청남도,아산시,아산시영어,,아산시영어,C:\Users\user\Documents\GitHub\studynavi\충남과외\아산시과외\아산시영어과외\index.html,high,true,정상
region,충청남도,아산시,용화동,,용화동,C:\Users\user\Documents\GitHub\studynavi\충남과외\아산시과외\용화동과외\index.html,high,true,정상
region,충청남도,아산시,온천동,,온천동,C:\Users\user\Documents\GitHub\studynavi\충남과외\아산시과외\충남온천동과외\index.html,high,true,정상
region,충청남도,아산시,풍기동,,풍기동,C:\Users\user\Documents\GitHub\studynavi\충남과외\아산시과외\풍기동과외\index.html,high,true,정상
region,충청남도,천안시,,,천안시,C:\Users\user\Documents\GitHub\studynavi\충남과외\천안시과외\index.html,high,true,정상
region,충청남도,천안시,두정동,,두정동,C:\Users\user\Documents\GitHub\studynavi\충남과외\천안시과외\두정동과외\index.html,high,true,정상
region,충청남도,천안시,부대동,,부대동,C:\Users\user\Documents\GitHub\studynavi\충남과외\천안시과외\부대동과외\index.html,high,true,정상
region,충청남도,천안시,불당동,,불당동,C:\Users\user\Documents\GitHub\studynavi\충남과외\천안시과외\불당동과외\index.html,high,true,정상
region,충청남도,천안시,삼룡동,,삼룡동,C:\Users\user\Documents\GitHub\studynavi\충남과외\천안시과외\삼룡동과외\index.html,high,true,정상
region,충청남도,천안시,성성동,,성성동,C:\Users\user\Documents\GitHub\studynavi\충남과외\천안시과외\성성동과외\index.html,high,true,정상
region,충청남도,천안시,성정동,,성정동,C:\Users\user\Documents\GitHub\studynavi\충남과외\천안시과외\성정동과외\index.html,high,true,정상
region,충청남도,천안시,신방동,,신방동,C:\Users\user\Documents\GitHub\studynavi\충남과외\천안시과외\신방동과외\index.html,high,true,정상
region,충청남도,천안시,신부동,,신부동,C:\Users\user\Documents\GitHub\studynavi\충남과외\천안시과외\신부동과외\index.html,high,true,정상
region,충청남도,천안시,쌍용동,,쌍용동,C:\Users\user\Documents\GitHub\studynavi\충남과외\천안시과외\쌍용동과외\index.html,high,true,정상
region,충청남도,천안시,업성동,,업성동,C:\Users\user\Documents\GitHub\studynavi\충남과외\천안시과외\업성동과외\index.html,high,true,정상
region,충청남도,천안시,용곡동,,용곡동,C:\Users\user\Documents\GitHub\studynavi\충남과외\천안시과외\용곡동과외\index.html,high,true,정상
region,충청남도,천안시,원성동,,원성동,C:\Users\user\Documents\GitHub\studynavi\충남과외\천안시과외\원성동과외\index.html,high,true,정상
region,충청남도,천안시,유량동,,유량동,C:\Users\user\Documents\GitHub\studynavi\충남과외\천안시과외\유량동과외\index.html,high,true,정상
region,충청남도,천안시,천안동,,천안동,C:\Users\user\Documents\GitHub\studynavi\충남과외\천안시과외\천안동과외\index.html,high,true,정상
region,충청남도,천안시,천안시수학,,천안시수학,C:\Users\user\Documents\GitHub\studynavi\충남과외\천안시과외\천안시수학과외\index.html,high,true,정상
region,충청남도,천안시,천안시영어,,천안시영어,C:\Users\user\Documents\GitHub\studynavi\충남과외\천안시과외\천안시영어과외\index.html,high,true,정상
region,충청남도,천안시,청당동,,청당동,C:\Users\user\Documents\GitHub\studynavi\충남과외\천안시과외\청당동과외\index.html,high,true,정상
region,충청남도,천안시,청수동,,청수동,C:\Users\user\Documents\GitHub\studynavi\충남과외\천안시과외\청수동과외\index.html,high,true,정상
region,충청남도,천안시,백석동,,백석동,C:\Users\user\Documents\GitHub\studynavi\충남과외\천안시과외\충남백석동과외\index.html,high,true,정상
region,충청남도,천안시,봉명동,,봉명동,C:\Users\user\Documents\GitHub\studynavi\충남과외\천안시과외\충남봉명동과외\index.html,high,true,정상
region,충청남도,천안시,성황동,,성황동,C:\Users\user\Documents\GitHub\studynavi\충남과외\천안시과외\충남성황동과외\index.html,high,true,정상
region,충청남도,천안시,신당동,,신당동,C:\Users\user\Documents\GitHub\studynavi\충남과외\천안시과외\충남신당동과외\index.html,high,true,정상
region,충청남도,충남고등,,,충남고등,C:\Users\user\Documents\GitHub\studynavi\충남과외\충남고등과외\index.html,high,true,정상
region,충청남도,충남수학,,,충남수학,C:\Users\user\Documents\GitHub\studynavi\충남과외\충남수학과외\index.html,high,true,정상
region,충청남도,충남수학,충남고등수학,,충남고등수학,C:\Users\user\Documents\GitHub\studynavi\충남과외\충남수학과외\충남고등수학과외\index.html,high,true,정상
region,충청남도,충남수학,충남중등수학,,충남중등수학,C:\Users\user\Documents\GitHub\studynavi\충남과외\충남수학과외\충남중등수학과외\index.html,high,true,정상
region,충청남도,충남수학,충남초등수학,,충남초등수학,C:\Users\user\Documents\GitHub\studynavi\충남과외\충남수학과외\충남초등수학과외\index.html,high,true,정상
region,충청남도,충남영어,,,충남영어,C:\Users\user\Documents\GitHub\studynavi\충남과외\충남영어과외\index.html,high,true,정상
region,충청남도,충남영어,충남고등영어,,충남고등영어,C:\Users\user\Documents\GitHub\studynavi\충남과외\충남영어과외\충남고등영어과외\index.html,high,true,정상
region,충청남도,충남영어,충남중등영어,,충남중등영어,C:\Users\user\Documents\GitHub\studynavi\충남과외\충남영어과외\충남중등영어과외\index.html,high,true,정상
region,충청남도,충남영어,충남초등영어,,충남초등영어,C:\Users\user\Documents\GitHub\studynavi\충남과외\충남영어과외\충남초등영어과외\index.html,high,true,정상
region,충청남도,충남중등,,,충남중등,C:\Users\user\Documents\GitHub\studynavi\충남과외\충남중등과외\index.html,high,true,정상
region,충청남도,충남초등,,,충남초등,C:\Users\user\Documents\GitHub\studynavi\충남과외\충남초등과외\index.html,high,true,정상
region,충청남도,홍성군,,,홍성군,C:\Users\user\Documents\GitHub\studynavi\충남과외\홍성군과외\index.html,high,true,정상
region,충청남도,홍성군,홍동,,홍동,C:\Users\user\Documents\GitHub\studynavi\충남과외\홍성군과외\홍동과외\index.html,high,true,정상
region,충청남도,홍성군,홍성군수학,,홍성군수학,C:\Users\user\Documents\GitHub\studynavi\충남과외\홍성군과외\홍성군수학과외\index.html,high,true,정상
region,충청남도,홍성군,홍성군영어,,홍성군영어,C:\Users\user\Documents\GitHub\studynavi\충남과외\홍성군과외\홍성군영어과외\index.html,high,true,정상
region,충청북도,,,,충청북도,C:\Users\user\Documents\GitHub\studynavi\충북과외\index.html,high,true,정상
region,충청북도,단양군,,,단양군,C:\Users\user\Documents\GitHub\studynavi\충북과외\단양군과외\index.html,high,true,정상
region,충청북도,단양군,단양군수학,,단양군수학,C:\Users\user\Documents\GitHub\studynavi\충북과외\단양군과외\단양군수학과외\index.html,high,true,정상
region,충청북도,단양군,단양군영어,,단양군영어,C:\Users\user\Documents\GitHub\studynavi\충북과외\단양군과외\단양군영어과외\index.html,high,true,정상
region,충청북도,단양군,단양군평동,,단양군평동,C:\Users\user\Documents\GitHub\studynavi\충북과외\단양군과외\단양군평동과외\index.html,high,true,정상
region,충청북도,영동군,,,영동군,C:\Users\user\Documents\GitHub\studynavi\충북과외\영동군과외\index.html,high,true,정상
region,충청북도,영동군,영동군수학,,영동군수학,C:\Users\user\Documents\GitHub\studynavi\충북과외\영동군과외\영동군수학과외\index.html,high,true,정상
region,충청북도,영동군,영동군영동,,영동군영동,C:\Users\user\Documents\GitHub\studynavi\충북과외\영동군과외\영동군영동과외\index.html,high,true,정상
region,충청북도,영동군,영동군영어,,영동군영어,C:\Users\user\Documents\GitHub\studynavi\충북과외\영동군과외\영동군영어과외\index.html,high,true,정상
region,충청북도,음성군,,,음성군,C:\Users\user\Documents\GitHub\studynavi\충북과외\음성군과외\index.html,high,true,정상
region,충청북도,음성군,맹동,,맹동,C:\Users\user\Documents\GitHub\studynavi\충북과외\음성군과외\맹동과외\index.html,high,true,정상
region,충청북도,음성군,음성군수학,,음성군수학,C:\Users\user\Documents\GitHub\studynavi\충북과외\음성군과외\음성군수학과외\index.html,high,true,정상
region,충청북도,음성군,음성군영어,,음성군영어,C:\Users\user\Documents\GitHub\studynavi\충북과외\음성군과외\음성군영어과외\index.html,high,true,정상
region,충청북도,음성군,대동,,대동,C:\Users\user\Documents\GitHub\studynavi\충북과외\음성군과외\충북대동과외\index.html,high,true,정상
region,충청북도,제천시,,,제천시,C:\Users\user\Documents\GitHub\studynavi\충북과외\제천시과외\index.html,high,true,정상
region,충청북도,제천시,동현동,,동현동,C:\Users\user\Documents\GitHub\studynavi\충북과외\제천시과외\동현동과외\index.html,high,true,정상
region,충청북도,제천시,신백동,,신백동,C:\Users\user\Documents\GitHub\studynavi\충북과외\제천시과외\신백동과외\index.html,high,true,정상
region,충청북도,제천시,장락동,,장락동,C:\Users\user\Documents\GitHub\studynavi\충북과외\제천시과외\장락동과외\index.html,high,true,정상
region,충청북도,제천시,제천시수학,,제천시수학,C:\Users\user\Documents\GitHub\studynavi\충북과외\제천시과외\제천시수학과외\index.html,high,true,정상
region,충청북도,제천시,제천시영어,,제천시영어,C:\Users\user\Documents\GitHub\studynavi\충북과외\제천시과외\제천시영어과외\index.html,high,true,정상
region,충청북도,제천시,제천시평동,,제천시평동,C:\Users\user\Documents\GitHub\studynavi\충북과외\제천시과외\제천시평동과외\index.html,high,true,정상
region,충청북도,제천시,청전동,,청전동,C:\Users\user\Documents\GitHub\studynavi\충북과외\제천시과외\청전동과외\index.html,high,true,정상
region,충청북도,제천시,서부동,,서부동,C:\Users\user\Documents\GitHub\studynavi\충북과외\제천시과외\충북서부동과외\index.html,high,true,정상
region,충청북도,제천시,신월동,,신월동,C:\Users\user\Documents\GitHub\studynavi\충북과외\제천시과외\충북신월동과외\index.html,high,true,정상
region,충청북도,제천시,하소동,,하소동,C:\Users\user\Documents\GitHub\studynavi\충북과외\제천시과외\하소동과외\index.html,high,true,정상
region,충청북도,청주시,,,청주시,C:\Users\user\Documents\GitHub\studynavi\충북과외\청주시과외\index.html,high,true,정상
region,충청북도,청주시,가경동,,가경동,C:\Users\user\Documents\GitHub\studynavi\충북과외\청주시과외\가경동과외\index.html,high,true,정상
region,충청북도,청주시,금천동,,금천동,C:\Users\user\Documents\GitHub\studynavi\충북과외\청주시과외\금천동과외\index.html,high,true,정상
region,충청북도,청주시,모충동,,모충동,C:\Users\user\Documents\GitHub\studynavi\충북과외\청주시과외\모충동과외\index.html,high,true,정상
region,충청북도,청주시,복대동,,복대동,C:\Users\user\Documents\GitHub\studynavi\충북과외\청주시과외\복대동과외\index.html,high,true,정상
region,충청북도,청주시,분평동,,분평동,C:\Users\user\Documents\GitHub\studynavi\충북과외\청주시과외\분평동과외\index.html,high,true,정상
region,충청북도,청주시,사창동,,사창동,C:\Users\user\Documents\GitHub\studynavi\충북과외\청주시과외\사창동과외\index.html,high,true,정상
region,충청북도,청주시,사천동,,사천동,C:\Users\user\Documents\GitHub\studynavi\충북과외\청주시과외\사천동과외\index.html,high,true,정상
region,충청북도,청주시,산남동,,산남동,C:\Users\user\Documents\GitHub\studynavi\충북과외\청주시과외\산남동과외\index.html,high,true,정상
region,충청북도,청주시,성화동,,성화동,C:\Users\user\Documents\GitHub\studynavi\충북과외\청주시과외\성화동과외\index.html,high,true,정상
region,충청북도,청주시,송절동,,송절동,C:\Users\user\Documents\GitHub\studynavi\충북과외\청주시과외\송절동과외\index.html,high,true,정상
region,충청북도,청주시,수곡동,,수곡동,C:\Users\user\Documents\GitHub\studynavi\충북과외\청주시과외\수곡동과외\index.html,high,true,정상
region,충청북도,청주시,영운동,,영운동,C:\Users\user\Documents\GitHub\studynavi\충북과외\청주시과외\영운동과외\index.html,high,true,정상
region,충청북도,청주시,용담동,,용담동,C:\Users\user\Documents\GitHub\studynavi\충북과외\청주시과외\용담동과외\index.html,high,true,정상
region,충청북도,청주시,용암동,,용암동,C:\Users\user\Documents\GitHub\studynavi\충북과외\청주시과외\용암동과외\index.html,high,true,정상
region,충청북도,청주시,율량동,,율량동,C:\Users\user\Documents\GitHub\studynavi\충북과외\청주시과외\율량동과외\index.html,high,true,정상
region,충청북도,청주시,주중동,,주중동,C:\Users\user\Documents\GitHub\studynavi\충북과외\청주시과외\주중동과외\index.html,high,true,정상
region,충청북도,청주시,청주시수학,,청주시수학,C:\Users\user\Documents\GitHub\studynavi\충북과외\청주시과외\청주시수학과외\index.html,high,true,정상
region,충청북도,청주시,청주시영동,,청주시영동,C:\Users\user\Documents\GitHub\studynavi\충북과외\청주시과외\청주시영동과외\index.html,high,true,정상
region,충청북도,청주시,청주시영어,,청주시영어,C:\Users\user\Documents\GitHub\studynavi\충북과외\청주시과외\청주시영어과외\index.html,high,true,정상
region,충청북도,청주시,내덕동,,내덕동,C:\Users\user\Documents\GitHub\studynavi\충북과외\청주시과외\충북내덕동과외\index.html,high,true,정상
region,충청북도,청주시,미평동,,미평동,C:\Users\user\Documents\GitHub\studynavi\충북과외\청주시과외\충북미평동과외\index.html,high,true,정상
region,충청북도,청주시,봉명동,,봉명동,C:\Users\user\Documents\GitHub\studynavi\충북과외\청주시과외\충북봉명동과외\index.html,high,true,정상
region,충청북도,청주시,사직동,,사직동,C:\Users\user\Documents\GitHub\studynavi\충북과외\청주시과외\충북사직동과외\index.html,high,true,정상
region,충청북도,청주시,수동,,수동,C:\Users\user\Documents\GitHub\studynavi\충북과외\청주시과외\충북수동과외\index.html,high,true,정상
region,충청북도,청주시,신봉동,,신봉동,C:\Users\user\Documents\GitHub\studynavi\충북과외\청주시과외\충북신봉동과외\index.html,high,true,정상
region,충청북도,청주시,용정동,,용정동,C:\Users\user\Documents\GitHub\studynavi\충북과외\청주시과외\충북용정동과외\index.html,high,true,정상
region,충청북도,청주시,우암동,,우암동,C:\Users\user\Documents\GitHub\studynavi\충북과외\청주시과외\충북우암동과외\index.html,high,true,정상
region,충청북도,청주시,탑동,,탑동,C:\Users\user\Documents\GitHub\studynavi\충북과외\청주시과외\충북탑동과외\index.html,high,true,정상
region,충청북도,충북고등,,,충북고등,C:\Users\user\Documents\GitHub\studynavi\충북과외\충북고등과외\index.html,high,true,정상
region,충청북도,충북수학,,,충북수학,C:\Users\user\Documents\GitHub\studynavi\충북과외\충북수학과외\index.html,high,true,정상
region,충청북도,충북수학,충북고등수학,,충북고등수학,C:\Users\user\Documents\GitHub\studynavi\충북과외\충북수학과외\충북고등수학과외\index.html,high,true,정상
region,충청북도,충북수학,충북중등수학,,충북중등수학,C:\Users\user\Documents\GitHub\studynavi\충북과외\충북수학과외\충북중등수학과외\index.html,high,true,정상
region,충청북도,충북수학,충북초등수학,,충북초등수학,C:\Users\user\Documents\GitHub\studynavi\충북과외\충북수학과외\충북초등수학과외\index.html,high,true,정상
region,충청북도,충북영어,,,충북영어,C:\Users\user\Documents\GitHub\studynavi\충북과외\충북영어과외\index.html,high,true,정상
region,충청북도,충북영어,충북고등영어,,충북고등영어,C:\Users\user\Documents\GitHub\studynavi\충북과외\충북영어과외\충북고등영어과외\index.html,high,true,정상
region,충청북도,충북영어,충북중등영어,,충북중등영어,C:\Users\user\Documents\GitHub\studynavi\충북과외\충북영어과외\충북중등영어과외\index.html,high,true,정상
region,충청북도,충북영어,충북초등영어,,충북초등영어,C:\Users\user\Documents\GitHub\studynavi\충북과외\충북영어과외\충북초등영어과외\index.html,high,true,정상
region,충청북도,충북중등,,,충북중등,C:\Users\user\Documents\GitHub\studynavi\충북과외\충북중등과외\index.html,high,true,정상
region,충청북도,충북초등,,,충북초등,C:\Users\user\Documents\GitHub\studynavi\충북과외\충북초등과외\index.html,high,true,정상
region,충청북도,충주시,,,충주시,C:\Users\user\Documents\GitHub\studynavi\충북과외\충주시과외\index.html,high,true,정상
region,충청북도,충주시,관동,,관동,C:\Users\user\Documents\GitHub\studynavi\충북과외\충주시과외\관동과외\index.html,high,true,정상
region,충청북도,충주시,교현동,,교현동,C:\Users\user\Documents\GitHub\studynavi\충북과외\충주시과외\교현동과외\index.html,high,true,정상
region,충청북도,충주시,봉방동,,봉방동,C:\Users\user\Documents\GitHub\studynavi\충북과외\충주시과외\봉방동과외\index.html,high,true,정상
region,충청북도,충주시,안림동,,안림동,C:\Users\user\Documents\GitHub\studynavi\충북과외\충주시과외\안림동과외\index.html,high,true,정상
region,충청북도,충주시,용산동,,용산동,C:\Users\user\Documents\GitHub\studynavi\충북과외\충주시과외\충북용산동과외\index.html,high,true,정상
region,충청북도,충주시,충주시수학,,충주시수학,C:\Users\user\Documents\GitHub\studynavi\충북과외\충주시과외\충주시수학과외\index.html,high,true,정상
region,충청북도,충주시,충주시영어,,충주시영어,C:\Users\user\Documents\GitHub\studynavi\충북과외\충주시과외\충주시영어과외\index.html,high,true,정상
region,충청북도,충주시,칠금동,,칠금동,C:\Users\user\Documents\GitHub\studynavi\충북과외\충주시과외\칠금동과외\index.html,high,true,정상
region,충청북도,충주시,호암동,,호암동,C:\Users\user\Documents\GitHub\studynavi\충북과외\충주시과외\호암동과외\index.html,high,true,정상
