content_mode,page_type,시도,시군구,읍면동,리,지역명,학교명,학교급,학년표현,과목표현,내신사용,대상,과목,메인키워드,슬러그,제목,설명,본문,body_sentence_ids,description_sentence_ids,used_sentence_pools,title_pattern_id,title_modifier,title_ending,combination_type,title_core_terms,title_retry_count
keyword_combination,region,강원특별자치도,정선군,신동,,신동,,,,,false,고등학생,국영수과외,신동과외,신동과외,신동과외 주간 계획과 실천 결과를 비교하는 주간 학습 흐름을 확인합니다 학습 방향을 함께 살펴봅니다,신동과외를 살펴볼 때에는 학습 계획은 모르는 부분을 질문으로 바꾸고 기록을 남기면 다음 계획의 기준이 분명해집니다. 학습 계획은 모르는 부분을 질문으로 바꾸고 작은 단위로 조정하면 꾸준히 이어가기 쉽습니다. 복습 과정은 틀린 이유를 짧게 설명해 보고 스스로 설명하는 시간을 더하면 이해가 선명해집니다. 복습 과정은 풀이 과정의 근거를 확인하고 반복 시점을 정해 두면 학습 공백을 줄일 수 있습니다. 학습한 내용과 실제 수행 결과를 비교하면 다음 공부의 우선순위를 더 구체적으로 정할 수 있습니다.,신동과외를 알아볼 때에는 효율적인 공부 흐름을 만들려면 과목별 습관과 오답의 원인을 살피고 점검 기준을 세우는 데 있습니다. 복습을 진행할 때는 집중이 유지되는 시간을 기준으로 쉬는 때를 정하고 완료 여부보다 이해 과정을 살피는 것이 중요합니다. 학습 습관을 만들 때는 현재 가능한 분량부터 정하고 완료 여부보다 이해 과정을 살피는 것이 중요합니다. 복습을 진행할 때는 질문의 핵심을 한 문장으로 적고 다음 공부에 반영하는 과정이 필요합니다. 학습 습관을 만들 때는 배운 내용을 자신의 말로 설명하고 완료 여부보다 이해 과정을 살피는 것이 중요합니다. 복습을 진행할 때는 질문의 핵심을 한 문장으로 적고 조금씩 기준을 높이면 학습 리듬을 유지할 수 있습니다. 정리한 학습 기준을 완료한 뒤 이유까지 돌아보면 꾸준한 학습 흐름을 만드는 데 도움이 됩니다.,opening_023|body_general_078|body_general_003|body_general_086|body_general_018|body_general_089|ending_009,description_general_025|description_general_022|description_general_053|description_general_074,body_general|description_general|endings|openings,title_pattern_029,주간 계획과 실천 결과를 비교하는,주간 학습 흐름을 확인합니다,base,신동|과외,0
keyword_combination,region,경기도,안산시,장상동,,장상동,,,,영어,false,중학생,영어,장상동 영어과외,장상동영어과외,장상동 영어과외 과목별 접근법을 안내합니다 학습 방향을 함께 살펴봅니다 시험 준비을 함께 살펴봅니다,장상동 영어과외를 살펴볼 때에는 학습 계획은 주간 목표와 실제 결과를 비교하고 다음 단계로 연결하는 방식이 좋습니다. 복습 과정은 현재 이해한 범위를 먼저 확인하고 스스로 설명하는 시간을 더하면 이해가 선명해집니다. 복습 과정은 틀린 이유를 짧게 설명해 보고 스스로 설명하는 시간을 더하면 이해가 선명해집니다. 복습 과정은 틀린 이유를 짧게 설명해 보고 기록을 남기면 다음 계획의 기준이 분명해집니다. 학습한 내용과 실제 수행 결과를 비교하면 다음 공부의 우선순위를 더 구체적으로 정할 수 있습니다.,장상동 영어과외를 알아볼 때에는 목표에 맞는 학습을 준비하려면 실천할 수 있는 분량과 순서를 정하고 점검 기준을 세우는 데 있습니다. 오답을 관리할 때는 이해한 내용과 어려운 내용을 구분하고 정해진 시점에 다시 확인하면 기억을 오래 유지하는 데 도움이 됩니다. 오답을 관리할 때는 실수의 원인을 유형별로 나누고 정해진 시점에 다시 확인하면 기억을 오래 유지하는 데 도움이 됩니다. 영어 어휘를 익힐 때는 주어와 동사의 관계를 먼저 확인하고 읽은 내용을 한 문장으로 요약하는 연습이 유용합니다. 학습 습관을 만들 때는 배운 내용을 자신의 말로 설명하고 완료 여부보다 이해 과정을 살피는 것이 중요합니다. 복습을 진행할 때는 계획과 실제 수행량의 차이를 확인하고 정해진 시점에 다시 확인하면 기억을 오래 유지하는 데 도움이 됩니다. 이와 같은 과정을 다음 계획에 구체적으로 반영하면 꾸준한 학습 흐름을 만드는 데 도움이 됩니다.,opening_037|body_general_110|body_general_125|body_english_007|body_general_018|body_general_085|ending_002,description_general_036|description_general_043|description_general_053|description_general_055,body_english|body_general|description_general|endings|openings,title_pattern_013,기초부터 차근차근 점검하는,과목별 접근법을 안내합니다,subject_only,장상동|영어|과외,0
keyword_combination,region,경상남도,창원시,반지동,,반지동,,,,수학,false,중학생,수학,반지동 수학과외,반지동수학과외,반지동 수학과외 과목별 접근법을 안내합니다 학습 방향을 함께 살펴봅니다 시험 준비을 함께 살펴봅니다,반지동 수학과외를 살펴볼 때에는 복습 과정은 풀이 과정의 근거를 확인하고 스스로 설명하는 시간을 더하면 이해가 선명해집니다. 복습 과정은 공부한 내용을 기억에서 꺼내 보고 기록을 남기면 다음 계획의 기준이 분명해집니다. 복습 과정은 주간 목표와 실제 결과를 비교하고 스스로 설명하는 시간을 더하면 이해가 선명해집니다. 학습 계획은 풀이 과정의 근거를 확인하고 반복 시점을 정해 두면 학습 공백을 줄일 수 있습니다. 학습한 내용과 실제 수행 결과를 비교하면 다음 공부의 우선순위를 더 구체적으로 정할 수 있습니다.,반지동 수학과외를 알아볼 때에는 꾸준한 학습을 위해서는 현재 알고 있는 내용과 어려운 부분을 구분하고 점검 기준을 세우는 데 있습니다. 오답을 관리할 때는 짧은 목표를 세운 뒤 결과를 기록하고 정해진 시점에 다시 확인하면 기억을 오래 유지하는 데 도움이 됩니다. 오답을 관리할 때는 실수의 원인을 유형별로 나누고 다음 공부에 반영하는 과정이 필요합니다. 수학 응용 문제를 풀 때는 정의와 조건을 먼저 확인하고 조건이 달라졌을 때의 변화를 살펴보면 응용력이 자랍니다. 복습을 진행할 때는 짧은 목표를 세운 뒤 결과를 기록하고 정해진 시점에 다시 확인하면 기억을 오래 유지하는 데 도움이 됩니다. 오답을 관리할 때는 질문의 핵심을 한 문장으로 적고 조금씩 기준을 높이면 학습 리듬을 유지할 수 있습니다. 스스로 세운 계획을 현재 수준에 맞게 조금씩 조정하면 꾸준한 학습 흐름을 만드는 데 도움이 됩니다.,opening_006|body_general_115|body_general_121|body_math_052|body_general_065|body_general_139|ending_016,description_general_073|description_general_060|description_general_078|description_general_034,body_general|body_math|description_general|endings|openings,title_pattern_031,풀이 근거와 판단 순서를 꼼꼼히 살피는,과목별 접근법을 안내합니다,subject_only,반지동|수학|과외,0
keyword_combination,region,경상북도,문경시,흥덕동,,흥덕동,,,,과학,false,고등학생,과학,흥덕동 과학과외,흥덕동과학과외,흥덕동 과학과외 과목별 접근법을 안내합니다 학습 방향을 함께 살펴봅니다 시험 준비을 함께 살펴봅니다,흥덕동 과학과외를 살펴볼 때에는 복습 과정은 주간 목표와 실제 결과를 비교하고 스스로 설명하는 시간을 더하면 이해가 선명해집니다. 학습 계획은 모르는 부분을 질문으로 바꾸고 반복 시점을 정해 두면 학습 공백을 줄일 수 있습니다. 학습 계획은 틀린 이유를 짧게 설명해 보고 작은 단위로 조정하면 꾸준히 이어가기 쉽습니다. 복습 과정은 틀린 이유를 짧게 설명해 보고 기록을 남기면 다음 계획의 기준이 분명해집니다. 학습한 내용과 실제 수행 결과를 비교하면 다음 공부의 우선순위를 더 구체적으로 정할 수 있습니다.,흥덕동 과학과외를 알아볼 때에는 현재의 학습 상태를 이해하려면 현재 알고 있는 내용과 어려운 부분을 구분하고 점검 기준을 세우는 데 있습니다. 학습 습관을 만들 때는 계획과 실제 수행량의 차이를 확인하고 다음 공부에 반영하는 과정이 필요합니다. 복습을 진행할 때는 현재 가능한 분량부터 정하고 무리하지 않는 범위에서 반복하는 편이 안정적입니다. 과학 탐구 과정을 살펴볼 때는 자료에서 근거가 되는 수치를 찾고 근거를 문장으로 정리하는 연습이 유용합니다. 오답을 관리할 때는 문제의 조건과 요구 사항을 구분하고 무리하지 않는 범위에서 반복하는 편이 안정적입니다. 학습 습관을 만들 때는 짧은 목표를 세운 뒤 결과를 기록하고 조금씩 기준을 높이면 학습 리듬을 유지할 수 있습니다. 과목별로 남긴 기록을 정해진 주기로 다시 살펴보면 꾸준한 학습 흐름을 만드는 데 도움이 됩니다.,opening_011|body_general_031|body_general_052|body_science_071|body_general_147|body_general_014|ending_023,description_general_078|description_general_024|description_general_012|description_general_055,body_general|body_science|description_general|endings|openings,title_pattern_005,과목 특성에 맞는 복습 방법을 찾는,과목별 접근법을 안내합니다,subject_only,흥덕동|과학|과외,0
keyword_combination,region,광주광역시,광산구,서봉동,,서봉동,,,,국어,false,중학생,국어,서봉동 국어과외,서봉동국어과외,서봉동 국어과외 과목별 접근법을 안내합니다 학습 방향을 함께 살펴봅니다 시험 준비을 함께 살펴봅니다,서봉동 국어과외를 살펴볼 때에는 복습 과정은 풀이 과정의 근거를 확인하고 기록을 남기면 다음 계획의 기준이 분명해집니다. 복습 과정은 틀린 이유를 짧게 설명해 보고 반복 시점을 정해 두면 학습 공백을 줄일 수 있습니다. 학습 계획은 현재 이해한 범위를 먼저 확인하고 작은 단위로 조정하면 꾸준히 이어가기 쉽습니다. 복습 과정은 틀린 이유를 짧게 설명해 보고 기록을 남기면 다음 계획의 기준이 분명해집니다. 학습한 내용과 실제 수행 결과를 비교하면 다음 공부의 우선순위를 더 구체적으로 정할 수 있습니다.,서봉동 국어과외를 알아볼 때에는 매일의 학습을 안정적으로 이어가려면 과목별 습관과 오답의 원인을 살피고 점검 기준을 세우는 데 있습니다. 복습을 진행할 때는 배운 내용을 자신의 말로 설명하고 조금씩 기준을 높이면 학습 리듬을 유지할 수 있습니다. 복습을 진행할 때는 집중이 유지되는 시간을 기준으로 쉬는 때를 정하고 다음 공부에 반영하는 과정이 필요합니다. 국어 독해에서는 화자의 태도와 표현 효과를 구분하고 오답 선택지가 틀린 이유까지 살피면 판단 기준이 생깁니다. 학습 습관을 만들 때는 문제의 조건과 요구 사항을 구분하고 조금씩 기준을 높이면 학습 리듬을 유지할 수 있습니다. 복습을 진행할 때는 배운 내용을 자신의 말로 설명하고 무리하지 않는 범위에서 반복하는 편이 안정적입니다. 반복해서 익힌 습관을 완료한 뒤 이유까지 돌아보면 꾸준한 학습 흐름을 만드는 데 도움이 됩니다.,opening_028|body_general_069|body_general_076|body_korean_012|body_general_049|body_general_067|ending_029,description_general_075|description_general_054|description_general_002|description_general_055,body_general|body_korean|description_general|endings|openings,title_pattern_004,오답 관리까지 자연스럽게 연결하는,과목별 접근법을 안내합니다,subject_only,서봉동|국어|과외,0
keyword_combination,region,대구광역시,달서구,월성동,,월성동,,,,영수,false,고등학생,영수,월성동 영수과외,월성동영수과외,월성동 영수과외 과목별 접근법을 안내합니다 학습 방향을 함께 살펴봅니다 시험 준비을 함께 살펴봅니다,월성동 영수과외를 살펴볼 때에는 학습 계획은 틀린 이유를 짧게 설명해 보고 스스로 설명하는 시간을 더하면 이해가 선명해집니다. 학습 계획은 공부한 내용을 기억에서 꺼내 보고 작은 단위로 조정하면 꾸준히 이어가기 쉽습니다. 복습 과정은 공부한 내용을 기억에서 꺼내 보고 다음 단계로 연결하는 방식이 좋습니다. 학습 계획은 현재 이해한 범위를 먼저 확인하고 작은 단위로 조정하면 꾸준히 이어가기 쉽습니다. 학습한 내용과 실제 수행 결과를 비교하면 다음 공부의 우선순위를 더 구체적으로 정할 수 있습니다.,월성동 영수과외를 알아볼 때에는 과외 학습의 방향을 세울 때는 과목별 습관과 오답의 원인을 살피고 점검 기준을 세우는 데 있습니다. 복습을 진행할 때는 문제의 조건과 요구 사항을 구분하고 무리하지 않는 범위에서 반복하는 편이 안정적입니다. 학습 습관을 만들 때는 중요한 개념을 서로 연결하고 완료 여부보다 이해 과정을 살피는 것이 중요합니다. 영수 학습 계획을 세울 때는 영어의 읽기 분량과 수학의 풀이 분량을 따로 정하고 두 과목의 학습 흐름을 안정적으로 이어갈 수 있습니다. 복습을 진행할 때는 실수의 원인을 유형별로 나누고 다음 공부에 반영하는 과정이 필요합니다. 학습 습관을 만들 때는 배운 내용을 자신의 말로 설명하고 조금씩 기준을 높이면 학습 리듬을 유지할 수 있습니다. 이와 같은 과정을 다음 계획에 구체적으로 반영하면 꾸준한 학습 흐름을 만드는 데 도움이 됩니다.,opening_018|body_general_097|body_general_043|body_english_math_001|body_general_071|body_general_019|ending_002,description_general_013|description_general_017|description_general_056|description_general_002,body_english_math|body_general|description_general|endings|openings,title_pattern_010,학습 기록을 다음 계획으로 연결하는,과목별 접근법을 안내합니다,subject_only,월성동|영수|과외,0
keyword_combination,region,대전광역시,서구,,,서구,,,초등,,false,초등학생,국영수과외,서구 초등과외,서구초등과외,서구 초등과외 시험 대비 흐름을 점검합니다 학습 방향을 함께 살펴봅니다 시험 준비을 함께 살펴봅니다,서구 초등과외를 살펴볼 때에는 학습 계획은 주간 목표와 실제 결과를 비교하고 스스로 설명하는 시간을 더하면 이해가 선명해집니다. 학습 계획은 틀린 이유를 짧게 설명해 보고 다음 단계로 연결하는 방식이 좋습니다. 학습 계획은 하루에 실천할 분량을 구체적으로 정하고 작은 단위로 조정하면 꾸준히 이어가기 쉽습니다. 학습 계획은 주간 목표와 실제 결과를 비교하고 반복 시점을 정해 두면 학습 공백을 줄일 수 있습니다. 학습한 내용과 실제 수행 결과를 비교하면 다음 공부의 우선순위를 더 구체적으로 정할 수 있습니다.,서구 초등과외를 알아볼 때에는 효율적인 공부 흐름을 만들려면 목표와 사용할 시간을 구체적으로 연결하고 점검 기준을 세우는 데 있습니다. 오답을 관리할 때는 현재 가능한 분량부터 정하고 완료 여부보다 이해 과정을 살피는 것이 중요합니다. 초등학생은 집중할 분량과 쉬는 시간을 함께 정하고 반복할 내용을 스스로 고르게 하면 참여도가 높아집니다. 복습을 진행할 때는 짧은 목표를 세운 뒤 결과를 기록하고 무리하지 않는 범위에서 반복하는 편이 안정적입니다. 학습 습관을 만들 때는 이해한 내용과 어려운 내용을 구분하고 다음 공부에 반영하는 과정이 필요합니다. 오답을 관리할 때는 배운 내용을 자신의 말로 설명하고 조금씩 기준을 높이면 학습 리듬을 유지할 수 있습니다. 스스로 세운 계획을 현재 수준에 맞게 조금씩 조정하면 꾸준한 학습 흐름을 만드는 데 도움이 됩니다.,opening_024|body_general_103|body_elementary_022|body_general_062|body_general_006|body_general_119|ending_016,description_general_038|description_general_011|description_general_007|description_general_039,body_elementary|body_general|description_general|endings|openings,title_pattern_025,문제 해결 과정을 근거부터 확인하는,시험 대비 흐름을 점검합니다,grade_only,서구|초등|과외,0
keyword_combination,region,부산광역시,연제구,,,연제구,,,초등학생,,false,초등학생,국영수과외,연제구 초등학생과외,연제구초등학생과외,연제구 초등학생과외 학습 기준을 정리합니다 학습 방향을 함께 살펴봅니다 시험 준비을 함께 살펴봅니다,연제구 초등학생과외를 살펴볼 때에는 복습 과정은 현재 이해한 범위를 먼저 확인하고 반복 시점을 정해 두면 학습 공백을 줄일 수 있습니다. 학습 계획은 풀이 과정의 근거를 확인하고 반복 시점을 정해 두면 학습 공백을 줄일 수 있습니다. 복습 과정은 공부한 내용을 기억에서 꺼내 보고 작은 단위로 조정하면 꾸준히 이어가기 쉽습니다. 복습 과정은 현재 이해한 범위를 먼저 확인하고 기록을 남기면 다음 계획의 기준이 분명해집니다. 학습한 내용과 실제 수행 결과를 비교하면 다음 공부의 우선순위를 더 구체적으로 정할 수 있습니다.,연제구 초등학생과외를 알아볼 때에는 공부의 출발점은 실천할 수 있는 분량과 순서를 정하고 점검 기준을 세우는 데 있습니다. 오답을 관리할 때는 중요한 개념을 서로 연결하고 무리하지 않는 범위에서 반복하는 편이 안정적입니다. 초등학생은 완료한 공부를 눈에 보이게 기록하고 작은 성취를 자주 확인하는 방식이 알맞습니다. 학습 습관을 만들 때는 배운 내용을 자신의 말로 설명하고 정해진 시점에 다시 확인하면 기억을 오래 유지하는 데 도움이 됩니다. 오답을 관리할 때는 이해한 내용과 어려운 내용을 구분하고 무리하지 않는 범위에서 반복하는 편이 안정적입니다. 오답을 관리할 때는 문제의 조건과 요구 사항을 구분하고 정해진 시점에 다시 확인하면 기억을 오래 유지하는 데 도움이 됩니다. 작게 나눈 목표를 다음 계획에 구체적으로 반영하면 꾸준한 학습 흐름을 만드는 데 도움이 됩니다.,opening_002|body_general_142|body_elementary_017|body_general_020|body_general_107|body_general_150|ending_032,description_general_044|description_general_034|description_general_057|description_general_045,body_elementary|body_general|description_general|endings|openings,title_pattern_028,개념과 문제풀이를 함께 보는,학습 기준을 정리합니다,grade_only,연제구|초등학생|과외,0
keyword_combination,region,서울특별시,중구,신당동,,신당동,,,중등,,false,중학생,국영수과외,신당동 중등과외,신당동중등과외,신당동 중등과외 과목별 접근법을 안내합니다 학습 방향을 함께 살펴봅니다 시험 준비을 함께 살펴봅니다,신당동 중등과외를 살펴볼 때에는 학습 계획은 틀린 이유를 짧게 설명해 보고 작은 단위로 조정하면 꾸준히 이어가기 쉽습니다. 학습 계획은 모르는 부분을 질문으로 바꾸고 작은 단위로 조정하면 꾸준히 이어가기 쉽습니다. 복습 과정은 모르는 부분을 질문으로 바꾸고 작은 단위로 조정하면 꾸준히 이어가기 쉽습니다. 학습 계획은 주간 목표와 실제 결과를 비교하고 다음 단계로 연결하는 방식이 좋습니다. 학습한 내용과 실제 수행 결과를 비교하면 다음 공부의 우선순위를 더 구체적으로 정할 수 있습니다.,신당동 중등과외를 알아볼 때에는 목표에 맞는 학습을 준비하려면 실천할 수 있는 분량과 순서를 정하고 점검 기준을 세우는 데 있습니다. 오답을 관리할 때는 질문의 핵심을 한 문장으로 적고 정해진 시점에 다시 확인하면 기억을 오래 유지하는 데 도움이 됩니다. 중등 과정에서는 풀이와 답의 근거를 문장으로 정리하고 취약 단원을 주간 계획에 다시 배치할 수 있습니다. 오답을 관리할 때는 질문의 핵심을 한 문장으로 적고 다음 공부에 반영하는 과정이 필요합니다. 복습을 진행할 때는 실수의 원인을 유형별로 나누고 정해진 시점에 다시 확인하면 기억을 오래 유지하는 데 도움이 됩니다. 복습을 진행할 때는 현재 가능한 분량부터 정하고 완료 여부보다 이해 과정을 살피는 것이 중요합니다. 이와 같은 과정을 무리하지 않는 범위에서 이어가면 꾸준한 학습 흐름을 만드는 데 도움이 됩니다.,opening_037|body_general_140|body_middle_046|body_general_136|body_general_075|body_general_053|ending_005,description_general_012|description_general_022|description_general_062|description_general_036,body_general|body_middle|description_general|endings|openings,title_pattern_017,이해와 적용의 순서를 분명하게 잡는,과목별 접근법을 안내합니다,grade_only,신당동|중등|과외,0
keyword_combination,region,세종특별자치시,,,,세종특별자치시,,,중학생,,false,중학생,국영수과외,세종특별자치시 중학생과외,세종특별자치시중학생과외,세종특별자치시 중학생과외 복습 주기와 학습량을 함께 조절하는 학습 기록을 활용하는 방법을 정리합니다,세종특별자치시 중학생과외를 살펴볼 때에는 학습 계획은 모르는 부분을 질문으로 바꾸고 작은 단위로 조정하면 꾸준히 이어가기 쉽습니다. 학습 계획은 모르는 부분을 질문으로 바꾸고 기록을 남기면 다음 계획의 기준이 분명해집니다. 복습 과정은 풀이 과정의 근거를 확인하고 다음 단계로 연결하는 방식이 좋습니다. 복습 과정은 틀린 이유를 짧게 설명해 보고 다음 단계로 연결하는 방식이 좋습니다. 학습한 내용과 실제 수행 결과를 비교하면 다음 공부의 우선순위를 더 구체적으로 정할 수 있습니다.,세종특별자치시 중학생과외를 알아볼 때에는 과외 학습의 방향을 세울 때는 과목별 습관과 오답의 원인을 살피고 점검 기준을 세우는 데 있습니다. 복습을 진행할 때는 문제의 조건과 요구 사항을 구분하고 다음 공부에 반영하는 과정이 필요합니다. 중학생은 오답의 근거를 교과서에서 다시 찾고 누적 복습 시간을 확보하는 것이 좋습니다. 학습 습관을 만들 때는 질문의 핵심을 한 문장으로 적고 다음 공부에 반영하는 과정이 필요합니다. 오답을 관리할 때는 실수의 원인을 유형별로 나누고 조금씩 기준을 높이면 학습 리듬을 유지할 수 있습니다. 학습 습관을 만들 때는 배운 내용을 자신의 말로 설명하고 완료 여부보다 이해 과정을 살피는 것이 중요합니다. 점검한 오답 내용을 다음 계획에 구체적으로 반영하면 꾸준한 학습 흐름을 만드는 데 도움이 됩니다.,opening_018|body_general_096|body_middle_013|body_general_036|body_general_124|body_general_018|ending_037,description_general_022|description_general_025|description_general_071|description_general_051,body_general|body_middle|description_general|endings|openings,title_pattern_015,복습 주기와 학습량을 함께 조절하는,학습 기록을 활용하는 방법을 정리합니다,grade_only,세종특별자치시|중학생|과외,0
keyword_combination,region,울산광역시,중구,성안동,,성안동,,,고등,,false,고등학생,국영수과외,성안동 고등과외,성안동고등과외,성안동 고등과외 과목별 접근법을 안내합니다 학습 방향을 함께 살펴봅니다 시험 준비을 함께 살펴봅니다,성안동 고등과외를 살펴볼 때에는 복습 과정은 모르는 부분을 질문으로 바꾸고 기록을 남기면 다음 계획의 기준이 분명해집니다. 복습 과정은 모르는 부분을 질문으로 바꾸고 반복 시점을 정해 두면 학습 공백을 줄일 수 있습니다. 복습 과정은 과목별 우선순위를 나누어 보고 스스로 설명하는 시간을 더하면 이해가 선명해집니다. 복습 과정은 하루에 실천할 분량을 구체적으로 정하고 기록을 남기면 다음 계획의 기준이 분명해집니다. 학습한 내용과 실제 수행 결과를 비교하면 다음 공부의 우선순위를 더 구체적으로 정할 수 있습니다.,성안동 고등과외를 알아볼 때에는 목표에 맞는 학습을 준비하려면 배운 내용을 스스로 설명해 보고 점검 기준을 세우는 데 있습니다. 오답을 관리할 때는 질문의 핵심을 한 문장으로 적고 완료 여부보다 이해 과정을 살피는 것이 중요합니다. 고등학생은 개념의 연결 관계와 출제 조건을 확인하고 취약 영역을 다음 계획에 바로 반영할 수 있습니다. 오답을 관리할 때는 문제의 조건과 요구 사항을 구분하고 완료 여부보다 이해 과정을 살피는 것이 중요합니다. 복습을 진행할 때는 이해한 내용과 어려운 내용을 구분하고 조금씩 기준을 높이면 학습 리듬을 유지할 수 있습니다. 학습 습관을 만들 때는 현재 가능한 분량부터 정하고 조금씩 기준을 높이면 학습 리듬을 유지할 수 있습니다. 반복해서 익힌 습관을 완료한 뒤 이유까지 돌아보면 꾸준한 학습 흐름을 만드는 데 도움이 됩니다.,opening_040|body_general_138|body_high_007|body_general_148|body_general_059|body_general_004|ending_029,description_general_065|description_general_064|description_general_068|description_general_050,body_general|body_high|description_general|endings|openings,title_pattern_031,집중 시간과 공부 분량을 알맞게 나누는,과목별 접근법을 안내합니다,grade_only,성안동|고등|과외,0
keyword_combination,region,인천광역시,계양구,,,계양구,,,고등학생,,false,고등학생,국영수과외,계양구 고등학생과외,계양구고등학생과외,계양구 고등학생과외 학습 기준을 정리합니다 학습 방향을 함께 살펴봅니다 시험 준비을 함께 살펴봅니다,계양구 고등학생과외를 살펴볼 때에는 복습 과정은 모르는 부분을 질문으로 바꾸고 기록을 남기면 다음 계획의 기준이 분명해집니다. 복습 과정은 주간 목표와 실제 결과를 비교하고 반복 시점을 정해 두면 학습 공백을 줄일 수 있습니다. 학습 계획은 틀린 이유를 짧게 설명해 보고 반복 시점을 정해 두면 학습 공백을 줄일 수 있습니다. 복습 과정은 풀이 과정의 근거를 확인하고 스스로 설명하는 시간을 더하면 이해가 선명해집니다. 학습한 내용과 실제 수행 결과를 비교하면 다음 공부의 우선순위를 더 구체적으로 정할 수 있습니다.,계양구 고등학생과외를 알아볼 때에는 현재의 학습 상태를 이해하려면 과목별 습관과 오답의 원인을 살피고 점검 기준을 세우는 데 있습니다. 복습을 진행할 때는 현재 가능한 분량부터 정하고 다음 공부에 반영하는 과정이 필요합니다. 고등 과정에서는 주간 진도와 누적 복습의 비율을 조정하고 학습 우선순위를 정하는 기준이 필요합니다. 복습을 진행할 때는 이해한 내용과 어려운 내용을 구분하고 정해진 시점에 다시 확인하면 기억을 오래 유지하는 데 도움이 됩니다. 복습을 진행할 때는 짧은 목표를 세운 뒤 결과를 기록하고 조금씩 기준을 높이면 학습 리듬을 유지할 수 있습니다. 학습 습관을 만들 때는 계획과 실제 수행량의 차이를 확인하고 완료 여부보다 이해 과정을 살피는 것이 중요합니다. 작게 나눈 목표를 완료한 뒤 이유까지 돌아보면 꾸준한 학습 흐름을 만드는 데 도움이 됩니다.,opening_013|body_general_051|body_high_041|body_general_060|body_general_064|body_general_033|ending_034,description_general_065|description_general_079|description_general_014|description_general_073,body_general|body_high|description_general|endings|openings,title_pattern_006,반복 학습의 시점과 방법을 조정하는,학습 기준을 정리합니다,grade_only,계양구|고등학생|과외,0
keyword_combination,region,전라남도,여수시,여서동,,여서동,,,초등,영어,false,초등학생,영어,여서동 초등 영어과외,여서동초등영어과외,여서동 초등 영어과외 과목별 공부 순서를 균형 있게 살펴보는 취약 부분을 보완하는 흐름을 알아봅니다,여서동 초등 영어과외를 살펴볼 때에는 학습 계획은 틀린 이유를 짧게 설명해 보고 기록을 남기면 다음 계획의 기준이 분명해집니다. 학습 계획은 하루에 실천할 분량을 구체적으로 정하고 스스로 설명하는 시간을 더하면 이해가 선명해집니다. 학습 계획은 하루에 실천할 분량을 구체적으로 정하고 작은 단위로 조정하면 꾸준히 이어가기 쉽습니다. 복습 과정은 주간 목표와 실제 결과를 비교하고 기록을 남기면 다음 계획의 기준이 분명해집니다. 학습한 내용과 실제 수행 결과를 비교하면 다음 공부의 우선순위를 더 구체적으로 정할 수 있습니다.,여서동 초등 영어과외를 알아볼 때에는 매일의 학습을 안정적으로 이어가려면 실천할 수 있는 분량과 순서를 정하고 점검 기준을 세우는 데 있습니다. 학습 습관을 만들 때는 계획과 실제 수행량의 차이를 확인하고 조금씩 기준을 높이면 학습 리듬을 유지할 수 있습니다. 기초 학습 단계에서는 쉬운 문제부터 차례로 해결하며 작은 성취를 자주 확인하는 방식이 알맞습니다. 영어 독해를 진행할 때는 주어와 동사의 관계를 먼저 확인하고 문장 구조를 표시하면 해석의 근거가 분명해집니다. 학습 습관을 만들 때는 현재 가능한 분량부터 정하고 무리하지 않는 범위에서 반복하는 편이 안정적입니다. 복습을 진행할 때는 문제의 조건과 요구 사항을 구분하고 무리하지 않는 범위에서 반복하는 편이 안정적입니다. 이와 같은 과정을 무리하지 않는 범위에서 이어가면 꾸준한 학습 흐름을 만드는 데 도움이 됩니다.,opening_027|body_general_034|body_elementary_057|body_english_054|body_general_002|body_general_097|ending_005,description_general_015|description_general_008|description_general_007|description_general_080,body_elementary|body_english|body_general|description_general|endings|openings,title_pattern_025,과목별 공부 순서를 균형 있게 살펴보는,취약 부분을 보완하는 흐름을 알아봅니다,grade_subject,여서동|초등|영어|과외,0
keyword_combination,region,전북특별자치도,군산시,수송동,,수송동,,,초등,수학,false,초등학생,수학,수송동 초등 수학과외,수송동초등수학과외,수송동 초등 수학과외 서술 과정과 답의 근거를 함께 점검하는 취약 부분을 보완하는 흐름을 알아봅니다,수송동 초등 수학과외를 살펴볼 때에는 학습 계획은 현재 이해한 범위를 먼저 확인하고 기록을 남기면 다음 계획의 기준이 분명해집니다. 학습 계획은 풀이 과정의 근거를 확인하고 기록을 남기면 다음 계획의 기준이 분명해집니다. 학습 계획은 과목별 우선순위를 나누어 보고 다음 단계로 연결하는 방식이 좋습니다. 복습 과정은 하루에 실천할 분량을 구체적으로 정하고 기록을 남기면 다음 계획의 기준이 분명해집니다. 학습한 내용과 실제 수행 결과를 비교하면 다음 공부의 우선순위를 더 구체적으로 정할 수 있습니다.,수송동 초등 수학과외를 알아볼 때에는 목표에 맞는 학습을 준비하려면 목표와 사용할 시간을 구체적으로 연결하고 점검 기준을 세우는 데 있습니다. 학습 습관을 만들 때는 실수의 원인을 유형별로 나누고 무리하지 않는 범위에서 반복하는 편이 안정적입니다. 기초 학습 단계에서는 짧은 시간에 한 가지 목표를 마치고 반복할 내용을 스스로 고르게 하면 참여도가 높아집니다. 수학 응용 문제를 풀 때는 정의와 조건을 먼저 확인하고 비슷한 유형에 적용하며 이해를 확인하는 것이 좋습니다. 오답을 관리할 때는 이해한 내용과 어려운 내용을 구분하고 다음 공부에 반영하는 과정이 필요합니다. 복습을 진행할 때는 중요한 개념을 서로 연결하고 조금씩 기준을 높이면 학습 리듬을 유지할 수 있습니다. 이와 같은 과정을 정해진 주기로 다시 살펴보면 꾸준한 학습 흐름을 만드는 데 도움이 됩니다.,opening_039|body_general_022|body_elementary_050|body_math_049|body_general_106|body_general_094|ending_003,description_general_005|description_general_035|description_general_026|description_general_050,body_elementary|body_general|body_math|description_general|endings|openings,title_pattern_013,서술 과정과 답의 근거를 함께 점검하는,취약 부분을 보완하는 흐름을 알아봅니다,grade_subject,수송동|초등|수학|과외,0
keyword_combination,region,제주특별자치도,제주시,용담삼동,,용담삼동,,,초등,과학,false,초등학생,과학,용담삼동 초등 과학과외,용담삼동초등과학과외,용담삼동 초등 과학과외 스스로 공부하는 기준을 조금씩 세우는 취약 부분을 보완하는 흐름을 알아봅니다,용담삼동 초등 과학과외를 살펴볼 때에는 복습 과정은 모르는 부분을 질문으로 바꾸고 작은 단위로 조정하면 꾸준히 이어가기 쉽습니다. 복습 과정은 모르는 부분을 질문으로 바꾸고 다음 단계로 연결하는 방식이 좋습니다. 학습 계획은 과목별 우선순위를 나누어 보고 기록을 남기면 다음 계획의 기준이 분명해집니다. 복습 과정은 공부한 내용을 기억에서 꺼내 보고 기록을 남기면 다음 계획의 기준이 분명해집니다. 학습한 내용과 실제 수행 결과를 비교하면 다음 공부의 우선순위를 더 구체적으로 정할 수 있습니다.,용담삼동 초등 과학과외를 알아볼 때에는 효율적인 공부 흐름을 만들려면 목표와 사용할 시간을 구체적으로 연결하고 점검 기준을 세우는 데 있습니다. 학습 습관을 만들 때는 배운 내용을 자신의 말로 설명하고 다음 공부에 반영하는 과정이 필요합니다. 초등 과정에서는 짧은 시간에 한 가지 목표를 마치고 작은 성취를 자주 확인하는 방식이 알맞습니다. 과학 탐구 과정을 살펴볼 때는 개념이 실제 상황에 적용되는 과정을 설명하고 예상과 결과의 차이를 돌아보는 과정이 필요합니다. 복습을 진행할 때는 이해한 내용과 어려운 내용을 구분하고 무리하지 않는 범위에서 반복하는 편이 안정적입니다. 오답을 관리할 때는 실수의 원인을 유형별로 나누고 정해진 시점에 다시 확인하면 기억을 오래 유지하는 데 도움이 됩니다. 점검한 오답 내용을 다음 계획에 구체적으로 반영하면 꾸준한 학습 흐름을 만드는 데 도움이 됩니다.,opening_024|body_general_016|body_elementary_025|body_science_077|body_general_057|body_general_125|ending_037,description_general_062|description_general_061|description_general_030|description_general_060,body_elementary|body_general|body_science|description_general|endings|openings,title_pattern_032,스스로 공부하는 기준을 조금씩 세우는,취약 부분을 보완하는 흐름을 알아봅니다,grade_subject,용담삼동|초등|과학|과외,0
keyword_combination,region,충청남도,논산시,청동,,청동,,,초등,국어,false,초등학생,국어,청동 초등 국어과외,청동초등국어과외,청동 초등 국어과외 학습 기준을 정리합니다 학습 방향을 함께 살펴봅니다 시험 준비을 함께 살펴봅니다,청동 초등 국어과외를 살펴볼 때에는 복습 과정은 하루에 실천할 분량을 구체적으로 정하고 작은 단위로 조정하면 꾸준히 이어가기 쉽습니다. 복습 과정은 모르는 부분을 질문으로 바꾸고 스스로 설명하는 시간을 더하면 이해가 선명해집니다. 학습 계획은 하루에 실천할 분량을 구체적으로 정하고 작은 단위로 조정하면 꾸준히 이어가기 쉽습니다. 학습 계획은 주간 목표와 실제 결과를 비교하고 다음 단계로 연결하는 방식이 좋습니다. 학습한 내용과 실제 수행 결과를 비교하면 다음 공부의 우선순위를 더 구체적으로 정할 수 있습니다.,청동 초등 국어과외를 알아볼 때에는 꾸준한 학습을 위해서는 실천할 수 있는 분량과 순서를 정하고 점검 기준을 세우는 데 있습니다. 학습 습관을 만들 때는 계획과 실제 수행량의 차이를 확인하고 조금씩 기준을 높이면 학습 리듬을 유지할 수 있습니다. 초등학생은 완료한 공부를 눈에 보이게 기록하고 매일 비슷한 시간에 시작하면 습관을 만들기 쉽습니다. 국어 독해에서는 주장과 뒷받침 내용을 나누어 정리하고 근거와 결론을 함께 적으면 답안이 선명해집니다. 오답을 관리할 때는 중요한 개념을 서로 연결하고 완료 여부보다 이해 과정을 살피는 것이 중요합니다. 오답을 관리할 때는 짧은 목표를 세운 뒤 결과를 기록하고 조금씩 기준을 높이면 학습 리듬을 유지할 수 있습니다. 반복해서 익힌 습관을 다음 계획에 구체적으로 반영하면 꾸준한 학습 흐름을 만드는 데 도움이 됩니다.,opening_007|body_general_034|body_elementary_020|body_korean_022|body_general_143|body_general_114|ending_027,description_general_047|description_general_063|description_general_007|description_general_036,body_elementary|body_general|body_korean|description_general|endings|openings,title_pattern_023,매일 이어갈 수 있는 학습 리듬을 만드는,학습 기준을 정리합니다,grade_subject,청동|초등|국어|과외,0
keyword_combination,region,충청북도,단양군,단양군평동,,단양군평동,,,초등,영수,false,초등학생,영수,단양군평동 초등 영수과외,단양군평동초등영수과외,단양군평동 초등 영수과외 복습 주기와 학습량을 함께 조절하는 학습 기록을 활용하는 방법을 정리합니다,단양군평동 초등 영수과외를 살펴볼 때에는 복습 과정은 주간 목표와 실제 결과를 비교하고 다음 단계로 연결하는 방식이 좋습니다. 학습 계획은 풀이 과정의 근거를 확인하고 작은 단위로 조정하면 꾸준히 이어가기 쉽습니다. 학습 계획은 모르는 부분을 질문으로 바꾸고 반복 시점을 정해 두면 학습 공백을 줄일 수 있습니다. 학습 계획은 공부한 내용을 기억에서 꺼내 보고 작은 단위로 조정하면 꾸준히 이어가기 쉽습니다. 학습한 내용과 실제 수행 결과를 비교하면 다음 공부의 우선순위를 더 구체적으로 정할 수 있습니다.,단양군평동 초등 영수과외를 알아볼 때에는 목표에 맞는 학습을 준비하려면 배운 내용을 스스로 설명해 보고 점검 기준을 세우는 데 있습니다. 복습을 진행할 때는 계획과 실제 수행량의 차이를 확인하고 정해진 시점에 다시 확인하면 기억을 오래 유지하는 데 도움이 됩니다. 초등 과정에서는 교과서의 핵심 내용을 생활 속 예와 연결하고 정답보다 생각한 순서를 칭찬하는 태도가 도움이 됩니다. 영수 학습 계획을 세울 때는 어휘 오답과 계산 실수를 다른 기준으로 기록하고 과목별 부담이 한쪽으로 치우치는 것을 줄일 수 있습니다. 학습 습관을 만들 때는 실수의 원인을 유형별로 나누고 정해진 시점에 다시 확인하면 기억을 오래 유지하는 데 도움이 됩니다. 복습을 진행할 때는 이해한 내용과 어려운 내용을 구분하고 완료 여부보다 이해 과정을 살피는 것이 중요합니다. 이와 같은 과정을 정해진 주기로 다시 살펴보면 꾸준한 학습 흐름을 만드는 데 도움이 됩니다.,opening_040|body_general_085|body_elementary_039|body_english_math_007|body_general_025|body_general_058|ending_003,description_general_076|description_general_032|description_general_024|description_general_017,body_elementary|body_english_math|body_general|description_general|endings|openings,title_pattern_004,복습 주기와 학습량을 함께 조절하는,학습 기록을 활용하는 방법을 정리합니다,grade_subject,단양군평동|초등|영수|과외,0
keyword_combination,region,강원특별자치도,태백시,황지동,,황지동,,,초등학생,영어,false,초등학생,영어,황지동 초등학생 영어과외,황지동초등학생영어과외,황지동 초등학생 영어과외 어휘 복습과 독해 문제 접근 기준을 살펴봅니다 학습 방향을 함께 살펴봅니다,황지동 초등학생 영어과외를 살펴볼 때에는 학습 계획은 풀이 과정의 근거를 확인하고 다음 단계로 연결하는 방식이 좋습니다. 학습 계획은 모르는 부분을 질문으로 바꾸고 작은 단위로 조정하면 꾸준히 이어가기 쉽습니다. 학습 계획은 모르는 부분을 질문으로 바꾸고 기록을 남기면 다음 계획의 기준이 분명해집니다. 학습 계획은 주간 목표와 실제 결과를 비교하고 작은 단위로 조정하면 꾸준히 이어가기 쉽습니다. 학습한 내용과 실제 수행 결과를 비교하면 다음 공부의 우선순위를 더 구체적으로 정할 수 있습니다.,황지동 초등학생 영어과외를 알아볼 때에는 과외 학습의 방향을 세울 때는 배운 내용을 스스로 설명해 보고 점검 기준을 세우는 데 있습니다. 오답을 관리할 때는 집중이 유지되는 시간을 기준으로 쉬는 때를 정하고 정해진 시점에 다시 확인하면 기억을 오래 유지하는 데 도움이 됩니다. 초등학생은 읽고 쓰고 계산한 과정을 말로 설명하고 작은 성취를 자주 확인하는 방식이 알맞습니다. 영어 문장을 해석할 때는 단어를 문장 속 의미와 함께 기억하고 반복해서 만나는 표현을 따로 모아 복습할 수 있습니다. 학습 습관을 만들 때는 집중이 유지되는 시간을 기준으로 쉬는 때를 정하고 다음 공부에 반영하는 과정이 필요합니다. 복습을 진행할 때는 현재 가능한 분량부터 정하고 정해진 시점에 다시 확인하면 기억을 오래 유지하는 데 도움이 됩니다. 정리한 학습 기준을 정해진 주기로 다시 살펴보면 꾸준한 학습 흐름을 만드는 데 도움이 됩니다.,opening_020|body_general_130|body_elementary_005|body_english_028|body_general_026|body_general_055|ending_008,description_general_031|description_general_022|description_general_025|description_general_037,body_elementary|body_english|body_general|description_general|endings|openings,title_pattern_008,매일 이어갈 수 있는 학습 리듬을 만드는,자기주도학습 방법을 살펴봅니다,grade_subject,황지동|초등학생|영어|과외,0
keyword_combination,region,경기도,용인시,상현동,,상현동,,,초등학생,수학,false,초등학생,수학,상현동 초등학생 수학과외,상현동초등학생수학과외,상현동 초등학생 수학과외 집중 시간과 공부 분량을 알맞게 나누는 교과 진도에 맞는 계획을 알아봅니다,상현동 초등학생 수학과외를 살펴볼 때에는 복습 과정은 과목별 우선순위를 나누어 보고 다음 단계로 연결하는 방식이 좋습니다. 학습 계획은 공부한 내용을 기억에서 꺼내 보고 스스로 설명하는 시간을 더하면 이해가 선명해집니다. 복습 과정은 틀린 이유를 짧게 설명해 보고 반복 시점을 정해 두면 학습 공백을 줄일 수 있습니다. 학습 계획은 모르는 부분을 질문으로 바꾸고 다음 단계로 연결하는 방식이 좋습니다. 학습한 내용과 실제 수행 결과를 비교하면 다음 공부의 우선순위를 더 구체적으로 정할 수 있습니다.,상현동 초등학생 수학과외를 알아볼 때에는 공부의 출발점은 과목별 습관과 오답의 원인을 살피고 점검 기준을 세우는 데 있습니다. 오답을 관리할 때는 배운 내용을 자신의 말로 설명하고 무리하지 않는 범위에서 반복하는 편이 안정적입니다. 초등 과정에서는 집중할 분량과 쉬는 시간을 함께 정하고 작은 성취를 자주 확인하는 방식이 알맞습니다. 수학 계산을 점검할 때는 각 단계에서 사용한 근거를 짧게 적고 조건이 달라졌을 때의 변화를 살펴보면 응용력이 자랍니다. 복습을 진행할 때는 질문의 핵심을 한 문장으로 적고 완료 여부보다 이해 과정을 살피는 것이 중요합니다. 학습 습관을 만들 때는 이해한 내용과 어려운 내용을 구분하고 조금씩 기준을 높이면 학습 리듬을 유지할 수 있습니다. 이와 같은 과정을 현재 수준에 맞게 조금씩 조정하면 꾸준한 학습 흐름을 만드는 데 도움이 됩니다.,opening_003|body_general_117|body_elementary_045|body_math_048|body_general_088|body_general_009|ending_001,description_general_066|description_general_018|description_general_054|description_general_021,body_elementary|body_general|body_math|description_general|endings|openings,title_pattern_004,집중 시간과 공부 분량을 알맞게 나누는,교과 진도에 맞는 계획을 알아봅니다,grade_subject,상현동|초등학생|수학|과외,0
keyword_combination,region,경상남도,창원시,신촌동,,신촌동,,,초등학생,과학,false,초등학생,과학,신촌동 초등학생 과학과외,신촌동초등학생과학과외,신촌동 초등학생 과학과외 개념 이해와 탐구 자료 해석 방향을 정리합니다 학습 방향을 함께 살펴봅니다,신촌동 초등학생 과학과외를 살펴볼 때에는 학습 계획은 틀린 이유를 짧게 설명해 보고 반복 시점을 정해 두면 학습 공백을 줄일 수 있습니다. 학습 계획은 틀린 이유를 짧게 설명해 보고 작은 단위로 조정하면 꾸준히 이어가기 쉽습니다. 학습 계획은 공부한 내용을 기억에서 꺼내 보고 작은 단위로 조정하면 꾸준히 이어가기 쉽습니다. 학습 계획은 현재 이해한 범위를 먼저 확인하고 작은 단위로 조정하면 꾸준히 이어가기 쉽습니다. 학습한 내용과 실제 수행 결과를 비교하면 다음 공부의 우선순위를 더 구체적으로 정할 수 있습니다.,신촌동 초등학생 과학과외를 알아볼 때에는 목표에 맞는 학습을 준비하려면 실천할 수 있는 분량과 순서를 정하고 점검 기준을 세우는 데 있습니다. 오답을 관리할 때는 계획과 실제 수행량의 차이를 확인하고 무리하지 않는 범위에서 반복하는 편이 안정적입니다. 초등학생은 짧은 시간에 한 가지 목표를 마치고 반복할 내용을 스스로 고르게 하면 참여도가 높아집니다. 과학 개념을 이해할 때는 핵심 용어를 자신의 말로 풀어 보고 새로운 문제에서도 같은 원리를 찾아볼 수 있습니다. 학습 습관을 만들 때는 집중이 유지되는 시간을 기준으로 쉬는 때를 정하고 조금씩 기준을 높이면 학습 리듬을 유지할 수 있습니다. 학습 습관을 만들 때는 집중이 유지되는 시간을 기준으로 쉬는 때를 정하고 정해진 시점에 다시 확인하면 기억을 오래 유지하는 데 도움이 됩니다. 작게 나눈 목표를 완료한 뒤 이유까지 돌아보면 꾸준한 학습 흐름을 만드는 데 도움이 됩니다.,opening_037|body_general_132|body_elementary_002|body_science_018|body_general_029|body_general_030|ending_034,description_general_014|description_general_012|description_general_017|description_general_002,body_elementary|body_general|body_science|description_general|endings|openings,title_pattern_009,핵심 개념의 연결 관계를 다시 보는,자기주도학습 방법을 살펴봅니다,grade_subject,신촌동|초등학생|과학|과외,0
keyword_combination,region,경상북도,김천시,교동,,교동,,,초등학생,국어,false,초등학생,국어,교동 초등학생 국어과외,교동초등학생국어과외,교동 초등학생 국어과외 지문 이해와 답의 근거를 찾는 과정을 살펴봅니다 학습 방향을 함께 살펴봅니다,교동 초등학생 국어과외를 살펴볼 때에는 학습 계획은 현재 이해한 범위를 먼저 확인하고 다음 단계로 연결하는 방식이 좋습니다. 복습 과정은 현재 이해한 범위를 먼저 확인하고 스스로 설명하는 시간을 더하면 이해가 선명해집니다. 복습 과정은 하루에 실천할 분량을 구체적으로 정하고 반복 시점을 정해 두면 학습 공백을 줄일 수 있습니다. 학습 계획은 주간 목표와 실제 결과를 비교하고 다음 단계로 연결하는 방식이 좋습니다. 학습한 내용과 실제 수행 결과를 비교하면 다음 공부의 우선순위를 더 구체적으로 정할 수 있습니다.,교동 초등학생 국어과외를 알아볼 때에는 공부의 출발점은 목표와 사용할 시간을 구체적으로 연결하고 점검 기준을 세우는 데 있습니다. 오답을 관리할 때는 질문의 핵심을 한 문장으로 적고 조금씩 기준을 높이면 학습 리듬을 유지할 수 있습니다. 초등학생은 짧은 시간에 한 가지 목표를 마치고 매일 비슷한 시간에 시작하면 습관을 만들기 쉽습니다. 문학 작품을 읽을 때는 문단의 중심 내용과 연결 관계를 표시하고 읽은 뒤 짧게 요약하면 이해 여부를 확인할 수 있습니다. 오답을 관리할 때는 배운 내용을 자신의 말로 설명하고 다음 공부에 반영하는 과정이 필요합니다. 오답을 관리할 때는 짧은 목표를 세운 뒤 결과를 기록하고 정해진 시점에 다시 확인하면 기억을 오래 유지하는 데 도움이 됩니다. 과목별로 남긴 기록을 현재 수준에 맞게 조금씩 조정하면 꾸준한 학습 흐름을 만드는 데 도움이 됩니다.,opening_004|body_general_139|body_elementary_004|body_korean_051|body_general_116|body_general_115|ending_021,description_general_001|description_general_043|description_general_049|description_general_036,body_elementary|body_general|body_korean|description_general|endings|openings,title_pattern_013,실수를 유형별로 나누어 돌아보는,취약 부분을 보완하는 흐름을 알아봅니다,grade_subject,교동|초등학생|국어|과외,0
keyword_combination,region,광주광역시,광산구,운수동,,운수동,,,초등학생,영수,false,초등학생,영수,운수동 초등학생 영수과외,운수동초등학생영수과외,운수동 초등학생 영수과외 서술 과정과 답의 근거를 함께 점검하는 교과 진도에 맞는 계획을 알아봅니다,운수동 초등학생 영수과외를 살펴볼 때에는 복습 과정은 과목별 우선순위를 나누어 보고 다음 단계로 연결하는 방식이 좋습니다. 학습 계획은 현재 이해한 범위를 먼저 확인하고 작은 단위로 조정하면 꾸준히 이어가기 쉽습니다. 복습 과정은 과목별 우선순위를 나누어 보고 작은 단위로 조정하면 꾸준히 이어가기 쉽습니다. 학습 계획은 모르는 부분을 질문으로 바꾸고 스스로 설명하는 시간을 더하면 이해가 선명해집니다. 학습한 내용과 실제 수행 결과를 비교하면 다음 공부의 우선순위를 더 구체적으로 정할 수 있습니다.,운수동 초등학생 영수과외를 알아볼 때에는 꾸준한 학습을 위해서는 현재 알고 있는 내용과 어려운 부분을 구분하고 점검 기준을 세우는 데 있습니다. 학습 습관을 만들 때는 배운 내용을 자신의 말로 설명하고 다음 공부에 반영하는 과정이 필요합니다. 초등 과정에서는 짧은 시간에 한 가지 목표를 마치고 반복할 내용을 스스로 고르게 하면 참여도가 높아집니다. 영수 학습 계획을 세울 때는 주간 결과에서 부족한 과목의 시간을 보완하고 과목별 부담이 한쪽으로 치우치는 것을 줄일 수 있습니다. 복습을 진행할 때는 배운 내용을 자신의 말로 설명하고 무리하지 않는 범위에서 반복하는 편이 안정적입니다. 복습을 진행할 때는 현재 가능한 분량부터 정하고 무리하지 않는 범위에서 반복하는 편이 안정적입니다. 정리한 학습 기준을 현재 수준에 맞게 조금씩 조정하면 꾸준한 학습 흐름을 만드는 데 도움이 됩니다.,opening_006|body_general_016|body_elementary_026|body_english_math_032|body_general_067|body_general_052|ending_006,description_general_066|description_general_002|description_general_067|description_general_023,body_elementary|body_english_math|body_general|description_general|endings|openings,title_pattern_030,서술 과정과 답의 근거를 함께 점검하는,교과 진도에 맞는 계획을 알아봅니다,grade_subject,운수동|초등학생|영수|과외,0
keyword_combination,region,대구광역시,동구,신서동,,신서동,,,중등,영어,false,중학생,영어,신서동 중등 영어과외,신서동중등영어과외,신서동 중등 영어과외 단기 목표와 누적 복습을 함께 배치하는 취약 부분을 보완하는 흐름을 알아봅니다,신서동 중등 영어과외를 살펴볼 때에는 복습 과정은 틀린 이유를 짧게 설명해 보고 반복 시점을 정해 두면 학습 공백을 줄일 수 있습니다. 학습 계획은 과목별 우선순위를 나누어 보고 반복 시점을 정해 두면 학습 공백을 줄일 수 있습니다. 학습 계획은 하루에 실천할 분량을 구체적으로 정하고 기록을 남기면 다음 계획의 기준이 분명해집니다. 학습 계획은 주간 목표와 실제 결과를 비교하고 다음 단계로 연결하는 방식이 좋습니다. 학습한 내용과 실제 수행 결과를 비교하면 다음 공부의 우선순위를 더 구체적으로 정할 수 있습니다.,신서동 중등 영어과외를 알아볼 때에는 꾸준한 학습을 위해서는 실천할 수 있는 분량과 순서를 정하고 점검 기준을 세우는 데 있습니다. 오답을 관리할 때는 현재 가능한 분량부터 정하고 완료 여부보다 이해 과정을 살피는 것이 중요합니다. 중학생은 과목별 시험 범위와 일정을 먼저 나누고 스스로 점검할 기준이 한층 분명해집니다. 영어 어휘를 익힐 때는 연결 표현을 기준으로 문단 흐름을 나누고 읽은 내용을 한 문장으로 요약하는 연습이 유용합니다. 학습 습관을 만들 때는 중요한 개념을 서로 연결하고 무리하지 않는 범위에서 반복하는 편이 안정적입니다. 복습을 진행할 때는 중요한 개념을 서로 연결하고 조금씩 기준을 높이면 학습 리듬을 유지할 수 있습니다. 스스로 세운 계획을 무리하지 않는 범위에서 이어가면 꾸준한 학습 흐름을 만드는 데 도움이 됩니다.,opening_007|body_general_103|body_middle_004|body_english_011|body_general_042|body_general_094|ending_020,description_general_054|description_general_029|description_general_010|description_general_036,body_english|body_general|body_middle|description_general|endings|openings,title_pattern_007,단기 목표와 누적 복습을 함께 배치하는,취약 부분을 보완하는 흐름을 알아봅니다,grade_subject,신서동|중등|영어|과외,0
keyword_combination,region,대전광역시,유성구,,,유성구,,,중등,수학,false,중학생,수학,유성구 중등 수학과외,유성구중등수학과외,유성구 중등 수학과외 집중 시간과 공부 분량을 알맞게 나누는 학습 기록을 활용하는 방법을 정리합니다,유성구 중등 수학과외를 살펴볼 때에는 복습 과정은 공부한 내용을 기억에서 꺼내 보고 반복 시점을 정해 두면 학습 공백을 줄일 수 있습니다. 학습 계획은 하루에 실천할 분량을 구체적으로 정하고 작은 단위로 조정하면 꾸준히 이어가기 쉽습니다. 학습 계획은 틀린 이유를 짧게 설명해 보고 스스로 설명하는 시간을 더하면 이해가 선명해집니다. 학습 계획은 과목별 우선순위를 나누어 보고 다음 단계로 연결하는 방식이 좋습니다. 학습한 내용과 실제 수행 결과를 비교하면 다음 공부의 우선순위를 더 구체적으로 정할 수 있습니다.,유성구 중등 수학과외를 알아볼 때에는 효율적인 공부 흐름을 만들려면 배운 내용을 스스로 설명해 보고 점검 기준을 세우는 데 있습니다. 복습을 진행할 때는 이해한 내용과 어려운 내용을 구분하고 정해진 시점에 다시 확인하면 기억을 오래 유지하는 데 도움이 됩니다. 내신 준비 기간에는 교과 개념과 문제 유형을 연결하고 스스로 점검할 기준이 한층 분명해집니다. 수학 계산을 점검할 때는 계산 순서와 부호를 단계별로 살피고 검산하는 순서를 정하면 실수를 줄이는 데 도움이 됩니다. 오답을 관리할 때는 실수의 원인을 유형별로 나누고 조금씩 기준을 높이면 학습 리듬을 유지할 수 있습니다. 복습을 진행할 때는 문제의 조건과 요구 사항을 구분하고 다음 공부에 반영하는 과정이 필요합니다. 매주 확인한 결과를 완료한 뒤 이유까지 돌아보면 꾸준한 학습 흐름을 만드는 데 도움이 됩니다.,opening_025|body_general_060|body_middle_056|body_math_030|body_general_124|body_general_096|ending_014,description_general_059|description_general_007|description_general_013|description_general_026,body_general|body_math|body_middle|description_general|endings|openings,title_pattern_023,집중 시간과 공부 분량을 알맞게 나누는,학습 기록을 활용하는 방법을 정리합니다,grade_subject,유성구|중등|수학|과외,0
keyword_combination,region,부산광역시,강서구,,,강서구,,,중등,과학,false,중학생,과학,강서구 중등 과학과외,강서구중등과학과외,강서구 중등 과학과외 교과 내용을 자신의 말로 설명해 보는 학습 기록을 활용하는 방법을 정리합니다,강서구 중등 과학과외를 살펴볼 때에는 학습 계획은 과목별 우선순위를 나누어 보고 다음 단계로 연결하는 방식이 좋습니다. 학습 계획은 과목별 우선순위를 나누어 보고 작은 단위로 조정하면 꾸준히 이어가기 쉽습니다. 학습 계획은 현재 이해한 범위를 먼저 확인하고 다음 단계로 연결하는 방식이 좋습니다. 복습 과정은 풀이 과정의 근거를 확인하고 작은 단위로 조정하면 꾸준히 이어가기 쉽습니다. 학습한 내용과 실제 수행 결과를 비교하면 다음 공부의 우선순위를 더 구체적으로 정할 수 있습니다.,강서구 중등 과학과외를 알아볼 때에는 새로운 내용을 익히기 전에는 배운 내용을 스스로 설명해 보고 점검 기준을 세우는 데 있습니다. 오답을 관리할 때는 배운 내용을 자신의 말로 설명하고 정해진 시점에 다시 확인하면 기억을 오래 유지하는 데 도움이 됩니다. 중등 과정에서는 풀이와 답의 근거를 문장으로 정리하고 시험 직전의 학습 부담을 낮추는 데 도움이 됩니다. 과학 탐구 과정을 살펴볼 때는 관찰한 현상과 원인을 구분하고 예상과 결과의 차이를 돌아보는 과정이 필요합니다. 학습 습관을 만들 때는 짧은 목표를 세운 뒤 결과를 기록하고 조금씩 기준을 높이면 학습 리듬을 유지할 수 있습니다. 학습 습관을 만들 때는 집중이 유지되는 시간을 기준으로 쉬는 때를 정하고 정해진 시점에 다시 확인하면 기억을 오래 유지하는 데 도움이 됩니다. 이와 같은 과정을 무리하지 않는 범위에서 이어가면 꾸준한 학습 흐름을 만드는 데 도움이 됩니다.,opening_035|body_general_120|body_middle_047|body_science_042|body_general_014|body_general_030|ending_005,description_general_026|description_general_027|description_general_001|description_general_072,body_general|body_middle|body_science|description_general|endings|openings,title_pattern_012,교과 내용을 자신의 말로 설명해 보는,학습 기록을 활용하는 방법을 정리합니다,grade_subject,강서구|중등|과학|과외,0
keyword_combination,region,서울특별시,용산구,보광동,,보광동,,,중등,국어,false,중학생,국어,보광동 중등 국어과외,보광동중등국어과외,보광동 중등 국어과외 국어 독해와 서술형 답안의 학습 방향을 정리합니다 시험 준비을 함께 살펴봅니다,보광동 중등 국어과외를 살펴볼 때에는 복습 과정은 풀이 과정의 근거를 확인하고 다음 단계로 연결하는 방식이 좋습니다. 복습 과정은 하루에 실천할 분량을 구체적으로 정하고 작은 단위로 조정하면 꾸준히 이어가기 쉽습니다. 학습 계획은 하루에 실천할 분량을 구체적으로 정하고 스스로 설명하는 시간을 더하면 이해가 선명해집니다. 학습 계획은 주간 목표와 실제 결과를 비교하고 작은 단위로 조정하면 꾸준히 이어가기 쉽습니다. 학습한 내용과 실제 수행 결과를 비교하면 다음 공부의 우선순위를 더 구체적으로 정할 수 있습니다.,보광동 중등 국어과외를 알아볼 때에는 과외 학습의 방향을 세울 때는 실천할 수 있는 분량과 순서를 정하고 점검 기준을 세우는 데 있습니다. 오답을 관리할 때는 짧은 목표를 세운 뒤 결과를 기록하고 정해진 시점에 다시 확인하면 기억을 오래 유지하는 데 도움이 됩니다. 중등 과정에서는 수행평가와 지필평가 일정을 함께 관리하고 시험 직전의 학습 부담을 낮추는 데 도움이 됩니다. 국어 독해에서는 문단의 중심 내용과 연결 관계를 표시하고 읽은 뒤 짧게 요약하면 이해 여부를 확인할 수 있습니다. 복습을 진행할 때는 배운 내용을 자신의 말로 설명하고 조금씩 기준을 높이면 학습 리듬을 유지할 수 있습니다. 학습 습관을 만들 때는 짧은 목표를 세운 뒤 결과를 기록하고 정해진 시점에 다시 확인하면 기억을 오래 유지하는 데 도움이 됩니다. 점검한 오답 내용을 완료한 뒤 이유까지 돌아보면 꾸준한 학습 흐름을 만드는 데 도움이 됩니다.,opening_017|body_general_115|body_middle_043|body_korean_003|body_general_069|body_general_015|ending_039,description_general_071|description_general_047|description_general_008|description_general_037,body_general|body_korean|body_middle|description_general|endings|openings,title_pattern_020,과목별 공부 순서를 균형 있게 살펴보는,취약 부분을 보완하는 흐름을 알아봅니다,grade_subject,보광동|중등|국어|과외,0
keyword_combination,region,세종특별자치시,세종시,도담동,,도담동,,,중등,영수,false,중학생,영수,도담동 중등 영수과외,도담동중등영수과외,도담동 중등 영수과외 풀이 근거와 판단 순서를 꼼꼼히 살피는 취약 부분을 보완하는 흐름을 알아봅니다,도담동 중등 영수과외를 살펴볼 때에는 복습 과정은 공부한 내용을 기억에서 꺼내 보고 반복 시점을 정해 두면 학습 공백을 줄일 수 있습니다. 학습 계획은 풀이 과정의 근거를 확인하고 기록을 남기면 다음 계획의 기준이 분명해집니다. 복습 과정은 현재 이해한 범위를 먼저 확인하고 작은 단위로 조정하면 꾸준히 이어가기 쉽습니다. 학습 계획은 틀린 이유를 짧게 설명해 보고 작은 단위로 조정하면 꾸준히 이어가기 쉽습니다. 학습한 내용과 실제 수행 결과를 비교하면 다음 공부의 우선순위를 더 구체적으로 정할 수 있습니다.,도담동 중등 영수과외를 알아볼 때에는 꾸준한 학습을 위해서는 실천할 수 있는 분량과 순서를 정하고 점검 기준을 세우는 데 있습니다. 학습 습관을 만들 때는 이해한 내용과 어려운 내용을 구분하고 무리하지 않는 범위에서 반복하는 편이 안정적입니다. 중등 과정에서는 수행평가와 지필평가 일정을 함께 관리하고 취약 단원을 주간 계획에 다시 배치할 수 있습니다. 영어와 수학 시간을 배분할 때는 하루 학습량을 실제 가능한 수준으로 나누고 두 과목의 학습 흐름을 안정적으로 이어갈 수 있습니다. 학습 습관을 만들 때는 이해한 내용과 어려운 내용을 구분하고 정해진 시점에 다시 확인하면 기억을 오래 유지하는 데 도움이 됩니다. 학습 습관을 만들 때는 짧은 목표를 세운 뒤 결과를 기록하고 무리하지 않는 범위에서 반복하는 편이 안정적입니다. 점검한 오답 내용을 정해진 주기로 다시 살펴보면 꾸준한 학습 흐름을 만드는 데 도움이 됩니다.,opening_007|body_general_007|body_middle_042|body_english_math_066|body_general_010|body_general_012|ending_038,description_general_059|description_general_035|description_general_042|description_general_012,body_english_math|body_general|body_middle|description_general|endings|openings,title_pattern_012,풀이 근거와 판단 순서를 꼼꼼히 살피는,취약 부분을 보완하는 흐름을 알아봅니다,grade_subject,도담동|중등|영수|과외,0
keyword_combination,region,울산광역시,중구,유곡동,,유곡동,,,중학생,영어,false,중학생,영어,유곡동 중학생 영어과외,유곡동중학생영어과외,유곡동 중학생 영어과외 영어 독해와 문장 해석의 학습 방향을 정리합니다 시험 준비을 함께 살펴봅니다,유곡동 중학생 영어과외를 살펴볼 때에는 학습 계획은 틀린 이유를 짧게 설명해 보고 기록을 남기면 다음 계획의 기준이 분명해집니다. 복습 과정은 풀이 과정의 근거를 확인하고 다음 단계로 연결하는 방식이 좋습니다. 복습 과정은 공부한 내용을 기억에서 꺼내 보고 다음 단계로 연결하는 방식이 좋습니다. 복습 과정은 모르는 부분을 질문으로 바꾸고 반복 시점을 정해 두면 학습 공백을 줄일 수 있습니다. 학습한 내용과 실제 수행 결과를 비교하면 다음 공부의 우선순위를 더 구체적으로 정할 수 있습니다.,유곡동 중학생 영어과외를 알아볼 때에는 효율적인 공부 흐름을 만들려면 현재 알고 있는 내용과 어려운 부분을 구분하고 점검 기준을 세우는 데 있습니다. 오답을 관리할 때는 질문의 핵심을 한 문장으로 적고 다음 공부에 반영하는 과정이 필요합니다. 중등 과정에서는 과목별 시험 범위와 일정을 먼저 나누고 누적 복습 시간을 확보하는 것이 좋습니다. 영어 문장을 해석할 때는 주어와 동사의 관계를 먼저 확인하고 읽은 내용을 한 문장으로 요약하는 연습이 유용합니다. 복습을 진행할 때는 중요한 개념을 서로 연결하고 조금씩 기준을 높이면 학습 리듬을 유지할 수 있습니다. 복습을 진행할 때는 배운 내용을 자신의 말로 설명하고 완료 여부보다 이해 과정을 살피는 것이 중요합니다. 반복해서 익힌 습관을 다음 계획에 구체적으로 반영하면 꾸준한 학습 흐름을 만드는 데 도움이 됩니다.,opening_021|body_general_136|body_middle_025|body_english_031|body_general_094|body_general_068|ending_027,description_general_015|description_general_071|description_general_056|description_general_064,body_english|body_general|body_middle|description_general|endings|openings,title_pattern_012,문제 해결 과정을 근거부터 확인하는,시험 범위별 우선순위를 확인합니다,grade_subject,유곡동|중학생|영어|과외,0
keyword_combination,region,인천광역시,서구,신현동,,신현동,,,중학생,수학,false,중학생,수학,신현동 중학생 수학과외,신현동중학생수학과외,신현동 중학생 수학과외 계산 과정과 오답 관리의 학습 기준을 정리합니다 학습 방향을 함께 살펴봅니다,신현동 중학생 수학과외를 살펴볼 때에는 복습 과정은 모르는 부분을 질문으로 바꾸고 반복 시점을 정해 두면 학습 공백을 줄일 수 있습니다. 학습 계획은 주간 목표와 실제 결과를 비교하고 반복 시점을 정해 두면 학습 공백을 줄일 수 있습니다. 학습 계획은 공부한 내용을 기억에서 꺼내 보고 작은 단위로 조정하면 꾸준히 이어가기 쉽습니다. 학습 계획은 주간 목표와 실제 결과를 비교하고 기록을 남기면 다음 계획의 기준이 분명해집니다. 학습한 내용과 실제 수행 결과를 비교하면 다음 공부의 우선순위를 더 구체적으로 정할 수 있습니다.,신현동 중학생 수학과외를 알아볼 때에는 현재의 학습 상태를 이해하려면 현재 알고 있는 내용과 어려운 부분을 구분하고 점검 기준을 세우는 데 있습니다. 복습을 진행할 때는 집중이 유지되는 시간을 기준으로 쉬는 때를 정하고 조금씩 기준을 높이면 학습 리듬을 유지할 수 있습니다. 중등 과정에서는 교과 개념과 문제 유형을 연결하고 시험 직전의 학습 부담을 낮추는 데 도움이 됩니다. 수학 계산을 점검할 때는 틀린 부분을 개념과 계산으로 구분하고 비슷한 유형에 적용하며 이해를 확인하는 것이 좋습니다. 오답을 관리할 때는 짧은 목표를 세운 뒤 결과를 기록하고 정해진 시점에 다시 확인하면 기억을 오래 유지하는 데 도움이 됩니다. 복습을 진행할 때는 짧은 목표를 세운 뒤 결과를 기록하고 무리하지 않는 범위에서 반복하는 편이 안정적입니다. 점검한 오답 내용을 다음 계획에 구체적으로 반영하면 꾸준한 학습 흐름을 만드는 데 도움이 됩니다.,opening_011|body_general_079|body_middle_031|body_math_037|body_general_115|body_general_062|ending_037,description_general_064|description_general_039|description_general_017|description_general_040,body_general|body_math|body_middle|description_general|endings|openings,title_pattern_012,과목별 공부 순서를 균형 있게 살펴보는,오답을 줄이는 과정을 살펴봅니다,grade_subject,신현동|중학생|수학|과외,0
keyword_combination,region,전라남도,나주시,,,나주시,,,중학생,과학,false,중학생,과학,나주시 중학생 과학과외,나주시중학생과학과외,나주시 중학생 과학과외 시험 준비 방향을 구체적으로 정리하는 학습 기록을 활용하는 방법을 정리합니다,나주시 중학생 과학과외를 살펴볼 때에는 학습 계획은 풀이 과정의 근거를 확인하고 다음 단계로 연결하는 방식이 좋습니다. 학습 계획은 과목별 우선순위를 나누어 보고 반복 시점을 정해 두면 학습 공백을 줄일 수 있습니다. 복습 과정은 모르는 부분을 질문으로 바꾸고 스스로 설명하는 시간을 더하면 이해가 선명해집니다. 복습 과정은 주간 목표와 실제 결과를 비교하고 작은 단위로 조정하면 꾸준히 이어가기 쉽습니다. 학습한 내용과 실제 수행 결과를 비교하면 다음 공부의 우선순위를 더 구체적으로 정할 수 있습니다.,나주시 중학생 과학과외를 알아볼 때에는 현재의 학습 상태를 이해하려면 실천할 수 있는 분량과 순서를 정하고 점검 기준을 세우는 데 있습니다. 오답을 관리할 때는 질문의 핵심을 한 문장으로 적고 조금씩 기준을 높이면 학습 리듬을 유지할 수 있습니다. 중등 과정에서는 과목별 시험 범위와 일정을 먼저 나누고 시험 직전의 학습 부담을 낮추는 데 도움이 됩니다. 과학 탐구 과정을 살펴볼 때는 단원마다 반복되는 원리를 연결하고 서술형 답안의 흐름을 분명하게 만들 수 있습니다. 학습 습관을 만들 때는 질문의 핵심을 한 문장으로 적고 조금씩 기준을 높이면 학습 리듬을 유지할 수 있습니다. 오답을 관리할 때는 문제의 조건과 요구 사항을 구분하고 완료 여부보다 이해 과정을 살피는 것이 중요합니다. 매주 확인한 결과를 다음 계획에 구체적으로 반영하면 꾸준한 학습 흐름을 만드는 데 도움이 됩니다.,opening_012|body_general_139|body_middle_027|body_science_064|body_general_039|body_general_148|ending_012,description_general_031|description_general_029|description_general_063|description_general_077,body_general|body_middle|body_science|description_general|endings|openings,title_pattern_028,시험 준비 방향을 구체적으로 정리하는,학습 기록을 활용하는 방법을 정리합니다,grade_subject,나주시|중학생|과학|과외,0
keyword_combination,region,전북특별자치도,완주군,,,완주군,,,중학생,국어,false,중학생,국어,완주군 중학생 국어과외,완주군중학생국어과외,완주군 중학생 국어과외 지문 이해와 답의 근거를 찾는 과정을 살펴봅니다 학습 방향을 함께 살펴봅니다,완주군 중학생 국어과외를 살펴볼 때에는 학습 계획은 틀린 이유를 짧게 설명해 보고 기록을 남기면 다음 계획의 기준이 분명해집니다. 복습 과정은 하루에 실천할 분량을 구체적으로 정하고 스스로 설명하는 시간을 더하면 이해가 선명해집니다. 학습 계획은 틀린 이유를 짧게 설명해 보고 작은 단위로 조정하면 꾸준히 이어가기 쉽습니다. 학습 계획은 하루에 실천할 분량을 구체적으로 정하고 다음 단계로 연결하는 방식이 좋습니다. 학습한 내용과 실제 수행 결과를 비교하면 다음 공부의 우선순위를 더 구체적으로 정할 수 있습니다.,완주군 중학생 국어과외를 알아볼 때에는 꾸준한 학습을 위해서는 과목별 습관과 오답의 원인을 살피고 점검 기준을 세우는 데 있습니다. 복습을 진행할 때는 이해한 내용과 어려운 내용을 구분하고 정해진 시점에 다시 확인하면 기억을 오래 유지하는 데 도움이 됩니다. 중학생은 수업에서 다룬 내용을 당일에 짧게 복습하고 스스로 점검할 기준이 한층 분명해집니다. 국어 서술형을 준비할 때는 화자의 태도와 표현 효과를 구분하고 오답 선택지가 틀린 이유까지 살피면 판단 기준이 생깁니다. 학습 습관을 만들 때는 집중이 유지되는 시간을 기준으로 쉬는 때를 정하고 정해진 시점에 다시 확인하면 기억을 오래 유지하는 데 도움이 됩니다. 오답을 관리할 때는 짧은 목표를 세운 뒤 결과를 기록하고 다음 공부에 반영하는 과정이 필요합니다. 과목별로 남긴 기록을 무리하지 않는 범위에서 이어가면 꾸준한 학습 흐름을 만드는 데 도움이 됩니다.,opening_008|body_general_060|body_middle_012|body_korean_036|body_general_030|body_general_111|ending_025,description_general_015|description_general_048|description_general_012|description_general_006,body_general|body_korean|body_middle|description_general|endings|openings,title_pattern_024,학습 부담을 나누어 꾸준히 이어가는,질문과 설명의 과정을 안내합니다,grade_subject,완주군|중학생|국어|과외,0
keyword_combination,region,제주특별자치도,제주시,아라일동,,아라일동,,,중학생,영수,false,중학생,영수,아라일동 중학생 영수과외,아라일동중학생영수과외,아라일동 중학생 영수과외 교과 진도와 취약 부분을 함께 확인하는 매일 실천할 공부 기준을 안내합니다,아라일동 중학생 영수과외를 살펴볼 때에는 학습 계획은 현재 이해한 범위를 먼저 확인하고 반복 시점을 정해 두면 학습 공백을 줄일 수 있습니다. 학습 계획은 하루에 실천할 분량을 구체적으로 정하고 다음 단계로 연결하는 방식이 좋습니다. 학습 계획은 과목별 우선순위를 나누어 보고 기록을 남기면 다음 계획의 기준이 분명해집니다. 학습 계획은 풀이 과정의 근거를 확인하고 작은 단위로 조정하면 꾸준히 이어가기 쉽습니다. 학습한 내용과 실제 수행 결과를 비교하면 다음 공부의 우선순위를 더 구체적으로 정할 수 있습니다.,"아라일동 중학생 영수과외를 알아볼 때에는 과외 학습의 방향을 세울 때는 배운 내용을 스스로 설명해 보고 점검 기준을 세우는 데 있습니다. 오답을 관리할 때는 짧은 목표를 세운 뒤 결과를 기록하고 조금씩 기준을 높이면 학습 리듬을 유지할 수 있습니다. 중등 과정에서는 교과 개념과 문제 유형을 연결하고 누적 복습 시간을 확보하는 것이 좋습니다. 영수 학습 계획을 세울 때는 영어는 문장 근거를, 수학은 풀이 근거를 확인하고 두 과목의 학습 흐름을 안정적으로 이어갈 수 있습니다. 학습 습관을 만들 때는 배운 내용을 자신의 말로 설명하고 조금씩 기준을 높이면 학습 리듬을 유지할 수 있습니다. 학습 습관을 만들 때는 계획과 실제 수행량의 차이를 확인하고 다음 공부에 반영하는 과정이 필요합니다. 매주 확인한 결과를 정해진 주기로 다시 살펴보면 꾸준한 학습 흐름을 만드는 데 도움이 됩니다.",opening_020|body_general_114|body_middle_029|body_english_math_021|body_general_019|body_general_031|ending_013,description_general_004|description_general_006|description_general_030|description_general_032,body_english_math|body_general|body_middle|description_general|endings|openings,title_pattern_010,교과 진도와 취약 부분을 함께 확인하는,매일 실천할 공부 기준을 안내합니다,grade_subject,아라일동|중학생|영수|과외,0
keyword_combination,region,충청남도,보령시,동대동,,동대동,,,고등,영어,false,고등학생,영어,동대동 고등 영어과외,동대동고등영어과외,동대동 고등 영어과외 집중 시간과 공부 분량을 알맞게 나누는 학습 기록을 활용하는 방법을 정리합니다,동대동 고등 영어과외를 살펴볼 때에는 학습 계획은 주간 목표와 실제 결과를 비교하고 기록을 남기면 다음 계획의 기준이 분명해집니다. 학습 계획은 과목별 우선순위를 나누어 보고 반복 시점을 정해 두면 학습 공백을 줄일 수 있습니다. 복습 과정은 풀이 과정의 근거를 확인하고 반복 시점을 정해 두면 학습 공백을 줄일 수 있습니다. 학습 계획은 과목별 우선순위를 나누어 보고 스스로 설명하는 시간을 더하면 이해가 선명해집니다. 학습한 내용과 실제 수행 결과를 비교하면 다음 공부의 우선순위를 더 구체적으로 정할 수 있습니다.,동대동 고등 영어과외를 알아볼 때에는 현재의 학습 상태를 이해하려면 실천할 수 있는 분량과 순서를 정하고 점검 기준을 세우는 데 있습니다. 학습 습관을 만들 때는 실수의 원인을 유형별로 나누고 정해진 시점에 다시 확인하면 기억을 오래 유지하는 데 도움이 됩니다. 고등 과정에서는 기출 문제에서 반복되는 판단 기준을 찾고 학습 우선순위를 정하는 기준이 필요합니다. 영어 문장을 해석할 때는 핵심 문장과 세부 정보를 구분하고 반복해서 만나는 표현을 따로 모아 복습할 수 있습니다. 학습 습관을 만들 때는 중요한 개념을 서로 연결하고 정해진 시점에 다시 확인하면 기억을 오래 유지하는 데 도움이 됩니다. 오답을 관리할 때는 현재 가능한 분량부터 정하고 조금씩 기준을 높이면 학습 리듬을 유지할 수 있습니다. 이와 같은 과정을 다음 계획에 구체적으로 반영하면 꾸준한 학습 흐름을 만드는 데 도움이 됩니다.,opening_012|body_general_025|body_high_033|body_english_044|body_general_045|body_general_104|ending_002,description_general_040|description_general_029|description_general_074|description_general_028,body_english|body_general|body_high|description_general|endings|openings,title_pattern_002,집중 시간과 공부 분량을 알맞게 나누는,학습 기록을 활용하는 방법을 정리합니다,grade_subject,동대동|고등|영어|과외,0
keyword_combination,region,충청북도,청주시,봉명동,,봉명동,,,고등,수학,false,고등학생,수학,봉명동 고등 수학과외,봉명동고등수학과외,봉명동 고등 수학과외 교과 진도와 취약 부분을 함께 확인하는 학습 기록을 활용하는 방법을 정리합니다,봉명동 고등 수학과외를 살펴볼 때에는 복습 과정은 주간 목표와 실제 결과를 비교하고 스스로 설명하는 시간을 더하면 이해가 선명해집니다. 학습 계획은 주간 목표와 실제 결과를 비교하고 작은 단위로 조정하면 꾸준히 이어가기 쉽습니다. 복습 과정은 모르는 부분을 질문으로 바꾸고 다음 단계로 연결하는 방식이 좋습니다. 학습 계획은 풀이 과정의 근거를 확인하고 작은 단위로 조정하면 꾸준히 이어가기 쉽습니다. 학습한 내용과 실제 수행 결과를 비교하면 다음 공부의 우선순위를 더 구체적으로 정할 수 있습니다.,봉명동 고등 수학과외를 알아볼 때에는 효율적인 공부 흐름을 만들려면 배운 내용을 스스로 설명해 보고 점검 기준을 세우는 데 있습니다. 오답을 관리할 때는 실수의 원인을 유형별로 나누고 완료 여부보다 이해 과정을 살피는 것이 중요합니다. 고등학생은 제한 시간 안에서 풀이 순서를 점검하고 장기적인 공부 흐름을 안정적으로 유지할 수 있습니다. 수학 개념을 익힐 때는 주어진 조건을 식과 그림으로 바꾸고 풀이를 비교하면 더 간결한 방법을 찾을 수 있습니다. 복습을 진행할 때는 계획과 실제 수행량의 차이를 확인하고 다음 공부에 반영하는 과정이 필요합니다. 오답을 관리할 때는 배운 내용을 자신의 말로 설명하고 정해진 시점에 다시 확인하면 기억을 오래 유지하는 데 도움이 됩니다. 매주 확인한 결과를 무리하지 않는 범위에서 이어가면 꾸준한 학습 흐름을 만드는 데 도움이 됩니다.,opening_025|body_general_123|body_high_024|body_math_011|body_general_081|body_general_120|ending_015,description_general_078|description_general_037|description_general_061|description_general_032,body_general|body_high|body_math|description_general|endings|openings,title_pattern_007,교과 진도와 취약 부분을 함께 확인하는,학습 기록을 활용하는 방법을 정리합니다,grade_subject,봉명동|고등|수학|과외,0
keyword_combination,region,강원특별자치도,강릉시,옥천동,,옥천동,,,고등,과학,false,고등학생,과학,옥천동 고등 과학과외,옥천동고등과학과외,옥천동 고등 과학과외 서술 과정과 답의 근거를 함께 점검하는 학습 기록을 활용하는 방법을 정리합니다,옥천동 고등 과학과외를 살펴볼 때에는 복습 과정은 공부한 내용을 기억에서 꺼내 보고 다음 단계로 연결하는 방식이 좋습니다. 학습 계획은 틀린 이유를 짧게 설명해 보고 반복 시점을 정해 두면 학습 공백을 줄일 수 있습니다. 복습 과정은 주간 목표와 실제 결과를 비교하고 반복 시점을 정해 두면 학습 공백을 줄일 수 있습니다. 복습 과정은 하루에 실천할 분량을 구체적으로 정하고 다음 단계로 연결하는 방식이 좋습니다. 학습한 내용과 실제 수행 결과를 비교하면 다음 공부의 우선순위를 더 구체적으로 정할 수 있습니다.,옥천동 고등 과학과외를 알아볼 때에는 과외 학습의 방향을 세울 때는 과목별 습관과 오답의 원인을 살피고 점검 기준을 세우는 데 있습니다. 복습을 진행할 때는 문제의 조건과 요구 사항을 구분하고 다음 공부에 반영하는 과정이 필요합니다. 고등학생은 제한 시간 안에서 풀이 순서를 점검하고 장기적인 공부 흐름을 안정적으로 유지할 수 있습니다. 과학 탐구 과정을 살펴볼 때는 실험 조건과 달라진 변인을 나누고 단순 암기보다 이해한 내용을 오래 유지하는 데 도움이 됩니다. 복습을 진행할 때는 중요한 개념을 서로 연결하고 조금씩 기준을 높이면 학습 리듬을 유지할 수 있습니다. 복습을 진행할 때는 짧은 목표를 세운 뒤 결과를 기록하고 무리하지 않는 범위에서 반복하는 편이 안정적입니다. 점검한 오답 내용을 정해진 주기로 다시 살펴보면 꾸준한 학습 흐름을 만드는 데 도움이 됩니다.,opening_018|body_general_096|body_high_024|body_science_070|body_general_094|body_general_062|ending_038,description_general_056|description_general_014|description_general_079|description_general_046,body_general|body_high|body_science|description_general|endings|openings,title_pattern_017,서술 과정과 답의 근거를 함께 점검하는,학습 기록을 활용하는 방법을 정리합니다,grade_subject,옥천동|고등|과학|과외,0
keyword_combination,region,경기도,파주시,야동동,,야동동,,,고등,국어,false,고등학생,국어,야동동 고등 국어과외,야동동고등국어과외,야동동 고등 국어과외 국어 독해와 서술형 답안의 학습 방향을 정리합니다 시험 준비을 함께 살펴봅니다,야동동 고등 국어과외를 살펴볼 때에는 복습 과정은 주간 목표와 실제 결과를 비교하고 다음 단계로 연결하는 방식이 좋습니다. 복습 과정은 현재 이해한 범위를 먼저 확인하고 작은 단위로 조정하면 꾸준히 이어가기 쉽습니다. 복습 과정은 틀린 이유를 짧게 설명해 보고 다음 단계로 연결하는 방식이 좋습니다. 학습 계획은 틀린 이유를 짧게 설명해 보고 스스로 설명하는 시간을 더하면 이해가 선명해집니다. 학습한 내용과 실제 수행 결과를 비교하면 다음 공부의 우선순위를 더 구체적으로 정할 수 있습니다.,야동동 고등 국어과외를 알아볼 때에는 효율적인 공부 흐름을 만들려면 목표와 사용할 시간을 구체적으로 연결하고 점검 기준을 세우는 데 있습니다. 복습을 진행할 때는 실수의 원인을 유형별로 나누고 조금씩 기준을 높이면 학습 리듬을 유지할 수 있습니다. 고등 과정에서는 개념의 연결 관계와 출제 조건을 확인하고 근거를 설명할 수 있을 때까지 확인하는 편이 좋습니다. 문학 작품을 읽을 때는 답의 근거가 되는 표현을 지문에서 찾고 오답 선택지가 틀린 이유까지 살피면 판단 기준이 생깁니다. 오답을 관리할 때는 배운 내용을 자신의 말로 설명하고 다음 공부에 반영하는 과정이 필요합니다. 복습을 진행할 때는 배운 내용을 자신의 말로 설명하고 무리하지 않는 범위에서 반복하는 편이 안정적입니다. 반복해서 익힌 습관을 무리하지 않는 범위에서 이어가면 꾸준한 학습 흐름을 만드는 데 도움이 됩니다.,opening_024|body_general_074|body_high_030|body_korean_056|body_general_116|body_general_067|ending_030,description_general_076|description_general_042|description_general_051|description_general_013,body_general|body_high|body_korean|description_general|endings|openings,title_pattern_031,과목 특성에 맞는 복습 방법을 찾는,개념 이해의 순서를 확인합니다,grade_subject,야동동|고등|국어|과외,0
keyword_combination,region,경상남도,창원시,해운동,,해운동,,,고등,영수,false,고등학생,영수,해운동 고등 영수과외,해운동고등영수과외,해운동 고등 영수과외 교과 진도와 취약 부분을 함께 확인하는 취약 부분을 보완하는 흐름을 알아봅니다,해운동 고등 영수과외를 살펴볼 때에는 학습 계획은 풀이 과정의 근거를 확인하고 반복 시점을 정해 두면 학습 공백을 줄일 수 있습니다. 학습 계획은 공부한 내용을 기억에서 꺼내 보고 반복 시점을 정해 두면 학습 공백을 줄일 수 있습니다. 학습 계획은 틀린 이유를 짧게 설명해 보고 스스로 설명하는 시간을 더하면 이해가 선명해집니다. 복습 과정은 틀린 이유를 짧게 설명해 보고 스스로 설명하는 시간을 더하면 이해가 선명해집니다. 학습한 내용과 실제 수행 결과를 비교하면 다음 공부의 우선순위를 더 구체적으로 정할 수 있습니다.,해운동 고등 영수과외를 알아볼 때에는 새로운 내용을 익히기 전에는 목표와 사용할 시간을 구체적으로 연결하고 점검 기준을 세우는 데 있습니다. 복습을 진행할 때는 문제의 조건과 요구 사항을 구분하고 무리하지 않는 범위에서 반복하는 편이 안정적입니다. 고등 과정에서는 주간 진도와 누적 복습의 비율을 조정하고 근거를 설명할 수 있을 때까지 확인하는 편이 좋습니다. 영수 학습 계획을 세울 때는 반복할 내용과 새로 공부할 내용을 구분하고 과목별 부담이 한쪽으로 치우치는 것을 줄일 수 있습니다. 오답을 관리할 때는 실수의 원인을 유형별로 나누고 조금씩 기준을 높이면 학습 리듬을 유지할 수 있습니다. 복습을 진행할 때는 짧은 목표를 세운 뒤 결과를 기록하고 조금씩 기준을 높이면 학습 리듬을 유지할 수 있습니다. 과목별로 남긴 기록을 현재 수준에 맞게 조금씩 조정하면 꾸준한 학습 흐름을 만드는 데 도움이 됩니다.,opening_034|body_general_097|body_high_042|body_english_math_037|body_general_124|body_general_064|ending_021,description_general_034|description_general_019|description_general_013|description_general_053,body_english_math|body_general|body_high|description_general|endings|openings,title_pattern_002,교과 진도와 취약 부분을 함께 확인하는,취약 부분을 보완하는 흐름을 알아봅니다,grade_subject,해운동|고등|영수|과외,0
keyword_combination,region,경상북도,포항시,우현동,,우현동,,,고등학생,영어,false,고등학생,영어,우현동 고등학생 영어과외,우현동고등학생영어과외,우현동 고등학생 영어과외 어휘 복습과 독해 문제 접근 기준을 살펴봅니다 학습 방향을 함께 살펴봅니다,우현동 고등학생 영어과외를 살펴볼 때에는 학습 계획은 하루에 실천할 분량을 구체적으로 정하고 다음 단계로 연결하는 방식이 좋습니다. 복습 과정은 모르는 부분을 질문으로 바꾸고 기록을 남기면 다음 계획의 기준이 분명해집니다. 학습 계획은 현재 이해한 범위를 먼저 확인하고 기록을 남기면 다음 계획의 기준이 분명해집니다. 학습 계획은 하루에 실천할 분량을 구체적으로 정하고 기록을 남기면 다음 계획의 기준이 분명해집니다. 학습한 내용과 실제 수행 결과를 비교하면 다음 공부의 우선순위를 더 구체적으로 정할 수 있습니다.,우현동 고등학생 영어과외를 알아볼 때에는 매일의 학습을 안정적으로 이어가려면 현재 알고 있는 내용과 어려운 부분을 구분하고 점검 기준을 세우는 데 있습니다. 오답을 관리할 때는 이해한 내용과 어려운 내용을 구분하고 다음 공부에 반영하는 과정이 필요합니다. 고등 과정에서는 주간 진도와 누적 복습의 비율을 조정하고 학습 우선순위를 정하는 기준이 필요합니다. 영어 문장을 해석할 때는 틀린 해석의 원인을 어휘와 구조로 나누고 짧은 예문을 직접 만들면 기억을 점검하기 좋습니다. 학습 습관을 만들 때는 현재 가능한 분량부터 정하고 완료 여부보다 이해 과정을 살피는 것이 중요합니다. 학습 습관을 만들 때는 이해한 내용과 어려운 내용을 구분하고 완료 여부보다 이해 과정을 살피는 것이 중요합니다. 반복해서 익힌 습관을 완료한 뒤 이유까지 돌아보면 꾸준한 학습 흐름을 만드는 데 도움이 됩니다.,opening_026|body_general_106|body_high_041|body_english_045|body_general_003|body_general_008|ending_029,description_general_006|description_general_065|description_general_005|description_general_010,body_english|body_general|body_high|description_general|endings|openings,title_pattern_018,학습 습관을 현실적으로 조정하는,질문과 설명의 과정을 안내합니다,grade_subject,우현동|고등학생|영어|과외,0
keyword_combination,region,광주광역시,북구,용두동,,용두동,,,고등학생,수학,false,고등학생,수학,용두동 고등학생 수학과외,용두동고등학생수학과외,용두동 고등학생 수학과외 교과 진도와 취약 부분을 함께 확인하는 교과 진도에 맞는 계획을 알아봅니다,용두동 고등학생 수학과외를 살펴볼 때에는 학습 계획은 현재 이해한 범위를 먼저 확인하고 작은 단위로 조정하면 꾸준히 이어가기 쉽습니다. 복습 과정은 공부한 내용을 기억에서 꺼내 보고 작은 단위로 조정하면 꾸준히 이어가기 쉽습니다. 학습 계획은 과목별 우선순위를 나누어 보고 기록을 남기면 다음 계획의 기준이 분명해집니다. 복습 과정은 풀이 과정의 근거를 확인하고 반복 시점을 정해 두면 학습 공백을 줄일 수 있습니다. 학습한 내용과 실제 수행 결과를 비교하면 다음 공부의 우선순위를 더 구체적으로 정할 수 있습니다.,용두동 고등학생 수학과외를 알아볼 때에는 효율적인 공부 흐름을 만들려면 현재 알고 있는 내용과 어려운 부분을 구분하고 점검 기준을 세우는 데 있습니다. 오답을 관리할 때는 질문의 핵심을 한 문장으로 적고 무리하지 않는 범위에서 반복하는 편이 안정적입니다. 고등학생은 기출 문제에서 반복되는 판단 기준을 찾고 근거를 설명할 수 있을 때까지 확인하는 편이 좋습니다. 수학 계산을 점검할 때는 주어진 조건을 식과 그림으로 바꾸고 검산하는 순서를 정하면 실수를 줄이는 데 도움이 됩니다. 학습 습관을 만들 때는 짧은 목표를 세운 뒤 결과를 기록하고 무리하지 않는 범위에서 반복하는 편이 안정적입니다. 복습을 진행할 때는 실수의 원인을 유형별로 나누고 무리하지 않는 범위에서 반복하는 편이 안정적입니다. 정리한 학습 기준을 무리하지 않는 범위에서 이어가면 꾸준한 학습 흐름을 만드는 데 도움이 됩니다.,opening_021|body_general_137|body_high_010|body_math_034|body_general_012|body_general_072|ending_010,description_general_002|description_general_057|description_general_030|description_general_074,body_general|body_high|body_math|description_general|endings|openings,title_pattern_012,교과 진도와 취약 부분을 함께 확인하는,교과 진도에 맞는 계획을 알아봅니다,grade_subject,용두동|고등학생|수학|과외,0
keyword_combination,region,대구광역시,수성구,,,수성구,,,고등학생,과학,false,고등학생,과학,수성구 고등학생 과학과외,수성구고등학생과학과외,수성구 고등학생 과학과외 교과 진도와 취약 부분을 함께 확인하는 매일 실천할 공부 기준을 안내합니다,수성구 고등학생 과학과외를 살펴볼 때에는 학습 계획은 현재 이해한 범위를 먼저 확인하고 스스로 설명하는 시간을 더하면 이해가 선명해집니다. 학습 계획은 주간 목표와 실제 결과를 비교하고 작은 단위로 조정하면 꾸준히 이어가기 쉽습니다. 학습 계획은 과목별 우선순위를 나누어 보고 다음 단계로 연결하는 방식이 좋습니다. 학습 계획은 공부한 내용을 기억에서 꺼내 보고 반복 시점을 정해 두면 학습 공백을 줄일 수 있습니다. 학습한 내용과 실제 수행 결과를 비교하면 다음 공부의 우선순위를 더 구체적으로 정할 수 있습니다.,수성구 고등학생 과학과외를 알아볼 때에는 효율적인 공부 흐름을 만들려면 배운 내용을 스스로 설명해 보고 점검 기준을 세우는 데 있습니다. 오답을 관리할 때는 문제의 조건과 요구 사항을 구분하고 완료 여부보다 이해 과정을 살피는 것이 중요합니다. 내신과 모의고사를 함께 준비할 때는 과목별 목표와 사용할 시간을 구체적으로 나누고 학습 우선순위를 정하는 기준이 필요합니다. 과학 개념을 이해할 때는 자료에서 근거가 되는 수치를 찾고 근거를 문장으로 정리하는 연습이 유용합니다. 학습 습관을 만들 때는 집중이 유지되는 시간을 기준으로 쉬는 때를 정하고 정해진 시점에 다시 확인하면 기억을 오래 유지하는 데 도움이 됩니다. 학습 습관을 만들 때는 짧은 목표를 세운 뒤 결과를 기록하고 무리하지 않는 범위에서 반복하는 편이 안정적입니다. 작게 나눈 목표를 완료한 뒤 이유까지 돌아보면 꾸준한 학습 흐름을 만드는 데 도움이 됩니다.,opening_025|body_general_148|body_high_049|body_science_031|body_general_030|body_general_012|ending_034,description_general_003|description_general_037|description_general_026|description_general_019,body_general|body_high|body_science|description_general|endings|openings,title_pattern_028,교과 진도와 취약 부분을 함께 확인하는,매일 실천할 공부 기준을 안내합니다,grade_subject,수성구|고등학생|과학|과외,0
keyword_combination,region,대전광역시,중구,부사동,,부사동,,,고등학생,국어,false,고등학생,국어,부사동 고등학생 국어과외,부사동고등학생국어과외,부사동 고등학생 국어과외 이해와 적용의 순서를 분명하게 잡는 학습 기록을 활용하는 방법을 정리합니다,부사동 고등학생 국어과외를 살펴볼 때에는 학습 계획은 틀린 이유를 짧게 설명해 보고 작은 단위로 조정하면 꾸준히 이어가기 쉽습니다. 복습 과정은 틀린 이유를 짧게 설명해 보고 작은 단위로 조정하면 꾸준히 이어가기 쉽습니다. 학습 계획은 틀린 이유를 짧게 설명해 보고 다음 단계로 연결하는 방식이 좋습니다. 복습 과정은 풀이 과정의 근거를 확인하고 기록을 남기면 다음 계획의 기준이 분명해집니다. 학습한 내용과 실제 수행 결과를 비교하면 다음 공부의 우선순위를 더 구체적으로 정할 수 있습니다.,부사동 고등학생 국어과외를 알아볼 때에는 매일의 학습을 안정적으로 이어가려면 목표와 사용할 시간을 구체적으로 연결하고 점검 기준을 세우는 데 있습니다. 학습 습관을 만들 때는 현재 가능한 분량부터 정하고 정해진 시점에 다시 확인하면 기억을 오래 유지하는 데 도움이 됩니다. 고등학생은 과목별 목표와 사용할 시간을 구체적으로 나누고 학습 우선순위를 정하는 기준이 필요합니다. 문학 작품을 읽을 때는 답의 근거가 되는 표현을 지문에서 찾고 근거와 결론을 함께 적으면 답안이 선명해집니다. 학습 습관을 만들 때는 집중이 유지되는 시간을 기준으로 쉬는 때를 정하고 조금씩 기준을 높이면 학습 리듬을 유지할 수 있습니다. 오답을 관리할 때는 질문의 핵심을 한 문장으로 적고 정해진 시점에 다시 확인하면 기억을 오래 유지하는 데 도움이 됩니다. 스스로 세운 계획을 무리하지 않는 범위에서 이어가면 꾸준한 학습 흐름을 만드는 데 도움이 됩니다.,opening_029|body_general_005|body_high_001|body_korean_054|body_general_029|body_general_140|ending_020,description_general_012|description_general_052|description_general_011|description_general_075,body_general|body_high|body_korean|description_general|endings|openings,title_pattern_032,이해와 적용의 순서를 분명하게 잡는,학습 기록을 활용하는 방법을 정리합니다,grade_subject,부사동|고등학생|국어|과외,0
keyword_combination,region,부산광역시,금정구,구서동,,구서동,,,고등학생,영수,false,고등학생,영수,구서동 고등학생 영수과외,구서동고등학생영수과외,구서동 고등학생 영수과외 서술 과정과 답의 근거를 함께 점검하는 매일 실천할 공부 기준을 안내합니다,구서동 고등학생 영수과외를 살펴볼 때에는 학습 계획은 하루에 실천할 분량을 구체적으로 정하고 스스로 설명하는 시간을 더하면 이해가 선명해집니다. 복습 과정은 현재 이해한 범위를 먼저 확인하고 기록을 남기면 다음 계획의 기준이 분명해집니다. 학습 계획은 공부한 내용을 기억에서 꺼내 보고 반복 시점을 정해 두면 학습 공백을 줄일 수 있습니다. 복습 과정은 주간 목표와 실제 결과를 비교하고 다음 단계로 연결하는 방식이 좋습니다. 학습한 내용과 실제 수행 결과를 비교하면 다음 공부의 우선순위를 더 구체적으로 정할 수 있습니다.,구서동 고등학생 영수과외를 알아볼 때에는 공부의 출발점은 과목별 습관과 오답의 원인을 살피고 점검 기준을 세우는 데 있습니다. 오답을 관리할 때는 문제의 조건과 요구 사항을 구분하고 완료 여부보다 이해 과정을 살피는 것이 중요합니다. 고등학생은 기출 문제에서 반복되는 판단 기준을 찾고 취약 영역을 다음 계획에 바로 반영할 수 있습니다. 영어와 수학 시간을 배분할 때는 하루 학습량을 실제 가능한 수준으로 나누고 각 과목에 맞는 복습 기준을 분명하게 세울 수 있습니다. 복습을 진행할 때는 집중이 유지되는 시간을 기준으로 쉬는 때를 정하고 정해진 시점에 다시 확인하면 기억을 오래 유지하는 데 도움이 됩니다. 복습을 진행할 때는 문제의 조건과 요구 사항을 구분하고 무리하지 않는 범위에서 반복하는 편이 안정적입니다. 작게 나눈 목표를 현재 수준에 맞게 조금씩 조정하면 꾸준한 학습 흐름을 만드는 데 도움이 됩니다.,opening_003|body_general_148|body_high_011|body_english_math_068|body_general_080|body_general_097|ending_031,description_general_008|description_general_045|description_general_019|description_general_076,body_english_math|body_general|body_high|description_general|endings|openings,title_pattern_021,서술 과정과 답의 근거를 함께 점검하는,매일 실천할 공부 기준을 안내합니다,grade_subject,구서동|고등학생|영수|과외,0
keyword_combination,region,서울특별시,강남구,논현동,,논현동,,,,,true,초등학생,국영수과외,논현동 내신과외,논현동내신과외,논현동 내신과외 교과서와 수행평가를 연결한 내신 준비 흐름을 점검합니다 학습 방향을 함께 살펴봅니다,논현동 내신과외를 살펴볼 때에는 복습 과정은 하루에 실천할 분량을 구체적으로 정하고 다음 단계로 연결하는 방식이 좋습니다. 복습 과정은 틀린 이유를 짧게 설명해 보고 다음 단계로 연결하는 방식이 좋습니다. 학습 계획은 현재 이해한 범위를 먼저 확인하고 다음 단계로 연결하는 방식이 좋습니다. 학습 계획은 공부한 내용을 기억에서 꺼내 보고 다음 단계로 연결하는 방식이 좋습니다. 학습한 내용과 실제 수행 결과를 비교하면 다음 공부의 우선순위를 더 구체적으로 정할 수 있습니다.,논현동 내신과외를 알아볼 때에는 현재의 학습 상태를 이해하려면 배운 내용을 스스로 설명해 보고 점검 기준을 세우는 데 있습니다. 복습을 진행할 때는 현재 가능한 분량부터 정하고 다음 공부에 반영하는 과정이 필요합니다. 복습을 진행할 때는 중요한 개념을 서로 연결하고 다음 공부에 반영하는 과정이 필요합니다. 오답을 관리할 때는 배운 내용을 자신의 말로 설명하고 무리하지 않는 범위에서 반복하는 편이 안정적입니다. 내신 시험 범위를 확인할 때는 교과서 예시와 확인 문제를 다시 살펴보고 다음 복습의 우선순위를 정하는 것이 좋습니다. 복습을 진행할 때는 문제의 조건과 요구 사항을 구분하고 정해진 시점에 다시 확인하면 기억을 오래 유지하는 데 도움이 됩니다. 과목별로 남긴 기록을 다음 계획에 구체적으로 반영하면 꾸준한 학습 흐름을 만드는 데 도움이 됩니다.,opening_015|body_general_051|body_general_091|body_general_117|body_internal_exam_006|body_general_100|ending_022,description_general_046|description_general_051|description_general_001|description_general_016,body_general|body_internal_exam|description_general|endings|openings,title_pattern_002,학습 습관을 현실적으로 조정하는,학습 기준을 정리합니다,exam_only,논현동|내신|과외,0
keyword_combination,region,세종특별자치시,세종시,고운동,,고운동,,,,영어,true,중학생,영어,고운동 영어 내신과외,고운동영어내신과외,고운동 영어 내신과외 기초부터 차근차근 점검하는 공부 방향을 살펴봅니다 학습 방향을 함께 살펴봅니다,고운동 영어 내신과외를 살펴볼 때에는 학습 계획은 하루에 실천할 분량을 구체적으로 정하고 다음 단계로 연결하는 방식이 좋습니다. 학습 계획은 현재 이해한 범위를 먼저 확인하고 스스로 설명하는 시간을 더하면 이해가 선명해집니다. 학습 계획은 과목별 우선순위를 나누어 보고 반복 시점을 정해 두면 학습 공백을 줄일 수 있습니다. 복습 과정은 공부한 내용을 기억에서 꺼내 보고 기록을 남기면 다음 계획의 기준이 분명해집니다. 학습한 내용과 실제 수행 결과를 비교하면 다음 공부의 우선순위를 더 구체적으로 정할 수 있습니다.,고운동 영어 내신과외를 알아볼 때에는 과외 학습의 방향을 세울 때는 실천할 수 있는 분량과 순서를 정하고 점검 기준을 세우는 데 있습니다. 오답을 관리할 때는 계획과 실제 수행량의 차이를 확인하고 다음 공부에 반영하는 과정이 필요합니다. 오답을 관리할 때는 짧은 목표를 세운 뒤 결과를 기록하고 다음 공부에 반영하는 과정이 필요합니다. 영어 어휘를 익힐 때는 연결 표현을 기준으로 문단 흐름을 나누고 짧은 예문을 직접 만들면 기억을 점검하기 좋습니다. 내신 시험 범위를 확인할 때는 기억이 약한 범위를 우선 배치하고 다음 복습의 우선순위를 정하는 것이 좋습니다. 복습을 진행할 때는 배운 내용을 자신의 말로 설명하고 다음 공부에 반영하는 과정이 필요합니다. 작게 나눈 목표를 정해진 주기로 다시 살펴보면 꾸준한 학습 흐름을 만드는 데 도움이 됩니다.,opening_017|body_general_131|body_general_111|body_english_009|body_internal_exam_041|body_general_066|ending_033,description_general_006|description_general_003|description_general_029|description_general_060,body_english|body_general|body_internal_exam|description_general|endings|openings,title_pattern_018,기초부터 차근차근 점검하는,공부 방향을 살펴봅니다,subject_exam,고운동|영어|내신|과외,0
keyword_combination,region,울산광역시,동구,화정동,,화정동,,,,수학,true,초등학생,수학,화정동 수학 내신과외,화정동수학내신과외,화정동 수학 내신과외 서술 과정과 답의 근거를 함께 점검하는 학습 기록을 활용하는 방법을 정리합니다,화정동 수학 내신과외를 살펴볼 때에는 복습 과정은 하루에 실천할 분량을 구체적으로 정하고 기록을 남기면 다음 계획의 기준이 분명해집니다. 학습 계획은 모르는 부분을 질문으로 바꾸고 기록을 남기면 다음 계획의 기준이 분명해집니다. 복습 과정은 과목별 우선순위를 나누어 보고 기록을 남기면 다음 계획의 기준이 분명해집니다. 복습 과정은 주간 목표와 실제 결과를 비교하고 스스로 설명하는 시간을 더하면 이해가 선명해집니다. 학습한 내용과 실제 수행 결과를 비교하면 다음 공부의 우선순위를 더 구체적으로 정할 수 있습니다.,화정동 수학 내신과외를 알아볼 때에는 과외 학습의 방향을 세울 때는 실천할 수 있는 분량과 순서를 정하고 점검 기준을 세우는 데 있습니다. 학습 습관을 만들 때는 중요한 개념을 서로 연결하고 조금씩 기준을 높이면 학습 리듬을 유지할 수 있습니다. 복습을 진행할 때는 실수의 원인을 유형별로 나누고 완료 여부보다 이해 과정을 살피는 것이 중요합니다. 수학 응용 문제를 풀 때는 정의와 조건을 먼저 확인하고 비슷한 유형에 적용하며 이해를 확인하는 것이 좋습니다. 내신 교과서를 복습할 때는 답의 근거와 필요한 표현을 함께 정리하고 학교 시험 준비 과정을 구체적으로 관리할 수 있습니다. 복습을 진행할 때는 계획과 실제 수행량의 차이를 확인하고 무리하지 않는 범위에서 반복하는 편이 안정적입니다. 반복해서 익힌 습관을 정해진 주기로 다시 살펴보면 꾸준한 학습 흐름을 만드는 데 도움이 됩니다.,opening_017|body_general_044|body_general_073|body_math_049|body_internal_exam_073|body_general_082|ending_028,description_general_050|description_general_025|description_general_070|description_general_078,body_general|body_internal_exam|body_math|description_general|endings|openings,title_pattern_005,서술 과정과 답의 근거를 함께 점검하는,학습 기록을 활용하는 방법을 정리합니다,subject_exam,화정동|수학|내신|과외,0
keyword_combination,region,인천광역시,서구,가정동,,가정동,,,,과학,true,중학생,과학,가정동 과학 내신과외,가정동과학내신과외,가정동 과학 내신과외 풀이 근거와 판단 순서를 꼼꼼히 살피는 학습 기록을 활용하는 방법을 정리합니다,가정동 과학 내신과외를 살펴볼 때에는 학습 계획은 모르는 부분을 질문으로 바꾸고 반복 시점을 정해 두면 학습 공백을 줄일 수 있습니다. 복습 과정은 현재 이해한 범위를 먼저 확인하고 기록을 남기면 다음 계획의 기준이 분명해집니다. 학습 계획은 풀이 과정의 근거를 확인하고 스스로 설명하는 시간을 더하면 이해가 선명해집니다. 학습 계획은 하루에 실천할 분량을 구체적으로 정하고 다음 단계로 연결하는 방식이 좋습니다. 학습한 내용과 실제 수행 결과를 비교하면 다음 공부의 우선순위를 더 구체적으로 정할 수 있습니다.,가정동 과학 내신과외를 알아볼 때에는 꾸준한 학습을 위해서는 실천할 수 있는 분량과 순서를 정하고 점검 기준을 세우는 데 있습니다. 학습 습관을 만들 때는 실수의 원인을 유형별로 나누고 완료 여부보다 이해 과정을 살피는 것이 중요합니다. 학습 습관을 만들 때는 중요한 개념을 서로 연결하고 다음 공부에 반영하는 과정이 필요합니다. 과학 개념을 이해할 때는 표와 그래프의 변화 방향을 먼저 읽고 단순 암기보다 이해한 내용을 오래 유지하는 데 도움이 됩니다. 내신 시험 범위를 확인할 때는 프린트의 핵심 문장과 보충 내용을 나누고 학교 시험 준비 과정을 구체적으로 관리할 수 있습니다. 오답을 관리할 때는 배운 내용을 자신의 말로 설명하고 무리하지 않는 범위에서 반복하는 편이 안정적입니다. 스스로 세운 계획을 정해진 주기로 다시 살펴보면 꾸준한 학습 흐름을 만드는 데 도움이 됩니다.,opening_007|body_general_023|body_general_041|body_science_015|body_internal_exam_013|body_general_117|ending_018,description_general_024|description_general_045|description_general_033|description_general_006,body_general|body_internal_exam|body_science|description_general|endings|openings,title_pattern_013,풀이 근거와 판단 순서를 꼼꼼히 살피는,학습 기록을 활용하는 방법을 정리합니다,subject_exam,가정동|과학|내신|과외,0
keyword_combination,region,전라남도,순천시,,,순천시,,,,국어,true,고등학생,국어,순천시 국어 내신과외,순천시국어내신과외,순천시 국어 내신과외 서술 과정과 답의 근거를 함께 점검하는 학습 기록을 활용하는 방법을 정리합니다,순천시 국어 내신과외를 살펴볼 때에는 복습 과정은 공부한 내용을 기억에서 꺼내 보고 스스로 설명하는 시간을 더하면 이해가 선명해집니다. 복습 과정은 과목별 우선순위를 나누어 보고 작은 단위로 조정하면 꾸준히 이어가기 쉽습니다. 학습 계획은 풀이 과정의 근거를 확인하고 반복 시점을 정해 두면 학습 공백을 줄일 수 있습니다. 복습 과정은 모르는 부분을 질문으로 바꾸고 작은 단위로 조정하면 꾸준히 이어가기 쉽습니다. 학습한 내용과 실제 수행 결과를 비교하면 다음 공부의 우선순위를 더 구체적으로 정할 수 있습니다.,순천시 국어 내신과외를 알아볼 때에는 목표에 맞는 학습을 준비하려면 실천할 수 있는 분량과 순서를 정하고 점검 기준을 세우는 데 있습니다. 오답을 관리할 때는 짧은 목표를 세운 뒤 결과를 기록하고 조금씩 기준을 높이면 학습 리듬을 유지할 수 있습니다. 복습을 진행할 때는 질문의 핵심을 한 문장으로 적고 다음 공부에 반영하는 과정이 필요합니다. 국어 서술형을 준비할 때는 화자의 태도와 표현 효과를 구분하고 오답 선택지가 틀린 이유까지 살피면 판단 기준이 생깁니다. 내신 교과서를 복습할 때는 수업에서 강조된 내용과 기본 개념을 구분하고 학교 시험 준비 과정을 구체적으로 관리할 수 있습니다. 복습을 진행할 때는 이해한 내용과 어려운 내용을 구분하고 완료 여부보다 이해 과정을 살피는 것이 중요합니다. 정리한 학습 기준을 무리하지 않는 범위에서 이어가면 꾸준한 학습 흐름을 만드는 데 도움이 됩니다.,opening_037|body_general_114|body_general_086|body_korean_036|body_internal_exam_053|body_general_058|ending_010,description_general_058|description_general_067|description_general_034|description_general_062,body_general|body_internal_exam|body_korean|description_general|endings|openings,title_pattern_011,서술 과정과 답의 근거를 함께 점검하는,학습 기록을 활용하는 방법을 정리합니다,subject_exam,순천시|국어|내신|과외,0
keyword_combination,region,전북특별자치도,김제시,요촌동,,요촌동,,,,영수,true,중학생,영수,요촌동 영수 내신과외,요촌동영수내신과외,요촌동 영수 내신과외 집중 시간과 공부 분량을 알맞게 나누는 학습 기록을 활용하는 방법을 정리합니다,요촌동 영수 내신과외를 살펴볼 때에는 학습 계획은 주간 목표와 실제 결과를 비교하고 반복 시점을 정해 두면 학습 공백을 줄일 수 있습니다. 복습 과정은 현재 이해한 범위를 먼저 확인하고 기록을 남기면 다음 계획의 기준이 분명해집니다. 학습 계획은 주간 목표와 실제 결과를 비교하고 기록을 남기면 다음 계획의 기준이 분명해집니다. 복습 과정은 풀이 과정의 근거를 확인하고 스스로 설명하는 시간을 더하면 이해가 선명해집니다. 학습한 내용과 실제 수행 결과를 비교하면 다음 공부의 우선순위를 더 구체적으로 정할 수 있습니다.,요촌동 영수 내신과외를 알아볼 때에는 과외 학습의 방향을 세울 때는 현재 알고 있는 내용과 어려운 부분을 구분하고 점검 기준을 세우는 데 있습니다. 복습을 진행할 때는 현재 가능한 분량부터 정하고 다음 공부에 반영하는 과정이 필요합니다. 학습 습관을 만들 때는 문제의 조건과 요구 사항을 구분하고 무리하지 않는 범위에서 반복하는 편이 안정적입니다. 영어와 수학 시간을 배분할 때는 시험 범위와 취약 단원의 우선순위를 비교하고 두 과목의 학습 흐름을 안정적으로 이어갈 수 있습니다. 내신 교과서를 복습할 때는 틀린 이유를 개념과 해석 과정으로 나누고 계획과 실제 진도를 비교하며 조정할 수 있습니다. 오답을 관리할 때는 질문의 핵심을 한 문장으로 적고 조금씩 기준을 높이면 학습 리듬을 유지할 수 있습니다. 이와 같은 과정을 현재 수준에 맞게 조금씩 조정하면 꾸준한 학습 흐름을 만드는 데 도움이 됩니다.,opening_016|body_general_051|body_general_047|body_english_math_056|body_internal_exam_090|body_general_139|ending_001,description_general_039|description_general_045|description_general_040|description_general_073,body_english_math|body_general|body_internal_exam|description_general|endings|openings,title_pattern_015,집중 시간과 공부 분량을 알맞게 나누는,학습 기록을 활용하는 방법을 정리합니다,subject_exam,요촌동|영수|내신|과외,0
keyword_combination,region,제주특별자치도,서귀포시,서귀포시일주동,,서귀포시일주동,,,중등,,true,중학생,국영수과외,서귀포시일주동 중등 내신과외,서귀포시일주동중등내신과외,서귀포시일주동 중등 내신과외 학습 부담을 나누어 꾸준히 이어가는 매일 실천할 공부 기준을 안내합니다,서귀포시일주동 중등 내신과외를 살펴볼 때에는 복습 과정은 공부한 내용을 기억에서 꺼내 보고 반복 시점을 정해 두면 학습 공백을 줄일 수 있습니다. 학습 계획은 풀이 과정의 근거를 확인하고 반복 시점을 정해 두면 학습 공백을 줄일 수 있습니다. 학습 계획은 모르는 부분을 질문으로 바꾸고 다음 단계로 연결하는 방식이 좋습니다. 복습 과정은 풀이 과정의 근거를 확인하고 스스로 설명하는 시간을 더하면 이해가 선명해집니다. 학습한 내용과 실제 수행 결과를 비교하면 다음 공부의 우선순위를 더 구체적으로 정할 수 있습니다.,서귀포시일주동 중등 내신과외를 알아볼 때에는 과외 학습의 방향을 세울 때는 현재 알고 있는 내용과 어려운 부분을 구분하고 점검 기준을 세우는 데 있습니다. 복습을 진행할 때는 질문의 핵심을 한 문장으로 적고 다음 공부에 반영하는 과정이 필요합니다. 중등 과정에서는 풀이와 답의 근거를 문장으로 정리하고 누적 복습 시간을 확보하는 것이 좋습니다. 학습 습관을 만들 때는 짧은 목표를 세운 뒤 결과를 기록하고 조금씩 기준을 높이면 학습 리듬을 유지할 수 있습니다. 내신 교과서를 복습할 때는 수업에서 강조된 내용과 기본 개념을 구분하고 계획과 실제 진도를 비교하며 조정할 수 있습니다. 오답을 관리할 때는 실수의 원인을 유형별로 나누고 정해진 시점에 다시 확인하면 기억을 오래 유지하는 데 도움이 됩니다. 매주 확인한 결과를 현재 수준에 맞게 조금씩 조정하면 꾸준한 학습 흐름을 만드는 데 도움이 됩니다.,opening_016|body_general_086|body_middle_045|body_general_014|body_internal_exam_055|body_general_125|ending_011,description_general_059|description_general_034|description_general_021|description_general_073,body_general|body_internal_exam|body_middle|description_general|endings|openings,title_pattern_022,학습 부담을 나누어 꾸준히 이어가는,매일 실천할 공부 기준을 안내합니다,grade_exam,서귀포시일주동|중등|내신|과외,0
keyword_combination,region,충청남도,천안시,불당동,,불당동,,,중학생,,true,중학생,국영수과외,불당동 중학생 내신과외,불당동중학생내신과외,불당동 중학생 내신과외 서술형과 단원별 복습 순서를 차분하게 정리합니다 학습 방향을 함께 살펴봅니다,불당동 중학생 내신과외를 살펴볼 때에는 복습 과정은 공부한 내용을 기억에서 꺼내 보고 반복 시점을 정해 두면 학습 공백을 줄일 수 있습니다. 학습 계획은 하루에 실천할 분량을 구체적으로 정하고 기록을 남기면 다음 계획의 기준이 분명해집니다. 학습 계획은 현재 이해한 범위를 먼저 확인하고 다음 단계로 연결하는 방식이 좋습니다. 복습 과정은 풀이 과정의 근거를 확인하고 다음 단계로 연결하는 방식이 좋습니다. 학습한 내용과 실제 수행 결과를 비교하면 다음 공부의 우선순위를 더 구체적으로 정할 수 있습니다.,불당동 중학생 내신과외를 알아볼 때에는 목표에 맞는 학습을 준비하려면 배운 내용을 스스로 설명해 보고 점검 기준을 세우는 데 있습니다. 오답을 관리할 때는 문제의 조건과 요구 사항을 구분하고 무리하지 않는 범위에서 반복하는 편이 안정적입니다. 중등 과정에서는 풀이와 답의 근거를 문장으로 정리하고 스스로 점검할 기준이 한층 분명해집니다. 오답을 관리할 때는 집중이 유지되는 시간을 기준으로 쉬는 때를 정하고 정해진 시점에 다시 확인하면 기억을 오래 유지하는 데 도움이 됩니다. 내신 시험 범위를 확인할 때는 제출 일정과 평가 기준을 미리 기록하고 서술형과 객관식의 준비 기준을 함께 세울 수 있습니다. 복습을 진행할 때는 질문의 핵심을 한 문장으로 적고 완료 여부보다 이해 과정을 살피는 것이 중요합니다. 이와 같은 과정을 정해진 주기로 다시 살펴보면 꾸준한 학습 흐름을 만드는 데 도움이 됩니다.,opening_040|body_general_147|body_middle_048|body_general_130|body_internal_exam_019|body_general_088|ending_003,description_general_059|description_general_010|description_general_001|description_general_071,body_general|body_internal_exam|body_middle|description_general|endings|openings,title_pattern_015,시험 범위와 우선순위를 미리 정하는,꾸준한 학습 기준을 알아봅니다,grade_exam,불당동|중학생|내신|과외,0
keyword_combination,region,충청북도,청주시,가경동,,가경동,,,고등,,true,고등학생,국영수과외,가경동 고등 내신과외,가경동고등내신과외,가경동 고등 내신과외 풀이 근거와 판단 순서를 꼼꼼히 살피는 학습 기록을 활용하는 방법을 정리합니다,가경동 고등 내신과외를 살펴볼 때에는 학습 계획은 공부한 내용을 기억에서 꺼내 보고 기록을 남기면 다음 계획의 기준이 분명해집니다. 학습 계획은 모르는 부분을 질문으로 바꾸고 다음 단계로 연결하는 방식이 좋습니다. 학습 계획은 풀이 과정의 근거를 확인하고 작은 단위로 조정하면 꾸준히 이어가기 쉽습니다. 학습 계획은 풀이 과정의 근거를 확인하고 스스로 설명하는 시간을 더하면 이해가 선명해집니다. 학습한 내용과 실제 수행 결과를 비교하면 다음 공부의 우선순위를 더 구체적으로 정할 수 있습니다.,가경동 고등 내신과외를 알아볼 때에는 매일의 학습을 안정적으로 이어가려면 실천할 수 있는 분량과 순서를 정하고 점검 기준을 세우는 데 있습니다. 복습을 진행할 때는 문제의 조건과 요구 사항을 구분하고 정해진 시점에 다시 확인하면 기억을 오래 유지하는 데 도움이 됩니다. 고등학생은 오답을 개념과 해석 과정으로 구분하고 장기적인 공부 흐름을 안정적으로 유지할 수 있습니다. 오답을 관리할 때는 배운 내용을 자신의 말로 설명하고 정해진 시점에 다시 확인하면 기억을 오래 유지하는 데 도움이 됩니다. 내신 교과서를 복습할 때는 단원별 학습량과 남은 시간을 비교하고 서술형과 객관식의 준비 기준을 함께 세울 수 있습니다. 학습 습관을 만들 때는 실수의 원인을 유형별로 나누고 무리하지 않는 범위에서 반복하는 편이 안정적입니다. 과목별로 남긴 기록을 다음 계획에 구체적으로 반영하면 꾸준한 학습 흐름을 만드는 데 도움이 됩니다.,opening_027|body_general_100|body_high_016|body_general_120|body_internal_exam_079|body_general_022|ending_022,description_general_020|description_general_021|description_general_032|description_general_033,body_general|body_high|body_internal_exam|description_general|endings|openings,title_pattern_012,풀이 근거와 판단 순서를 꼼꼼히 살피는,학습 기록을 활용하는 방법을 정리합니다,grade_exam,가경동|고등|내신|과외,0
keyword_combination,region,강원특별자치도,강릉시,입암동,,입암동,,,고등학생,,true,고등학생,국영수과외,입암동 고등학생 내신과외,입암동고등학생내신과외,입암동 고등학생 내신과외 목표와 실제 공부량을 함께 비교하는 취약 부분을 보완하는 흐름을 알아봅니다,입암동 고등학생 내신과외를 살펴볼 때에는 복습 과정은 틀린 이유를 짧게 설명해 보고 반복 시점을 정해 두면 학습 공백을 줄일 수 있습니다. 학습 계획은 공부한 내용을 기억에서 꺼내 보고 작은 단위로 조정하면 꾸준히 이어가기 쉽습니다. 복습 과정은 하루에 실천할 분량을 구체적으로 정하고 작은 단위로 조정하면 꾸준히 이어가기 쉽습니다. 복습 과정은 주간 목표와 실제 결과를 비교하고 스스로 설명하는 시간을 더하면 이해가 선명해집니다. 학습한 내용과 실제 수행 결과를 비교하면 다음 공부의 우선순위를 더 구체적으로 정할 수 있습니다.,입암동 고등학생 내신과외를 알아볼 때에는 현재의 학습 상태를 이해하려면 현재 알고 있는 내용과 어려운 부분을 구분하고 점검 기준을 세우는 데 있습니다. 복습을 진행할 때는 이해한 내용과 어려운 내용을 구분하고 무리하지 않는 범위에서 반복하는 편이 안정적입니다. 고등학생은 과목별 목표와 사용할 시간을 구체적으로 나누고 근거를 설명할 수 있을 때까지 확인하는 편이 좋습니다. 복습을 진행할 때는 실수의 원인을 유형별로 나누고 완료 여부보다 이해 과정을 살피는 것이 중요합니다. 내신 교과서를 복습할 때는 답의 근거와 필요한 표현을 함께 정리하고 학교 시험 준비 과정을 구체적으로 관리할 수 있습니다. 오답을 관리할 때는 집중이 유지되는 시간을 기준으로 쉬는 때를 정하고 조금씩 기준을 높이면 학습 리듬을 유지할 수 있습니다. 매주 확인한 결과를 정해진 주기로 다시 살펴보면 꾸준한 학습 흐름을 만드는 데 도움이 됩니다.,opening_011|body_general_057|body_high_002|body_general_073|body_internal_exam_073|body_general_129|ending_013,description_general_054|description_general_017|description_general_047|description_general_078,body_general|body_high|body_internal_exam|description_general|endings|openings,title_pattern_031,목표와 실제 공부량을 함께 비교하는,취약 부분을 보완하는 흐름을 알아봅니다,grade_exam,입암동|고등학생|내신|과외,0
keyword_combination,region,경기도,구리시,인창동,,인창동,,,중등,영어,true,중학생,영어,인창동 중등 영어 내신과외,인창동중등영어내신과외,인창동 중등 영어 내신과외 단기 목표와 누적 복습을 함께 배치하는 시험 범위별 우선순위를 확인합니다,인창동 중등 영어 내신과외를 살펴볼 때에는 학습 계획은 풀이 과정의 근거를 확인하고 작은 단위로 조정하면 꾸준히 이어가기 쉽습니다. 복습 과정은 과목별 우선순위를 나누어 보고 기록을 남기면 다음 계획의 기준이 분명해집니다. 학습 계획은 모르는 부분을 질문으로 바꾸고 스스로 설명하는 시간을 더하면 이해가 선명해집니다. 복습 과정은 주간 목표와 실제 결과를 비교하고 스스로 설명하는 시간을 더하면 이해가 선명해집니다. 학습한 내용과 실제 수행 결과를 비교하면 다음 공부의 우선순위를 더 구체적으로 정할 수 있습니다.,인창동 중등 영어 내신과외를 알아볼 때에는 공부의 출발점은 현재 알고 있는 내용과 어려운 부분을 구분하고 점검 기준을 세우는 데 있습니다. 오답을 관리할 때는 중요한 개념을 서로 연결하고 정해진 시점에 다시 확인하면 기억을 오래 유지하는 데 도움이 됩니다. 중학생은 교과 개념과 문제 유형을 연결하고 스스로 점검할 기준이 한층 분명해집니다. 영어 독해를 진행할 때는 연결 표현을 기준으로 문단 흐름을 나누고 반복해서 만나는 표현을 따로 모아 복습할 수 있습니다. 내신 시험 범위를 확인할 때는 답의 근거와 필요한 표현을 함께 정리하고 시험 직전의 부담을 나누는 데 도움이 됩니다. 오답을 관리할 때는 실수의 원인을 유형별로 나누고 무리하지 않는 범위에서 반복하는 편이 안정적입니다. 이와 같은 과정을 다음 계획에 구체적으로 반영하면 꾸준한 학습 흐름을 만드는 데 도움이 됩니다.,opening_001|body_general_145|body_middle_008|body_english_060|body_internal_exam_022|body_general_122|ending_002,description_general_032|description_general_070|description_general_023|description_general_078,body_english|body_general|body_internal_exam|body_middle|description_general|endings|openings,title_pattern_027,단기 목표와 누적 복습을 함께 배치하는,시험 범위별 우선순위를 확인합니다,grade_subject_exam,인창동|중등|영어|내신|과외,0
keyword_combination,region,경상남도,거창군,상동,,상동,,,중등,수학,true,중학생,수학,상동 중등 수학 내신과외,상동중등수학내신과외,상동 중등 수학 내신과외 이해와 적용의 순서를 분명하게 잡는 학습 기록을 활용하는 방법을 정리합니다,상동 중등 수학 내신과외를 살펴볼 때에는 복습 과정은 공부한 내용을 기억에서 꺼내 보고 기록을 남기면 다음 계획의 기준이 분명해집니다. 학습 계획은 풀이 과정의 근거를 확인하고 작은 단위로 조정하면 꾸준히 이어가기 쉽습니다. 복습 과정은 틀린 이유를 짧게 설명해 보고 스스로 설명하는 시간을 더하면 이해가 선명해집니다. 학습 계획은 현재 이해한 범위를 먼저 확인하고 작은 단위로 조정하면 꾸준히 이어가기 쉽습니다. 학습한 내용과 실제 수행 결과를 비교하면 다음 공부의 우선순위를 더 구체적으로 정할 수 있습니다.,상동 중등 수학 내신과외를 알아볼 때에는 과외 학습의 방향을 세울 때는 실천할 수 있는 분량과 순서를 정하고 점검 기준을 세우는 데 있습니다. 복습을 진행할 때는 질문의 핵심을 한 문장으로 적고 정해진 시점에 다시 확인하면 기억을 오래 유지하는 데 도움이 됩니다. 중학생은 수행평가와 지필평가 일정을 함께 관리하고 스스로 점검할 기준이 한층 분명해집니다. 수학 응용 문제를 풀 때는 주어진 조건을 식과 그림으로 바꾸고 비슷한 유형에 적용하며 이해를 확인하는 것이 좋습니다. 내신 교과서를 복습할 때는 수업에서 강조된 내용과 기본 개념을 구분하고 시험 직전의 부담을 나누는 데 도움이 됩니다. 학습 습관을 만들 때는 현재 가능한 분량부터 정하고 완료 여부보다 이해 과정을 살피는 것이 중요합니다. 매주 확인한 결과를 현재 수준에 맞게 조금씩 조정하면 꾸준한 학습 흐름을 만드는 데 도움이 됩니다.,opening_017|body_general_090|body_middle_020|body_math_057|body_internal_exam_052|body_general_003|ending_011,description_general_060|description_general_032|description_general_053|description_general_002,body_general|body_internal_exam|body_math|body_middle|description_general|endings|openings,title_pattern_031,이해와 적용의 순서를 분명하게 잡는,학습 기록을 활용하는 방법을 정리합니다,grade_subject_exam,상동|중등|수학|내신|과외,0
keyword_combination,region,경상북도,구미시,봉곡동,,봉곡동,,,중등,과학,true,중학생,과학,봉곡동 중등 과학 내신과외,봉곡동중등과학내신과외,봉곡동 중등 과학 내신과외 오답 관리까지 자연스럽게 연결하는 학습 기록을 활용하는 방법을 정리합니다,봉곡동 중등 과학 내신과외를 살펴볼 때에는 복습 과정은 하루에 실천할 분량을 구체적으로 정하고 스스로 설명하는 시간을 더하면 이해가 선명해집니다. 학습 계획은 현재 이해한 범위를 먼저 확인하고 작은 단위로 조정하면 꾸준히 이어가기 쉽습니다. 복습 과정은 하루에 실천할 분량을 구체적으로 정하고 다음 단계로 연결하는 방식이 좋습니다. 학습 계획은 하루에 실천할 분량을 구체적으로 정하고 반복 시점을 정해 두면 학습 공백을 줄일 수 있습니다. 학습한 내용과 실제 수행 결과를 비교하면 다음 공부의 우선순위를 더 구체적으로 정할 수 있습니다.,봉곡동 중등 과학 내신과외를 알아볼 때에는 새로운 내용을 익히기 전에는 실천할 수 있는 분량과 순서를 정하고 점검 기준을 세우는 데 있습니다. 학습 습관을 만들 때는 배운 내용을 자신의 말로 설명하고 조금씩 기준을 높이면 학습 리듬을 유지할 수 있습니다. 중학생은 수업에서 다룬 내용을 당일에 짧게 복습하고 시험 직전의 학습 부담을 낮추는 데 도움이 됩니다. 과학 탐구 과정을 살펴볼 때는 단원마다 반복되는 원리를 연결하고 단순 암기보다 이해한 내용을 오래 유지하는 데 도움이 됩니다. 내신 시험 범위를 확인할 때는 프린트의 핵심 문장과 보충 내용을 나누고 시험 직전의 부담을 나누는 데 도움이 됩니다. 복습을 진행할 때는 배운 내용을 자신의 말로 설명하고 조금씩 기준을 높이면 학습 리듬을 유지할 수 있습니다. 이와 같은 과정을 현재 수준에 맞게 조금씩 조정하면 꾸준한 학습 흐름을 만드는 데 도움이 됩니다.,opening_032|body_general_019|body_middle_011|body_science_065|body_internal_exam_012|body_general_069|ending_001,description_general_048|description_general_002|description_general_046|description_general_009,body_general|body_internal_exam|body_middle|body_science|description_general|endings|openings,title_pattern_022,오답 관리까지 자연스럽게 연결하는,학습 기록을 활용하는 방법을 정리합니다,grade_subject_exam,봉곡동|중등|과학|내신|과외,0
keyword_combination,region,광주광역시,북구,오룡동,,오룡동,,,중등,국어,true,중학생,국어,오룡동 중등 국어 내신과외,오룡동중등국어내신과외,오룡동 중등 국어 내신과외 교과 진도와 취약 부분을 함께 확인하는 시험 범위별 우선순위를 확인합니다,오룡동 중등 국어 내신과외를 살펴볼 때에는 복습 과정은 현재 이해한 범위를 먼저 확인하고 반복 시점을 정해 두면 학습 공백을 줄일 수 있습니다. 학습 계획은 과목별 우선순위를 나누어 보고 기록을 남기면 다음 계획의 기준이 분명해집니다. 학습 계획은 주간 목표와 실제 결과를 비교하고 기록을 남기면 다음 계획의 기준이 분명해집니다. 복습 과정은 풀이 과정의 근거를 확인하고 반복 시점을 정해 두면 학습 공백을 줄일 수 있습니다. 학습한 내용과 실제 수행 결과를 비교하면 다음 공부의 우선순위를 더 구체적으로 정할 수 있습니다.,오룡동 중등 국어 내신과외를 알아볼 때에는 과외 학습의 방향을 세울 때는 현재 알고 있는 내용과 어려운 부분을 구분하고 점검 기준을 세우는 데 있습니다. 학습 습관을 만들 때는 이해한 내용과 어려운 내용을 구분하고 다음 공부에 반영하는 과정이 필요합니다. 내신 준비 기간에는 과목별 시험 범위와 일정을 먼저 나누고 누적 복습 시간을 확보하는 것이 좋습니다. 국어 독해에서는 문단의 중심 내용과 연결 관계를 표시하고 오답 선택지가 틀린 이유까지 살피면 판단 기준이 생깁니다. 내신 교과서를 복습할 때는 틀린 이유를 개념과 해석 과정으로 나누고 계획과 실제 진도를 비교하며 조정할 수 있습니다. 오답을 관리할 때는 실수의 원인을 유형별로 나누고 정해진 시점에 다시 확인하면 기억을 오래 유지하는 데 도움이 됩니다. 작게 나눈 목표를 현재 수준에 맞게 조금씩 조정하면 꾸준한 학습 흐름을 만드는 데 도움이 됩니다.,opening_016|body_general_006|body_middle_049|body_korean_004|body_internal_exam_090|body_general_125|ending_031,description_general_044|description_general_030|description_general_040|description_general_074,body_general|body_internal_exam|body_korean|body_middle|description_general|endings|openings,title_pattern_016,교과 진도와 취약 부분을 함께 확인하는,시험 범위별 우선순위를 확인합니다,grade_subject_exam,오룡동|중등|국어|내신|과외,0
keyword_combination,region,대구광역시,달서구,두류동,,두류동,,,중등,영수,true,중학생,영수,두류동 중등 영수 내신과외,두류동중등영수내신과외,두류동 중등 영수 내신과외 집중 시간과 공부 분량을 알맞게 나누는 시험 범위별 우선순위를 확인합니다,두류동 중등 영수 내신과외를 살펴볼 때에는 복습 과정은 과목별 우선순위를 나누어 보고 스스로 설명하는 시간을 더하면 이해가 선명해집니다. 학습 계획은 현재 이해한 범위를 먼저 확인하고 기록을 남기면 다음 계획의 기준이 분명해집니다. 학습 계획은 틀린 이유를 짧게 설명해 보고 반복 시점을 정해 두면 학습 공백을 줄일 수 있습니다. 복습 과정은 틀린 이유를 짧게 설명해 보고 작은 단위로 조정하면 꾸준히 이어가기 쉽습니다. 학습한 내용과 실제 수행 결과를 비교하면 다음 공부의 우선순위를 더 구체적으로 정할 수 있습니다.,두류동 중등 영수 내신과외를 알아볼 때에는 꾸준한 학습을 위해서는 실천할 수 있는 분량과 순서를 정하고 점검 기준을 세우는 데 있습니다. 복습을 진행할 때는 배운 내용을 자신의 말로 설명하고 무리하지 않는 범위에서 반복하는 편이 안정적입니다. 중등 과정에서는 풀이와 답의 근거를 문장으로 정리하고 스스로 점검할 기준이 한층 분명해집니다. 영수 학습 계획을 세울 때는 하루 학습량을 실제 가능한 수준으로 나누고 영수 학습의 진행 상황을 한눈에 점검하기 쉬워집니다. 내신 시험 범위를 확인할 때는 단원별 학습량과 남은 시간을 비교하고 학교 시험 준비 과정을 구체적으로 관리할 수 있습니다. 오답을 관리할 때는 짧은 목표를 세운 뒤 결과를 기록하고 조금씩 기준을 높이면 학습 리듬을 유지할 수 있습니다. 반복해서 익힌 습관을 다음 계획에 구체적으로 반영하면 꾸준한 학습 흐름을 만드는 데 도움이 됩니다.,opening_007|body_general_067|body_middle_048|body_english_math_030|body_internal_exam_028|body_general_114|ending_027,description_general_068|description_general_005|description_general_014|description_general_052,body_english_math|body_general|body_internal_exam|body_middle|description_general|endings|openings,title_pattern_027,집중 시간과 공부 분량을 알맞게 나누는,시험 범위별 우선순위를 확인합니다,grade_subject_exam,두류동|중등|영수|내신|과외,0
keyword_combination,region,대전광역시,대덕구,신탄진동,,신탄진동,,,중학생,영어,true,중학생,영어,신탄진동 중학생 영어 내신과외,신탄진동중학생영어내신과외,신탄진동 중학생 영어 내신과외 반복 학습의 시점과 방법을 조정하는 시험 범위별 우선순위를 확인합니다,신탄진동 중학생 영어 내신과외를 살펴볼 때에는 복습 과정은 모르는 부분을 질문으로 바꾸고 다음 단계로 연결하는 방식이 좋습니다. 복습 과정은 과목별 우선순위를 나누어 보고 다음 단계로 연결하는 방식이 좋습니다. 학습 계획은 틀린 이유를 짧게 설명해 보고 다음 단계로 연결하는 방식이 좋습니다. 학습 계획은 풀이 과정의 근거를 확인하고 다음 단계로 연결하는 방식이 좋습니다. 학습한 내용과 실제 수행 결과를 비교하면 다음 공부의 우선순위를 더 구체적으로 정할 수 있습니다.,신탄진동 중학생 영어 내신과외를 알아볼 때에는 현재의 학습 상태를 이해하려면 실천할 수 있는 분량과 순서를 정하고 점검 기준을 세우는 데 있습니다. 복습을 진행할 때는 문제의 조건과 요구 사항을 구분하고 조금씩 기준을 높이면 학습 리듬을 유지할 수 있습니다. 중등 과정에서는 오답의 근거를 교과서에서 다시 찾고 시험 직전의 학습 부담을 낮추는 데 도움이 됩니다. 영어 문장을 해석할 때는 주어와 동사의 관계를 먼저 확인하고 읽은 내용을 한 문장으로 요약하는 연습이 유용합니다. 내신 교과서를 복습할 때는 틀린 이유를 개념과 해석 과정으로 나누고 다음 복습의 우선순위를 정하는 것이 좋습니다. 복습을 진행할 때는 짧은 목표를 세운 뒤 결과를 기록하고 무리하지 않는 범위에서 반복하는 편이 안정적입니다. 점검한 오답 내용을 무리하지 않는 범위에서 이어가면 꾸준한 학습 흐름을 만드는 데 도움이 됩니다.,opening_012|body_general_099|body_middle_039|body_english_031|body_internal_exam_086|body_general_062|ending_040,description_general_061|description_general_066|description_general_011|description_general_031,body_english|body_general|body_internal_exam|body_middle|description_general|endings|openings,title_pattern_018,반복 학습의 시점과 방법을 조정하는,시험 범위별 우선순위를 확인합니다,grade_subject_exam,신탄진동|중학생|영어|내신|과외,0
keyword_combination,region,부산광역시,동래구,명장동,,명장동,,,중학생,수학,true,중학생,수학,명장동 중학생 수학 내신과외,명장동중학생수학내신과외,명장동 중학생 수학 내신과외 과목별 공부 순서를 균형 있게 살펴보는 오답을 줄이는 과정을 살펴봅니다,명장동 중학생 수학 내신과외를 살펴볼 때에는 복습 과정은 모르는 부분을 질문으로 바꾸고 작은 단위로 조정하면 꾸준히 이어가기 쉽습니다. 학습 계획은 모르는 부분을 질문으로 바꾸고 기록을 남기면 다음 계획의 기준이 분명해집니다. 학습 계획은 하루에 실천할 분량을 구체적으로 정하고 반복 시점을 정해 두면 학습 공백을 줄일 수 있습니다. 학습 계획은 과목별 우선순위를 나누어 보고 기록을 남기면 다음 계획의 기준이 분명해집니다. 학습한 내용과 실제 수행 결과를 비교하면 다음 공부의 우선순위를 더 구체적으로 정할 수 있습니다.,명장동 중학생 수학 내신과외를 알아볼 때에는 새로운 내용을 익히기 전에는 배운 내용을 스스로 설명해 보고 점검 기준을 세우는 데 있습니다. 복습을 진행할 때는 질문의 핵심을 한 문장으로 적고 다음 공부에 반영하는 과정이 필요합니다. 내신 준비 기간에는 교과 개념과 문제 유형을 연결하고 시험 직전의 학습 부담을 낮추는 데 도움이 됩니다. 수학 응용 문제를 풀 때는 주어진 조건을 식과 그림으로 바꾸고 조건이 달라졌을 때의 변화를 살펴보면 응용력이 자랍니다. 내신 시험 범위를 확인할 때는 수업에서 강조된 내용과 기본 개념을 구분하고 시험 직전의 부담을 나누는 데 도움이 됩니다. 오답을 관리할 때는 계획과 실제 수행량의 차이를 확인하고 정해진 시점에 다시 확인하면 기억을 오래 유지하는 데 도움이 됩니다. 정리한 학습 기준을 무리하지 않는 범위에서 이어가면 꾸준한 학습 흐름을 만드는 데 도움이 됩니다.,opening_035|body_general_086|body_middle_055|body_math_060|body_internal_exam_002|body_general_135|ending_010,description_general_062|description_general_025|description_general_009|description_general_030,body_general|body_internal_exam|body_math|body_middle|description_general|endings|openings,title_pattern_006,과목별 공부 순서를 균형 있게 살펴보는,오답을 줄이는 과정을 살펴봅니다,grade_subject_exam,명장동|중학생|수학|내신|과외,0
keyword_combination,region,서울특별시,마포구,상암동,,상암동,,,중학생,과학,true,중학생,과학,상암동 중학생 과학 내신과외,상암동중학생과학내신과외,상암동 중학생 과학 내신과외 핵심 개념의 연결 관계를 다시 보는 교과 진도에 맞는 계획을 알아봅니다,상암동 중학생 과학 내신과외를 살펴볼 때에는 학습 계획은 틀린 이유를 짧게 설명해 보고 반복 시점을 정해 두면 학습 공백을 줄일 수 있습니다. 복습 과정은 공부한 내용을 기억에서 꺼내 보고 작은 단위로 조정하면 꾸준히 이어가기 쉽습니다. 복습 과정은 현재 이해한 범위를 먼저 확인하고 기록을 남기면 다음 계획의 기준이 분명해집니다. 복습 과정은 현재 이해한 범위를 먼저 확인하고 다음 단계로 연결하는 방식이 좋습니다. 학습한 내용과 실제 수행 결과를 비교하면 다음 공부의 우선순위를 더 구체적으로 정할 수 있습니다.,상암동 중학생 과학 내신과외를 알아볼 때에는 매일의 학습을 안정적으로 이어가려면 현재 알고 있는 내용과 어려운 부분을 구분하고 점검 기준을 세우는 데 있습니다. 학습 습관을 만들 때는 실수의 원인을 유형별로 나누고 완료 여부보다 이해 과정을 살피는 것이 중요합니다. 내신 준비 기간에는 수업에서 다룬 내용을 당일에 짧게 복습하고 누적 복습 시간을 확보하는 것이 좋습니다. 과학 탐구 과정을 살펴볼 때는 표와 그래프의 변화 방향을 먼저 읽고 단순 암기보다 이해한 내용을 오래 유지하는 데 도움이 됩니다. 내신 시험 범위를 확인할 때는 수업에서 강조된 내용과 기본 개념을 구분하고 학교 시험 준비 과정을 구체적으로 관리할 수 있습니다. 학습 습관을 만들 때는 집중이 유지되는 시간을 기준으로 쉬는 때를 정하고 완료 여부보다 이해 과정을 살피는 것이 중요합니다. 스스로 세운 계획을 완료한 뒤 이유까지 돌아보면 꾸준한 학습 흐름을 만드는 데 도움이 됩니다.,opening_026|body_general_023|body_middle_057|body_science_055|body_internal_exam_003|body_general_028|ending_019,description_general_014|description_general_057|description_general_045|description_general_041,body_general|body_internal_exam|body_middle|body_science|description_general|endings|openings,title_pattern_017,핵심 개념의 연결 관계를 다시 보는,교과 진도에 맞는 계획을 알아봅니다,grade_subject_exam,상암동|중학생|과학|내신|과외,0
keyword_combination,region,세종특별자치시,세종시,어진동,,어진동,,,중학생,국어,true,중학생,국어,어진동 중학생 국어 내신과외,어진동중학생국어내신과외,어진동 중학생 국어 내신과외 풀이 근거와 판단 순서를 꼼꼼히 살피는 집중과 휴식의 기준을 점검합니다,어진동 중학생 국어 내신과외를 살펴볼 때에는 복습 과정은 주간 목표와 실제 결과를 비교하고 작은 단위로 조정하면 꾸준히 이어가기 쉽습니다. 복습 과정은 공부한 내용을 기억에서 꺼내 보고 작은 단위로 조정하면 꾸준히 이어가기 쉽습니다. 학습 계획은 현재 이해한 범위를 먼저 확인하고 작은 단위로 조정하면 꾸준히 이어가기 쉽습니다. 복습 과정은 현재 이해한 범위를 먼저 확인하고 반복 시점을 정해 두면 학습 공백을 줄일 수 있습니다. 학습한 내용과 실제 수행 결과를 비교하면 다음 공부의 우선순위를 더 구체적으로 정할 수 있습니다.,어진동 중학생 국어 내신과외를 알아볼 때에는 매일의 학습을 안정적으로 이어가려면 목표와 사용할 시간을 구체적으로 연결하고 점검 기준을 세우는 데 있습니다. 학습 습관을 만들 때는 배운 내용을 자신의 말로 설명하고 정해진 시점에 다시 확인하면 기억을 오래 유지하는 데 도움이 됩니다. 중학생은 수업에서 다룬 내용을 당일에 짧게 복습하고 시험 직전의 학습 부담을 낮추는 데 도움이 됩니다. 국어 독해에서는 낯선 어휘의 뜻을 문맥에서 추론하고 근거와 결론을 함께 적으면 답안이 선명해집니다. 내신 교과서를 복습할 때는 기억이 약한 범위를 우선 배치하고 학교 시험 준비 과정을 구체적으로 관리할 수 있습니다. 복습을 진행할 때는 계획과 실제 수행량의 차이를 확인하고 다음 공부에 반영하는 과정이 필요합니다. 스스로 세운 계획을 무리하지 않는 범위에서 이어가면 꾸준한 학습 흐름을 만드는 데 도움이 됩니다.,opening_029|body_general_020|body_middle_011|body_korean_018|body_internal_exam_093|body_general_081|ending_020,description_general_077|description_general_057|description_general_002|description_general_044,body_general|body_internal_exam|body_korean|body_middle|description_general|endings|openings,title_pattern_027,풀이 근거와 판단 순서를 꼼꼼히 살피는,집중과 휴식의 기준을 점검합니다,grade_subject_exam,어진동|중학생|국어|내신|과외,0
keyword_combination,region,울산광역시,북구,효문동,,효문동,,,중학생,영수,true,중학생,영수,효문동 중학생 영수 내신과외,효문동중학생영수내신과외,효문동 중학생 영수 내신과외 집중 시간과 공부 분량을 알맞게 나누는 오답을 줄이는 과정을 살펴봅니다,효문동 중학생 영수 내신과외를 살펴볼 때에는 학습 계획은 모르는 부분을 질문으로 바꾸고 반복 시점을 정해 두면 학습 공백을 줄일 수 있습니다. 학습 계획은 풀이 과정의 근거를 확인하고 다음 단계로 연결하는 방식이 좋습니다. 복습 과정은 틀린 이유를 짧게 설명해 보고 스스로 설명하는 시간을 더하면 이해가 선명해집니다. 복습 과정은 과목별 우선순위를 나누어 보고 반복 시점을 정해 두면 학습 공백을 줄일 수 있습니다. 학습한 내용과 실제 수행 결과를 비교하면 다음 공부의 우선순위를 더 구체적으로 정할 수 있습니다.,효문동 중학생 영수 내신과외를 알아볼 때에는 새로운 내용을 익히기 전에는 과목별 습관과 오답의 원인을 살피고 점검 기준을 세우는 데 있습니다. 학습 습관을 만들 때는 집중이 유지되는 시간을 기준으로 쉬는 때를 정하고 무리하지 않는 범위에서 반복하는 편이 안정적입니다. 중등 과정에서는 교과 개념과 문제 유형을 연결하고 누적 복습 시간을 확보하는 것이 좋습니다. 영수 학습 계획을 세울 때는 영어의 읽기 분량과 수학의 풀이 분량을 따로 정하고 영수 학습의 진행 상황을 한눈에 점검하기 쉬워집니다. 내신 교과서를 복습할 때는 수업에서 강조된 내용과 기본 개념을 구분하고 학교 시험 준비 과정을 구체적으로 관리할 수 있습니다. 복습을 진행할 때는 현재 가능한 분량부터 정하고 무리하지 않는 범위에서 반복하는 편이 안정적입니다. 반복해서 익힌 습관을 무리하지 않는 범위에서 이어가면 꾸준한 학습 흐름을 만드는 데 도움이 됩니다.,opening_033|body_general_027|body_middle_029|body_english_math_005|body_internal_exam_053|body_general_052|ending_030,description_general_024|description_general_031|description_general_053|description_general_069,body_english_math|body_general|body_internal_exam|body_middle|description_general|endings|openings,title_pattern_006,집중 시간과 공부 분량을 알맞게 나누는,오답을 줄이는 과정을 살펴봅니다,grade_subject_exam,효문동|중학생|영수|내신|과외,0
keyword_combination,region,인천광역시,중구,북성동,,북성동,,,고등,영어,true,고등학생,영어,북성동 고등 영어 내신과외,북성동고등영어내신과외,북성동 고등 영어 내신과외 질문과 설명 습관을 차분히 기르는 취약 부분을 보완하는 흐름을 알아봅니다,북성동 고등 영어 내신과외를 살펴볼 때에는 복습 과정은 하루에 실천할 분량을 구체적으로 정하고 다음 단계로 연결하는 방식이 좋습니다. 학습 계획은 주간 목표와 실제 결과를 비교하고 기록을 남기면 다음 계획의 기준이 분명해집니다. 복습 과정은 주간 목표와 실제 결과를 비교하고 작은 단위로 조정하면 꾸준히 이어가기 쉽습니다. 복습 과정은 공부한 내용을 기억에서 꺼내 보고 반복 시점을 정해 두면 학습 공백을 줄일 수 있습니다. 학습한 내용과 실제 수행 결과를 비교하면 다음 공부의 우선순위를 더 구체적으로 정할 수 있습니다.,북성동 고등 영어 내신과외를 알아볼 때에는 과외 학습의 방향을 세울 때는 배운 내용을 스스로 설명해 보고 점검 기준을 세우는 데 있습니다. 복습을 진행할 때는 중요한 개념을 서로 연결하고 무리하지 않는 범위에서 반복하는 편이 안정적입니다. 고등학생은 개념의 연결 관계와 출제 조건을 확인하고 근거를 설명할 수 있을 때까지 확인하는 편이 좋습니다. 영어 문장을 해석할 때는 단어를 문장 속 의미와 함께 기억하고 문장 구조를 표시하면 해석의 근거가 분명해집니다. 내신 교과서를 복습할 때는 수업에서 강조된 내용과 기본 개념을 구분하고 계획과 실제 진도를 비교하며 조정할 수 있습니다. 오답을 관리할 때는 현재 가능한 분량부터 정하고 다음 공부에 반영하는 과정이 필요합니다. 매주 확인한 결과를 무리하지 않는 범위에서 이어가면 꾸준한 학습 흐름을 만드는 데 도움이 됩니다.,opening_020|body_general_092|body_high_006|body_english_026|body_internal_exam_055|body_general_101|ending_015,description_general_046|description_general_040|description_general_077|description_general_059,body_english|body_general|body_high|body_internal_exam|description_general|endings|openings,title_pattern_002,질문과 설명 습관을 차분히 기르는,취약 부분을 보완하는 흐름을 알아봅니다,grade_subject_exam,북성동|고등|영어|내신|과외,0
keyword_combination,region,전라남도,화순군,,,화순군,,,고등,수학,true,고등학생,수학,화순군 고등 수학 내신과외,화순군고등수학내신과외,화순군 고등 수학 내신과외 과목별 공부 순서를 균형 있게 살펴보는 시험 범위별 우선순위를 확인합니다,화순군 고등 수학 내신과외를 살펴볼 때에는 복습 과정은 모르는 부분을 질문으로 바꾸고 작은 단위로 조정하면 꾸준히 이어가기 쉽습니다. 학습 계획은 풀이 과정의 근거를 확인하고 반복 시점을 정해 두면 학습 공백을 줄일 수 있습니다. 학습 계획은 하루에 실천할 분량을 구체적으로 정하고 다음 단계로 연결하는 방식이 좋습니다. 복습 과정은 풀이 과정의 근거를 확인하고 스스로 설명하는 시간을 더하면 이해가 선명해집니다. 학습한 내용과 실제 수행 결과를 비교하면 다음 공부의 우선순위를 더 구체적으로 정할 수 있습니다.,화순군 고등 수학 내신과외를 알아볼 때에는 효율적인 공부 흐름을 만들려면 목표와 사용할 시간을 구체적으로 연결하고 점검 기준을 세우는 데 있습니다. 학습 습관을 만들 때는 실수의 원인을 유형별로 나누고 조금씩 기준을 높이면 학습 리듬을 유지할 수 있습니다. 고등 과정에서는 기출 문제에서 반복되는 판단 기준을 찾고 취약 영역을 다음 계획에 바로 반영할 수 있습니다. 수학 개념을 익힐 때는 틀린 부분을 개념과 계산으로 구분하고 비슷한 유형에 적용하며 이해를 확인하는 것이 좋습니다. 내신 교과서를 복습할 때는 완료한 범위와 다시 볼 범위를 표시하고 다음 복습의 우선순위를 정하는 것이 좋습니다. 복습을 진행할 때는 현재 가능한 분량부터 정하고 다음 공부에 반영하는 과정이 필요합니다. 정리한 학습 기준을 무리하지 않는 범위에서 이어가면 꾸준한 학습 흐름을 만드는 데 도움이 됩니다.,opening_024|body_general_024|body_high_035|body_math_013|body_internal_exam_096|body_general_051|ending_010,description_general_062|description_general_034|description_general_006|description_general_073,body_general|body_high|body_internal_exam|body_math|description_general|endings|openings,title_pattern_026,과목별 공부 순서를 균형 있게 살펴보는,시험 범위별 우선순위를 확인합니다,grade_subject_exam,화순군|고등|수학|내신|과외,0
keyword_combination,region,전북특별자치도,익산시,모현동,,모현동,,,고등,과학,true,고등학생,과학,모현동 고등 과학 내신과외,모현동고등과학내신과외,모현동 고등 과학 내신과외 스스로 공부하는 기준을 조금씩 세우는 교과 진도에 맞는 계획을 알아봅니다,모현동 고등 과학 내신과외를 살펴볼 때에는 학습 계획은 풀이 과정의 근거를 확인하고 작은 단위로 조정하면 꾸준히 이어가기 쉽습니다. 복습 과정은 현재 이해한 범위를 먼저 확인하고 작은 단위로 조정하면 꾸준히 이어가기 쉽습니다. 학습 계획은 주간 목표와 실제 결과를 비교하고 기록을 남기면 다음 계획의 기준이 분명해집니다. 복습 과정은 과목별 우선순위를 나누어 보고 반복 시점을 정해 두면 학습 공백을 줄일 수 있습니다. 학습한 내용과 실제 수행 결과를 비교하면 다음 공부의 우선순위를 더 구체적으로 정할 수 있습니다.,모현동 고등 과학 내신과외를 알아볼 때에는 새로운 내용을 익히기 전에는 과목별 습관과 오답의 원인을 살피고 점검 기준을 세우는 데 있습니다. 복습을 진행할 때는 문제의 조건과 요구 사항을 구분하고 무리하지 않는 범위에서 반복하는 편이 안정적입니다. 내신과 모의고사를 함께 준비할 때는 과목별 목표와 사용할 시간을 구체적으로 나누고 학습 우선순위를 정하는 기준이 필요합니다. 과학 개념을 이해할 때는 표와 그래프의 변화 방향을 먼저 읽고 단순 암기보다 이해한 내용을 오래 유지하는 데 도움이 됩니다. 내신 시험 범위를 확인할 때는 기억이 약한 범위를 우선 배치하고 다음 복습의 우선순위를 정하는 것이 좋습니다. 오답을 관리할 때는 배운 내용을 자신의 말로 설명하고 정해진 시점에 다시 확인하면 기억을 오래 유지하는 데 도움이 됩니다. 정리한 학습 기준을 완료한 뒤 이유까지 돌아보면 꾸준한 학습 흐름을 만드는 데 도움이 됩니다.,opening_033|body_general_097|body_high_049|body_science_015|body_internal_exam_041|body_general_120|ending_009,description_general_032|description_general_042|description_general_040|description_general_069,body_general|body_high|body_internal_exam|body_science|description_general|endings|openings,title_pattern_012,스스로 공부하는 기준을 조금씩 세우는,교과 진도에 맞는 계획을 알아봅니다,grade_subject_exam,모현동|고등|과학|내신|과외,0
keyword_combination,region,제주특별자치도,제주시,영평동,,영평동,,,고등,국어,true,고등학생,국어,영평동 고등 국어 내신과외,영평동고등국어내신과외,영평동 고등 국어 내신과외 매일 이어갈 수 있는 학습 리듬을 만드는 질문과 설명의 과정을 안내합니다,영평동 고등 국어 내신과외를 살펴볼 때에는 복습 과정은 틀린 이유를 짧게 설명해 보고 반복 시점을 정해 두면 학습 공백을 줄일 수 있습니다. 복습 과정은 모르는 부분을 질문으로 바꾸고 다음 단계로 연결하는 방식이 좋습니다. 학습 계획은 하루에 실천할 분량을 구체적으로 정하고 반복 시점을 정해 두면 학습 공백을 줄일 수 있습니다. 복습 과정은 공부한 내용을 기억에서 꺼내 보고 반복 시점을 정해 두면 학습 공백을 줄일 수 있습니다. 학습한 내용과 실제 수행 결과를 비교하면 다음 공부의 우선순위를 더 구체적으로 정할 수 있습니다.,영평동 고등 국어 내신과외를 알아볼 때에는 현재의 학습 상태를 이해하려면 목표와 사용할 시간을 구체적으로 연결하고 점검 기준을 세우는 데 있습니다. 오답을 관리할 때는 배운 내용을 자신의 말로 설명하고 다음 공부에 반영하는 과정이 필요합니다. 고등학생은 기출 문제에서 반복되는 판단 기준을 찾고 학습 우선순위를 정하는 기준이 필요합니다. 국어 서술형을 준비할 때는 화자의 태도와 표현 효과를 구분하고 오답 선택지가 틀린 이유까지 살피면 판단 기준이 생깁니다. 내신 시험 범위를 확인할 때는 기억이 약한 범위를 우선 배치하고 다음 복습의 우선순위를 정하는 것이 좋습니다. 학습 습관을 만들 때는 실수의 원인을 유형별로 나누고 조금씩 기준을 높이면 학습 리듬을 유지할 수 있습니다. 반복해서 익힌 습관을 현재 수준에 맞게 조금씩 조정하면 꾸준한 학습 흐름을 만드는 데 도움이 됩니다.,opening_014|body_general_116|body_high_009|body_korean_036|body_internal_exam_041|body_general_024|ending_026,description_general_054|description_general_061|description_general_009|description_general_059,body_general|body_high|body_internal_exam|body_korean|description_general|endings|openings,title_pattern_003,매일 이어갈 수 있는 학습 리듬을 만드는,질문과 설명의 과정을 안내합니다,grade_subject_exam,영평동|고등|국어|내신|과외,0
keyword_combination,region,충청남도,보령시,대천동,,대천동,,,고등,영수,true,고등학생,영수,대천동 고등 영수 내신과외,대천동고등영수내신과외,대천동 고등 영수 내신과외 집중 시간과 공부 분량을 알맞게 나누는 시험 범위별 우선순위를 확인합니다,대천동 고등 영수 내신과외를 살펴볼 때에는 학습 계획은 틀린 이유를 짧게 설명해 보고 스스로 설명하는 시간을 더하면 이해가 선명해집니다. 학습 계획은 틀린 이유를 짧게 설명해 보고 다음 단계로 연결하는 방식이 좋습니다. 복습 과정은 과목별 우선순위를 나누어 보고 기록을 남기면 다음 계획의 기준이 분명해집니다. 학습 계획은 하루에 실천할 분량을 구체적으로 정하고 스스로 설명하는 시간을 더하면 이해가 선명해집니다. 학습한 내용과 실제 수행 결과를 비교하면 다음 공부의 우선순위를 더 구체적으로 정할 수 있습니다.,대천동 고등 영수 내신과외를 알아볼 때에는 공부의 출발점은 현재 알고 있는 내용과 어려운 부분을 구분하고 점검 기준을 세우는 데 있습니다. 복습을 진행할 때는 집중이 유지되는 시간을 기준으로 쉬는 때를 정하고 무리하지 않는 범위에서 반복하는 편이 안정적입니다. 고등 과정에서는 과목별 목표와 사용할 시간을 구체적으로 나누고 학습 우선순위를 정하는 기준이 필요합니다. 영수 학습 계획을 세울 때는 주간 결과에서 부족한 과목의 시간을 보완하고 영수 학습의 진행 상황을 한눈에 점검하기 쉬워집니다. 내신 시험 범위를 확인할 때는 수업에서 강조된 내용과 기본 개념을 구분하고 다음 복습의 우선순위를 정하는 것이 좋습니다. 학습 습관을 만들 때는 현재 가능한 분량부터 정하고 조금씩 기준을 높이면 학습 리듬을 유지할 수 있습니다. 작게 나눈 목표를 무리하지 않는 범위에서 이어가면 꾸준한 학습 흐름을 만드는 데 도움이 됩니다.,opening_001|body_general_077|body_high_025|body_english_math_035|body_internal_exam_001|body_general_004|ending_035,description_general_013|description_general_011|description_general_070|description_general_008,body_english_math|body_general|body_high|body_internal_exam|description_general|endings|openings,title_pattern_002,집중 시간과 공부 분량을 알맞게 나누는,시험 범위별 우선순위를 확인합니다,grade_subject_exam,대천동|고등|영수|내신|과외,0
keyword_combination,region,충청북도,제천시,하소동,,하소동,,,고등학생,영어,true,고등학생,영어,하소동 고등학생 영어 내신과외,하소동고등학생영어내신과외,하소동 고등학생 영어 내신과외 매일 이어갈 수 있는 학습 리듬을 만드는 내신 준비 방법을 알아봅니다,하소동 고등학생 영어 내신과외를 살펴볼 때에는 학습 계획은 현재 이해한 범위를 먼저 확인하고 기록을 남기면 다음 계획의 기준이 분명해집니다. 학습 계획은 풀이 과정의 근거를 확인하고 기록을 남기면 다음 계획의 기준이 분명해집니다. 복습 과정은 과목별 우선순위를 나누어 보고 반복 시점을 정해 두면 학습 공백을 줄일 수 있습니다. 학습 계획은 주간 목표와 실제 결과를 비교하고 작은 단위로 조정하면 꾸준히 이어가기 쉽습니다. 학습한 내용과 실제 수행 결과를 비교하면 다음 공부의 우선순위를 더 구체적으로 정할 수 있습니다.,하소동 고등학생 영어 내신과외를 알아볼 때에는 꾸준한 학습을 위해서는 목표와 사용할 시간을 구체적으로 연결하고 점검 기준을 세우는 데 있습니다. 오답을 관리할 때는 현재 가능한 분량부터 정하고 무리하지 않는 범위에서 반복하는 편이 안정적입니다. 고등 과정에서는 기출 문제에서 반복되는 판단 기준을 찾고 장기적인 공부 흐름을 안정적으로 유지할 수 있습니다. 영어 어휘를 익힐 때는 단어를 문장 속 의미와 함께 기억하고 짧은 예문을 직접 만들면 기억을 점검하기 좋습니다. 내신 시험 범위를 확인할 때는 교과서 예시와 확인 문제를 다시 살펴보고 학교 시험 준비 과정을 구체적으로 관리할 수 있습니다. 학습 습관을 만들 때는 현재 가능한 분량부터 정하고 조금씩 기준을 높이면 학습 리듬을 유지할 수 있습니다. 점검한 오답 내용을 완료한 뒤 이유까지 돌아보면 꾸준한 학습 흐름을 만드는 데 도움이 됩니다.,opening_009|body_general_102|body_high_036|body_english_001|body_internal_exam_008|body_general_004|ending_039,description_general_005|description_general_035|description_general_069|description_general_037,body_english|body_general|body_high|body_internal_exam|description_general|endings|openings,title_pattern_020,매일 이어갈 수 있는 학습 리듬을 만드는,내신 준비 방법을 알아봅니다,grade_subject_exam,하소동|고등학생|영어|내신|과외,0
keyword_combination,region,강원특별자치도,영월군,,,영월군,,,고등학생,수학,true,고등학생,수학,영월군 고등학생 수학 내신과외,영월군고등학생수학내신과외,영월군 고등학생 수학 내신과외 과목별 공부 순서를 균형 있게 살펴보는 꾸준한 학습 기준을 알아봅니다,영월군 고등학생 수학 내신과외를 살펴볼 때에는 복습 과정은 풀이 과정의 근거를 확인하고 다음 단계로 연결하는 방식이 좋습니다. 복습 과정은 주간 목표와 실제 결과를 비교하고 작은 단위로 조정하면 꾸준히 이어가기 쉽습니다. 복습 과정은 주간 목표와 실제 결과를 비교하고 기록을 남기면 다음 계획의 기준이 분명해집니다. 복습 과정은 현재 이해한 범위를 먼저 확인하고 다음 단계로 연결하는 방식이 좋습니다. 학습한 내용과 실제 수행 결과를 비교하면 다음 공부의 우선순위를 더 구체적으로 정할 수 있습니다.,영월군 고등학생 수학 내신과외를 알아볼 때에는 매일의 학습을 안정적으로 이어가려면 목표와 사용할 시간을 구체적으로 연결하고 점검 기준을 세우는 데 있습니다. 오답을 관리할 때는 실수의 원인을 유형별로 나누고 정해진 시점에 다시 확인하면 기억을 오래 유지하는 데 도움이 됩니다. 고등학생은 과목별 목표와 사용할 시간을 구체적으로 나누고 취약 영역을 다음 계획에 바로 반영할 수 있습니다. 수학 개념을 익힐 때는 틀린 부분을 개념과 계산으로 구분하고 풀이를 비교하면 더 간결한 방법을 찾을 수 있습니다. 내신 교과서를 복습할 때는 단원별 학습량과 남은 시간을 비교하고 학교 시험 준비 과정을 구체적으로 관리할 수 있습니다. 복습을 진행할 때는 문제의 조건과 요구 사항을 구분하고 완료 여부보다 이해 과정을 살피는 것이 중요합니다. 매주 확인한 결과를 다음 계획에 구체적으로 반영하면 꾸준한 학습 흐름을 만드는 데 도움이 됩니다.,opening_029|body_general_125|body_high_003|body_math_015|body_internal_exam_078|body_general_098|ending_012,description_general_071|description_general_077|description_general_080|description_general_041,body_general|body_high|body_internal_exam|body_math|description_general|endings|openings,title_pattern_032,과목별 공부 순서를 균형 있게 살펴보는,꾸준한 학습 기준을 알아봅니다,grade_subject_exam,영월군|고등학생|수학|내신|과외,0
keyword_combination,region,경기도,시흥시,월곶동,,월곶동,,,고등학생,과학,true,고등학생,과학,월곶동 고등학생 과학 내신과외,월곶동고등학생과학내신과외,월곶동 고등학생 과학 내신과외 복습 주기와 학습량을 함께 조절하는 시험 범위별 우선순위를 확인합니다,월곶동 고등학생 과학 내신과외를 살펴볼 때에는 학습 계획은 틀린 이유를 짧게 설명해 보고 기록을 남기면 다음 계획의 기준이 분명해집니다. 학습 계획은 모르는 부분을 질문으로 바꾸고 작은 단위로 조정하면 꾸준히 이어가기 쉽습니다. 복습 과정은 주간 목표와 실제 결과를 비교하고 스스로 설명하는 시간을 더하면 이해가 선명해집니다. 복습 과정은 공부한 내용을 기억에서 꺼내 보고 스스로 설명하는 시간을 더하면 이해가 선명해집니다. 학습한 내용과 실제 수행 결과를 비교하면 다음 공부의 우선순위를 더 구체적으로 정할 수 있습니다.,월곶동 고등학생 과학 내신과외를 알아볼 때에는 공부의 출발점은 배운 내용을 스스로 설명해 보고 점검 기준을 세우는 데 있습니다. 오답을 관리할 때는 짧은 목표를 세운 뒤 결과를 기록하고 정해진 시점에 다시 확인하면 기억을 오래 유지하는 데 도움이 됩니다. 고등학생은 오답을 개념과 해석 과정으로 구분하고 학습 우선순위를 정하는 기준이 필요합니다. 과학 개념을 이해할 때는 가설과 결과 사이의 관계를 확인하고 새로운 문제에서도 같은 원리를 찾아볼 수 있습니다. 내신 시험 범위를 확인할 때는 시험일까지 필요한 복습 횟수를 계산하고 다음 복습의 우선순위를 정하는 것이 좋습니다. 오답을 관리할 때는 중요한 개념을 서로 연결하고 다음 공부에 반영하는 과정이 필요합니다. 과목별로 남긴 기록을 완료한 뒤 이유까지 돌아보면 꾸준한 학습 흐름을 만드는 데 도움이 됩니다.,opening_005|body_general_115|body_high_013|body_science_008|body_internal_exam_031|body_general_141|ending_024,description_general_015|description_general_022|description_general_078|description_general_058,body_general|body_high|body_internal_exam|body_science|description_general|endings|openings,title_pattern_015,복습 주기와 학습량을 함께 조절하는,시험 범위별 우선순위를 확인합니다,grade_subject_exam,월곶동|고등학생|과학|내신|과외,0
keyword_combination,region,경상남도,창녕군,낙동,,낙동,,,고등학생,국어,true,고등학생,국어,낙동 고등학생 국어 내신과외,낙동고등학생국어내신과외,낙동 고등학생 국어 내신과외 핵심 개념의 연결 관계를 다시 보는 교과 진도에 맞는 계획을 알아봅니다,낙동 고등학생 국어 내신과외를 살펴볼 때에는 학습 계획은 모르는 부분을 질문으로 바꾸고 스스로 설명하는 시간을 더하면 이해가 선명해집니다. 학습 계획은 현재 이해한 범위를 먼저 확인하고 기록을 남기면 다음 계획의 기준이 분명해집니다. 복습 과정은 풀이 과정의 근거를 확인하고 작은 단위로 조정하면 꾸준히 이어가기 쉽습니다. 학습 계획은 과목별 우선순위를 나누어 보고 작은 단위로 조정하면 꾸준히 이어가기 쉽습니다. 학습한 내용과 실제 수행 결과를 비교하면 다음 공부의 우선순위를 더 구체적으로 정할 수 있습니다.,낙동 고등학생 국어 내신과외를 알아볼 때에는 새로운 내용을 익히기 전에는 배운 내용을 스스로 설명해 보고 점검 기준을 세우는 데 있습니다. 복습을 진행할 때는 이해한 내용과 어려운 내용을 구분하고 조금씩 기준을 높이면 학습 리듬을 유지할 수 있습니다. 고등 과정에서는 주간 진도와 누적 복습의 비율을 조정하고 장기적인 공부 흐름을 안정적으로 유지할 수 있습니다. 국어 서술형을 준비할 때는 화자의 태도와 표현 효과를 구분하고 오답 선택지가 틀린 이유까지 살피면 판단 기준이 생깁니다. 내신 시험 범위를 확인할 때는 틀린 이유를 개념과 해석 과정으로 나누고 계획과 실제 진도를 비교하며 조정할 수 있습니다. 오답을 관리할 때는 중요한 개념을 서로 연결하고 완료 여부보다 이해 과정을 살피는 것이 중요합니다. 과목별로 남긴 기록을 정해진 주기로 다시 살펴보면 꾸준한 학습 흐름을 만드는 데 도움이 됩니다.,opening_035|body_general_059|body_high_044|body_korean_036|body_internal_exam_040|body_general_143|ending_023,description_general_023|description_general_005|description_general_072|description_general_027,body_general|body_high|body_internal_exam|body_korean|description_general|endings|openings,title_pattern_008,핵심 개념의 연결 관계를 다시 보는,교과 진도에 맞는 계획을 알아봅니다,grade_subject_exam,낙동|고등학생|국어|내신|과외,0
keyword_combination,region,경상북도,청송군,청송중학교부동,,청송중학교부동,,,고등학생,영수,true,고등학생,영수,청송중학교부동 고등학생 영수 내신과외,청송중학교부동고등학생영수내신과외,청송중학교부동 고등학생 영수 내신과외 복습 주기와 학습량을 함께 조절하는 과목별 접근법을 안내합니다,청송중학교부동 고등학생 영수 내신과외를 살펴볼 때에는 복습 과정은 공부한 내용을 기억에서 꺼내 보고 작은 단위로 조정하면 꾸준히 이어가기 쉽습니다. 학습 계획은 풀이 과정의 근거를 확인하고 다음 단계로 연결하는 방식이 좋습니다. 복습 과정은 현재 이해한 범위를 먼저 확인하고 반복 시점을 정해 두면 학습 공백을 줄일 수 있습니다. 복습 과정은 틀린 이유를 짧게 설명해 보고 기록을 남기면 다음 계획의 기준이 분명해집니다. 학습한 내용과 실제 수행 결과를 비교하면 다음 공부의 우선순위를 더 구체적으로 정할 수 있습니다.,청송중학교부동 고등학생 영수 내신과외를 알아볼 때에는 새로운 내용을 익히기 전에는 배운 내용을 스스로 설명해 보고 점검 기준을 세우는 데 있습니다. 복습을 진행할 때는 짧은 목표를 세운 뒤 결과를 기록하고 무리하지 않는 범위에서 반복하는 편이 안정적입니다. 고등 과정에서는 주간 진도와 누적 복습의 비율을 조정하고 학습 우선순위를 정하는 기준이 필요합니다. 영수 학습 계획을 세울 때는 반복할 내용과 새로 공부할 내용을 구분하고 각 과목에 맞는 복습 기준을 분명하게 세울 수 있습니다. 내신 교과서를 복습할 때는 기억이 약한 범위를 우선 배치하고 계획과 실제 진도를 비교하며 조정할 수 있습니다. 오답을 관리할 때는 실수의 원인을 유형별로 나누고 다음 공부에 반영하는 과정이 필요합니다. 과목별로 남긴 기록을 다음 계획에 구체적으로 반영하면 꾸준한 학습 흐름을 만드는 데 도움이 됩니다.,opening_035|body_general_062|body_high_041|body_english_math_038|body_internal_exam_095|body_general_121|ending_022,description_general_057|description_general_031|description_general_044|description_general_055,body_english_math|body_general|body_high|body_internal_exam|description_general|endings|openings,title_pattern_003,복습 주기와 학습량을 함께 조절하는,과목별 접근법을 안내합니다,grade_subject_exam,청송중학교부동|고등학생|영수|내신|과외,0
keyword_combination,region,광주광역시,북구,본촌동,,본촌동,,,,,false,초등학생,국영수과외,본촌동과외,본촌동과외,본촌동과외 오답을 줄이는 과정을 살펴봅니다 학습 방향을 함께 살펴봅니다 시험 준비을 함께 살펴봅니다,본촌동과외를 살펴볼 때에는 복습 과정은 하루에 실천할 분량을 구체적으로 정하고 작은 단위로 조정하면 꾸준히 이어가기 쉽습니다. 학습 계획은 과목별 우선순위를 나누어 보고 작은 단위로 조정하면 꾸준히 이어가기 쉽습니다. 학습 계획은 과목별 우선순위를 나누어 보고 기록을 남기면 다음 계획의 기준이 분명해집니다. 학습 계획은 현재 이해한 범위를 먼저 확인하고 다음 단계로 연결하는 방식이 좋습니다. 학습한 내용과 실제 수행 결과를 비교하면 다음 공부의 우선순위를 더 구체적으로 정할 수 있습니다.,본촌동과외를 알아볼 때에는 꾸준한 학습을 위해서는 배운 내용을 스스로 설명해 보고 점검 기준을 세우는 데 있습니다. 오답을 관리할 때는 이해한 내용과 어려운 내용을 구분하고 무리하지 않는 범위에서 반복하는 편이 안정적입니다. 오답을 관리할 때는 배운 내용을 자신의 말로 설명하고 조금씩 기준을 높이면 학습 리듬을 유지할 수 있습니다. 학습 습관을 만들 때는 중요한 개념을 서로 연결하고 완료 여부보다 이해 과정을 살피는 것이 중요합니다. 복습을 진행할 때는 계획과 실제 수행량의 차이를 확인하고 다음 공부에 반영하는 과정이 필요합니다. 오답을 관리할 때는 현재 가능한 분량부터 정하고 완료 여부보다 이해 과정을 살피는 것이 중요합니다. 과목별로 남긴 기록을 완료한 뒤 이유까지 돌아보면 꾸준한 학습 흐름을 만드는 데 도움이 됩니다.,opening_010|body_general_107|body_general_119|body_general_043|body_general_081|body_general_103|ending_024,description_general_047|description_general_027|description_general_030|description_general_001,body_general|description_general|endings|openings,title_pattern_031,학습 습관을 현실적으로 조정하는,오답을 줄이는 과정을 살펴봅니다,base,본촌동|과외,0
keyword_combination,region,대구광역시,동구,서호동,,서호동,,,,영어,false,중학생,영어,서호동 영어과외,서호동영어과외,서호동 영어과외 과목별 접근법을 안내합니다 학습 방향을 함께 살펴봅니다 시험 준비을 함께 살펴봅니다,서호동 영어과외를 살펴볼 때에는 복습 과정은 하루에 실천할 분량을 구체적으로 정하고 다음 단계로 연결하는 방식이 좋습니다. 복습 과정은 주간 목표와 실제 결과를 비교하고 작은 단위로 조정하면 꾸준히 이어가기 쉽습니다. 학습 계획은 풀이 과정의 근거를 확인하고 기록을 남기면 다음 계획의 기준이 분명해집니다. 복습 과정은 풀이 과정의 근거를 확인하고 기록을 남기면 다음 계획의 기준이 분명해집니다. 학습한 내용과 실제 수행 결과를 비교하면 다음 공부의 우선순위를 더 구체적으로 정할 수 있습니다.,서호동 영어과외를 알아볼 때에는 현재의 학습 상태를 이해하려면 배운 내용을 스스로 설명해 보고 점검 기준을 세우는 데 있습니다. 학습 습관을 만들 때는 실수의 원인을 유형별로 나누고 조금씩 기준을 높이면 학습 리듬을 유지할 수 있습니다. 오답을 관리할 때는 문제의 조건과 요구 사항을 구분하고 다음 공부에 반영하는 과정이 필요합니다. 영어 어휘를 익힐 때는 연결 표현을 기준으로 문단 흐름을 나누고 읽은 내용을 한 문장으로 요약하는 연습이 유용합니다. 복습을 진행할 때는 문제의 조건과 요구 사항을 구분하고 정해진 시점에 다시 확인하면 기억을 오래 유지하는 데 도움이 됩니다. 학습 습관을 만들 때는 질문의 핵심을 한 문장으로 적고 조금씩 기준을 높이면 학습 리듬을 유지할 수 있습니다. 매주 확인한 결과를 현재 수준에 맞게 조금씩 조정하면 꾸준한 학습 흐름을 만드는 데 도움이 됩니다.,opening_015|body_general_024|body_general_146|body_english_011|body_general_100|body_general_039|ending_011,description_general_046|description_general_077|description_general_035|description_general_075,body_english|body_general|description_general|endings|openings,title_pattern_006,문제 해결 과정을 근거부터 확인하는,과목별 접근법을 안내합니다,subject_only,서호동|영어|과외,0
keyword_combination,region,대전광역시,대덕구,,,대덕구,,,,수학,false,중학생,수학,대덕구 수학과외,대덕구수학과외,대덕구 수학과외 학습 습관을 현실적으로 조정하는 학습 기준을 정리합니다 학습 방향을 함께 살펴봅니다,대덕구 수학과외를 살펴볼 때에는 복습 과정은 모르는 부분을 질문으로 바꾸고 기록을 남기면 다음 계획의 기준이 분명해집니다. 복습 과정은 틀린 이유를 짧게 설명해 보고 기록을 남기면 다음 계획의 기준이 분명해집니다. 학습 계획은 현재 이해한 범위를 먼저 확인하고 기록을 남기면 다음 계획의 기준이 분명해집니다. 복습 과정은 하루에 실천할 분량을 구체적으로 정하고 다음 단계로 연결하는 방식이 좋습니다. 학습한 내용과 실제 수행 결과를 비교하면 다음 공부의 우선순위를 더 구체적으로 정할 수 있습니다.,대덕구 수학과외를 알아볼 때에는 현재의 학습 상태를 이해하려면 목표와 사용할 시간을 구체적으로 연결하고 점검 기준을 세우는 데 있습니다. 복습을 진행할 때는 이해한 내용과 어려운 내용을 구분하고 무리하지 않는 범위에서 반복하는 편이 안정적입니다. 복습을 진행할 때는 질문의 핵심을 한 문장으로 적고 완료 여부보다 이해 과정을 살피는 것이 중요합니다. 수학 응용 문제를 풀 때는 정의와 조건을 먼저 확인하고 풀이를 비교하면 더 간결한 방법을 찾을 수 있습니다. 학습 습관을 만들 때는 중요한 개념을 서로 연결하고 조금씩 기준을 높이면 학습 리듬을 유지할 수 있습니다. 학습 습관을 만들 때는 집중이 유지되는 시간을 기준으로 쉬는 때를 정하고 무리하지 않는 범위에서 반복하는 편이 안정적입니다. 정리한 학습 기준을 정해진 주기로 다시 살펴보면 꾸준한 학습 흐름을 만드는 데 도움이 됩니다.,opening_014|body_general_057|body_general_088|body_math_051|body_general_044|body_general_027|ending_008,description_general_065|description_general_055|description_general_005|description_general_046,body_general|body_math|description_general|endings|openings,title_pattern_018,학습 습관을 현실적으로 조정하는,학습 기준을 정리합니다,subject_only,대덕구|수학|과외,0
keyword_combination,region,부산광역시,남구,용호동,,용호동,,,,과학,false,고등학생,과학,용호동 과학과외,용호동과학과외,용호동 과학과외 과목별 접근법을 안내합니다 학습 방향을 함께 살펴봅니다 시험 준비을 함께 살펴봅니다,용호동 과학과외를 살펴볼 때에는 복습 과정은 하루에 실천할 분량을 구체적으로 정하고 다음 단계로 연결하는 방식이 좋습니다. 학습 계획은 공부한 내용을 기억에서 꺼내 보고 작은 단위로 조정하면 꾸준히 이어가기 쉽습니다. 학습 계획은 하루에 실천할 분량을 구체적으로 정하고 스스로 설명하는 시간을 더하면 이해가 선명해집니다. 학습 계획은 하루에 실천할 분량을 구체적으로 정하고 작은 단위로 조정하면 꾸준히 이어가기 쉽습니다. 학습한 내용과 실제 수행 결과를 비교하면 다음 공부의 우선순위를 더 구체적으로 정할 수 있습니다.,용호동 과학과외를 알아볼 때에는 꾸준한 학습을 위해서는 배운 내용을 스스로 설명해 보고 점검 기준을 세우는 데 있습니다. 오답을 관리할 때는 집중이 유지되는 시간을 기준으로 쉬는 때를 정하고 무리하지 않는 범위에서 반복하는 편이 안정적입니다. 학습 습관을 만들 때는 실수의 원인을 유형별로 나누고 완료 여부보다 이해 과정을 살피는 것이 중요합니다. 과학 개념을 이해할 때는 표와 그래프의 변화 방향을 먼저 읽고 근거를 문장으로 정리하는 연습이 유용합니다. 오답을 관리할 때는 질문의 핵심을 한 문장으로 적고 다음 공부에 반영하는 과정이 필요합니다. 학습 습관을 만들 때는 집중이 유지되는 시간을 기준으로 쉬는 때를 정하고 정해진 시점에 다시 확인하면 기억을 오래 유지하는 데 도움이 됩니다. 점검한 오답 내용을 다음 계획에 구체적으로 반영하면 꾸준한 학습 흐름을 만드는 데 도움이 됩니다.,opening_010|body_general_127|body_general_023|body_science_011|body_general_136|body_general_030|ending_037,description_general_046|description_general_017|description_general_008|description_general_007,body_general|body_science|description_general|endings|openings,title_pattern_005,실수를 유형별로 나누어 돌아보는,과목별 접근법을 안내합니다,subject_only,용호동|과학|과외,0
keyword_combination,region,서울특별시,강동구,암사동,,암사동,,,,국어,false,초등학생,국어,암사동 국어과외,암사동국어과외,암사동 국어과외 과목별 접근법을 안내합니다 학습 방향을 함께 살펴봅니다 시험 준비을 함께 살펴봅니다,암사동 국어과외를 살펴볼 때에는 학습 계획은 하루에 실천할 분량을 구체적으로 정하고 기록을 남기면 다음 계획의 기준이 분명해집니다. 복습 과정은 풀이 과정의 근거를 확인하고 다음 단계로 연결하는 방식이 좋습니다. 학습 계획은 틀린 이유를 짧게 설명해 보고 기록을 남기면 다음 계획의 기준이 분명해집니다. 복습 과정은 과목별 우선순위를 나누어 보고 작은 단위로 조정하면 꾸준히 이어가기 쉽습니다. 학습한 내용과 실제 수행 결과를 비교하면 다음 공부의 우선순위를 더 구체적으로 정할 수 있습니다.,암사동 국어과외를 알아볼 때에는 목표에 맞는 학습을 준비하려면 목표와 사용할 시간을 구체적으로 연결하고 점검 기준을 세우는 데 있습니다. 학습 습관을 만들 때는 실수의 원인을 유형별로 나누고 완료 여부보다 이해 과정을 살피는 것이 중요합니다. 오답을 관리할 때는 문제의 조건과 요구 사항을 구분하고 무리하지 않는 범위에서 반복하는 편이 안정적입니다. 문학 작품을 읽을 때는 화자의 태도와 표현 효과를 구분하고 근거와 결론을 함께 적으면 답안이 선명해집니다. 복습을 진행할 때는 중요한 개념을 서로 연결하고 무리하지 않는 범위에서 반복하는 편이 안정적입니다. 학습 습관을 만들 때는 계획과 실제 수행량의 차이를 확인하고 무리하지 않는 범위에서 반복하는 편이 안정적입니다. 과목별로 남긴 기록을 현재 수준에 맞게 조금씩 조정하면 꾸준한 학습 흐름을 만드는 데 도움이 됩니다.,opening_039|body_general_023|body_general_147|body_korean_058|body_general_092|body_general_032|ending_021,description_general_010|description_general_071|description_general_015|description_general_067,body_general|body_korean|description_general|endings|openings,title_pattern_014,현재 수준에 맞춰 단계적으로 접근하는,과목별 접근법을 안내합니다,subject_only,암사동|국어|과외,0
keyword_combination,region,세종특별자치시,세종시,종촌동,,종촌동,,,,영수,false,초등학생,영수,종촌동 영수과외,종촌동영수과외,종촌동 영수과외 과목별 접근법을 안내합니다 학습 방향을 함께 살펴봅니다 시험 준비을 함께 살펴봅니다,종촌동 영수과외를 살펴볼 때에는 학습 계획은 하루에 실천할 분량을 구체적으로 정하고 다음 단계로 연결하는 방식이 좋습니다. 학습 계획은 현재 이해한 범위를 먼저 확인하고 작은 단위로 조정하면 꾸준히 이어가기 쉽습니다. 학습 계획은 풀이 과정의 근거를 확인하고 다음 단계로 연결하는 방식이 좋습니다. 복습 과정은 풀이 과정의 근거를 확인하고 기록을 남기면 다음 계획의 기준이 분명해집니다. 학습한 내용과 실제 수행 결과를 비교하면 다음 공부의 우선순위를 더 구체적으로 정할 수 있습니다.,"종촌동 영수과외를 알아볼 때에는 현재의 학습 상태를 이해하려면 실천할 수 있는 분량과 순서를 정하고 점검 기준을 세우는 데 있습니다. 복습을 진행할 때는 집중이 유지되는 시간을 기준으로 쉬는 때를 정하고 조금씩 기준을 높이면 학습 리듬을 유지할 수 있습니다. 학습 습관을 만들 때는 짧은 목표를 세운 뒤 결과를 기록하고 완료 여부보다 이해 과정을 살피는 것이 중요합니다. 영어와 수학 시간을 배분할 때는 영어는 문장 근거를, 수학은 풀이 근거를 확인하고 영수 학습의 진행 상황을 한눈에 점검하기 쉬워집니다. 학습 습관을 만들 때는 문제의 조건과 요구 사항을 구분하고 다음 공부에 반영하는 과정이 필요합니다. 오답을 관리할 때는 집중이 유지되는 시간을 기준으로 쉬는 때를 정하고 다음 공부에 반영하는 과정이 필요합니다. 정리한 학습 기준을 무리하지 않는 범위에서 이어가면 꾸준한 학습 흐름을 만드는 데 도움이 됩니다.",opening_012|body_general_079|body_general_013|body_english_math_065|body_general_046|body_general_126|ending_010,description_general_006|description_general_002|description_general_031|description_general_075,body_english_math|body_general|description_general|endings|openings,title_pattern_014,학습 기록을 다음 계획으로 연결하는,과목별 접근법을 안내합니다,subject_only,종촌동|영수|과외,0
keyword_combination,region,울산광역시,북구,연암동,,연암동,,,초등,,false,초등학생,국영수과외,연암동 초등과외,연암동초등과외,연암동 초등과외 과목별 접근법을 안내합니다 학습 방향을 함께 살펴봅니다 시험 준비을 함께 살펴봅니다,연암동 초등과외를 살펴볼 때에는 학습 계획은 주간 목표와 실제 결과를 비교하고 스스로 설명하는 시간을 더하면 이해가 선명해집니다. 학습 계획은 하루에 실천할 분량을 구체적으로 정하고 작은 단위로 조정하면 꾸준히 이어가기 쉽습니다. 복습 과정은 하루에 실천할 분량을 구체적으로 정하고 반복 시점을 정해 두면 학습 공백을 줄일 수 있습니다. 복습 과정은 모르는 부분을 질문으로 바꾸고 작은 단위로 조정하면 꾸준히 이어가기 쉽습니다. 학습한 내용과 실제 수행 결과를 비교하면 다음 공부의 우선순위를 더 구체적으로 정할 수 있습니다.,연암동 초등과외를 알아볼 때에는 새로운 내용을 익히기 전에는 목표와 사용할 시간을 구체적으로 연결하고 점검 기준을 세우는 데 있습니다. 복습을 진행할 때는 이해한 내용과 어려운 내용을 구분하고 조금씩 기준을 높이면 학습 리듬을 유지할 수 있습니다. 기초 학습 단계에서는 짧은 시간에 한 가지 목표를 마치고 매일 비슷한 시간에 시작하면 습관을 만들기 쉽습니다. 학습 습관을 만들 때는 실수의 원인을 유형별로 나누고 다음 공부에 반영하는 과정이 필요합니다. 복습을 진행할 때는 이해한 내용과 어려운 내용을 구분하고 완료 여부보다 이해 과정을 살피는 것이 중요합니다. 복습을 진행할 때는 이해한 내용과 어려운 내용을 구분하고 정해진 시점에 다시 확인하면 기억을 오래 유지하는 데 도움이 됩니다. 반복해서 익힌 습관을 정해진 주기로 다시 살펴보면 꾸준한 학습 흐름을 만드는 데 도움이 됩니다.,opening_034|body_general_059|body_elementary_052|body_general_021|body_general_058|body_general_060|ending_028,description_general_038|description_general_007|description_general_049|description_general_062,body_elementary|body_general|description_general|endings|openings,title_pattern_005,이해와 적용의 순서를 분명하게 잡는,과목별 접근법을 안내합니다,grade_only,연암동|초등|과외,0
keyword_combination,region,인천광역시,계양구,효성동,,효성동,,,초등학생,,false,초등학생,국영수과외,효성동 초등학생과외,효성동초등학생과외,효성동 초등학생과외 학습 기준을 정리합니다 학습 방향을 함께 살펴봅니다 시험 준비을 함께 살펴봅니다,효성동 초등학생과외를 살펴볼 때에는 복습 과정은 현재 이해한 범위를 먼저 확인하고 작은 단위로 조정하면 꾸준히 이어가기 쉽습니다. 학습 계획은 과목별 우선순위를 나누어 보고 반복 시점을 정해 두면 학습 공백을 줄일 수 있습니다. 복습 과정은 공부한 내용을 기억에서 꺼내 보고 스스로 설명하는 시간을 더하면 이해가 선명해집니다. 복습 과정은 풀이 과정의 근거를 확인하고 반복 시점을 정해 두면 학습 공백을 줄일 수 있습니다. 학습한 내용과 실제 수행 결과를 비교하면 다음 공부의 우선순위를 더 구체적으로 정할 수 있습니다.,효성동 초등학생과외를 알아볼 때에는 효율적인 공부 흐름을 만들려면 현재 알고 있는 내용과 어려운 부분을 구분하고 점검 기준을 세우는 데 있습니다. 오답을 관리할 때는 현재 가능한 분량부터 정하고 다음 공부에 반영하는 과정이 필요합니다. 초등학생은 완료한 공부를 눈에 보이게 기록하고 반복할 내용을 스스로 고르게 하면 참여도가 높아집니다. 오답을 관리할 때는 계획과 실제 수행량의 차이를 확인하고 정해진 시점에 다시 확인하면 기억을 오래 유지하는 데 도움이 됩니다. 복습을 진행할 때는 실수의 원인을 유형별로 나누고 무리하지 않는 범위에서 반복하는 편이 안정적입니다. 오답을 관리할 때는 계획과 실제 수행량의 차이를 확인하고 무리하지 않는 범위에서 반복하는 편이 안정적입니다. 점검한 오답 내용을 완료한 뒤 이유까지 돌아보면 꾸준한 학습 흐름을 만드는 데 도움이 됩니다.,opening_021|body_general_101|body_elementary_018|body_general_135|body_general_072|body_general_132|ending_039,description_general_042|description_general_029|description_general_058|description_general_074,body_elementary|body_general|description_general|endings|openings,title_pattern_013,교과 내용을 자신의 말로 설명해 보는,학습 기준을 정리합니다,grade_only,효성동|초등학생|과외,0
keyword_combination,region,전라남도,강진군,군동,,군동,,,중등,,false,중학생,국영수과외,군동 중등과외,군동중등과외,군동 중등과외 주간 학습 흐름을 확인합니다 학습 방향을 함께 살펴봅니다 시험 준비을 함께 살펴봅니다,군동 중등과외를 살펴볼 때에는 복습 과정은 풀이 과정의 근거를 확인하고 스스로 설명하는 시간을 더하면 이해가 선명해집니다. 복습 과정은 풀이 과정의 근거를 확인하고 반복 시점을 정해 두면 학습 공백을 줄일 수 있습니다. 복습 과정은 하루에 실천할 분량을 구체적으로 정하고 기록을 남기면 다음 계획의 기준이 분명해집니다. 복습 과정은 모르는 부분을 질문으로 바꾸고 반복 시점을 정해 두면 학습 공백을 줄일 수 있습니다. 학습한 내용과 실제 수행 결과를 비교하면 다음 공부의 우선순위를 더 구체적으로 정할 수 있습니다.,군동 중등과외를 알아볼 때에는 현재의 학습 상태를 이해하려면 과목별 습관과 오답의 원인을 살피고 점검 기준을 세우는 데 있습니다. 오답을 관리할 때는 현재 가능한 분량부터 정하고 무리하지 않는 범위에서 반복하는 편이 안정적입니다. 중등 과정에서는 오답의 근거를 교과서에서 다시 찾고 스스로 점검할 기준이 한층 분명해집니다. 오답을 관리할 때는 실수의 원인을 유형별로 나누고 다음 공부에 반영하는 과정이 필요합니다. 학습 습관을 만들 때는 계획과 실제 수행량의 차이를 확인하고 조금씩 기준을 높이면 학습 리듬을 유지할 수 있습니다. 오답을 관리할 때는 중요한 개념을 서로 연결하고 다음 공부에 반영하는 과정이 필요합니다. 매주 확인한 결과를 다음 계획에 구체적으로 반영하면 꾸준한 학습 흐름을 만드는 데 도움이 됩니다.,opening_013|body_general_102|body_middle_040|body_general_121|body_general_034|body_general_141|ending_012,description_general_073|description_general_074|description_general_050|description_general_064,body_general|body_middle|description_general|endings|openings,title_pattern_012,학습 기록을 다음 계획으로 연결하는,주간 학습 흐름을 확인합니다,grade_only,군동|중등|과외,0
keyword_combination,region,전북특별자치도,전주시,전주시교동,,전주시교동,,,중학생,,false,중학생,국영수과외,전주시교동 중학생과외,전주시교동중학생과외,전주시교동 중학생과외 단기 목표와 누적 복습을 함께 배치하는 취약 부분을 보완하는 흐름을 알아봅니다,전주시교동 중학생과외를 살펴볼 때에는 학습 계획은 틀린 이유를 짧게 설명해 보고 스스로 설명하는 시간을 더하면 이해가 선명해집니다. 복습 과정은 풀이 과정의 근거를 확인하고 스스로 설명하는 시간을 더하면 이해가 선명해집니다. 복습 과정은 모르는 부분을 질문으로 바꾸고 반복 시점을 정해 두면 학습 공백을 줄일 수 있습니다. 학습 계획은 모르는 부분을 질문으로 바꾸고 스스로 설명하는 시간을 더하면 이해가 선명해집니다. 학습한 내용과 실제 수행 결과를 비교하면 다음 공부의 우선순위를 더 구체적으로 정할 수 있습니다.,전주시교동 중학생과외를 알아볼 때에는 과외 학습의 방향을 세울 때는 실천할 수 있는 분량과 순서를 정하고 점검 기준을 세우는 데 있습니다. 학습 습관을 만들 때는 질문의 핵심을 한 문장으로 적고 무리하지 않는 범위에서 반복하는 편이 안정적입니다. 내신 준비 기간에는 과목별 시험 범위와 일정을 먼저 나누고 취약 단원을 주간 계획에 다시 배치할 수 있습니다. 학습 습관을 만들 때는 질문의 핵심을 한 문장으로 적고 조금씩 기준을 높이면 학습 리듬을 유지할 수 있습니다. 학습 습관을 만들 때는 집중이 유지되는 시간을 기준으로 쉬는 때를 정하고 조금씩 기준을 높이면 학습 리듬을 유지할 수 있습니다. 오답을 관리할 때는 계획과 실제 수행량의 차이를 확인하고 무리하지 않는 범위에서 반복하는 편이 안정적입니다. 정리한 학습 기준을 현재 수준에 맞게 조금씩 조정하면 꾸준한 학습 흐름을 만드는 데 도움이 됩니다.,opening_017|body_general_037|body_middle_050|body_general_039|body_general_029|body_general_132|ending_006,description_general_013|description_general_073|description_general_064|description_general_023,body_general|body_middle|description_general|endings|openings,title_pattern_005,단기 목표와 누적 복습을 함께 배치하는,취약 부분을 보완하는 흐름을 알아봅니다,grade_only,전주시교동|중학생|과외,0
keyword_combination,region,제주특별자치도,서귀포시,,,서귀포시,,,고등,,false,고등학생,국영수과외,서귀포시 고등과외,서귀포시고등과외,서귀포시 고등과외 복습 계획을 구체화합니다 학습 방향을 함께 살펴봅니다 시험 준비을 함께 살펴봅니다,서귀포시 고등과외를 살펴볼 때에는 복습 과정은 틀린 이유를 짧게 설명해 보고 스스로 설명하는 시간을 더하면 이해가 선명해집니다. 복습 과정은 하루에 실천할 분량을 구체적으로 정하고 반복 시점을 정해 두면 학습 공백을 줄일 수 있습니다. 복습 과정은 현재 이해한 범위를 먼저 확인하고 반복 시점을 정해 두면 학습 공백을 줄일 수 있습니다. 복습 과정은 하루에 실천할 분량을 구체적으로 정하고 기록을 남기면 다음 계획의 기준이 분명해집니다. 학습한 내용과 실제 수행 결과를 비교하면 다음 공부의 우선순위를 더 구체적으로 정할 수 있습니다.,서귀포시 고등과외를 알아볼 때에는 새로운 내용을 익히기 전에는 실천할 수 있는 분량과 순서를 정하고 점검 기준을 세우는 데 있습니다. 오답을 관리할 때는 현재 가능한 분량부터 정하고 조금씩 기준을 높이면 학습 리듬을 유지할 수 있습니다. 고등 과정에서는 제한 시간 안에서 풀이 순서를 점검하고 장기적인 공부 흐름을 안정적으로 유지할 수 있습니다. 복습을 진행할 때는 문제의 조건과 요구 사항을 구분하고 무리하지 않는 범위에서 반복하는 편이 안정적입니다. 복습을 진행할 때는 중요한 개념을 서로 연결하고 완료 여부보다 이해 과정을 살피는 것이 중요합니다. 오답을 관리할 때는 중요한 개념을 서로 연결하고 완료 여부보다 이해 과정을 살피는 것이 중요합니다. 반복해서 익힌 습관을 정해진 주기로 다시 살펴보면 꾸준한 학습 흐름을 만드는 데 도움이 됩니다.,opening_032|body_general_104|body_high_048|body_general_097|body_general_093|body_general_143|ending_028,description_general_053|description_general_049|description_general_044|description_general_050,body_general|body_high|description_general|endings|openings,title_pattern_012,반복 학습의 시점과 방법을 조정하는,복습 계획을 구체화합니다,grade_only,서귀포시|고등|과외,0
keyword_combination,region,충청남도,천안시,두정동,,두정동,,,고등학생,,false,고등학생,국영수과외,두정동 고등학생과외,두정동고등학생과외,두정동 고등학생과외 학습 기준을 정리합니다 학습 방향을 함께 살펴봅니다 시험 준비을 함께 살펴봅니다,두정동 고등학생과외를 살펴볼 때에는 학습 계획은 주간 목표와 실제 결과를 비교하고 다음 단계로 연결하는 방식이 좋습니다. 복습 과정은 모르는 부분을 질문으로 바꾸고 반복 시점을 정해 두면 학습 공백을 줄일 수 있습니다. 복습 과정은 과목별 우선순위를 나누어 보고 작은 단위로 조정하면 꾸준히 이어가기 쉽습니다. 학습 계획은 과목별 우선순위를 나누어 보고 반복 시점을 정해 두면 학습 공백을 줄일 수 있습니다. 학습한 내용과 실제 수행 결과를 비교하면 다음 공부의 우선순위를 더 구체적으로 정할 수 있습니다.,두정동 고등학생과외를 알아볼 때에는 새로운 내용을 익히기 전에는 목표와 사용할 시간을 구체적으로 연결하고 점검 기준을 세우는 데 있습니다. 오답을 관리할 때는 집중이 유지되는 시간을 기준으로 쉬는 때를 정하고 무리하지 않는 범위에서 반복하는 편이 안정적입니다. 고등 과정에서는 개념의 연결 관계와 출제 조건을 확인하고 학습 우선순위를 정하는 기준이 필요합니다. 복습을 진행할 때는 실수의 원인을 유형별로 나누고 다음 공부에 반영하는 과정이 필요합니다. 복습을 진행할 때는 이해한 내용과 어려운 내용을 구분하고 정해진 시점에 다시 확인하면 기억을 오래 유지하는 데 도움이 됩니다. 복습을 진행할 때는 질문의 핵심을 한 문장으로 적고 완료 여부보다 이해 과정을 살피는 것이 중요합니다. 작게 나눈 목표를 현재 수준에 맞게 조금씩 조정하면 꾸준한 학습 흐름을 만드는 데 도움이 됩니다.,opening_034|body_general_127|body_high_029|body_general_071|body_general_060|body_general_088|ending_031,description_general_036|description_general_064|description_general_067|description_general_029,body_general|body_high|description_general|endings|openings,title_pattern_031,핵심 개념의 연결 관계를 다시 보는,학습 기준을 정리합니다,grade_only,두정동|고등학생|과외,0
keyword_combination,region,충청북도,제천시,제천시평동,,제천시평동,,,초등,영어,false,초등학생,영어,제천시평동 초등 영어과외,제천시평동초등영어과외,제천시평동 초등 영어과외 어휘 복습과 독해 문제 접근 기준을 살펴봅니다 학습 방향을 함께 살펴봅니다,제천시평동 초등 영어과외를 살펴볼 때에는 복습 과정은 모르는 부분을 질문으로 바꾸고 반복 시점을 정해 두면 학습 공백을 줄일 수 있습니다. 복습 과정은 하루에 실천할 분량을 구체적으로 정하고 스스로 설명하는 시간을 더하면 이해가 선명해집니다. 복습 과정은 모르는 부분을 질문으로 바꾸고 기록을 남기면 다음 계획의 기준이 분명해집니다. 학습 계획은 모르는 부분을 질문으로 바꾸고 기록을 남기면 다음 계획의 기준이 분명해집니다. 학습한 내용과 실제 수행 결과를 비교하면 다음 공부의 우선순위를 더 구체적으로 정할 수 있습니다.,제천시평동 초등 영어과외를 알아볼 때에는 목표에 맞는 학습을 준비하려면 목표와 사용할 시간을 구체적으로 연결하고 점검 기준을 세우는 데 있습니다. 오답을 관리할 때는 배운 내용을 자신의 말로 설명하고 다음 공부에 반영하는 과정이 필요합니다. 초등학생은 짧은 시간에 한 가지 목표를 마치고 매일 비슷한 시간에 시작하면 습관을 만들기 쉽습니다. 영어 어휘를 익힐 때는 문법 요소가 문장에서 하는 역할을 찾고 짧은 예문을 직접 만들면 기억을 점검하기 좋습니다. 오답을 관리할 때는 현재 가능한 분량부터 정하고 정해진 시점에 다시 확인하면 기억을 오래 유지하는 데 도움이 됩니다. 학습 습관을 만들 때는 짧은 목표를 세운 뒤 결과를 기록하고 완료 여부보다 이해 과정을 살피는 것이 중요합니다. 정리한 학습 기준을 완료한 뒤 이유까지 돌아보면 꾸준한 학습 흐름을 만드는 데 도움이 됩니다.,opening_039|body_general_116|body_elementary_004|body_english_013|body_general_105|body_general_013|ending_009,description_general_064|description_general_048|description_general_065|description_general_025,body_elementary|body_english|body_general|description_general|endings|openings,title_pattern_031,과목 특성에 맞는 복습 방법을 찾는,매일 실천할 공부 기준을 안내합니다,grade_subject,제천시평동|초등|영어|과외,0
keyword_combination,region,강원특별자치도,양구군,남동,,남동,,,초등,수학,false,초등학생,수학,남동 초등 수학과외,남동초등수학과외,남동 초등 수학과외 학습 기준을 정리합니다 학습 방향을 함께 살펴봅니다 시험 준비을 함께 살펴봅니다,남동 초등 수학과외를 살펴볼 때에는 복습 과정은 공부한 내용을 기억에서 꺼내 보고 스스로 설명하는 시간을 더하면 이해가 선명해집니다. 학습 계획은 모르는 부분을 질문으로 바꾸고 스스로 설명하는 시간을 더하면 이해가 선명해집니다. 학습 계획은 모르는 부분을 질문으로 바꾸고 다음 단계로 연결하는 방식이 좋습니다. 학습 계획은 과목별 우선순위를 나누어 보고 스스로 설명하는 시간을 더하면 이해가 선명해집니다. 학습한 내용과 실제 수행 결과를 비교하면 다음 공부의 우선순위를 더 구체적으로 정할 수 있습니다.,남동 초등 수학과외를 알아볼 때에는 꾸준한 학습을 위해서는 과목별 습관과 오답의 원인을 살피고 점검 기준을 세우는 데 있습니다. 오답을 관리할 때는 현재 가능한 분량부터 정하고 정해진 시점에 다시 확인하면 기억을 오래 유지하는 데 도움이 됩니다. 기초 학습 단계에서는 읽고 쓰고 계산한 과정을 말로 설명하고 작은 성취를 자주 확인하는 방식이 알맞습니다. 수학 계산을 점검할 때는 계산 순서와 부호를 단계별로 살피고 검산하는 순서를 정하면 실수를 줄이는 데 도움이 됩니다. 오답을 관리할 때는 질문의 핵심을 한 문장으로 적고 정해진 시점에 다시 확인하면 기억을 오래 유지하는 데 도움이 됩니다. 학습 습관을 만들 때는 짧은 목표를 세운 뒤 결과를 기록하고 무리하지 않는 범위에서 반복하는 편이 안정적입니다. 이와 같은 과정을 정해진 주기로 다시 살펴보면 꾸준한 학습 흐름을 만드는 데 도움이 됩니다.,opening_008|body_general_105|body_elementary_053|body_math_030|body_general_140|body_general_012|ending_003,description_general_058|description_general_023|description_general_021|description_general_028,body_elementary|body_general|body_math|description_general|endings|openings,title_pattern_007,과목별 공부 순서를 균형 있게 살펴보는,학습 기준을 정리합니다,grade_subject,남동|초등|수학|과외,0
keyword_combination,region,경기도,광주시,경안동,,경안동,,,초등,과학,false,초등학생,과학,경안동 초등 과학과외,경안동초등과학과외,경안동 초등 과학과외 과목별 공부 순서를 균형 있게 살펴보는 취약 부분을 보완하는 흐름을 알아봅니다,경안동 초등 과학과외를 살펴볼 때에는 복습 과정은 풀이 과정의 근거를 확인하고 작은 단위로 조정하면 꾸준히 이어가기 쉽습니다. 복습 과정은 틀린 이유를 짧게 설명해 보고 다음 단계로 연결하는 방식이 좋습니다. 복습 과정은 주간 목표와 실제 결과를 비교하고 다음 단계로 연결하는 방식이 좋습니다. 학습 계획은 과목별 우선순위를 나누어 보고 작은 단위로 조정하면 꾸준히 이어가기 쉽습니다. 학습한 내용과 실제 수행 결과를 비교하면 다음 공부의 우선순위를 더 구체적으로 정할 수 있습니다.,경안동 초등 과학과외를 알아볼 때에는 목표에 맞는 학습을 준비하려면 실천할 수 있는 분량과 순서를 정하고 점검 기준을 세우는 데 있습니다. 복습을 진행할 때는 집중이 유지되는 시간을 기준으로 쉬는 때를 정하고 완료 여부보다 이해 과정을 살피는 것이 중요합니다. 초등 과정에서는 짧은 시간에 한 가지 목표를 마치고 반복할 내용을 스스로 고르게 하면 참여도가 높아집니다. 과학 탐구 과정을 살펴볼 때는 핵심 용어를 자신의 말로 풀어 보고 서술형 답안의 흐름을 분명하게 만들 수 있습니다. 오답을 관리할 때는 질문의 핵심을 한 문장으로 적고 무리하지 않는 범위에서 반복하는 편이 안정적입니다. 오답을 관리할 때는 배운 내용을 자신의 말로 설명하고 정해진 시점에 다시 확인하면 기억을 오래 유지하는 데 도움이 됩니다. 매주 확인한 결과를 정해진 주기로 다시 살펴보면 꾸준한 학습 흐름을 만드는 데 도움이 됩니다.,opening_037|body_general_078|body_elementary_026|body_science_059|body_general_137|body_general_120|ending_013,description_general_072|description_general_051|description_general_076|description_general_027,body_elementary|body_general|body_science|description_general|endings|openings,title_pattern_018,과목별 공부 순서를 균형 있게 살펴보는,취약 부분을 보완하는 흐름을 알아봅니다,grade_subject,경안동|초등|과학|과외,0
keyword_combination,region,경상남도,합천군,신성동,,신성동,,,초등,국어,false,초등학생,국어,신성동 초등 국어과외,신성동초등국어과외,신성동 초등 국어과외 국어 독해와 서술형 답안의 학습 방향을 정리합니다 시험 준비을 함께 살펴봅니다,신성동 초등 국어과외를 살펴볼 때에는 복습 과정은 주간 목표와 실제 결과를 비교하고 다음 단계로 연결하는 방식이 좋습니다. 학습 계획은 과목별 우선순위를 나누어 보고 스스로 설명하는 시간을 더하면 이해가 선명해집니다. 복습 과정은 풀이 과정의 근거를 확인하고 반복 시점을 정해 두면 학습 공백을 줄일 수 있습니다. 복습 과정은 풀이 과정의 근거를 확인하고 기록을 남기면 다음 계획의 기준이 분명해집니다. 학습한 내용과 실제 수행 결과를 비교하면 다음 공부의 우선순위를 더 구체적으로 정할 수 있습니다.,신성동 초등 국어과외를 알아볼 때에는 과외 학습의 방향을 세울 때는 실천할 수 있는 분량과 순서를 정하고 점검 기준을 세우는 데 있습니다. 학습 습관을 만들 때는 짧은 목표를 세운 뒤 결과를 기록하고 정해진 시점에 다시 확인하면 기억을 오래 유지하는 데 도움이 됩니다. 초등 과정에서는 완료한 공부를 눈에 보이게 기록하고 정답보다 생각한 순서를 칭찬하는 태도가 도움이 됩니다. 국어 서술형을 준비할 때는 답의 근거가 되는 표현을 지문에서 찾고 읽은 뒤 짧게 요약하면 이해 여부를 확인할 수 있습니다. 복습을 진행할 때는 집중이 유지되는 시간을 기준으로 쉬는 때를 정하고 정해진 시점에 다시 확인하면 기억을 오래 유지하는 데 도움이 됩니다. 학습 습관을 만들 때는 배운 내용을 자신의 말로 설명하고 조금씩 기준을 높이면 학습 리듬을 유지할 수 있습니다. 정리한 학습 기준을 현재 수준에 맞게 조금씩 조정하면 꾸준한 학습 흐름을 만드는 데 도움이 됩니다.,opening_017|body_general_015|body_elementary_043|body_korean_031|body_general_080|body_general_019|ending_006,description_general_076|description_general_028|description_general_074|description_general_075,body_elementary|body_general|body_korean|description_general|endings|openings,title_pattern_019,시험 범위와 우선순위를 미리 정하는,문제 해결의 순서를 정리합니다,grade_subject,신성동|초등|국어|과외,0
keyword_combination,region,경상북도,문경시,모전동,,모전동,,,초등,영수,false,초등학생,영수,모전동 초등 영수과외,모전동초등영수과외,모전동 초등 영수과외 풀이 근거와 판단 순서를 꼼꼼히 살피는 학습 기록을 활용하는 방법을 정리합니다,모전동 초등 영수과외를 살펴볼 때에는 복습 과정은 하루에 실천할 분량을 구체적으로 정하고 기록을 남기면 다음 계획의 기준이 분명해집니다. 복습 과정은 공부한 내용을 기억에서 꺼내 보고 작은 단위로 조정하면 꾸준히 이어가기 쉽습니다. 학습 계획은 주간 목표와 실제 결과를 비교하고 다음 단계로 연결하는 방식이 좋습니다. 학습 계획은 공부한 내용을 기억에서 꺼내 보고 반복 시점을 정해 두면 학습 공백을 줄일 수 있습니다. 학습한 내용과 실제 수행 결과를 비교하면 다음 공부의 우선순위를 더 구체적으로 정할 수 있습니다.,모전동 초등 영수과외를 알아볼 때에는 현재의 학습 상태를 이해하려면 현재 알고 있는 내용과 어려운 부분을 구분하고 점검 기준을 세우는 데 있습니다. 오답을 관리할 때는 현재 가능한 분량부터 정하고 다음 공부에 반영하는 과정이 필요합니다. 초등학생은 완료한 공부를 눈에 보이게 기록하고 작은 성취를 자주 확인하는 방식이 알맞습니다. 영수 학습 계획을 세울 때는 어휘 오답과 계산 실수를 다른 기준으로 기록하고 각 과목에 맞는 복습 기준을 분명하게 세울 수 있습니다. 학습 습관을 만들 때는 실수의 원인을 유형별로 나누고 조금씩 기준을 높이면 학습 리듬을 유지할 수 있습니다. 오답을 관리할 때는 실수의 원인을 유형별로 나누고 완료 여부보다 이해 과정을 살피는 것이 중요합니다. 작게 나눈 목표를 정해진 주기로 다시 살펴보면 꾸준한 학습 흐름을 만드는 데 도움이 됩니다.,opening_011|body_general_101|body_elementary_017|body_english_math_008|body_general_024|body_general_123|ending_033,description_general_050|description_general_057|description_general_036|description_general_019,body_elementary|body_english_math|body_general|description_general|endings|openings,title_pattern_026,풀이 근거와 판단 순서를 꼼꼼히 살피는,학습 기록을 활용하는 방법을 정리합니다,grade_subject,모전동|초등|영수|과외,0
keyword_combination,region,광주광역시,북구,문흥동,,문흥동,,,초등학생,영어,false,초등학생,영어,문흥동 초등학생 영어과외,문흥동초등학생영어과외,문흥동 초등학생 영어과외 어휘 복습과 독해 문제 접근 기준을 살펴봅니다 학습 방향을 함께 살펴봅니다,문흥동 초등학생 영어과외를 살펴볼 때에는 복습 과정은 하루에 실천할 분량을 구체적으로 정하고 기록을 남기면 다음 계획의 기준이 분명해집니다. 복습 과정은 현재 이해한 범위를 먼저 확인하고 다음 단계로 연결하는 방식이 좋습니다. 학습 계획은 주간 목표와 실제 결과를 비교하고 반복 시점을 정해 두면 학습 공백을 줄일 수 있습니다. 복습 과정은 주간 목표와 실제 결과를 비교하고 기록을 남기면 다음 계획의 기준이 분명해집니다. 학습한 내용과 실제 수행 결과를 비교하면 다음 공부의 우선순위를 더 구체적으로 정할 수 있습니다.,문흥동 초등학생 영어과외를 알아볼 때에는 새로운 내용을 익히기 전에는 실천할 수 있는 분량과 순서를 정하고 점검 기준을 세우는 데 있습니다. 복습을 진행할 때는 문제의 조건과 요구 사항을 구분하고 정해진 시점에 다시 확인하면 기억을 오래 유지하는 데 도움이 됩니다. 기초 학습 단계에서는 짧은 시간에 한 가지 목표를 마치고 작은 성취를 자주 확인하는 방식이 알맞습니다. 영어 독해를 진행할 때는 주어와 동사의 관계를 먼저 확인하고 문장 구조를 표시하면 해석의 근거가 분명해집니다. 학습 습관을 만들 때는 집중이 유지되는 시간을 기준으로 쉬는 때를 정하고 다음 공부에 반영하는 과정이 필요합니다. 복습을 진행할 때는 이해한 내용과 어려운 내용을 구분하고 다음 공부에 반영하는 과정이 필요합니다. 이와 같은 과정을 다음 계획에 구체적으로 반영하면 꾸준한 학습 흐름을 만드는 데 도움이 됩니다.,opening_032|body_general_100|body_elementary_049|body_english_054|body_general_026|body_general_056|ending_002,description_general_050|description_general_041|description_general_039|description_general_080,body_elementary|body_english|body_general|description_general|endings|openings,title_pattern_002,시험 범위와 우선순위를 미리 정하는,집중과 휴식의 기준을 점검합니다,grade_subject,문흥동|초등학생|영어|과외,0
keyword_combination,region,대구광역시,남구,,,남구,,,초등학생,수학,false,초등학생,수학,남구 초등학생 수학과외,남구초등학생수학과외,남구 초등학생 수학과외 계산 과정과 오답 관리의 학습 기준을 정리합니다 학습 방향을 함께 살펴봅니다,남구 초등학생 수학과외를 살펴볼 때에는 복습 과정은 하루에 실천할 분량을 구체적으로 정하고 다음 단계로 연결하는 방식이 좋습니다. 학습 계획은 풀이 과정의 근거를 확인하고 기록을 남기면 다음 계획의 기준이 분명해집니다. 복습 과정은 과목별 우선순위를 나누어 보고 다음 단계로 연결하는 방식이 좋습니다. 학습 계획은 풀이 과정의 근거를 확인하고 반복 시점을 정해 두면 학습 공백을 줄일 수 있습니다. 학습한 내용과 실제 수행 결과를 비교하면 다음 공부의 우선순위를 더 구체적으로 정할 수 있습니다.,남구 초등학생 수학과외를 알아볼 때에는 목표에 맞는 학습을 준비하려면 배운 내용을 스스로 설명해 보고 점검 기준을 세우는 데 있습니다. 복습을 진행할 때는 현재 가능한 분량부터 정하고 완료 여부보다 이해 과정을 살피는 것이 중요합니다. 초등학생은 짧은 시간에 한 가지 목표를 마치고 반복할 내용을 스스로 고르게 하면 참여도가 높아집니다. 수학 개념을 익힐 때는 주어진 조건을 식과 그림으로 바꾸고 검산하는 순서를 정하면 실수를 줄이는 데 도움이 됩니다. 학습 습관을 만들 때는 실수의 원인을 유형별로 나누고 다음 공부에 반영하는 과정이 필요합니다. 복습을 진행할 때는 짧은 목표를 세운 뒤 결과를 기록하고 완료 여부보다 이해 과정을 살피는 것이 중요합니다. 매주 확인한 결과를 다음 계획에 구체적으로 반영하면 꾸준한 학습 흐름을 만드는 데 도움이 됩니다.,opening_040|body_general_053|body_elementary_002|body_math_010|body_general_021|body_general_063|ending_012,description_general_046|description_general_035|description_general_066|description_general_034,body_elementary|body_general|body_math|description_general|endings|openings,title_pattern_007,오답 관리까지 자연스럽게 연결하는,집중과 휴식의 기준을 점검합니다,grade_subject,남구|초등학생|수학|과외,0
keyword_combination,region,대전광역시,서구,변동,,변동,,,초등학생,과학,false,초등학생,과학,변동 초등학생 과학과외,변동초등학생과학과외,변동 초등학생 과학과외 개념 이해와 탐구 자료 해석 방향을 정리합니다 학습 방향을 함께 살펴봅니다,변동 초등학생 과학과외를 살펴볼 때에는 복습 과정은 풀이 과정의 근거를 확인하고 작은 단위로 조정하면 꾸준히 이어가기 쉽습니다. 학습 계획은 틀린 이유를 짧게 설명해 보고 반복 시점을 정해 두면 학습 공백을 줄일 수 있습니다. 복습 과정은 주간 목표와 실제 결과를 비교하고 기록을 남기면 다음 계획의 기준이 분명해집니다. 학습 계획은 모르는 부분을 질문으로 바꾸고 작은 단위로 조정하면 꾸준히 이어가기 쉽습니다. 학습한 내용과 실제 수행 결과를 비교하면 다음 공부의 우선순위를 더 구체적으로 정할 수 있습니다.,변동 초등학생 과학과외를 알아볼 때에는 과외 학습의 방향을 세울 때는 실천할 수 있는 분량과 순서를 정하고 점검 기준을 세우는 데 있습니다. 복습을 진행할 때는 질문의 핵심을 한 문장으로 적고 무리하지 않는 범위에서 반복하는 편이 안정적입니다. 초등 과정에서는 교과서의 핵심 내용을 생활 속 예와 연결하고 정답보다 생각한 순서를 칭찬하는 태도가 도움이 됩니다. 과학 탐구 과정을 살펴볼 때는 표와 그래프의 변화 방향을 먼저 읽고 서술형 답안의 흐름을 분명하게 만들 수 있습니다. 오답을 관리할 때는 짧은 목표를 세운 뒤 결과를 기록하고 무리하지 않는 범위에서 반복하는 편이 안정적입니다. 복습을 진행할 때는 중요한 개념을 서로 연결하고 다음 공부에 반영하는 과정이 필요합니다. 작게 나눈 목표를 현재 수준에 맞게 조금씩 조정하면 꾸준한 학습 흐름을 만드는 데 도움이 됩니다.,opening_017|body_general_087|body_elementary_039|body_science_054|body_general_112|body_general_091|ending_031,description_general_072|description_general_014|description_general_080|description_general_022,body_elementary|body_general|body_science|description_general|endings|openings,title_pattern_028,집중 시간과 공부 분량을 알맞게 나누는,취약 부분을 보완하는 흐름을 알아봅니다,grade_subject,변동|초등학생|과학|과외,0
keyword_combination,region,부산광역시,북구,구포동,,구포동,,,초등학생,국어,false,초등학생,국어,구포동 초등학생 국어과외,구포동초등학생국어과외,구포동 초등학생 국어과외 복습 주기와 학습량을 함께 조절하는 취약 부분을 보완하는 흐름을 알아봅니다,구포동 초등학생 국어과외를 살펴볼 때에는 학습 계획은 풀이 과정의 근거를 확인하고 작은 단위로 조정하면 꾸준히 이어가기 쉽습니다. 학습 계획은 현재 이해한 범위를 먼저 확인하고 다음 단계로 연결하는 방식이 좋습니다. 학습 계획은 하루에 실천할 분량을 구체적으로 정하고 반복 시점을 정해 두면 학습 공백을 줄일 수 있습니다. 학습 계획은 현재 이해한 범위를 먼저 확인하고 작은 단위로 조정하면 꾸준히 이어가기 쉽습니다. 학습한 내용과 실제 수행 결과를 비교하면 다음 공부의 우선순위를 더 구체적으로 정할 수 있습니다.,구포동 초등학생 국어과외를 알아볼 때에는 효율적인 공부 흐름을 만들려면 현재 알고 있는 내용과 어려운 부분을 구분하고 점검 기준을 세우는 데 있습니다. 학습 습관을 만들 때는 배운 내용을 자신의 말로 설명하고 무리하지 않는 범위에서 반복하는 편이 안정적입니다. 초등학생은 교과서의 핵심 내용을 생활 속 예와 연결하고 작은 성취를 자주 확인하는 방식이 알맞습니다. 국어 서술형을 준비할 때는 화자의 태도와 표현 효과를 구분하고 자신의 말로 핵심을 다시 설명해 보는 것이 좋습니다. 학습 습관을 만들 때는 집중이 유지되는 시간을 기준으로 쉬는 때를 정하고 정해진 시점에 다시 확인하면 기억을 오래 유지하는 데 도움이 됩니다. 학습 습관을 만들 때는 질문의 핵심을 한 문장으로 적고 정해진 시점에 다시 확인하면 기억을 오래 유지하는 데 도움이 됩니다. 작게 나눈 목표를 정해진 주기로 다시 살펴보면 꾸준한 학습 흐름을 만드는 데 도움이 됩니다.,opening_021|body_general_017|body_elementary_013|body_korean_033|body_general_030|body_general_040|ending_033,description_general_032|description_general_001|description_general_009|description_general_002,body_elementary|body_general|body_korean|description_general|endings|openings,title_pattern_031,복습 주기와 학습량을 함께 조절하는,취약 부분을 보완하는 흐름을 알아봅니다,grade_subject,구포동|초등학생|국어|과외,0
keyword_combination,region,서울특별시,송파구,거여동,,거여동,,,초등학생,영수,false,초등학생,영수,거여동 초등학생 영수과외,거여동초등학생영수과외,거여동 초등학생 영수과외 시험 범위와 우선순위를 미리 정하는 학습 기록을 활용하는 방법을 정리합니다,거여동 초등학생 영수과외를 살펴볼 때에는 복습 과정은 풀이 과정의 근거를 확인하고 기록을 남기면 다음 계획의 기준이 분명해집니다. 복습 과정은 틀린 이유를 짧게 설명해 보고 기록을 남기면 다음 계획의 기준이 분명해집니다. 복습 과정은 공부한 내용을 기억에서 꺼내 보고 기록을 남기면 다음 계획의 기준이 분명해집니다. 복습 과정은 모르는 부분을 질문으로 바꾸고 기록을 남기면 다음 계획의 기준이 분명해집니다. 학습한 내용과 실제 수행 결과를 비교하면 다음 공부의 우선순위를 더 구체적으로 정할 수 있습니다.,거여동 초등학생 영수과외를 알아볼 때에는 효율적인 공부 흐름을 만들려면 현재 알고 있는 내용과 어려운 부분을 구분하고 점검 기준을 세우는 데 있습니다. 학습 습관을 만들 때는 현재 가능한 분량부터 정하고 조금씩 기준을 높이면 학습 리듬을 유지할 수 있습니다. 초등학생은 쉬운 문제부터 차례로 해결하며 작은 성취를 자주 확인하는 방식이 알맞습니다. 영수 학습 계획을 세울 때는 영어의 읽기 분량과 수학의 풀이 분량을 따로 정하고 과목별 부담이 한쪽으로 치우치는 것을 줄일 수 있습니다. 복습을 진행할 때는 짧은 목표를 세운 뒤 결과를 기록하고 정해진 시점에 다시 확인하면 기억을 오래 유지하는 데 도움이 됩니다. 학습 습관을 만들 때는 이해한 내용과 어려운 내용을 구분하고 완료 여부보다 이해 과정을 살피는 것이 중요합니다. 정리한 학습 기준을 완료한 뒤 이유까지 돌아보면 꾸준한 학습 흐름을 만드는 데 도움이 됩니다.,opening_021|body_general_004|body_elementary_009|body_english_math_002|body_general_065|body_general_008|ending_009,description_general_075|description_general_055|description_general_060|description_general_065,body_elementary|body_english_math|body_general|description_general|endings|openings,title_pattern_018,시험 범위와 우선순위를 미리 정하는,학습 기록을 활용하는 방법을 정리합니다,grade_subject,거여동|초등학생|영수|과외,0
keyword_combination,region,세종특별자치시,세종시,아름동,,아름동,,,중등,영어,false,중학생,영어,아름동 중등 영어과외,아름동중등영어과외,아름동 중등 영어과외 풀이 근거와 판단 순서를 꼼꼼히 살피는 학습 기록을 활용하는 방법을 정리합니다,아름동 중등 영어과외를 살펴볼 때에는 복습 과정은 현재 이해한 범위를 먼저 확인하고 기록을 남기면 다음 계획의 기준이 분명해집니다. 학습 계획은 현재 이해한 범위를 먼저 확인하고 반복 시점을 정해 두면 학습 공백을 줄일 수 있습니다. 학습 계획은 풀이 과정의 근거를 확인하고 스스로 설명하는 시간을 더하면 이해가 선명해집니다. 학습 계획은 하루에 실천할 분량을 구체적으로 정하고 반복 시점을 정해 두면 학습 공백을 줄일 수 있습니다. 학습한 내용과 실제 수행 결과를 비교하면 다음 공부의 우선순위를 더 구체적으로 정할 수 있습니다.,아름동 중등 영어과외를 알아볼 때에는 새로운 내용을 익히기 전에는 실천할 수 있는 분량과 순서를 정하고 점검 기준을 세우는 데 있습니다. 오답을 관리할 때는 문제의 조건과 요구 사항을 구분하고 무리하지 않는 범위에서 반복하는 편이 안정적입니다. 중등 과정에서는 수업에서 다룬 내용을 당일에 짧게 복습하고 누적 복습 시간을 확보하는 것이 좋습니다. 영어 문장을 해석할 때는 주어와 동사의 관계를 먼저 확인하고 읽은 내용을 한 문장으로 요약하는 연습이 유용합니다. 학습 습관을 만들 때는 계획과 실제 수행량의 차이를 확인하고 정해진 시점에 다시 확인하면 기억을 오래 유지하는 데 도움이 됩니다. 복습을 진행할 때는 질문의 핵심을 한 문장으로 적고 다음 공부에 반영하는 과정이 필요합니다. 스스로 세운 계획을 다음 계획에 구체적으로 반영하면 꾸준한 학습 흐름을 만드는 데 도움이 됩니다.,opening_032|body_general_147|body_middle_033|body_english_031|body_general_035|body_general_086|ending_017,description_general_045|description_general_004|description_general_033|description_general_009,body_english|body_general|body_middle|description_general|endings|openings,title_pattern_029,풀이 근거와 판단 순서를 꼼꼼히 살피는,학습 기록을 활용하는 방법을 정리합니다,grade_subject,아름동|중등|영어|과외,0
keyword_combination,region,울산광역시,동구,일산동,,일산동,,,중등,수학,false,중학생,수학,일산동 중등 수학과외,일산동중등수학과외,일산동 중등 수학과외 풀이 근거와 판단 순서를 꼼꼼히 살피는 학습 기록을 활용하는 방법을 정리합니다,일산동 중등 수학과외를 살펴볼 때에는 복습 과정은 틀린 이유를 짧게 설명해 보고 다음 단계로 연결하는 방식이 좋습니다. 복습 과정은 틀린 이유를 짧게 설명해 보고 작은 단위로 조정하면 꾸준히 이어가기 쉽습니다. 학습 계획은 틀린 이유를 짧게 설명해 보고 스스로 설명하는 시간을 더하면 이해가 선명해집니다. 복습 과정은 주간 목표와 실제 결과를 비교하고 반복 시점을 정해 두면 학습 공백을 줄일 수 있습니다. 학습한 내용과 실제 수행 결과를 비교하면 다음 공부의 우선순위를 더 구체적으로 정할 수 있습니다.,일산동 중등 수학과외를 알아볼 때에는 꾸준한 학습을 위해서는 실천할 수 있는 분량과 순서를 정하고 점검 기준을 세우는 데 있습니다. 오답을 관리할 때는 중요한 개념을 서로 연결하고 완료 여부보다 이해 과정을 살피는 것이 중요합니다. 중학생은 수행평가와 지필평가 일정을 함께 관리하고 시험 직전의 학습 부담을 낮추는 데 도움이 됩니다. 수학 개념을 익힐 때는 각 단계에서 사용한 근거를 짧게 적고 조건이 달라졌을 때의 변화를 살펴보면 응용력이 자랍니다. 복습을 진행할 때는 문제의 조건과 요구 사항을 구분하고 다음 공부에 반영하는 과정이 필요합니다. 복습을 진행할 때는 집중이 유지되는 시간을 기준으로 쉬는 때를 정하고 다음 공부에 반영하는 과정이 필요합니다. 매주 확인한 결과를 다음 계획에 구체적으로 반영하면 꾸준한 학습 흐름을 만드는 데 도움이 됩니다.,opening_007|body_general_143|body_middle_019|body_math_024|body_general_096|body_general_076|ending_012,description_general_051|description_general_052|description_general_013|description_general_079,body_general|body_math|body_middle|description_general|endings|openings,title_pattern_026,풀이 근거와 판단 순서를 꼼꼼히 살피는,학습 기록을 활용하는 방법을 정리합니다,grade_subject,일산동|중등|수학|과외,0
keyword_combination,region,인천광역시,연수구,청학동,,청학동,,,중등,과학,false,중학생,과학,청학동 중등 과학과외,청학동중등과학과외,청학동 중등 과학과외 단기 목표와 누적 복습을 함께 배치하는 취약 부분을 보완하는 흐름을 알아봅니다,청학동 중등 과학과외를 살펴볼 때에는 학습 계획은 공부한 내용을 기억에서 꺼내 보고 기록을 남기면 다음 계획의 기준이 분명해집니다. 복습 과정은 풀이 과정의 근거를 확인하고 반복 시점을 정해 두면 학습 공백을 줄일 수 있습니다. 학습 계획은 과목별 우선순위를 나누어 보고 반복 시점을 정해 두면 학습 공백을 줄일 수 있습니다. 복습 과정은 주간 목표와 실제 결과를 비교하고 기록을 남기면 다음 계획의 기준이 분명해집니다. 학습한 내용과 실제 수행 결과를 비교하면 다음 공부의 우선순위를 더 구체적으로 정할 수 있습니다.,청학동 중등 과학과외를 알아볼 때에는 효율적인 공부 흐름을 만들려면 현재 알고 있는 내용과 어려운 부분을 구분하고 점검 기준을 세우는 데 있습니다. 오답을 관리할 때는 짧은 목표를 세운 뒤 결과를 기록하고 완료 여부보다 이해 과정을 살피는 것이 중요합니다. 중학생은 과목별 시험 범위와 일정을 먼저 나누고 취약 단원을 주간 계획에 다시 배치할 수 있습니다. 과학 개념을 이해할 때는 실험 조건과 달라진 변인을 나누고 서술형 답안의 흐름을 분명하게 만들 수 있습니다. 복습을 진행할 때는 질문의 핵심을 한 문장으로 적고 다음 공부에 반영하는 과정이 필요합니다. 복습을 진행할 때는 짧은 목표를 세운 뒤 결과를 기록하고 다음 공부에 반영하는 과정이 필요합니다. 정리한 학습 기준을 완료한 뒤 이유까지 돌아보면 꾸준한 학습 흐름을 만드는 데 도움이 됩니다.,opening_021|body_general_113|body_middle_002|body_science_029|body_general_086|body_general_061|ending_009,description_general_020|description_general_074|description_general_029|description_general_080,body_general|body_middle|body_science|description_general|endings|openings,title_pattern_015,단기 목표와 누적 복습을 함께 배치하는,취약 부분을 보완하는 흐름을 알아봅니다,grade_subject,청학동|중등|과학|과외,0
keyword_combination,region,전라남도,목포시,산정동,,산정동,,,중등,국어,false,중학생,국어,산정동 중등 국어과외,산정동중등국어과외,산정동 중등 국어과외 국어 독해와 서술형 답안의 학습 방향을 정리합니다 시험 준비을 함께 살펴봅니다,산정동 중등 국어과외를 살펴볼 때에는 학습 계획은 공부한 내용을 기억에서 꺼내 보고 다음 단계로 연결하는 방식이 좋습니다. 학습 계획은 모르는 부분을 질문으로 바꾸고 다음 단계로 연결하는 방식이 좋습니다. 학습 계획은 모르는 부분을 질문으로 바꾸고 스스로 설명하는 시간을 더하면 이해가 선명해집니다. 복습 과정은 풀이 과정의 근거를 확인하고 스스로 설명하는 시간을 더하면 이해가 선명해집니다. 학습한 내용과 실제 수행 결과를 비교하면 다음 공부의 우선순위를 더 구체적으로 정할 수 있습니다.,산정동 중등 국어과외를 알아볼 때에는 효율적인 공부 흐름을 만들려면 실천할 수 있는 분량과 순서를 정하고 점검 기준을 세우는 데 있습니다. 학습 습관을 만들 때는 배운 내용을 자신의 말로 설명하고 정해진 시점에 다시 확인하면 기억을 오래 유지하는 데 도움이 됩니다. 중학생은 풀이와 답의 근거를 문장으로 정리하고 누적 복습 시간을 확보하는 것이 좋습니다. 문학 작품을 읽을 때는 답의 근거가 되는 표현을 지문에서 찾고 근거와 결론을 함께 적으면 답안이 선명해집니다. 학습 습관을 만들 때는 이해한 내용과 어려운 내용을 구분하고 무리하지 않는 범위에서 반복하는 편이 안정적입니다. 오답을 관리할 때는 중요한 개념을 서로 연결하고 정해진 시점에 다시 확인하면 기억을 오래 유지하는 데 도움이 됩니다. 스스로 세운 계획을 무리하지 않는 범위에서 이어가면 꾸준한 학습 흐름을 만드는 데 도움이 됩니다.,opening_022|body_general_020|body_middle_021|body_korean_054|body_general_007|body_general_145|ending_020,description_general_016|description_general_021|description_general_023|description_general_073,body_general|body_korean|body_middle|description_general|endings|openings,title_pattern_021,이해와 적용의 순서를 분명하게 잡는,질문과 설명의 과정을 안내합니다,grade_subject,산정동|중등|국어|과외,0
keyword_combination,region,전북특별자치도,전주시,덕진동,,덕진동,,,중등,영수,false,중학생,영수,덕진동 중등 영수과외,덕진동중등영수과외,덕진동 중등 영수과외 기초부터 차근차근 점검하는 학습 기준을 정리합니다 학습 방향을 함께 살펴봅니다,덕진동 중등 영수과외를 살펴볼 때에는 학습 계획은 하루에 실천할 분량을 구체적으로 정하고 스스로 설명하는 시간을 더하면 이해가 선명해집니다. 학습 계획은 주간 목표와 실제 결과를 비교하고 반복 시점을 정해 두면 학습 공백을 줄일 수 있습니다. 복습 과정은 공부한 내용을 기억에서 꺼내 보고 기록을 남기면 다음 계획의 기준이 분명해집니다. 학습 계획은 틀린 이유를 짧게 설명해 보고 스스로 설명하는 시간을 더하면 이해가 선명해집니다. 학습한 내용과 실제 수행 결과를 비교하면 다음 공부의 우선순위를 더 구체적으로 정할 수 있습니다.,덕진동 중등 영수과외를 알아볼 때에는 과외 학습의 방향을 세울 때는 목표와 사용할 시간을 구체적으로 연결하고 점검 기준을 세우는 데 있습니다. 오답을 관리할 때는 중요한 개념을 서로 연결하고 다음 공부에 반영하는 과정이 필요합니다. 중학생은 수업에서 다룬 내용을 당일에 짧게 복습하고 스스로 점검할 기준이 한층 분명해집니다. 영수 학습 계획을 세울 때는 하루 학습량을 실제 가능한 수준으로 나누고 과목별 부담이 한쪽으로 치우치는 것을 줄일 수 있습니다. 복습을 진행할 때는 실수의 원인을 유형별로 나누고 다음 공부에 반영하는 과정이 필요합니다. 학습 습관을 만들 때는 실수의 원인을 유형별로 나누고 완료 여부보다 이해 과정을 살피는 것이 중요합니다. 매주 확인한 결과를 완료한 뒤 이유까지 돌아보면 꾸준한 학습 흐름을 만드는 데 도움이 됩니다.,opening_019|body_general_141|body_middle_012|body_english_math_027|body_general_071|body_general_023|ending_014,description_general_008|description_general_039|description_general_060|description_general_013,body_english_math|body_general|body_middle|description_general|endings|openings,title_pattern_023,기초부터 차근차근 점검하는,학습 기준을 정리합니다,grade_subject,덕진동|중등|영수|과외,0
keyword_combination,region,제주특별자치도,제주시,노형동,,노형동,,,중학생,영어,false,중학생,영어,노형동 중학생 영어과외,노형동중학생영어과외,노형동 중학생 영어과외 영어 독해와 문장 해석의 학습 방향을 정리합니다 시험 준비을 함께 살펴봅니다,노형동 중학생 영어과외를 살펴볼 때에는 복습 과정은 하루에 실천할 분량을 구체적으로 정하고 기록을 남기면 다음 계획의 기준이 분명해집니다. 학습 계획은 모르는 부분을 질문으로 바꾸고 기록을 남기면 다음 계획의 기준이 분명해집니다. 학습 계획은 과목별 우선순위를 나누어 보고 기록을 남기면 다음 계획의 기준이 분명해집니다. 학습 계획은 현재 이해한 범위를 먼저 확인하고 기록을 남기면 다음 계획의 기준이 분명해집니다. 학습한 내용과 실제 수행 결과를 비교하면 다음 공부의 우선순위를 더 구체적으로 정할 수 있습니다.,노형동 중학생 영어과외를 알아볼 때에는 목표에 맞는 학습을 준비하려면 배운 내용을 스스로 설명해 보고 점검 기준을 세우는 데 있습니다. 학습 습관을 만들 때는 계획과 실제 수행량의 차이를 확인하고 무리하지 않는 범위에서 반복하는 편이 안정적입니다. 중등 과정에서는 교과 개념과 문제 유형을 연결하고 시험 직전의 학습 부담을 낮추는 데 도움이 됩니다. 영어 문장을 해석할 때는 문법 요소가 문장에서 하는 역할을 찾고 읽은 내용을 한 문장으로 요약하는 연습이 유용합니다. 오답을 관리할 때는 계획과 실제 수행량의 차이를 확인하고 정해진 시점에 다시 확인하면 기억을 오래 유지하는 데 도움이 됩니다. 학습 습관을 만들 때는 계획과 실제 수행량의 차이를 확인하고 완료 여부보다 이해 과정을 살피는 것이 중요합니다. 과목별로 남긴 기록을 현재 수준에 맞게 조금씩 조정하면 꾸준한 학습 흐름을 만드는 데 도움이 됩니다.,opening_040|body_general_032|body_middle_031|body_english_039|body_general_135|body_general_033|ending_021,description_general_050|description_general_025|description_general_030|description_general_005,body_english|body_general|body_middle|description_general|endings|openings,title_pattern_005,문제 해결 과정을 근거부터 확인하는,집중과 휴식의 기준을 점검합니다,grade_subject,노형동|중학생|영어|과외,0
keyword_combination,region,충청남도,천안시,청당동,,청당동,,,중학생,수학,false,중학생,수학,청당동 중학생 수학과외,청당동중학생수학과외,청당동 중학생 수학과외 계산 과정과 오답 관리의 학습 기준을 정리합니다 학습 방향을 함께 살펴봅니다,청당동 중학생 수학과외를 살펴볼 때에는 학습 계획은 모르는 부분을 질문으로 바꾸고 기록을 남기면 다음 계획의 기준이 분명해집니다. 복습 과정은 하루에 실천할 분량을 구체적으로 정하고 반복 시점을 정해 두면 학습 공백을 줄일 수 있습니다. 학습 계획은 하루에 실천할 분량을 구체적으로 정하고 작은 단위로 조정하면 꾸준히 이어가기 쉽습니다. 학습 계획은 틀린 이유를 짧게 설명해 보고 작은 단위로 조정하면 꾸준히 이어가기 쉽습니다. 학습한 내용과 실제 수행 결과를 비교하면 다음 공부의 우선순위를 더 구체적으로 정할 수 있습니다.,청당동 중학생 수학과외를 알아볼 때에는 목표에 맞는 학습을 준비하려면 현재 알고 있는 내용과 어려운 부분을 구분하고 점검 기준을 세우는 데 있습니다. 오답을 관리할 때는 문제의 조건과 요구 사항을 구분하고 다음 공부에 반영하는 과정이 필요합니다. 중등 과정에서는 과목별 시험 범위와 일정을 먼저 나누고 누적 복습 시간을 확보하는 것이 좋습니다. 수학 계산을 점검할 때는 계산 순서와 부호를 단계별로 살피고 검산하는 순서를 정하면 실수를 줄이는 데 도움이 됩니다. 복습을 진행할 때는 배운 내용을 자신의 말로 설명하고 무리하지 않는 범위에서 반복하는 편이 안정적입니다. 복습을 진행할 때는 질문의 핵심을 한 문장으로 적고 다음 공부에 반영하는 과정이 필요합니다. 매주 확인한 결과를 현재 수준에 맞게 조금씩 조정하면 꾸준한 학습 흐름을 만드는 데 도움이 됩니다.,opening_036|body_general_146|body_middle_025|body_math_030|body_general_067|body_general_086|ending_011,description_general_025|description_general_049|description_general_007|description_general_012,body_general|body_math|body_middle|description_general|endings|openings,title_pattern_026,반복 학습의 시점과 방법을 조정하는,오답을 줄이는 과정을 살펴봅니다,grade_subject,청당동|중학생|수학|과외,0
keyword_combination,region,충청북도,청주시,산남동,,산남동,,,중학생,과학,false,중학생,과학,산남동 중학생 과학과외,산남동중학생과학과외,산남동 중학생 과학과외 교과 내용을 자신의 말로 설명해 보는 학습 기록을 활용하는 방법을 정리합니다,산남동 중학생 과학과외를 살펴볼 때에는 학습 계획은 현재 이해한 범위를 먼저 확인하고 작은 단위로 조정하면 꾸준히 이어가기 쉽습니다. 학습 계획은 틀린 이유를 짧게 설명해 보고 반복 시점을 정해 두면 학습 공백을 줄일 수 있습니다. 복습 과정은 틀린 이유를 짧게 설명해 보고 기록을 남기면 다음 계획의 기준이 분명해집니다. 복습 과정은 현재 이해한 범위를 먼저 확인하고 다음 단계로 연결하는 방식이 좋습니다. 학습한 내용과 실제 수행 결과를 비교하면 다음 공부의 우선순위를 더 구체적으로 정할 수 있습니다.,산남동 중학생 과학과외를 알아볼 때에는 목표에 맞는 학습을 준비하려면 실천할 수 있는 분량과 순서를 정하고 점검 기준을 세우는 데 있습니다. 복습을 진행할 때는 계획과 실제 수행량의 차이를 확인하고 다음 공부에 반영하는 과정이 필요합니다. 중등 과정에서는 풀이와 답의 근거를 문장으로 정리하고 누적 복습 시간을 확보하는 것이 좋습니다. 과학 탐구 과정을 살펴볼 때는 단원마다 반복되는 원리를 연결하고 예상과 결과의 차이를 돌아보는 과정이 필요합니다. 학습 습관을 만들 때는 현재 가능한 분량부터 정하고 완료 여부보다 이해 과정을 살피는 것이 중요합니다. 오답을 관리할 때는 계획과 실제 수행량의 차이를 확인하고 정해진 시점에 다시 확인하면 기억을 오래 유지하는 데 도움이 됩니다. 매주 확인한 결과를 완료한 뒤 이유까지 돌아보면 꾸준한 학습 흐름을 만드는 데 도움이 됩니다.,opening_037|body_general_081|body_middle_045|body_science_062|body_general_003|body_general_135|ending_014,description_general_002|description_general_014|description_general_055|description_general_041,body_general|body_middle|body_science|description_general|endings|openings,title_pattern_029,교과 내용을 자신의 말로 설명해 보는,학습 기록을 활용하는 방법을 정리합니다,grade_subject,산남동|중학생|과학|과외,0
keyword_combination,region,강원특별자치도,정선군,,,정선군,,,중학생,국어,false,중학생,국어,정선군 중학생 국어과외,정선군중학생국어과외,정선군 중학생 국어과외 지문 이해와 답의 근거를 찾는 과정을 살펴봅니다 학습 방향을 함께 살펴봅니다,정선군 중학생 국어과외를 살펴볼 때에는 학습 계획은 공부한 내용을 기억에서 꺼내 보고 작은 단위로 조정하면 꾸준히 이어가기 쉽습니다. 학습 계획은 주간 목표와 실제 결과를 비교하고 반복 시점을 정해 두면 학습 공백을 줄일 수 있습니다. 복습 과정은 하루에 실천할 분량을 구체적으로 정하고 다음 단계로 연결하는 방식이 좋습니다. 복습 과정은 공부한 내용을 기억에서 꺼내 보고 다음 단계로 연결하는 방식이 좋습니다. 학습한 내용과 실제 수행 결과를 비교하면 다음 공부의 우선순위를 더 구체적으로 정할 수 있습니다.,정선군 중학생 국어과외를 알아볼 때에는 목표에 맞는 학습을 준비하려면 목표와 사용할 시간을 구체적으로 연결하고 점검 기준을 세우는 데 있습니다. 오답을 관리할 때는 문제의 조건과 요구 사항을 구분하고 정해진 시점에 다시 확인하면 기억을 오래 유지하는 데 도움이 됩니다. 중등 과정에서는 오답의 근거를 교과서에서 다시 찾고 스스로 점검할 기준이 한층 분명해집니다. 국어 독해에서는 주장과 뒷받침 내용을 나누어 정리하고 읽은 뒤 짧게 요약하면 이해 여부를 확인할 수 있습니다. 학습 습관을 만들 때는 중요한 개념을 서로 연결하고 다음 공부에 반영하는 과정이 필요합니다. 오답을 관리할 때는 배운 내용을 자신의 말로 설명하고 조금씩 기준을 높이면 학습 리듬을 유지할 수 있습니다. 스스로 세운 계획을 현재 수준에 맞게 조금씩 조정하면 꾸준한 학습 흐름을 만드는 데 도움이 됩니다.,opening_039|body_general_150|body_middle_040|body_korean_023|body_general_041|body_general_119|ending_016,description_general_017|description_general_039|description_general_046|description_general_056,body_general|body_korean|body_middle|description_general|endings|openings,title_pattern_004,질문과 설명 습관을 차분히 기르는,취약 부분을 보완하는 흐름을 알아봅니다,grade_subject,정선군|중학생|국어|과외,0
keyword_combination,region,경기도,양주시,덕정동,,덕정동,,,중학생,영수,false,중학생,영수,덕정동 중학생 영수과외,덕정동중학생영수과외,덕정동 중학생 영수과외 영수 학습의 균형과 오답 관리 흐름을 살펴봅니다 학습 방향을 함께 살펴봅니다,덕정동 중학생 영수과외를 살펴볼 때에는 학습 계획은 주간 목표와 실제 결과를 비교하고 작은 단위로 조정하면 꾸준히 이어가기 쉽습니다. 복습 과정은 하루에 실천할 분량을 구체적으로 정하고 반복 시점을 정해 두면 학습 공백을 줄일 수 있습니다. 복습 과정은 주간 목표와 실제 결과를 비교하고 작은 단위로 조정하면 꾸준히 이어가기 쉽습니다. 복습 과정은 현재 이해한 범위를 먼저 확인하고 스스로 설명하는 시간을 더하면 이해가 선명해집니다. 학습한 내용과 실제 수행 결과를 비교하면 다음 공부의 우선순위를 더 구체적으로 정할 수 있습니다.,덕정동 중학생 영수과외를 알아볼 때에는 새로운 내용을 익히기 전에는 배운 내용을 스스로 설명해 보고 점검 기준을 세우는 데 있습니다. 복습을 진행할 때는 집중이 유지되는 시간을 기준으로 쉬는 때를 정하고 완료 여부보다 이해 과정을 살피는 것이 중요합니다. 중학생은 수업에서 다룬 내용을 당일에 짧게 복습하고 스스로 점검할 기준이 한층 분명해집니다. 영수 학습 계획을 세울 때는 하루 학습량을 실제 가능한 수준으로 나누고 과목별 부담이 한쪽으로 치우치는 것을 줄일 수 있습니다. 학습 습관을 만들 때는 계획과 실제 수행량의 차이를 확인하고 완료 여부보다 이해 과정을 살피는 것이 중요합니다. 학습 습관을 만들 때는 문제의 조건과 요구 사항을 구분하고 다음 공부에 반영하는 과정이 필요합니다. 이와 같은 과정을 정해진 주기로 다시 살펴보면 꾸준한 학습 흐름을 만드는 데 도움이 됩니다.,opening_035|body_general_078|body_middle_012|body_english_math_027|body_general_033|body_general_046|ending_003,description_general_037|description_general_049|description_general_077|description_general_043,body_english_math|body_general|body_middle|description_general|endings|openings,title_pattern_004,목표와 실제 공부량을 함께 비교하는,과목별 접근법을 안내합니다,grade_subject,덕정동|중학생|영수|과외,0
keyword_combination,region,경상남도,창원시,회원동,,회원동,,,고등,영어,false,고등학생,영어,회원동 고등 영어과외,회원동고등영어과외,회원동 고등 영어과외 서술 과정과 답의 근거를 함께 점검하는 취약 부분을 보완하는 흐름을 알아봅니다,회원동 고등 영어과외를 살펴볼 때에는 복습 과정은 모르는 부분을 질문으로 바꾸고 기록을 남기면 다음 계획의 기준이 분명해집니다. 복습 과정은 모르는 부분을 질문으로 바꾸고 작은 단위로 조정하면 꾸준히 이어가기 쉽습니다. 학습 계획은 하루에 실천할 분량을 구체적으로 정하고 작은 단위로 조정하면 꾸준히 이어가기 쉽습니다. 학습 계획은 하루에 실천할 분량을 구체적으로 정하고 다음 단계로 연결하는 방식이 좋습니다. 학습한 내용과 실제 수행 결과를 비교하면 다음 공부의 우선순위를 더 구체적으로 정할 수 있습니다.,회원동 고등 영어과외를 알아볼 때에는 과외 학습의 방향을 세울 때는 목표와 사용할 시간을 구체적으로 연결하고 점검 기준을 세우는 데 있습니다. 복습을 진행할 때는 중요한 개념을 서로 연결하고 다음 공부에 반영하는 과정이 필요합니다. 고등학생은 과목별 목표와 사용할 시간을 구체적으로 나누고 근거를 설명할 수 있을 때까지 확인하는 편이 좋습니다. 영어 문장을 해석할 때는 핵심 문장과 세부 정보를 구분하고 반복해서 만나는 표현을 따로 모아 복습할 수 있습니다. 오답을 관리할 때는 실수의 원인을 유형별로 나누고 조금씩 기준을 높이면 학습 리듬을 유지할 수 있습니다. 오답을 관리할 때는 집중이 유지되는 시간을 기준으로 쉬는 때를 정하고 무리하지 않는 범위에서 반복하는 편이 안정적입니다. 매주 확인한 결과를 현재 수준에 맞게 조금씩 조정하면 꾸준한 학습 흐름을 만드는 데 도움이 됩니다.,opening_019|body_general_091|body_high_002|body_english_044|body_general_124|body_general_127|ending_011,description_general_065|description_general_062|description_general_007|description_general_006,body_english|body_general|body_high|description_general|endings|openings,title_pattern_006,서술 과정과 답의 근거를 함께 점검하는,취약 부분을 보완하는 흐름을 알아봅니다,grade_subject,회원동|고등|영어|과외,0
keyword_combination,region,경상북도,구미시,신평동,,신평동,,,고등,수학,false,고등학생,수학,신평동 고등 수학과외,신평동고등수학과외,신평동 고등 수학과외 집중 시간과 공부 분량을 알맞게 나누는 취약 부분을 보완하는 흐름을 알아봅니다,신평동 고등 수학과외를 살펴볼 때에는 복습 과정은 풀이 과정의 근거를 확인하고 스스로 설명하는 시간을 더하면 이해가 선명해집니다. 복습 과정은 현재 이해한 범위를 먼저 확인하고 기록을 남기면 다음 계획의 기준이 분명해집니다. 복습 과정은 틀린 이유를 짧게 설명해 보고 다음 단계로 연결하는 방식이 좋습니다. 학습 계획은 모르는 부분을 질문으로 바꾸고 기록을 남기면 다음 계획의 기준이 분명해집니다. 학습한 내용과 실제 수행 결과를 비교하면 다음 공부의 우선순위를 더 구체적으로 정할 수 있습니다.,신평동 고등 수학과외를 알아볼 때에는 새로운 내용을 익히기 전에는 실천할 수 있는 분량과 순서를 정하고 점검 기준을 세우는 데 있습니다. 학습 습관을 만들 때는 중요한 개념을 서로 연결하고 조금씩 기준을 높이면 학습 리듬을 유지할 수 있습니다. 고등학생은 주간 진도와 누적 복습의 비율을 조정하고 근거를 설명할 수 있을 때까지 확인하는 편이 좋습니다. 수학 응용 문제를 풀 때는 계산 순서와 부호를 단계별로 살피고 검산하는 순서를 정하면 실수를 줄이는 데 도움이 됩니다. 오답을 관리할 때는 짧은 목표를 세운 뒤 결과를 기록하고 다음 공부에 반영하는 과정이 필요합니다. 복습을 진행할 때는 질문의 핵심을 한 문장으로 적고 완료 여부보다 이해 과정을 살피는 것이 중요합니다. 이와 같은 과정을 정해진 주기로 다시 살펴보면 꾸준한 학습 흐름을 만드는 데 도움이 됩니다.,opening_032|body_general_044|body_high_018|body_math_054|body_general_111|body_general_088|ending_003,description_general_073|description_general_045|description_general_051|description_general_025,body_general|body_high|body_math|description_general|endings|openings,title_pattern_013,집중 시간과 공부 분량을 알맞게 나누는,취약 부분을 보완하는 흐름을 알아봅니다,grade_subject,신평동|고등|수학|과외,0
keyword_combination,region,광주광역시,동구,소태동,,소태동,,,고등,과학,false,고등학생,과학,소태동 고등 과학과외,소태동고등과학과외,소태동 고등 과학과외 과목별 공부 순서를 균형 있게 살펴보는 학습 기록을 활용하는 방법을 정리합니다,소태동 고등 과학과외를 살펴볼 때에는 학습 계획은 하루에 실천할 분량을 구체적으로 정하고 기록을 남기면 다음 계획의 기준이 분명해집니다. 학습 계획은 현재 이해한 범위를 먼저 확인하고 스스로 설명하는 시간을 더하면 이해가 선명해집니다. 학습 계획은 모르는 부분을 질문으로 바꾸고 작은 단위로 조정하면 꾸준히 이어가기 쉽습니다. 복습 과정은 풀이 과정의 근거를 확인하고 스스로 설명하는 시간을 더하면 이해가 선명해집니다. 학습한 내용과 실제 수행 결과를 비교하면 다음 공부의 우선순위를 더 구체적으로 정할 수 있습니다.,소태동 고등 과학과외를 알아볼 때에는 현재의 학습 상태를 이해하려면 실천할 수 있는 분량과 순서를 정하고 점검 기준을 세우는 데 있습니다. 복습을 진행할 때는 문제의 조건과 요구 사항을 구분하고 완료 여부보다 이해 과정을 살피는 것이 중요합니다. 고등학생은 오답을 개념과 해석 과정으로 구분하고 근거를 설명할 수 있을 때까지 확인하는 편이 좋습니다. 과학 개념을 이해할 때는 실험 조건과 달라진 변인을 나누고 새로운 문제에서도 같은 원리를 찾아볼 수 있습니다. 오답을 관리할 때는 배운 내용을 자신의 말로 설명하고 다음 공부에 반영하는 과정이 필요합니다. 복습을 진행할 때는 중요한 개념을 서로 연결하고 정해진 시점에 다시 확인하면 기억을 오래 유지하는 데 도움이 됩니다. 반복해서 익힌 습관을 정해진 주기로 다시 살펴보면 꾸준한 학습 흐름을 만드는 데 도움이 됩니다.,opening_012|body_general_098|body_high_014|body_science_028|body_general_116|body_general_095|ending_028,description_general_010|description_general_003|description_general_022|description_general_073,body_general|body_high|body_science|description_general|endings|openings,title_pattern_018,과목별 공부 순서를 균형 있게 살펴보는,학습 기록을 활용하는 방법을 정리합니다,grade_subject,소태동|고등|과학|과외,0
keyword_combination,region,대구광역시,서구,원대동,,원대동,,,고등,국어,false,고등학생,국어,원대동 고등 국어과외,원대동고등국어과외,원대동 고등 국어과외 기초부터 차근차근 점검하는 공부 방향을 살펴봅니다 학습 방향을 함께 살펴봅니다,원대동 고등 국어과외를 살펴볼 때에는 학습 계획은 모르는 부분을 질문으로 바꾸고 작은 단위로 조정하면 꾸준히 이어가기 쉽습니다. 학습 계획은 모르는 부분을 질문으로 바꾸고 스스로 설명하는 시간을 더하면 이해가 선명해집니다. 학습 계획은 풀이 과정의 근거를 확인하고 기록을 남기면 다음 계획의 기준이 분명해집니다. 학습 계획은 과목별 우선순위를 나누어 보고 작은 단위로 조정하면 꾸준히 이어가기 쉽습니다. 학습한 내용과 실제 수행 결과를 비교하면 다음 공부의 우선순위를 더 구체적으로 정할 수 있습니다.,원대동 고등 국어과외를 알아볼 때에는 매일의 학습을 안정적으로 이어가려면 과목별 습관과 오답의 원인을 살피고 점검 기준을 세우는 데 있습니다. 학습 습관을 만들 때는 실수의 원인을 유형별로 나누고 정해진 시점에 다시 확인하면 기억을 오래 유지하는 데 도움이 됩니다. 고등 과정에서는 오답을 개념과 해석 과정으로 구분하고 근거를 설명할 수 있을 때까지 확인하는 편이 좋습니다. 국어 서술형을 준비할 때는 문단의 중심 내용과 연결 관계를 표시하고 오답 선택지가 틀린 이유까지 살피면 판단 기준이 생깁니다. 오답을 관리할 때는 실수의 원인을 유형별로 나누고 조금씩 기준을 높이면 학습 리듬을 유지할 수 있습니다. 오답을 관리할 때는 짧은 목표를 세운 뒤 결과를 기록하고 정해진 시점에 다시 확인하면 기억을 오래 유지하는 데 도움이 됩니다. 작게 나눈 목표를 다음 계획에 구체적으로 반영하면 꾸준한 학습 흐름을 만드는 데 도움이 됩니다.,opening_028|body_general_025|body_high_038|body_korean_028|body_general_124|body_general_115|ending_032,description_general_022|description_general_023|description_general_035|description_general_027,body_general|body_high|body_korean|description_general|endings|openings,title_pattern_031,기초부터 차근차근 점검하는,공부 방향을 살펴봅니다,grade_subject,원대동|고등|국어|과외,0
keyword_combination,region,대전광역시,중구,석교동,,석교동,,,고등,영수,false,고등학생,영수,석교동 고등 영수과외,석교동고등영수과외,석교동 고등 영수과외 과목별 공부 순서를 균형 있게 살펴보는 학습 기록을 활용하는 방법을 정리합니다,석교동 고등 영수과외를 살펴볼 때에는 복습 과정은 풀이 과정의 근거를 확인하고 반복 시점을 정해 두면 학습 공백을 줄일 수 있습니다. 학습 계획은 하루에 실천할 분량을 구체적으로 정하고 작은 단위로 조정하면 꾸준히 이어가기 쉽습니다. 학습 계획은 과목별 우선순위를 나누어 보고 다음 단계로 연결하는 방식이 좋습니다. 복습 과정은 틀린 이유를 짧게 설명해 보고 작은 단위로 조정하면 꾸준히 이어가기 쉽습니다. 학습한 내용과 실제 수행 결과를 비교하면 다음 공부의 우선순위를 더 구체적으로 정할 수 있습니다.,석교동 고등 영수과외를 알아볼 때에는 매일의 학습을 안정적으로 이어가려면 실천할 수 있는 분량과 순서를 정하고 점검 기준을 세우는 데 있습니다. 복습을 진행할 때는 이해한 내용과 어려운 내용을 구분하고 조금씩 기준을 높이면 학습 리듬을 유지할 수 있습니다. 고등학생은 기출 문제에서 반복되는 판단 기준을 찾고 장기적인 공부 흐름을 안정적으로 유지할 수 있습니다. 영어와 수학 시간을 배분할 때는 영어의 읽기 분량과 수학의 풀이 분량을 따로 정하고 두 과목의 학습 흐름을 안정적으로 이어갈 수 있습니다. 학습 습관을 만들 때는 집중이 유지되는 시간을 기준으로 쉬는 때를 정하고 무리하지 않는 범위에서 반복하는 편이 안정적입니다. 오답을 관리할 때는 실수의 원인을 유형별로 나누고 다음 공부에 반영하는 과정이 필요합니다. 스스로 세운 계획을 다음 계획에 구체적으로 반영하면 꾸준한 학습 흐름을 만드는 데 도움이 됩니다.,opening_027|body_general_059|body_high_012|body_english_math_041|body_general_027|body_general_121|ending_017,description_general_074|description_general_007|description_general_026|description_general_052,body_english_math|body_general|body_high|description_general|endings|openings,title_pattern_024,과목별 공부 순서를 균형 있게 살펴보는,학습 기록을 활용하는 방법을 정리합니다,grade_subject,석교동|고등|영수|과외,0
keyword_combination,region,부산광역시,사하구,다대동,,다대동,,,고등학생,영어,false,고등학생,영어,다대동 고등학생 영어과외,다대동고등학생영어과외,다대동 고등학생 영어과외 어휘 복습과 독해 문제 접근 기준을 살펴봅니다 학습 방향을 함께 살펴봅니다,다대동 고등학생 영어과외를 살펴볼 때에는 복습 과정은 틀린 이유를 짧게 설명해 보고 반복 시점을 정해 두면 학습 공백을 줄일 수 있습니다. 학습 계획은 현재 이해한 범위를 먼저 확인하고 작은 단위로 조정하면 꾸준히 이어가기 쉽습니다. 복습 과정은 하루에 실천할 분량을 구체적으로 정하고 기록을 남기면 다음 계획의 기준이 분명해집니다. 복습 과정은 틀린 이유를 짧게 설명해 보고 기록을 남기면 다음 계획의 기준이 분명해집니다. 학습한 내용과 실제 수행 결과를 비교하면 다음 공부의 우선순위를 더 구체적으로 정할 수 있습니다.,다대동 고등학생 영어과외를 알아볼 때에는 효율적인 공부 흐름을 만들려면 과목별 습관과 오답의 원인을 살피고 점검 기준을 세우는 데 있습니다. 복습을 진행할 때는 질문의 핵심을 한 문장으로 적고 조금씩 기준을 높이면 학습 리듬을 유지할 수 있습니다. 고등 과정에서는 개념의 연결 관계와 출제 조건을 확인하고 근거를 설명할 수 있을 때까지 확인하는 편이 좋습니다. 영어 어휘를 익힐 때는 주어와 동사의 관계를 먼저 확인하고 짧은 예문을 직접 만들면 기억을 점검하기 좋습니다. 오답을 관리할 때는 문제의 조건과 요구 사항을 구분하고 다음 공부에 반영하는 과정이 필요합니다. 오답을 관리할 때는 집중이 유지되는 시간을 기준으로 쉬는 때를 정하고 무리하지 않는 범위에서 반복하는 편이 안정적입니다. 반복해서 익힌 습관을 현재 수준에 맞게 조금씩 조정하면 꾸준한 학습 흐름을 만드는 데 도움이 됩니다.,opening_023|body_general_089|body_high_030|body_english_005|body_general_146|body_general_127|ending_026,description_general_054|description_general_002|description_general_050|description_general_055,body_english|body_general|body_high|description_general|endings|openings,title_pattern_017,학습 기록을 다음 계획으로 연결하는,시험 범위별 우선순위를 확인합니다,grade_subject,다대동|고등학생|영어|과외,0
keyword_combination,region,서울특별시,강남구,수서동,,수서동,,,고등학생,수학,false,고등학생,수학,수서동 고등학생 수학과외,수서동고등학생수학과외,수서동 고등학생 수학과외 반복 학습의 시점과 방법을 조정하는 학습 기록을 활용하는 방법을 정리합니다,수서동 고등학생 수학과외를 살펴볼 때에는 복습 과정은 모르는 부분을 질문으로 바꾸고 스스로 설명하는 시간을 더하면 이해가 선명해집니다. 학습 계획은 모르는 부분을 질문으로 바꾸고 반복 시점을 정해 두면 학습 공백을 줄일 수 있습니다. 복습 과정은 공부한 내용을 기억에서 꺼내 보고 반복 시점을 정해 두면 학습 공백을 줄일 수 있습니다. 학습 계획은 현재 이해한 범위를 먼저 확인하고 기록을 남기면 다음 계획의 기준이 분명해집니다. 학습한 내용과 실제 수행 결과를 비교하면 다음 공부의 우선순위를 더 구체적으로 정할 수 있습니다.,수서동 고등학생 수학과외를 알아볼 때에는 꾸준한 학습을 위해서는 현재 알고 있는 내용과 어려운 부분을 구분하고 점검 기준을 세우는 데 있습니다. 학습 습관을 만들 때는 짧은 목표를 세운 뒤 결과를 기록하고 정해진 시점에 다시 확인하면 기억을 오래 유지하는 데 도움이 됩니다. 고등학생은 과목별 목표와 사용할 시간을 구체적으로 나누고 근거를 설명할 수 있을 때까지 확인하는 편이 좋습니다. 수학 계산을 점검할 때는 계산 순서와 부호를 단계별로 살피고 풀이를 비교하면 더 간결한 방법을 찾을 수 있습니다. 복습을 진행할 때는 배운 내용을 자신의 말로 설명하고 완료 여부보다 이해 과정을 살피는 것이 중요합니다. 학습 습관을 만들 때는 실수의 원인을 유형별로 나누고 다음 공부에 반영하는 과정이 필요합니다. 점검한 오답 내용을 정해진 주기로 다시 살펴보면 꾸준한 학습 흐름을 만드는 데 도움이 됩니다.,opening_006|body_general_015|body_high_002|body_math_031|body_general_068|body_general_021|ending_038,description_general_063|description_general_024|description_general_059|description_general_005,body_general|body_high|body_math|description_general|endings|openings,title_pattern_031,반복 학습의 시점과 방법을 조정하는,학습 기록을 활용하는 방법을 정리합니다,grade_subject,수서동|고등학생|수학|과외,0
keyword_combination,region,세종특별자치시,세종시,산울동,,산울동,,,고등학생,과학,false,고등학생,과학,산울동 고등학생 과학과외,산울동고등학생과학과외,산울동 고등학생 과학과외 개념 이해와 탐구 자료 해석 방향을 정리합니다 학습 방향을 함께 살펴봅니다,산울동 고등학생 과학과외를 살펴볼 때에는 복습 과정은 공부한 내용을 기억에서 꺼내 보고 스스로 설명하는 시간을 더하면 이해가 선명해집니다. 복습 과정은 모르는 부분을 질문으로 바꾸고 기록을 남기면 다음 계획의 기준이 분명해집니다. 복습 과정은 주간 목표와 실제 결과를 비교하고 스스로 설명하는 시간을 더하면 이해가 선명해집니다. 복습 과정은 공부한 내용을 기억에서 꺼내 보고 기록을 남기면 다음 계획의 기준이 분명해집니다. 학습한 내용과 실제 수행 결과를 비교하면 다음 공부의 우선순위를 더 구체적으로 정할 수 있습니다.,산울동 고등학생 과학과외를 알아볼 때에는 공부의 출발점은 배운 내용을 스스로 설명해 보고 점검 기준을 세우는 데 있습니다. 학습 습관을 만들 때는 계획과 실제 수행량의 차이를 확인하고 다음 공부에 반영하는 과정이 필요합니다. 고등 과정에서는 과목별 목표와 사용할 시간을 구체적으로 나누고 장기적인 공부 흐름을 안정적으로 유지할 수 있습니다. 과학 탐구 과정을 살펴볼 때는 단원마다 반복되는 원리를 연결하고 예상과 결과의 차이를 돌아보는 과정이 필요합니다. 학습 습관을 만들 때는 계획과 실제 수행량의 차이를 확인하고 무리하지 않는 범위에서 반복하는 편이 안정적입니다. 복습을 진행할 때는 실수의 원인을 유형별로 나누고 완료 여부보다 이해 과정을 살피는 것이 중요합니다. 작게 나눈 목표를 무리하지 않는 범위에서 이어가면 꾸준한 학습 흐름을 만드는 데 도움이 됩니다.,opening_005|body_general_031|body_high_028|body_science_062|body_general_032|body_general_073|ending_035,description_general_058|description_general_065|description_general_078|description_general_060,body_general|body_high|body_science|description_general|endings|openings,title_pattern_017,목표와 실제 공부량을 함께 비교하는,공부 방향을 살펴봅니다,grade_subject,산울동|고등학생|과학|과외,0
keyword_combination,region,울산광역시,중구,다운동,,다운동,,,고등학생,국어,false,고등학생,국어,다운동 고등학생 국어과외,다운동고등학생국어과외,다운동 고등학생 국어과외 복습 주기와 학습량을 함께 조절하는 학습 기록을 활용하는 방법을 정리합니다,다운동 고등학생 국어과외를 살펴볼 때에는 복습 과정은 풀이 과정의 근거를 확인하고 기록을 남기면 다음 계획의 기준이 분명해집니다. 복습 과정은 모르는 부분을 질문으로 바꾸고 기록을 남기면 다음 계획의 기준이 분명해집니다. 학습 계획은 과목별 우선순위를 나누어 보고 기록을 남기면 다음 계획의 기준이 분명해집니다. 학습 계획은 현재 이해한 범위를 먼저 확인하고 다음 단계로 연결하는 방식이 좋습니다. 학습한 내용과 실제 수행 결과를 비교하면 다음 공부의 우선순위를 더 구체적으로 정할 수 있습니다.,다운동 고등학생 국어과외를 알아볼 때에는 매일의 학습을 안정적으로 이어가려면 배운 내용을 스스로 설명해 보고 점검 기준을 세우는 데 있습니다. 복습을 진행할 때는 실수의 원인을 유형별로 나누고 정해진 시점에 다시 확인하면 기억을 오래 유지하는 데 도움이 됩니다. 고등학생은 제한 시간 안에서 풀이 순서를 점검하고 근거를 설명할 수 있을 때까지 확인하는 편이 좋습니다. 국어 독해에서는 질문이 요구하는 조건을 빠짐없이 확인하고 자신의 말로 핵심을 다시 설명해 보는 것이 좋습니다. 복습을 진행할 때는 실수의 원인을 유형별로 나누고 무리하지 않는 범위에서 반복하는 편이 안정적입니다. 복습을 진행할 때는 집중이 유지되는 시간을 기준으로 쉬는 때를 정하고 다음 공부에 반영하는 과정이 필요합니다. 작게 나눈 목표를 완료한 뒤 이유까지 돌아보면 꾸준한 학습 흐름을 만드는 데 도움이 됩니다.,opening_030|body_general_075|body_high_022|body_korean_013|body_general_072|body_general_076|ending_034,description_general_075|description_general_065|description_general_030|description_general_001,body_general|body_high|body_korean|description_general|endings|openings,title_pattern_023,복습 주기와 학습량을 함께 조절하는,학습 기록을 활용하는 방법을 정리합니다,grade_subject,다운동|고등학생|국어|과외,0
keyword_combination,region,인천광역시,부평구,삼산동,,삼산동,,,고등학생,영수,false,고등학생,영수,삼산동 고등학생 영수과외,삼산동고등학생영수과외,삼산동 고등학생 영수과외 과목 특성에 맞는 복습 방법을 찾는 취약 부분을 보완하는 흐름을 알아봅니다,삼산동 고등학생 영수과외를 살펴볼 때에는 학습 계획은 하루에 실천할 분량을 구체적으로 정하고 기록을 남기면 다음 계획의 기준이 분명해집니다. 학습 계획은 틀린 이유를 짧게 설명해 보고 반복 시점을 정해 두면 학습 공백을 줄일 수 있습니다. 학습 계획은 공부한 내용을 기억에서 꺼내 보고 기록을 남기면 다음 계획의 기준이 분명해집니다. 복습 과정은 틀린 이유를 짧게 설명해 보고 반복 시점을 정해 두면 학습 공백을 줄일 수 있습니다. 학습한 내용과 실제 수행 결과를 비교하면 다음 공부의 우선순위를 더 구체적으로 정할 수 있습니다.,삼산동 고등학생 영수과외를 알아볼 때에는 현재의 학습 상태를 이해하려면 과목별 습관과 오답의 원인을 살피고 점검 기준을 세우는 데 있습니다. 복습을 진행할 때는 배운 내용을 자신의 말로 설명하고 무리하지 않는 범위에서 반복하는 편이 안정적입니다. 내신과 모의고사를 함께 준비할 때는 개념의 연결 관계와 출제 조건을 확인하고 학습 우선순위를 정하는 기준이 필요합니다. 영어와 수학 시간을 배분할 때는 주간 결과에서 부족한 과목의 시간을 보완하고 두 과목의 학습 흐름을 안정적으로 이어갈 수 있습니다. 복습을 진행할 때는 집중이 유지되는 시간을 기준으로 쉬는 때를 정하고 무리하지 않는 범위에서 반복하는 편이 안정적입니다. 오답을 관리할 때는 계획과 실제 수행량의 차이를 확인하고 무리하지 않는 범위에서 반복하는 편이 안정적입니다. 반복해서 익힌 습관을 무리하지 않는 범위에서 이어가면 꾸준한 학습 흐름을 만드는 데 도움이 됩니다.,opening_013|body_general_067|body_high_053|body_english_math_071|body_general_077|body_general_132|ending_030,description_general_010|description_general_014|description_general_020|description_general_054,body_english_math|body_general|body_high|description_general|endings|openings,title_pattern_030,과목 특성에 맞는 복습 방법을 찾는,취약 부분을 보완하는 흐름을 알아봅니다,grade_subject,삼산동|고등학생|영수|과외,0
keyword_combination,region,전라남도,나주시,영산동,,영산동,,,,,true,중학생,국영수과외,영산동 내신과외,영산동내신과외,영산동 내신과외 교과서와 수행평가를 연결한 내신 준비 흐름을 점검합니다 학습 방향을 함께 살펴봅니다,영산동 내신과외를 살펴볼 때에는 학습 계획은 풀이 과정의 근거를 확인하고 다음 단계로 연결하는 방식이 좋습니다. 복습 과정은 틀린 이유를 짧게 설명해 보고 다음 단계로 연결하는 방식이 좋습니다. 복습 과정은 틀린 이유를 짧게 설명해 보고 반복 시점을 정해 두면 학습 공백을 줄일 수 있습니다. 복습 과정은 공부한 내용을 기억에서 꺼내 보고 반복 시점을 정해 두면 학습 공백을 줄일 수 있습니다. 학습한 내용과 실제 수행 결과를 비교하면 다음 공부의 우선순위를 더 구체적으로 정할 수 있습니다.,영산동 내신과외를 알아볼 때에는 효율적인 공부 흐름을 만들려면 배운 내용을 스스로 설명해 보고 점검 기준을 세우는 데 있습니다. 복습을 진행할 때는 계획과 실제 수행량의 차이를 확인하고 조금씩 기준을 높이면 학습 리듬을 유지할 수 있습니다. 오답을 관리할 때는 현재 가능한 분량부터 정하고 조금씩 기준을 높이면 학습 리듬을 유지할 수 있습니다. 학습 습관을 만들 때는 현재 가능한 분량부터 정하고 조금씩 기준을 높이면 학습 리듬을 유지할 수 있습니다. 내신 시험 범위를 확인할 때는 단원별 학습량과 남은 시간을 비교하고 다음 복습의 우선순위를 정하는 것이 좋습니다. 학습 습관을 만들 때는 계획과 실제 수행량의 차이를 확인하고 조금씩 기준을 높이면 학습 리듬을 유지할 수 있습니다. 점검한 오답 내용을 무리하지 않는 범위에서 이어가면 꾸준한 학습 흐름을 만드는 데 도움이 됩니다.,opening_025|body_general_084|body_general_104|body_general_004|body_internal_exam_026|body_general_034|ending_040,description_general_031|description_general_051|description_general_054|description_general_059,body_general|body_internal_exam|description_general|endings|openings,title_pattern_001,목표와 실제 공부량을 함께 비교하는,취약 부분을 보완하는 흐름을 알아봅니다,exam_only,영산동|내신|과외,0
keyword_combination,region,전북특별자치도,군산시,조촌동,,조촌동,,,,영어,true,초등학생,영어,조촌동 영어 내신과외,조촌동영어내신과외,조촌동 영어 내신과외 교과 진도와 취약 부분을 함께 확인하는 취약 부분을 보완하는 흐름을 알아봅니다,조촌동 영어 내신과외를 살펴볼 때에는 학습 계획은 주간 목표와 실제 결과를 비교하고 스스로 설명하는 시간을 더하면 이해가 선명해집니다. 학습 계획은 공부한 내용을 기억에서 꺼내 보고 작은 단위로 조정하면 꾸준히 이어가기 쉽습니다. 복습 과정은 모르는 부분을 질문으로 바꾸고 작은 단위로 조정하면 꾸준히 이어가기 쉽습니다. 학습 계획은 풀이 과정의 근거를 확인하고 스스로 설명하는 시간을 더하면 이해가 선명해집니다. 학습한 내용과 실제 수행 결과를 비교하면 다음 공부의 우선순위를 더 구체적으로 정할 수 있습니다.,조촌동 영어 내신과외를 알아볼 때에는 목표에 맞는 학습을 준비하려면 실천할 수 있는 분량과 순서를 정하고 점검 기준을 세우는 데 있습니다. 학습 습관을 만들 때는 집중이 유지되는 시간을 기준으로 쉬는 때를 정하고 완료 여부보다 이해 과정을 살피는 것이 중요합니다. 학습 습관을 만들 때는 계획과 실제 수행량의 차이를 확인하고 정해진 시점에 다시 확인하면 기억을 오래 유지하는 데 도움이 됩니다. 영어 문장을 해석할 때는 연결 표현을 기준으로 문단 흐름을 나누고 짧은 예문을 직접 만들면 기억을 점검하기 좋습니다. 내신 교과서를 복습할 때는 기억이 약한 범위를 우선 배치하고 학교 시험 준비 과정을 구체적으로 관리할 수 있습니다. 오답을 관리할 때는 집중이 유지되는 시간을 기준으로 쉬는 때를 정하고 다음 공부에 반영하는 과정이 필요합니다. 스스로 세운 계획을 정해진 주기로 다시 살펴보면 꾸준한 학습 흐름을 만드는 데 도움이 됩니다.,opening_037|body_general_028|body_general_035|body_english_033|body_internal_exam_093|body_general_126|ending_018,description_general_038|description_general_017|description_general_062|description_general_033,body_english|body_general|body_internal_exam|description_general|endings|openings,title_pattern_005,교과 진도와 취약 부분을 함께 확인하는,취약 부분을 보완하는 흐름을 알아봅니다,subject_exam,조촌동|영어|내신|과외,0
keyword_combination,region,제주특별자치도,제주시,월평동,,월평동,,,,수학,true,중학생,수학,월평동 수학 내신과외,월평동수학내신과외,월평동 수학 내신과외 기초부터 차근차근 점검하는 학습 기준을 정리합니다 학습 방향을 함께 살펴봅니다,월평동 수학 내신과외를 살펴볼 때에는 복습 과정은 과목별 우선순위를 나누어 보고 반복 시점을 정해 두면 학습 공백을 줄일 수 있습니다. 학습 계획은 풀이 과정의 근거를 확인하고 작은 단위로 조정하면 꾸준히 이어가기 쉽습니다. 학습 계획은 주간 목표와 실제 결과를 비교하고 스스로 설명하는 시간을 더하면 이해가 선명해집니다. 학습 계획은 현재 이해한 범위를 먼저 확인하고 다음 단계로 연결하는 방식이 좋습니다. 학습한 내용과 실제 수행 결과를 비교하면 다음 공부의 우선순위를 더 구체적으로 정할 수 있습니다.,월평동 수학 내신과외를 알아볼 때에는 효율적인 공부 흐름을 만들려면 목표와 사용할 시간을 구체적으로 연결하고 점검 기준을 세우는 데 있습니다. 복습을 진행할 때는 실수의 원인을 유형별로 나누고 다음 공부에 반영하는 과정이 필요합니다. 복습을 진행할 때는 문제의 조건과 요구 사항을 구분하고 정해진 시점에 다시 확인하면 기억을 오래 유지하는 데 도움이 됩니다. 수학 계산을 점검할 때는 틀린 부분을 개념과 계산으로 구분하고 조건이 달라졌을 때의 변화를 살펴보면 응용력이 자랍니다. 내신 시험 범위를 확인할 때는 답의 근거와 필요한 표현을 함께 정리하고 학교 시험 준비 과정을 구체적으로 관리할 수 있습니다. 오답을 관리할 때는 질문의 핵심을 한 문장으로 적고 무리하지 않는 범위에서 반복하는 편이 안정적입니다. 과목별로 남긴 기록을 다음 계획에 구체적으로 반영하면 꾸준한 학습 흐름을 만드는 데 도움이 됩니다.,opening_024|body_general_071|body_general_100|body_math_040|body_internal_exam_023|body_general_137|ending_022,description_general_069|description_general_032|description_general_038|description_general_001,body_general|body_internal_exam|body_math|description_general|endings|openings,title_pattern_005,기초부터 차근차근 점검하는,학습 기준을 정리합니다,subject_exam,월평동|수학|내신|과외,0
keyword_combination,region,충청남도,공주시,반죽동,,반죽동,,,,과학,true,초등학생,과학,반죽동 과학 내신과외,반죽동과학내신과외,반죽동 과학 내신과외 기초부터 차근차근 점검하는 학습 기준을 정리합니다 학습 방향을 함께 살펴봅니다,반죽동 과학 내신과외를 살펴볼 때에는 학습 계획은 주간 목표와 실제 결과를 비교하고 반복 시점을 정해 두면 학습 공백을 줄일 수 있습니다. 복습 과정은 현재 이해한 범위를 먼저 확인하고 기록을 남기면 다음 계획의 기준이 분명해집니다. 복습 과정은 현재 이해한 범위를 먼저 확인하고 스스로 설명하는 시간을 더하면 이해가 선명해집니다. 복습 과정은 모르는 부분을 질문으로 바꾸고 다음 단계로 연결하는 방식이 좋습니다. 학습한 내용과 실제 수행 결과를 비교하면 다음 공부의 우선순위를 더 구체적으로 정할 수 있습니다.,반죽동 과학 내신과외를 알아볼 때에는 현재의 학습 상태를 이해하려면 배운 내용을 스스로 설명해 보고 점검 기준을 세우는 데 있습니다. 복습을 진행할 때는 중요한 개념을 서로 연결하고 무리하지 않는 범위에서 반복하는 편이 안정적입니다. 오답을 관리할 때는 짧은 목표를 세운 뒤 결과를 기록하고 무리하지 않는 범위에서 반복하는 편이 안정적입니다. 과학 개념을 이해할 때는 핵심 용어를 자신의 말로 풀어 보고 예상과 결과의 차이를 돌아보는 과정이 필요합니다. 내신 교과서를 복습할 때는 기억이 약한 범위를 우선 배치하고 다음 복습의 우선순위를 정하는 것이 좋습니다. 복습을 진행할 때는 중요한 개념을 서로 연결하고 조금씩 기준을 높이면 학습 리듬을 유지할 수 있습니다. 과목별로 남긴 기록을 무리하지 않는 범위에서 이어가면 꾸준한 학습 흐름을 만드는 데 도움이 됩니다.,opening_015|body_general_092|body_general_112|body_science_017|body_internal_exam_091|body_general_094|ending_025,description_general_039|description_general_045|description_general_043|description_general_061,body_general|body_internal_exam|body_science|description_general|endings|openings,title_pattern_017,기초부터 차근차근 점검하는,학습 기준을 정리합니다,subject_exam,반죽동|과학|내신|과외,0
keyword_combination,region,충청북도,충주시,관동,,관동,,,,국어,true,고등학생,국어,관동 국어 내신과외,관동국어내신과외,관동 국어 내신과외 시험 범위와 오답 관리 기준을 구체적으로 살펴봅니다 학습 방향을 함께 살펴봅니다,관동 국어 내신과외를 살펴볼 때에는 학습 계획은 공부한 내용을 기억에서 꺼내 보고 스스로 설명하는 시간을 더하면 이해가 선명해집니다. 학습 계획은 공부한 내용을 기억에서 꺼내 보고 다음 단계로 연결하는 방식이 좋습니다. 학습 계획은 과목별 우선순위를 나누어 보고 반복 시점을 정해 두면 학습 공백을 줄일 수 있습니다. 복습 과정은 하루에 실천할 분량을 구체적으로 정하고 기록을 남기면 다음 계획의 기준이 분명해집니다. 학습한 내용과 실제 수행 결과를 비교하면 다음 공부의 우선순위를 더 구체적으로 정할 수 있습니다.,관동 국어 내신과외를 알아볼 때에는 꾸준한 학습을 위해서는 목표와 사용할 시간을 구체적으로 연결하고 점검 기준을 세우는 데 있습니다. 복습을 진행할 때는 질문의 핵심을 한 문장으로 적고 정해진 시점에 다시 확인하면 기억을 오래 유지하는 데 도움이 됩니다. 복습을 진행할 때는 이해한 내용과 어려운 내용을 구분하고 조금씩 기준을 높이면 학습 리듬을 유지할 수 있습니다. 국어 독해에서는 답의 근거가 되는 표현을 지문에서 찾고 근거와 결론을 함께 적으면 답안이 선명해집니다. 내신 시험 범위를 확인할 때는 교과서 예시와 확인 문제를 다시 살펴보고 계획과 실제 진도를 비교하며 조정할 수 있습니다. 오답을 관리할 때는 짧은 목표를 세운 뒤 결과를 기록하고 정해진 시점에 다시 확인하면 기억을 오래 유지하는 데 도움이 됩니다. 반복해서 익힌 습관을 무리하지 않는 범위에서 이어가면 꾸준한 학습 흐름을 만드는 데 도움이 됩니다.,opening_009|body_general_090|body_general_059|body_korean_006|body_internal_exam_010|body_general_115|ending_030,description_general_018|description_general_016|description_general_029|description_general_050,body_general|body_internal_exam|body_korean|description_general|endings|openings,title_pattern_021,학습 습관을 현실적으로 조정하는,교과 진도에 맞는 계획을 알아봅니다,subject_exam,관동|국어|내신|과외,0
keyword_combination,region,강원특별자치도,원주시,단구동,,단구동,,,,영수,true,초등학생,영수,단구동 영수 내신과외,단구동영수내신과외,단구동 영수 내신과외 집중 시간과 공부 분량을 알맞게 나누는 학습 기록을 활용하는 방법을 정리합니다,단구동 영수 내신과외를 살펴볼 때에는 복습 과정은 하루에 실천할 분량을 구체적으로 정하고 반복 시점을 정해 두면 학습 공백을 줄일 수 있습니다. 복습 과정은 모르는 부분을 질문으로 바꾸고 스스로 설명하는 시간을 더하면 이해가 선명해집니다. 복습 과정은 틀린 이유를 짧게 설명해 보고 기록을 남기면 다음 계획의 기준이 분명해집니다. 복습 과정은 틀린 이유를 짧게 설명해 보고 반복 시점을 정해 두면 학습 공백을 줄일 수 있습니다. 학습한 내용과 실제 수행 결과를 비교하면 다음 공부의 우선순위를 더 구체적으로 정할 수 있습니다.,단구동 영수 내신과외를 알아볼 때에는 공부의 출발점은 과목별 습관과 오답의 원인을 살피고 점검 기준을 세우는 데 있습니다. 학습 습관을 만들 때는 짧은 목표를 세운 뒤 결과를 기록하고 다음 공부에 반영하는 과정이 필요합니다. 복습을 진행할 때는 문제의 조건과 요구 사항을 구분하고 정해진 시점에 다시 확인하면 기억을 오래 유지하는 데 도움이 됩니다. 영수 학습 계획을 세울 때는 어휘 오답과 계산 실수를 다른 기준으로 기록하고 각 과목에 맞는 복습 기준을 분명하게 세울 수 있습니다. 내신 교과서를 복습할 때는 기억이 약한 범위를 우선 배치하고 학교 시험 준비 과정을 구체적으로 관리할 수 있습니다. 학습 습관을 만들 때는 짧은 목표를 세운 뒤 결과를 기록하고 무리하지 않는 범위에서 반복하는 편이 안정적입니다. 과목별로 남긴 기록을 완료한 뒤 이유까지 돌아보면 꾸준한 학습 흐름을 만드는 데 도움이 됩니다.,opening_003|body_general_011|body_general_100|body_english_math_008|body_internal_exam_093|body_general_012|ending_024,description_general_049|description_general_063|description_general_055|description_general_054,body_english_math|body_general|body_internal_exam|description_general|endings|openings,title_pattern_021,집중 시간과 공부 분량을 알맞게 나누는,학습 기록을 활용하는 방법을 정리합니다,subject_exam,단구동|영수|내신|과외,0
keyword_combination,school,강원특별자치도,춘천시,춘천시교동,,유봉여자중학교,유봉여자중학교,중학교,,,false,중학생,국영수과외,유봉여자중학교과외,유봉여자중학교과외,유봉여자중학교과외 복습 계획을 구체화합니다 학습 방향을 함께 살펴봅니다 시험 준비을 함께 살펴봅니다,유봉여자중학교과외를 살펴볼 때에는 복습 과정은 틀린 이유를 짧게 설명해 보고 다음 단계로 연결하는 방식이 좋습니다. 학습 계획은 과목별 우선순위를 나누어 보고 다음 단계로 연결하는 방식이 좋습니다. 학습 계획은 과목별 우선순위를 나누어 보고 스스로 설명하는 시간을 더하면 이해가 선명해집니다. 학습 계획은 하루에 실천할 분량을 구체적으로 정하고 다음 단계로 연결하는 방식이 좋습니다. 학습한 내용과 실제 수행 결과를 비교하면 다음 공부의 우선순위를 더 구체적으로 정할 수 있습니다.,유봉여자중학교과외를 알아볼 때에는 현재의 학습 상태를 이해하려면 배운 내용을 스스로 설명해 보고 점검 기준을 세우는 데 있습니다. 복습을 진행할 때는 질문의 핵심을 한 문장으로 적고 다음 공부에 반영하는 과정이 필요합니다. 학습 습관을 만들 때는 문제의 조건과 요구 사항을 구분하고 완료 여부보다 이해 과정을 살피는 것이 중요합니다. 오답을 관리할 때는 짧은 목표를 세운 뒤 결과를 기록하고 무리하지 않는 범위에서 반복하는 편이 안정적입니다. 오답을 관리할 때는 짧은 목표를 세운 뒤 결과를 기록하고 완료 여부보다 이해 과정을 살피는 것이 중요합니다. 오답을 관리할 때는 중요한 개념을 서로 연결하고 무리하지 않는 범위에서 반복하는 편이 안정적입니다. 스스로 세운 계획을 완료한 뒤 이유까지 돌아보면 꾸준한 학습 흐름을 만드는 데 도움이 됩니다.,opening_015|body_general_086|body_general_048|body_general_112|body_general_113|body_general_142|ending_019,description_general_051|description_general_026|description_general_028|description_general_006,body_general|description_general|endings|openings,title_pattern_018,개념과 문제풀이를 함께 보는,복습 계획을 구체화합니다,base,유봉여자중학교|과외,0
keyword_combination,school,경기도,안양시,비산동,,임곡중학교,임곡중학교,중학교,,영어,false,중학생,영어,임곡중학교 영어과외,임곡중학교영어과외,임곡중학교 영어과외 학습 기준을 정리합니다 학습 방향을 함께 살펴봅니다 시험 준비을 함께 살펴봅니다,임곡중학교 영어과외를 살펴볼 때에는 학습 계획은 풀이 과정의 근거를 확인하고 기록을 남기면 다음 계획의 기준이 분명해집니다. 학습 계획은 공부한 내용을 기억에서 꺼내 보고 기록을 남기면 다음 계획의 기준이 분명해집니다. 학습 계획은 공부한 내용을 기억에서 꺼내 보고 반복 시점을 정해 두면 학습 공백을 줄일 수 있습니다. 학습 계획은 주간 목표와 실제 결과를 비교하고 다음 단계로 연결하는 방식이 좋습니다. 학습한 내용과 실제 수행 결과를 비교하면 다음 공부의 우선순위를 더 구체적으로 정할 수 있습니다.,임곡중학교 영어과외를 알아볼 때에는 새로운 내용을 익히기 전에는 현재 알고 있는 내용과 어려운 부분을 구분하고 점검 기준을 세우는 데 있습니다. 오답을 관리할 때는 짧은 목표를 세운 뒤 결과를 기록하고 완료 여부보다 이해 과정을 살피는 것이 중요합니다. 복습을 진행할 때는 중요한 개념을 서로 연결하고 정해진 시점에 다시 확인하면 기억을 오래 유지하는 데 도움이 됩니다. 영어 독해를 진행할 때는 주어와 동사의 관계를 먼저 확인하고 읽은 내용을 한 문장으로 요약하는 연습이 유용합니다. 학습 습관을 만들 때는 계획과 실제 수행량의 차이를 확인하고 조금씩 기준을 높이면 학습 리듬을 유지할 수 있습니다. 복습을 진행할 때는 문제의 조건과 요구 사항을 구분하고 조금씩 기준을 높이면 학습 리듬을 유지할 수 있습니다. 정리한 학습 기준을 완료한 뒤 이유까지 돌아보면 꾸준한 학습 흐름을 만드는 데 도움이 됩니다.,opening_031|body_general_113|body_general_095|body_english_055|body_general_034|body_general_099|ending_009,description_general_035|description_general_020|description_general_019|description_general_036,body_english|body_general|description_general|endings|openings,title_pattern_008,스스로 공부하는 기준을 조금씩 세우는,학습 기준을 정리합니다,subject_only,임곡중학교|영어|과외,0
keyword_combination,school,경상남도,창원시,도계동,,도계중학교,도계중학교,중학교,,수학,false,중학생,수학,도계중학교 수학과외,도계중학교수학과외,도계중학교 수학과외 공부 방향을 살펴봅니다 학습 방향을 함께 살펴봅니다 시험 준비을 함께 살펴봅니다,도계중학교 수학과외를 살펴볼 때에는 복습 과정은 틀린 이유를 짧게 설명해 보고 스스로 설명하는 시간을 더하면 이해가 선명해집니다. 학습 계획은 하루에 실천할 분량을 구체적으로 정하고 반복 시점을 정해 두면 학습 공백을 줄일 수 있습니다. 복습 과정은 주간 목표와 실제 결과를 비교하고 작은 단위로 조정하면 꾸준히 이어가기 쉽습니다. 학습 계획은 풀이 과정의 근거를 확인하고 반복 시점을 정해 두면 학습 공백을 줄일 수 있습니다. 학습한 내용과 실제 수행 결과를 비교하면 다음 공부의 우선순위를 더 구체적으로 정할 수 있습니다.,도계중학교 수학과외를 알아볼 때에는 과외 학습의 방향을 세울 때는 실천할 수 있는 분량과 순서를 정하고 점검 기준을 세우는 데 있습니다. 오답을 관리할 때는 중요한 개념을 서로 연결하고 완료 여부보다 이해 과정을 살피는 것이 중요합니다. 오답을 관리할 때는 실수의 원인을 유형별로 나누고 무리하지 않는 범위에서 반복하는 편이 안정적입니다. 수학 계산을 점검할 때는 각 단계에서 사용한 근거를 짧게 적고 검산하는 순서를 정하면 실수를 줄이는 데 도움이 됩니다. 복습을 진행할 때는 배운 내용을 자신의 말로 설명하고 무리하지 않는 범위에서 반복하는 편이 안정적입니다. 오답을 관리할 때는 배운 내용을 자신의 말로 설명하고 완료 여부보다 이해 과정을 살피는 것이 중요합니다. 스스로 세운 계획을 다음 계획에 구체적으로 반영하면 꾸준한 학습 흐름을 만드는 데 도움이 됩니다.,opening_017|body_general_143|body_general_122|body_math_046|body_general_067|body_general_118|ending_017,description_general_053|description_general_009|description_general_077|description_general_034,body_general|body_math|description_general|endings|openings,title_pattern_002,매일 이어갈 수 있는 학습 리듬을 만드는,공부 방향을 살펴봅니다,subject_only,도계중학교|수학|과외,0
keyword_combination,school,경상북도,구미시,임은동,,상모중학교,상모중학교,중학교,,과학,false,중학생,과학,상모중학교 과학과외,상모중학교과학과외,상모중학교 과학과외 공부 방향을 살펴봅니다 학습 방향을 함께 살펴봅니다 시험 준비을 함께 살펴봅니다,상모중학교 과학과외를 살펴볼 때에는 학습 계획은 하루에 실천할 분량을 구체적으로 정하고 스스로 설명하는 시간을 더하면 이해가 선명해집니다. 학습 계획은 주간 목표와 실제 결과를 비교하고 기록을 남기면 다음 계획의 기준이 분명해집니다. 학습 계획은 현재 이해한 범위를 먼저 확인하고 다음 단계로 연결하는 방식이 좋습니다. 복습 과정은 하루에 실천할 분량을 구체적으로 정하고 다음 단계로 연결하는 방식이 좋습니다. 학습한 내용과 실제 수행 결과를 비교하면 다음 공부의 우선순위를 더 구체적으로 정할 수 있습니다.,상모중학교 과학과외를 알아볼 때에는 매일의 학습을 안정적으로 이어가려면 현재 알고 있는 내용과 어려운 부분을 구분하고 점검 기준을 세우는 데 있습니다. 오답을 관리할 때는 계획과 실제 수행량의 차이를 확인하고 무리하지 않는 범위에서 반복하는 편이 안정적입니다. 학습 습관을 만들 때는 문제의 조건과 요구 사항을 구분하고 정해진 시점에 다시 확인하면 기억을 오래 유지하는 데 도움이 됩니다. 과학 개념을 이해할 때는 단원마다 반복되는 원리를 연결하고 예상과 결과의 차이를 돌아보는 과정이 필요합니다. 학습 습관을 만들 때는 짧은 목표를 세운 뒤 결과를 기록하고 다음 공부에 반영하는 과정이 필요합니다. 복습을 진행할 때는 집중이 유지되는 시간을 기준으로 쉬는 때를 정하고 다음 공부에 반영하는 과정이 필요합니다. 과목별로 남긴 기록을 정해진 주기로 다시 살펴보면 꾸준한 학습 흐름을 만드는 데 도움이 됩니다.,opening_026|body_general_132|body_general_050|body_science_022|body_general_011|body_general_076|ending_023,description_general_008|description_general_040|description_general_001|description_general_046,body_general|body_science|description_general|endings|openings,title_pattern_006,오답 관리까지 자연스럽게 연결하는,공부 방향을 살펴봅니다,subject_only,상모중학교|과학|과외,0
keyword_combination,school,광주광역시,광산구,광산구우산동,,광산중학교,광산중학교,중학교,,국어,false,중학생,국어,광산중학교 국어과외,광산중학교국어과외,광산중학교 국어과외 공부 방향을 살펴봅니다 학습 방향을 함께 살펴봅니다 시험 준비을 함께 살펴봅니다,광산중학교 국어과외를 살펴볼 때에는 복습 과정은 풀이 과정의 근거를 확인하고 반복 시점을 정해 두면 학습 공백을 줄일 수 있습니다. 학습 계획은 주간 목표와 실제 결과를 비교하고 반복 시점을 정해 두면 학습 공백을 줄일 수 있습니다. 학습 계획은 공부한 내용을 기억에서 꺼내 보고 다음 단계로 연결하는 방식이 좋습니다. 학습 계획은 하루에 실천할 분량을 구체적으로 정하고 작은 단위로 조정하면 꾸준히 이어가기 쉽습니다. 학습한 내용과 실제 수행 결과를 비교하면 다음 공부의 우선순위를 더 구체적으로 정할 수 있습니다.,광산중학교 국어과외를 알아볼 때에는 과외 학습의 방향을 세울 때는 배운 내용을 스스로 설명해 보고 점검 기준을 세우는 데 있습니다. 학습 습관을 만들 때는 질문의 핵심을 한 문장으로 적고 조금씩 기준을 높이면 학습 리듬을 유지할 수 있습니다. 오답을 관리할 때는 배운 내용을 자신의 말로 설명하고 무리하지 않는 범위에서 반복하는 편이 안정적입니다. 국어 독해에서는 낯선 어휘의 뜻을 문맥에서 추론하고 근거와 결론을 함께 적으면 답안이 선명해집니다. 오답을 관리할 때는 짧은 목표를 세운 뒤 결과를 기록하고 다음 공부에 반영하는 과정이 필요합니다. 오답을 관리할 때는 실수의 원인을 유형별로 나누고 조금씩 기준을 높이면 학습 리듬을 유지할 수 있습니다. 과목별로 남긴 기록을 정해진 주기로 다시 살펴보면 꾸준한 학습 흐름을 만드는 데 도움이 됩니다.,opening_020|body_general_039|body_general_117|body_korean_018|body_general_111|body_general_124|ending_023,description_general_074|description_general_039|description_general_016|description_general_007,body_general|body_korean|description_general|endings|openings,title_pattern_007,문제 해결 과정을 근거부터 확인하는,공부 방향을 살펴봅니다,subject_only,광산중학교|국어|과외,0
keyword_combination,school,대구광역시,달서구,도원동,,대곡중학교,대곡중학교,중학교,,영수,false,중학생,영수,대곡중학교 영수과외,대곡중학교영수과외,대곡중학교 영수과외 학습 기준을 정리합니다 학습 방향을 함께 살펴봅니다 시험 준비을 함께 살펴봅니다,대곡중학교 영수과외를 살펴볼 때에는 복습 과정은 모르는 부분을 질문으로 바꾸고 기록을 남기면 다음 계획의 기준이 분명해집니다. 학습 계획은 풀이 과정의 근거를 확인하고 스스로 설명하는 시간을 더하면 이해가 선명해집니다. 학습 계획은 과목별 우선순위를 나누어 보고 다음 단계로 연결하는 방식이 좋습니다. 복습 과정은 모르는 부분을 질문으로 바꾸고 반복 시점을 정해 두면 학습 공백을 줄일 수 있습니다. 학습한 내용과 실제 수행 결과를 비교하면 다음 공부의 우선순위를 더 구체적으로 정할 수 있습니다.,대곡중학교 영수과외를 알아볼 때에는 새로운 내용을 익히기 전에는 현재 알고 있는 내용과 어려운 부분을 구분하고 점검 기준을 세우는 데 있습니다. 학습 습관을 만들 때는 계획과 실제 수행량의 차이를 확인하고 정해진 시점에 다시 확인하면 기억을 오래 유지하는 데 도움이 됩니다. 오답을 관리할 때는 배운 내용을 자신의 말로 설명하고 정해진 시점에 다시 확인하면 기억을 오래 유지하는 데 도움이 됩니다. 영수 학습 계획을 세울 때는 어휘 오답과 계산 실수를 다른 기준으로 기록하고 과목별 부담이 한쪽으로 치우치는 것을 줄일 수 있습니다. 오답을 관리할 때는 실수의 원인을 유형별로 나누고 완료 여부보다 이해 과정을 살피는 것이 중요합니다. 복습을 진행할 때는 이해한 내용과 어려운 내용을 구분하고 완료 여부보다 이해 과정을 살피는 것이 중요합니다. 작게 나눈 목표를 무리하지 않는 범위에서 이어가면 꾸준한 학습 흐름을 만드는 데 도움이 됩니다.,opening_031|body_general_035|body_general_120|body_english_math_007|body_general_123|body_general_058|ending_035,description_general_065|description_general_033|description_general_026|description_general_064,body_english_math|body_general|description_general|endings|openings,title_pattern_012,풀이 근거와 판단 순서를 꼼꼼히 살피는,학습 기준을 정리합니다,subject_only,대곡중학교|영수|과외,0
keyword_combination,school,대전광역시,대덕구,오정동,,대전경덕중학교,대전경덕중학교,중학교,중등,,false,중학생,국영수과외,대전경덕중학교 중등과외,대전경덕중학교중등과외,대전경덕중학교 중등과외 스스로 공부하는 기준을 조금씩 세우는 학습 기록을 활용하는 방법을 정리합니다,대전경덕중학교 중등과외를 살펴볼 때에는 복습 과정은 하루에 실천할 분량을 구체적으로 정하고 다음 단계로 연결하는 방식이 좋습니다. 복습 과정은 현재 이해한 범위를 먼저 확인하고 기록을 남기면 다음 계획의 기준이 분명해집니다. 학습 계획은 틀린 이유를 짧게 설명해 보고 반복 시점을 정해 두면 학습 공백을 줄일 수 있습니다. 학습 계획은 하루에 실천할 분량을 구체적으로 정하고 다음 단계로 연결하는 방식이 좋습니다. 학습한 내용과 실제 수행 결과를 비교하면 다음 공부의 우선순위를 더 구체적으로 정할 수 있습니다.,대전경덕중학교 중등과외를 알아볼 때에는 현재의 학습 상태를 이해하려면 목표와 사용할 시간을 구체적으로 연결하고 점검 기준을 세우는 데 있습니다. 복습을 진행할 때는 배운 내용을 자신의 말로 설명하고 완료 여부보다 이해 과정을 살피는 것이 중요합니다. 중등 과정에서는 풀이와 답의 근거를 문장으로 정리하고 스스로 점검할 기준이 한층 분명해집니다. 학습 습관을 만들 때는 짧은 목표를 세운 뒤 결과를 기록하고 다음 공부에 반영하는 과정이 필요합니다. 오답을 관리할 때는 현재 가능한 분량부터 정하고 완료 여부보다 이해 과정을 살피는 것이 중요합니다. 복습을 진행할 때는 짧은 목표를 세운 뒤 결과를 기록하고 완료 여부보다 이해 과정을 살피는 것이 중요합니다. 점검한 오답 내용을 현재 수준에 맞게 조금씩 조정하면 꾸준한 학습 흐름을 만드는 데 도움이 됩니다.,opening_014|body_general_068|body_middle_048|body_general_011|body_general_103|body_general_063|ending_036,description_general_046|description_general_045|description_general_014|description_general_006,body_general|body_middle|description_general|endings|openings,title_pattern_020,스스로 공부하는 기준을 조금씩 세우는,학습 기록을 활용하는 방법을 정리합니다,grade_only,대전경덕중학교|중등|과외,0
keyword_combination,school,부산광역시,부산진구,개금동,,광무여자중학교,광무여자중학교,중학교,중학생,,false,중학생,국영수과외,광무여자중학교 중학생과외,광무여자중학교중학생과외,광무여자중학교 중학생과외 학습 부담을 나누어 꾸준히 이어가는 학습 기록을 활용하는 방법을 정리합니다,광무여자중학교 중학생과외를 살펴볼 때에는 학습 계획은 풀이 과정의 근거를 확인하고 기록을 남기면 다음 계획의 기준이 분명해집니다. 복습 과정은 과목별 우선순위를 나누어 보고 작은 단위로 조정하면 꾸준히 이어가기 쉽습니다. 복습 과정은 풀이 과정의 근거를 확인하고 기록을 남기면 다음 계획의 기준이 분명해집니다. 복습 과정은 주간 목표와 실제 결과를 비교하고 기록을 남기면 다음 계획의 기준이 분명해집니다. 학습한 내용과 실제 수행 결과를 비교하면 다음 공부의 우선순위를 더 구체적으로 정할 수 있습니다.,광무여자중학교 중학생과외를 알아볼 때에는 효율적인 공부 흐름을 만들려면 목표와 사용할 시간을 구체적으로 연결하고 점검 기준을 세우는 데 있습니다. 복습을 진행할 때는 계획과 실제 수행량의 차이를 확인하고 무리하지 않는 범위에서 반복하는 편이 안정적입니다. 중등 과정에서는 수행평가와 지필평가 일정을 함께 관리하고 시험 직전의 학습 부담을 낮추는 데 도움이 됩니다. 오답을 관리할 때는 배운 내용을 자신의 말로 설명하고 정해진 시점에 다시 확인하면 기억을 오래 유지하는 데 도움이 됩니다. 오답을 관리할 때는 현재 가능한 분량부터 정하고 정해진 시점에 다시 확인하면 기억을 오래 유지하는 데 도움이 됩니다. 복습을 진행할 때는 중요한 개념을 서로 연결하고 완료 여부보다 이해 과정을 살피는 것이 중요합니다. 매주 확인한 결과를 정해진 주기로 다시 살펴보면 꾸준한 학습 흐름을 만드는 데 도움이 됩니다.,opening_024|body_general_082|body_middle_043|body_general_120|body_general_105|body_general_093|ending_013,description_general_035|description_general_067|description_general_075|description_general_080,body_general|body_middle|description_general|endings|openings,title_pattern_013,학습 부담을 나누어 꾸준히 이어가는,학습 기록을 활용하는 방법을 정리합니다,grade_only,광무여자중학교|중학생|과외,0
keyword_combination,school,서울특별시,송파구,방이동,,오륜중학교,오륜중학교,중학교,중등,영어,false,중학생,영어,오륜중학교 중등 영어과외,오륜중학교중등영어과외,오륜중학교 중등 영어과외 어휘 복습과 독해 문제 접근 기준을 살펴봅니다 학습 방향을 함께 살펴봅니다,오륜중학교 중등 영어과외를 살펴볼 때에는 복습 과정은 현재 이해한 범위를 먼저 확인하고 스스로 설명하는 시간을 더하면 이해가 선명해집니다. 복습 과정은 틀린 이유를 짧게 설명해 보고 다음 단계로 연결하는 방식이 좋습니다. 학습 계획은 과목별 우선순위를 나누어 보고 반복 시점을 정해 두면 학습 공백을 줄일 수 있습니다. 복습 과정은 현재 이해한 범위를 먼저 확인하고 작은 단위로 조정하면 꾸준히 이어가기 쉽습니다. 학습한 내용과 실제 수행 결과를 비교하면 다음 공부의 우선순위를 더 구체적으로 정할 수 있습니다.,오륜중학교 중등 영어과외를 알아볼 때에는 과외 학습의 방향을 세울 때는 실천할 수 있는 분량과 순서를 정하고 점검 기준을 세우는 데 있습니다. 학습 습관을 만들 때는 이해한 내용과 어려운 내용을 구분하고 무리하지 않는 범위에서 반복하는 편이 안정적입니다. 중학생은 교과 개념과 문제 유형을 연결하고 취약 단원을 주간 계획에 다시 배치할 수 있습니다. 영어 어휘를 익힐 때는 주어와 동사의 관계를 먼저 확인하고 문장 구조를 표시하면 해석의 근거가 분명해집니다. 오답을 관리할 때는 배운 내용을 자신의 말로 설명하고 무리하지 않는 범위에서 반복하는 편이 안정적입니다. 복습을 진행할 때는 현재 가능한 분량부터 정하고 다음 공부에 반영하는 과정이 필요합니다. 매주 확인한 결과를 완료한 뒤 이유까지 돌아보면 꾸준한 학습 흐름을 만드는 데 도움이 됩니다.,opening_017|body_general_007|body_middle_006|body_english_006|body_general_117|body_general_051|ending_014,description_general_043|description_general_051|description_general_029|description_general_042,body_english|body_general|body_middle|description_general|endings|openings,title_pattern_009,기초부터 차근차근 점검하는,개념과 적용의 연결을 살펴봅니다,grade_subject,오륜중학교|중등|영어|과외,0
keyword_combination,school,세종특별자치시,세종시,한솔동,,한솔중학교,한솔중학교,중학교,중등,수학,false,중학생,수학,한솔중학교 중등 수학과외,한솔중학교중등수학과외,한솔중학교 중등 수학과외 반복 학습의 시점과 방법을 조정하는 학습 기록을 활용하는 방법을 정리합니다,한솔중학교 중등 수학과외를 살펴볼 때에는 학습 계획은 주간 목표와 실제 결과를 비교하고 작은 단위로 조정하면 꾸준히 이어가기 쉽습니다. 학습 계획은 하루에 실천할 분량을 구체적으로 정하고 반복 시점을 정해 두면 학습 공백을 줄일 수 있습니다. 학습 계획은 주간 목표와 실제 결과를 비교하고 반복 시점을 정해 두면 학습 공백을 줄일 수 있습니다. 학습 계획은 현재 이해한 범위를 먼저 확인하고 스스로 설명하는 시간을 더하면 이해가 선명해집니다. 학습한 내용과 실제 수행 결과를 비교하면 다음 공부의 우선순위를 더 구체적으로 정할 수 있습니다.,한솔중학교 중등 수학과외를 알아볼 때에는 공부의 출발점은 배운 내용을 스스로 설명해 보고 점검 기준을 세우는 데 있습니다. 오답을 관리할 때는 중요한 개념을 서로 연결하고 완료 여부보다 이해 과정을 살피는 것이 중요합니다. 내신 준비 기간에는 교과 개념과 문제 유형을 연결하고 누적 복습 시간을 확보하는 것이 좋습니다. 수학 계산을 점검할 때는 정의와 조건을 먼저 확인하고 풀이를 비교하면 더 간결한 방법을 찾을 수 있습니다. 오답을 관리할 때는 실수의 원인을 유형별로 나누고 무리하지 않는 범위에서 반복하는 편이 안정적입니다. 학습 습관을 만들 때는 배운 내용을 자신의 말로 설명하고 완료 여부보다 이해 과정을 살피는 것이 중요합니다. 매주 확인한 결과를 다음 계획에 구체적으로 반영하면 꾸준한 학습 흐름을 만드는 데 도움이 됩니다.,opening_005|body_general_143|body_middle_053|body_math_027|body_general_122|body_general_018|ending_012,description_general_037|description_general_009|description_general_039|description_general_003,body_general|body_math|body_middle|description_general|endings|openings,title_pattern_009,반복 학습의 시점과 방법을 조정하는,학습 기록을 활용하는 방법을 정리합니다,grade_subject,한솔중학교|중등|수학|과외,0
keyword_combination,school,울산광역시,중구,약사동,,약사중학교,약사중학교,중학교,중등,과학,false,중학생,과학,약사중학교 중등 과학과외,약사중학교중등과학과외,약사중학교 중등 과학과외 개념 이해와 탐구 자료 해석 방향을 정리합니다 학습 방향을 함께 살펴봅니다,약사중학교 중등 과학과외를 살펴볼 때에는 학습 계획은 과목별 우선순위를 나누어 보고 스스로 설명하는 시간을 더하면 이해가 선명해집니다. 학습 계획은 현재 이해한 범위를 먼저 확인하고 반복 시점을 정해 두면 학습 공백을 줄일 수 있습니다. 복습 과정은 공부한 내용을 기억에서 꺼내 보고 스스로 설명하는 시간을 더하면 이해가 선명해집니다. 학습 계획은 모르는 부분을 질문으로 바꾸고 작은 단위로 조정하면 꾸준히 이어가기 쉽습니다. 학습한 내용과 실제 수행 결과를 비교하면 다음 공부의 우선순위를 더 구체적으로 정할 수 있습니다.,약사중학교 중등 과학과외를 알아볼 때에는 매일의 학습을 안정적으로 이어가려면 배운 내용을 스스로 설명해 보고 점검 기준을 세우는 데 있습니다. 학습 습관을 만들 때는 배운 내용을 자신의 말로 설명하고 무리하지 않는 범위에서 반복하는 편이 안정적입니다. 내신 준비 기간에는 교과 개념과 문제 유형을 연결하고 스스로 점검할 기준이 한층 분명해집니다. 과학 탐구 과정을 살펴볼 때는 실험 조건과 달라진 변인을 나누고 예상과 결과의 차이를 돌아보는 과정이 필요합니다. 학습 습관을 만들 때는 집중이 유지되는 시간을 기준으로 쉬는 때를 정하고 완료 여부보다 이해 과정을 살피는 것이 중요합니다. 오답을 관리할 때는 중요한 개념을 서로 연결하고 조금씩 기준을 높이면 학습 리듬을 유지할 수 있습니다. 작게 나눈 목표를 완료한 뒤 이유까지 돌아보면 꾸준한 학습 흐름을 만드는 데 도움이 됩니다.,opening_030|body_general_017|body_middle_056|body_science_067|body_general_028|body_general_144|ending_034,description_general_028|description_general_004|description_general_058|description_general_022,body_general|body_middle|body_science|description_general|endings|openings,title_pattern_007,주간 계획과 실천 결과를 비교하는,시험 범위별 우선순위를 확인합니다,grade_subject,약사중학교|중등|과학|과외,0
keyword_combination,school,인천광역시,서구,원당동,,원당중학교,원당중학교,중학교,중등,국어,false,중학생,국어,원당중학교 중등 국어과외,원당중학교중등국어과외,원당중학교 중등 국어과외 과목별 공부 순서를 균형 있게 살펴보는 매일 실천할 공부 기준을 안내합니다,원당중학교 중등 국어과외를 살펴볼 때에는 복습 과정은 공부한 내용을 기억에서 꺼내 보고 기록을 남기면 다음 계획의 기준이 분명해집니다. 학습 계획은 주간 목표와 실제 결과를 비교하고 다음 단계로 연결하는 방식이 좋습니다. 복습 과정은 공부한 내용을 기억에서 꺼내 보고 스스로 설명하는 시간을 더하면 이해가 선명해집니다. 학습 계획은 현재 이해한 범위를 먼저 확인하고 다음 단계로 연결하는 방식이 좋습니다. 학습한 내용과 실제 수행 결과를 비교하면 다음 공부의 우선순위를 더 구체적으로 정할 수 있습니다.,원당중학교 중등 국어과외를 알아볼 때에는 효율적인 공부 흐름을 만들려면 현재 알고 있는 내용과 어려운 부분을 구분하고 점검 기준을 세우는 데 있습니다. 오답을 관리할 때는 계획과 실제 수행량의 차이를 확인하고 다음 공부에 반영하는 과정이 필요합니다. 중학생은 오답의 근거를 교과서에서 다시 찾고 시험 직전의 학습 부담을 낮추는 데 도움이 됩니다. 국어 독해에서는 낯선 어휘의 뜻을 문맥에서 추론하고 오답 선택지가 틀린 이유까지 살피면 판단 기준이 생깁니다. 복습을 진행할 때는 문제의 조건과 요구 사항을 구분하고 무리하지 않는 범위에서 반복하는 편이 안정적입니다. 복습을 진행할 때는 현재 가능한 분량부터 정하고 조금씩 기준을 높이면 학습 리듬을 유지할 수 있습니다. 매주 확인한 결과를 다음 계획에 구체적으로 반영하면 꾸준한 학습 흐름을 만드는 데 도움이 됩니다.,opening_021|body_general_131|body_middle_015|body_korean_020|body_general_097|body_general_054|ending_012,description_general_060|description_general_036|description_general_058|description_general_001,body_general|body_korean|body_middle|description_general|endings|openings,title_pattern_032,과목별 공부 순서를 균형 있게 살펴보는,매일 실천할 공부 기준을 안내합니다,grade_subject,원당중학교|중등|국어|과외,0
keyword_combination,school,전라남도,목포시,연산동,,목포청호중학교,목포청호중학교,중학교,중등,영수,false,중학생,영수,목포청호중학교 중등 영수과외,목포청호중학교중등영수과외,목포청호중학교 중등 영수과외 학습 부담을 나누어 꾸준히 이어가는 매일 실천할 공부 기준을 안내합니다,목포청호중학교 중등 영수과외를 살펴볼 때에는 복습 과정은 모르는 부분을 질문으로 바꾸고 작은 단위로 조정하면 꾸준히 이어가기 쉽습니다. 학습 계획은 풀이 과정의 근거를 확인하고 작은 단위로 조정하면 꾸준히 이어가기 쉽습니다. 학습 계획은 풀이 과정의 근거를 확인하고 기록을 남기면 다음 계획의 기준이 분명해집니다. 복습 과정은 풀이 과정의 근거를 확인하고 스스로 설명하는 시간을 더하면 이해가 선명해집니다. 학습한 내용과 실제 수행 결과를 비교하면 다음 공부의 우선순위를 더 구체적으로 정할 수 있습니다.,목포청호중학교 중등 영수과외를 알아볼 때에는 효율적인 공부 흐름을 만들려면 배운 내용을 스스로 설명해 보고 점검 기준을 세우는 데 있습니다. 학습 습관을 만들 때는 실수의 원인을 유형별로 나누고 무리하지 않는 범위에서 반복하는 편이 안정적입니다. 중학생은 풀이와 답의 근거를 문장으로 정리하고 누적 복습 시간을 확보하는 것이 좋습니다. 영수 학습 계획을 세울 때는 어휘 오답과 계산 실수를 다른 기준으로 기록하고 두 과목의 학습 흐름을 안정적으로 이어갈 수 있습니다. 학습 습관을 만들 때는 실수의 원인을 유형별로 나누고 조금씩 기준을 높이면 학습 리듬을 유지할 수 있습니다. 학습 습관을 만들 때는 배운 내용을 자신의 말로 설명하고 다음 공부에 반영하는 과정이 필요합니다. 이와 같은 과정을 다음 계획에 구체적으로 반영하면 꾸준한 학습 흐름을 만드는 데 도움이 됩니다.,opening_025|body_general_022|body_middle_021|body_english_math_006|body_general_024|body_general_016|ending_002,description_general_062|description_general_032|description_general_035|description_general_073,body_english_math|body_general|body_middle|description_general|endings|openings,title_pattern_026,학습 부담을 나누어 꾸준히 이어가는,매일 실천할 공부 기준을 안내합니다,grade_subject,목포청호중학교|중등|영수|과외,0
keyword_combination,school,전북특별자치도,완주군,봉동,,봉서중학교,봉서중학교,중학교,중학생,영어,false,중학생,영어,봉서중학교 중학생 영어과외,봉서중학교중학생영어과외,봉서중학교 중학생 영어과외 집중 시간과 공부 분량을 알맞게 나누는 시험 범위별 우선순위를 확인합니다,봉서중학교 중학생 영어과외를 살펴볼 때에는 복습 과정은 하루에 실천할 분량을 구체적으로 정하고 작은 단위로 조정하면 꾸준히 이어가기 쉽습니다. 복습 과정은 공부한 내용을 기억에서 꺼내 보고 반복 시점을 정해 두면 학습 공백을 줄일 수 있습니다. 복습 과정은 현재 이해한 범위를 먼저 확인하고 스스로 설명하는 시간을 더하면 이해가 선명해집니다. 복습 과정은 과목별 우선순위를 나누어 보고 스스로 설명하는 시간을 더하면 이해가 선명해집니다. 학습한 내용과 실제 수행 결과를 비교하면 다음 공부의 우선순위를 더 구체적으로 정할 수 있습니다.,봉서중학교 중학생 영어과외를 알아볼 때에는 새로운 내용을 익히기 전에는 배운 내용을 스스로 설명해 보고 점검 기준을 세우는 데 있습니다. 학습 습관을 만들 때는 현재 가능한 분량부터 정하고 정해진 시점에 다시 확인하면 기억을 오래 유지하는 데 도움이 됩니다. 중학생은 오답의 근거를 교과서에서 다시 찾고 스스로 점검할 기준이 한층 분명해집니다. 영어 문장을 해석할 때는 연결 표현을 기준으로 문단 흐름을 나누고 짧은 예문을 직접 만들면 기억을 점검하기 좋습니다. 복습을 진행할 때는 짧은 목표를 세운 뒤 결과를 기록하고 정해진 시점에 다시 확인하면 기억을 오래 유지하는 데 도움이 됩니다. 학습 습관을 만들 때는 이해한 내용과 어려운 내용을 구분하고 무리하지 않는 범위에서 반복하는 편이 안정적입니다. 스스로 세운 계획을 다음 계획에 구체적으로 반영하면 꾸준한 학습 흐름을 만드는 데 도움이 됩니다.,opening_035|body_general_005|body_middle_016|body_english_033|body_general_065|body_general_007|ending_017,description_general_047|description_general_059|description_general_043|description_general_068,body_english|body_general|body_middle|description_general|endings|openings,title_pattern_005,집중 시간과 공부 분량을 알맞게 나누는,시험 범위별 우선순위를 확인합니다,grade_subject,봉서중학교|중학생|영어|과외,0
keyword_combination,school,제주특별자치도,서귀포시,하효동,,효돈중학교,효돈중학교,중학교,중학생,수학,false,중학생,수학,효돈중학교 중학생 수학과외,효돈중학교중학생수학과외,효돈중학교 중학생 수학과외 수학 개념 이해와 문제풀이 순서를 점검합니다 학습 방향을 함께 살펴봅니다,효돈중학교 중학생 수학과외를 살펴볼 때에는 학습 계획은 과목별 우선순위를 나누어 보고 기록을 남기면 다음 계획의 기준이 분명해집니다. 복습 과정은 하루에 실천할 분량을 구체적으로 정하고 다음 단계로 연결하는 방식이 좋습니다. 복습 과정은 주간 목표와 실제 결과를 비교하고 기록을 남기면 다음 계획의 기준이 분명해집니다. 복습 과정은 하루에 실천할 분량을 구체적으로 정하고 작은 단위로 조정하면 꾸준히 이어가기 쉽습니다. 학습한 내용과 실제 수행 결과를 비교하면 다음 공부의 우선순위를 더 구체적으로 정할 수 있습니다.,효돈중학교 중학생 수학과외를 알아볼 때에는 새로운 내용을 익히기 전에는 배운 내용을 스스로 설명해 보고 점검 기준을 세우는 데 있습니다. 복습을 진행할 때는 이해한 내용과 어려운 내용을 구분하고 다음 공부에 반영하는 과정이 필요합니다. 중등 과정에서는 오답의 근거를 교과서에서 다시 찾고 스스로 점검할 기준이 한층 분명해집니다. 수학 응용 문제를 풀 때는 정의와 조건을 먼저 확인하고 조건이 달라졌을 때의 변화를 살펴보면 응용력이 자랍니다. 복습을 진행할 때는 배운 내용을 자신의 말로 설명하고 완료 여부보다 이해 과정을 살피는 것이 중요합니다. 학습 습관을 만들 때는 집중이 유지되는 시간을 기준으로 쉬는 때를 정하고 다음 공부에 반영하는 과정이 필요합니다. 반복해서 익힌 습관을 정해진 주기로 다시 살펴보면 꾸준한 학습 흐름을 만드는 데 도움이 됩니다.,opening_035|body_general_056|body_middle_040|body_math_052|body_general_068|body_general_026|ending_028,description_general_030|description_general_046|description_general_080|description_general_047,body_general|body_math|body_middle|description_general|endings|openings,title_pattern_010,질문과 설명 습관을 차분히 기르는,시험 대비 흐름을 점검합니다,grade_subject,효돈중학교|중학생|수학|과외,0
keyword_combination,school,충청남도,공주시,교동,,공주여자중학교,공주여자중학교,중학교,중학생,과학,false,중학생,과학,공주여자중학교 중학생 과학과외,공주여자중학교중학생과학과외,공주여자중학교 중학생 과학과외 반복 학습의 시점과 방법을 조정하는 시험 범위별 우선순위를 확인합니다,공주여자중학교 중학생 과학과외를 살펴볼 때에는 복습 과정은 주간 목표와 실제 결과를 비교하고 다음 단계로 연결하는 방식이 좋습니다. 학습 계획은 과목별 우선순위를 나누어 보고 반복 시점을 정해 두면 학습 공백을 줄일 수 있습니다. 복습 과정은 과목별 우선순위를 나누어 보고 스스로 설명하는 시간을 더하면 이해가 선명해집니다. 학습 계획은 주간 목표와 실제 결과를 비교하고 다음 단계로 연결하는 방식이 좋습니다. 학습한 내용과 실제 수행 결과를 비교하면 다음 공부의 우선순위를 더 구체적으로 정할 수 있습니다.,공주여자중학교 중학생 과학과외를 알아볼 때에는 효율적인 공부 흐름을 만들려면 목표와 사용할 시간을 구체적으로 연결하고 점검 기준을 세우는 데 있습니다. 오답을 관리할 때는 이해한 내용과 어려운 내용을 구분하고 다음 공부에 반영하는 과정이 필요합니다. 중학생은 교과 개념과 문제 유형을 연결하고 취약 단원을 주간 계획에 다시 배치할 수 있습니다. 과학 개념을 이해할 때는 가설과 결과 사이의 관계를 확인하고 예상과 결과의 차이를 돌아보는 과정이 필요합니다. 학습 습관을 만들 때는 이해한 내용과 어려운 내용을 구분하고 완료 여부보다 이해 과정을 살피는 것이 중요합니다. 학습 습관을 만들 때는 질문의 핵심을 한 문장으로 적고 정해진 시점에 다시 확인하면 기억을 오래 유지하는 데 도움이 됩니다. 점검한 오답 내용을 다음 계획에 구체적으로 반영하면 꾸준한 학습 흐름을 만드는 데 도움이 됩니다.,opening_024|body_general_106|body_middle_006|body_science_007|body_general_008|body_general_040|ending_037,description_general_076|description_general_029|description_general_068|description_general_036,body_general|body_middle|body_science|description_general|endings|openings,title_pattern_013,반복 학습의 시점과 방법을 조정하는,시험 범위별 우선순위를 확인합니다,grade_subject,공주여자중학교|중학생|과학|과외,0
keyword_combination,school,충청북도,청주시,영운동,,청운중학교,청운중학교,중학교,중학생,국어,false,중학생,국어,청운중학교 중학생 국어과외,청운중학교중학생국어과외,청운중학교 중학생 국어과외 오답 관리까지 자연스럽게 연결하는 학습 기록을 활용하는 방법을 정리합니다,청운중학교 중학생 국어과외를 살펴볼 때에는 학습 계획은 틀린 이유를 짧게 설명해 보고 작은 단위로 조정하면 꾸준히 이어가기 쉽습니다. 복습 과정은 모르는 부분을 질문으로 바꾸고 스스로 설명하는 시간을 더하면 이해가 선명해집니다. 복습 과정은 과목별 우선순위를 나누어 보고 다음 단계로 연결하는 방식이 좋습니다. 복습 과정은 현재 이해한 범위를 먼저 확인하고 다음 단계로 연결하는 방식이 좋습니다. 학습한 내용과 실제 수행 결과를 비교하면 다음 공부의 우선순위를 더 구체적으로 정할 수 있습니다.,청운중학교 중학생 국어과외를 알아볼 때에는 과외 학습의 방향을 세울 때는 목표와 사용할 시간을 구체적으로 연결하고 점검 기준을 세우는 데 있습니다. 학습 습관을 만들 때는 중요한 개념을 서로 연결하고 다음 공부에 반영하는 과정이 필요합니다. 중등 과정에서는 과목별 시험 범위와 일정을 먼저 나누고 취약 단원을 주간 계획에 다시 배치할 수 있습니다. 국어 서술형을 준비할 때는 문단의 중심 내용과 연결 관계를 표시하고 근거와 결론을 함께 적으면 답안이 선명해집니다. 학습 습관을 만들 때는 현재 가능한 분량부터 정하고 다음 공부에 반영하는 과정이 필요합니다. 복습을 진행할 때는 계획과 실제 수행량의 차이를 확인하고 다음 공부에 반영하는 과정이 필요합니다. 정리한 학습 기준을 다음 계획에 구체적으로 반영하면 꾸준한 학습 흐름을 만드는 데 도움이 됩니다.,opening_019|body_general_041|body_middle_026|body_korean_026|body_general_001|body_general_081|ending_007,description_general_012|description_general_063|description_general_066|description_general_041,body_general|body_korean|body_middle|description_general|endings|openings,title_pattern_015,오답 관리까지 자연스럽게 연결하는,학습 기록을 활용하는 방법을 정리합니다,grade_subject,청운중학교|중학생|국어|과외,0
keyword_combination,school,강원특별자치도,정선군,신동,,함백중학교,함백중학교,중학교,중학생,영수,false,중학생,영수,함백중학교 중학생 영수과외,함백중학교중학생영수과외,함백중학교 중학생 영수과외 주간 계획과 실천 결과를 비교하는 학습 기록을 활용하는 방법을 정리합니다,함백중학교 중학생 영수과외를 살펴볼 때에는 복습 과정은 주간 목표와 실제 결과를 비교하고 반복 시점을 정해 두면 학습 공백을 줄일 수 있습니다. 복습 과정은 모르는 부분을 질문으로 바꾸고 스스로 설명하는 시간을 더하면 이해가 선명해집니다. 학습 계획은 풀이 과정의 근거를 확인하고 반복 시점을 정해 두면 학습 공백을 줄일 수 있습니다. 복습 과정은 틀린 이유를 짧게 설명해 보고 다음 단계로 연결하는 방식이 좋습니다. 학습한 내용과 실제 수행 결과를 비교하면 다음 공부의 우선순위를 더 구체적으로 정할 수 있습니다.,함백중학교 중학생 영수과외를 알아볼 때에는 효율적인 공부 흐름을 만들려면 배운 내용을 스스로 설명해 보고 점검 기준을 세우는 데 있습니다. 학습 습관을 만들 때는 실수의 원인을 유형별로 나누고 조금씩 기준을 높이면 학습 리듬을 유지할 수 있습니다. 중등 과정에서는 수행평가와 지필평가 일정을 함께 관리하고 취약 단원을 주간 계획에 다시 배치할 수 있습니다. 영수 학습 계획을 세울 때는 과목을 바꾸는 시점과 쉬는 시간을 미리 정하고 영수 학습의 진행 상황을 한눈에 점검하기 쉬워집니다. 복습을 진행할 때는 배운 내용을 자신의 말로 설명하고 정해진 시점에 다시 확인하면 기억을 오래 유지하는 데 도움이 됩니다. 학습 습관을 만들 때는 중요한 개념을 서로 연결하고 완료 여부보다 이해 과정을 살피는 것이 중요합니다. 반복해서 익힌 습관을 다음 계획에 구체적으로 반영하면 꾸준한 학습 흐름을 만드는 데 도움이 됩니다.,opening_025|body_general_024|body_middle_042|body_english_math_015|body_general_070|body_general_043|ending_027,description_general_079|description_general_063|description_general_034|description_general_051,body_english_math|body_general|body_middle|description_general|endings|openings,title_pattern_019,주간 계획과 실천 결과를 비교하는,학습 기록을 활용하는 방법을 정리합니다,grade_subject,함백중학교|중학생|영수|과외,0
keyword_combination,school,경기도,김포시,장기동,,장기중학교,장기중학교,중학교,,,true,중학생,국영수과외,장기중학교 내신과외,장기중학교내신과외,장기중학교 내신과외 시험 범위와 오답 관리 기준을 구체적으로 살펴봅니다 학습 방향을 함께 살펴봅니다,장기중학교 내신과외를 살펴볼 때에는 학습 계획은 과목별 우선순위를 나누어 보고 다음 단계로 연결하는 방식이 좋습니다. 학습 계획은 풀이 과정의 근거를 확인하고 스스로 설명하는 시간을 더하면 이해가 선명해집니다. 학습 계획은 모르는 부분을 질문으로 바꾸고 작은 단위로 조정하면 꾸준히 이어가기 쉽습니다. 학습 계획은 모르는 부분을 질문으로 바꾸고 반복 시점을 정해 두면 학습 공백을 줄일 수 있습니다. 학습한 내용과 실제 수행 결과를 비교하면 다음 공부의 우선순위를 더 구체적으로 정할 수 있습니다.,장기중학교 내신과외를 알아볼 때에는 매일의 학습을 안정적으로 이어가려면 과목별 습관과 오답의 원인을 살피고 점검 기준을 세우는 데 있습니다. 복습을 진행할 때는 짧은 목표를 세운 뒤 결과를 기록하고 무리하지 않는 범위에서 반복하는 편이 안정적입니다. 오답을 관리할 때는 중요한 개념을 서로 연결하고 정해진 시점에 다시 확인하면 기억을 오래 유지하는 데 도움이 됩니다. 학습 습관을 만들 때는 집중이 유지되는 시간을 기준으로 쉬는 때를 정하고 정해진 시점에 다시 확인하면 기억을 오래 유지하는 데 도움이 됩니다. 내신 시험 범위를 확인할 때는 기억이 약한 범위를 우선 배치하고 서술형과 객관식의 준비 기준을 함께 세울 수 있습니다. 학습 습관을 만들 때는 이해한 내용과 어려운 내용을 구분하고 다음 공부에 반영하는 과정이 필요합니다. 작게 나눈 목표를 완료한 뒤 이유까지 돌아보면 꾸준한 학습 흐름을 만드는 데 도움이 됩니다.,opening_028|body_general_062|body_general_145|body_general_030|body_internal_exam_044|body_general_006|ending_034,description_general_026|description_general_033|description_general_022|description_general_024,body_general|body_internal_exam|description_general|endings|openings,title_pattern_020,과목 특성에 맞는 복습 방법을 찾는,시험 범위별 우선순위를 확인합니다,exam_only,장기중학교|내신|과외,0
keyword_combination,school,경상남도,김해시,지내동,,활천중학교,활천중학교,중학교,,영어,true,중학생,영어,활천중학교 영어 내신과외,활천중학교영어내신과외,활천중학교 영어 내신과외 학습 부담을 나누어 꾸준히 이어가는 취약 부분을 보완하는 흐름을 알아봅니다,활천중학교 영어 내신과외를 살펴볼 때에는 복습 과정은 모르는 부분을 질문으로 바꾸고 다음 단계로 연결하는 방식이 좋습니다. 복습 과정은 하루에 실천할 분량을 구체적으로 정하고 스스로 설명하는 시간을 더하면 이해가 선명해집니다. 학습 계획은 틀린 이유를 짧게 설명해 보고 스스로 설명하는 시간을 더하면 이해가 선명해집니다. 복습 과정은 주간 목표와 실제 결과를 비교하고 작은 단위로 조정하면 꾸준히 이어가기 쉽습니다. 학습한 내용과 실제 수행 결과를 비교하면 다음 공부의 우선순위를 더 구체적으로 정할 수 있습니다.,활천중학교 영어 내신과외를 알아볼 때에는 과외 학습의 방향을 세울 때는 현재 알고 있는 내용과 어려운 부분을 구분하고 점검 기준을 세우는 데 있습니다. 오답을 관리할 때는 질문의 핵심을 한 문장으로 적고 정해진 시점에 다시 확인하면 기억을 오래 유지하는 데 도움이 됩니다. 학습 습관을 만들 때는 계획과 실제 수행량의 차이를 확인하고 완료 여부보다 이해 과정을 살피는 것이 중요합니다. 영어 어휘를 익힐 때는 핵심 문장과 세부 정보를 구분하고 반복해서 만나는 표현을 따로 모아 복습할 수 있습니다. 내신 시험 범위를 확인할 때는 기억이 약한 범위를 우선 배치하고 학교 시험 준비 과정을 구체적으로 관리할 수 있습니다. 학습 습관을 만들 때는 집중이 유지되는 시간을 기준으로 쉬는 때를 정하고 무리하지 않는 범위에서 반복하는 편이 안정적입니다. 정리한 학습 기준을 다음 계획에 구체적으로 반영하면 꾸준한 학습 흐름을 만드는 데 도움이 됩니다.,opening_016|body_general_140|body_general_033|body_english_020|body_internal_exam_043|body_general_027|ending_007,description_general_061|description_general_048|description_general_013|description_general_077,body_english|body_general|body_internal_exam|description_general|endings|openings,title_pattern_031,학습 부담을 나누어 꾸준히 이어가는,취약 부분을 보완하는 흐름을 알아봅니다,subject_exam,활천중학교|영어|내신|과외,0
keyword_combination,school,경상북도,구미시,강동,,오상중학교,오상중학교,중학교,,수학,true,중학생,수학,오상중학교 수학 내신과외,오상중학교수학내신과외,오상중학교 수학 내신과외 과목별 공부 순서를 균형 있게 살펴보는 교과 진도에 맞는 계획을 알아봅니다,오상중학교 수학 내신과외를 살펴볼 때에는 복습 과정은 공부한 내용을 기억에서 꺼내 보고 스스로 설명하는 시간을 더하면 이해가 선명해집니다. 복습 과정은 모르는 부분을 질문으로 바꾸고 스스로 설명하는 시간을 더하면 이해가 선명해집니다. 복습 과정은 틀린 이유를 짧게 설명해 보고 작은 단위로 조정하면 꾸준히 이어가기 쉽습니다. 복습 과정은 과목별 우선순위를 나누어 보고 반복 시점을 정해 두면 학습 공백을 줄일 수 있습니다. 학습한 내용과 실제 수행 결과를 비교하면 다음 공부의 우선순위를 더 구체적으로 정할 수 있습니다.,오상중학교 수학 내신과외를 알아볼 때에는 목표에 맞는 학습을 준비하려면 과목별 습관과 오답의 원인을 살피고 점검 기준을 세우는 데 있습니다. 오답을 관리할 때는 짧은 목표를 세운 뒤 결과를 기록하고 다음 공부에 반영하는 과정이 필요합니다. 오답을 관리할 때는 계획과 실제 수행량의 차이를 확인하고 조금씩 기준을 높이면 학습 리듬을 유지할 수 있습니다. 수학 개념을 익힐 때는 각 단계에서 사용한 근거를 짧게 적고 검산하는 순서를 정하면 실수를 줄이는 데 도움이 됩니다. 내신 시험 범위를 확인할 때는 교과서 예시와 확인 문제를 다시 살펴보고 계획과 실제 진도를 비교하며 조정할 수 있습니다. 오답을 관리할 때는 현재 가능한 분량부터 정하고 정해진 시점에 다시 확인하면 기억을 오래 유지하는 데 도움이 됩니다. 매주 확인한 결과를 무리하지 않는 범위에서 이어가면 꾸준한 학습 흐름을 만드는 데 도움이 됩니다.,opening_038|body_general_111|body_general_134|body_math_022|body_internal_exam_010|body_general_105|ending_015,description_general_058|description_general_063|description_general_052|description_general_069,body_general|body_internal_exam|body_math|description_general|endings|openings,title_pattern_001,과목별 공부 순서를 균형 있게 살펴보는,교과 진도에 맞는 계획을 알아봅니다,subject_exam,오상중학교|수학|내신|과외,0
keyword_combination,school,광주광역시,북구,운암동,,광주체육중학교,광주체육중학교,중학교,,과학,true,중학생,과학,광주체육중학교 과학 내신과외,광주체육중학교과학내신과외,광주체육중학교 과학 내신과외 취약한 부분을 기록하며 보완하는 취약 부분을 보완하는 흐름을 알아봅니다,광주체육중학교 과학 내신과외를 살펴볼 때에는 학습 계획은 하루에 실천할 분량을 구체적으로 정하고 반복 시점을 정해 두면 학습 공백을 줄일 수 있습니다. 학습 계획은 풀이 과정의 근거를 확인하고 다음 단계로 연결하는 방식이 좋습니다. 학습 계획은 하루에 실천할 분량을 구체적으로 정하고 기록을 남기면 다음 계획의 기준이 분명해집니다. 복습 과정은 과목별 우선순위를 나누어 보고 기록을 남기면 다음 계획의 기준이 분명해집니다. 학습한 내용과 실제 수행 결과를 비교하면 다음 공부의 우선순위를 더 구체적으로 정할 수 있습니다.,광주체육중학교 과학 내신과외를 알아볼 때에는 과외 학습의 방향을 세울 때는 실천할 수 있는 분량과 순서를 정하고 점검 기준을 세우는 데 있습니다. 오답을 관리할 때는 짧은 목표를 세운 뒤 결과를 기록하고 조금씩 기준을 높이면 학습 리듬을 유지할 수 있습니다. 오답을 관리할 때는 현재 가능한 분량부터 정하고 무리하지 않는 범위에서 반복하는 편이 안정적입니다. 과학 탐구 과정을 살펴볼 때는 개념이 실제 상황에 적용되는 과정을 설명하고 예상과 결과의 차이를 돌아보는 과정이 필요합니다. 내신 시험 범위를 확인할 때는 답의 근거와 필요한 표현을 함께 정리하고 학교 시험 준비 과정을 구체적으로 관리할 수 있습니다. 오답을 관리할 때는 질문의 핵심을 한 문장으로 적고 다음 공부에 반영하는 과정이 필요합니다. 이와 같은 과정을 다음 계획에 구체적으로 반영하면 꾸준한 학습 흐름을 만드는 데 도움이 됩니다.,opening_017|body_general_114|body_general_102|body_science_077|body_internal_exam_023|body_general_136|ending_002,description_general_009|description_general_031|description_general_010|description_general_070,body_general|body_internal_exam|body_science|description_general|endings|openings,title_pattern_004,취약한 부분을 기록하며 보완하는,취약 부분을 보완하는 흐름을 알아봅니다,subject_exam,광주체육중학교|과학|내신|과외,0
keyword_combination,school,대구광역시,북구,복현동,,대구북중학교,대구북중학교,중학교,,국어,true,중학생,국어,대구북중학교 국어 내신과외,대구북중학교국어내신과외,대구북중학교 국어 내신과외 오답 관리까지 자연스럽게 연결하는 취약 부분을 보완하는 흐름을 알아봅니다,대구북중학교 국어 내신과외를 살펴볼 때에는 복습 과정은 현재 이해한 범위를 먼저 확인하고 작은 단위로 조정하면 꾸준히 이어가기 쉽습니다. 복습 과정은 풀이 과정의 근거를 확인하고 작은 단위로 조정하면 꾸준히 이어가기 쉽습니다. 학습 계획은 공부한 내용을 기억에서 꺼내 보고 다음 단계로 연결하는 방식이 좋습니다. 학습 계획은 공부한 내용을 기억에서 꺼내 보고 스스로 설명하는 시간을 더하면 이해가 선명해집니다. 학습한 내용과 실제 수행 결과를 비교하면 다음 공부의 우선순위를 더 구체적으로 정할 수 있습니다.,대구북중학교 국어 내신과외를 알아볼 때에는 현재의 학습 상태를 이해하려면 과목별 습관과 오답의 원인을 살피고 점검 기준을 세우는 데 있습니다. 복습을 진행할 때는 집중이 유지되는 시간을 기준으로 쉬는 때를 정하고 조금씩 기준을 높이면 학습 리듬을 유지할 수 있습니다. 오답을 관리할 때는 실수의 원인을 유형별로 나누고 다음 공부에 반영하는 과정이 필요합니다. 문학 작품을 읽을 때는 화자의 태도와 표현 효과를 구분하고 자신의 말로 핵심을 다시 설명해 보는 것이 좋습니다. 내신 시험 범위를 확인할 때는 제출 일정과 평가 기준을 미리 기록하고 서술형과 객관식의 준비 기준을 함께 세울 수 있습니다. 복습을 진행할 때는 계획과 실제 수행량의 차이를 확인하고 무리하지 않는 범위에서 반복하는 편이 안정적입니다. 이와 같은 과정을 현재 수준에 맞게 조금씩 조정하면 꾸준한 학습 흐름을 만드는 데 도움이 됩니다.,opening_013|body_general_079|body_general_121|body_korean_057|body_internal_exam_019|body_general_082|ending_001,description_general_042|description_general_072|description_general_016|description_general_018,body_general|body_internal_exam|body_korean|description_general|endings|openings,title_pattern_019,오답 관리까지 자연스럽게 연결하는,취약 부분을 보완하는 흐름을 알아봅니다,subject_exam,대구북중학교|국어|내신|과외,0
keyword_combination,school,대전광역시,유성구,원신흥동,,대전원신흥중학교,대전원신흥중학교,중학교,,영수,true,중학생,영수,대전원신흥중학교 영수 내신과외,대전원신흥중학교영수내신과외,대전원신흥중학교 영수 내신과외 서술 과정과 답의 근거를 함께 점검하는 꾸준한 학습 기준을 알아봅니다,대전원신흥중학교 영수 내신과외를 살펴볼 때에는 복습 과정은 주간 목표와 실제 결과를 비교하고 기록을 남기면 다음 계획의 기준이 분명해집니다. 복습 과정은 현재 이해한 범위를 먼저 확인하고 기록을 남기면 다음 계획의 기준이 분명해집니다. 복습 과정은 현재 이해한 범위를 먼저 확인하고 다음 단계로 연결하는 방식이 좋습니다. 복습 과정은 공부한 내용을 기억에서 꺼내 보고 반복 시점을 정해 두면 학습 공백을 줄일 수 있습니다. 학습한 내용과 실제 수행 결과를 비교하면 다음 공부의 우선순위를 더 구체적으로 정할 수 있습니다.,대전원신흥중학교 영수 내신과외를 알아볼 때에는 과외 학습의 방향을 세울 때는 실천할 수 있는 분량과 순서를 정하고 점검 기준을 세우는 데 있습니다. 오답을 관리할 때는 문제의 조건과 요구 사항을 구분하고 무리하지 않는 범위에서 반복하는 편이 안정적입니다. 학습 습관을 만들 때는 배운 내용을 자신의 말로 설명하고 다음 공부에 반영하는 과정이 필요합니다. 영수 학습 계획을 세울 때는 영어의 읽기 분량과 수학의 풀이 분량을 따로 정하고 시험 전 누적 복습 시간을 확보하는 데 도움이 됩니다. 내신 교과서를 복습할 때는 수업에서 강조된 내용과 기본 개념을 구분하고 시험 직전의 부담을 나누는 데 도움이 됩니다. 오답을 관리할 때는 집중이 유지되는 시간을 기준으로 쉬는 때를 정하고 정해진 시점에 다시 확인하면 기억을 오래 유지하는 데 도움이 됩니다. 과목별로 남긴 기록을 정해진 주기로 다시 살펴보면 꾸준한 학습 흐름을 만드는 데 도움이 됩니다.,opening_017|body_general_147|body_general_016|body_english_math_004|body_internal_exam_052|body_general_130|ending_023,description_general_080|description_general_045|description_general_041|description_general_059,body_english_math|body_general|body_internal_exam|description_general|endings|openings,title_pattern_008,서술 과정과 답의 근거를 함께 점검하는,꾸준한 학습 기준을 알아봅니다,subject_exam,대전원신흥중학교|영수|내신|과외,0
keyword_combination,school,부산광역시,수영구,광안동,,동아중학교,동아중학교,중학교,중등,,true,중학생,국영수과외,동아중학교 중등 내신과외,동아중학교중등내신과외,동아중학교 중등 내신과외 집중 시간과 공부 분량을 알맞게 나누는 교과 진도에 맞는 계획을 알아봅니다,동아중학교 중등 내신과외를 살펴볼 때에는 학습 계획은 공부한 내용을 기억에서 꺼내 보고 반복 시점을 정해 두면 학습 공백을 줄일 수 있습니다. 복습 과정은 과목별 우선순위를 나누어 보고 작은 단위로 조정하면 꾸준히 이어가기 쉽습니다. 학습 계획은 주간 목표와 실제 결과를 비교하고 반복 시점을 정해 두면 학습 공백을 줄일 수 있습니다. 복습 과정은 과목별 우선순위를 나누어 보고 반복 시점을 정해 두면 학습 공백을 줄일 수 있습니다. 학습한 내용과 실제 수행 결과를 비교하면 다음 공부의 우선순위를 더 구체적으로 정할 수 있습니다.,동아중학교 중등 내신과외를 알아볼 때에는 꾸준한 학습을 위해서는 실천할 수 있는 분량과 순서를 정하고 점검 기준을 세우는 데 있습니다. 복습을 진행할 때는 계획과 실제 수행량의 차이를 확인하고 다음 공부에 반영하는 과정이 필요합니다. 중등 과정에서는 수업에서 다룬 내용을 당일에 짧게 복습하고 시험 직전의 학습 부담을 낮추는 데 도움이 됩니다. 복습을 진행할 때는 이해한 내용과 어려운 내용을 구분하고 다음 공부에 반영하는 과정이 필요합니다. 내신 시험 범위를 확인할 때는 수업에서 강조된 내용과 기본 개념을 구분하고 다음 복습의 우선순위를 정하는 것이 좋습니다. 학습 습관을 만들 때는 집중이 유지되는 시간을 기준으로 쉬는 때를 정하고 정해진 시점에 다시 확인하면 기억을 오래 유지하는 데 도움이 됩니다. 스스로 세운 계획을 무리하지 않는 범위에서 이어가면 꾸준한 학습 흐름을 만드는 데 도움이 됩니다.,opening_007|body_general_081|body_middle_035|body_general_056|body_internal_exam_001|body_general_030|ending_020,description_general_019|description_general_067|description_general_039|description_general_069,body_general|body_internal_exam|body_middle|description_general|endings|openings,title_pattern_024,집중 시간과 공부 분량을 알맞게 나누는,교과 진도에 맞는 계획을 알아봅니다,grade_exam,동아중학교|중등|내신|과외,0
keyword_combination,school,서울특별시,강남구,대치동,,휘문중학교,휘문중학교,중학교,중학생,,true,중학생,국영수과외,휘문중학교 중학생 내신과외,휘문중학교중학생내신과외,휘문중학교 중학생 내신과외 매일 이어갈 수 있는 학습 리듬을 만드는 집중과 휴식의 기준을 점검합니다,휘문중학교 중학생 내신과외를 살펴볼 때에는 복습 과정은 틀린 이유를 짧게 설명해 보고 반복 시점을 정해 두면 학습 공백을 줄일 수 있습니다. 학습 계획은 주간 목표와 실제 결과를 비교하고 작은 단위로 조정하면 꾸준히 이어가기 쉽습니다. 학습 계획은 현재 이해한 범위를 먼저 확인하고 반복 시점을 정해 두면 학습 공백을 줄일 수 있습니다. 학습 계획은 현재 이해한 범위를 먼저 확인하고 다음 단계로 연결하는 방식이 좋습니다. 학습한 내용과 실제 수행 결과를 비교하면 다음 공부의 우선순위를 더 구체적으로 정할 수 있습니다.,휘문중학교 중학생 내신과외를 알아볼 때에는 현재의 학습 상태를 이해하려면 배운 내용을 스스로 설명해 보고 점검 기준을 세우는 데 있습니다. 학습 습관을 만들 때는 실수의 원인을 유형별로 나누고 조금씩 기준을 높이면 학습 리듬을 유지할 수 있습니다. 중학생은 수행평가와 지필평가 일정을 함께 관리하고 취약 단원을 주간 계획에 다시 배치할 수 있습니다. 오답을 관리할 때는 실수의 원인을 유형별로 나누고 무리하지 않는 범위에서 반복하는 편이 안정적입니다. 내신 시험 범위를 확인할 때는 수업에서 강조된 내용과 기본 개념을 구분하고 계획과 실제 진도를 비교하며 조정할 수 있습니다. 오답을 관리할 때는 이해한 내용과 어려운 내용을 구분하고 조금씩 기준을 높이면 학습 리듬을 유지할 수 있습니다. 이와 같은 과정을 완료한 뒤 이유까지 돌아보면 꾸준한 학습 흐름을 만드는 데 도움이 됩니다.,opening_015|body_general_024|body_middle_018|body_general_122|body_internal_exam_005|body_general_109|ending_004,description_general_054|description_general_037|description_general_004|description_general_001,body_general|body_internal_exam|body_middle|description_general|endings|openings,title_pattern_010,매일 이어갈 수 있는 학습 리듬을 만드는,집중과 휴식의 기준을 점검합니다,grade_exam,휘문중학교|중학생|내신|과외,0
keyword_combination,school,세종특별자치시,세종시,다정동,,새움중학교,새움중학교,중학교,중등,영어,true,중학생,영어,새움중학교 중등 영어 내신과외,새움중학교중등영어내신과외,새움중학교 중등 영어 내신과외 스스로 공부하는 기준을 조금씩 세우는 집중과 휴식의 기준을 점검합니다,새움중학교 중등 영어 내신과외를 살펴볼 때에는 복습 과정은 과목별 우선순위를 나누어 보고 반복 시점을 정해 두면 학습 공백을 줄일 수 있습니다. 복습 과정은 모르는 부분을 질문으로 바꾸고 다음 단계로 연결하는 방식이 좋습니다. 복습 과정은 공부한 내용을 기억에서 꺼내 보고 반복 시점을 정해 두면 학습 공백을 줄일 수 있습니다. 학습 계획은 현재 이해한 범위를 먼저 확인하고 작은 단위로 조정하면 꾸준히 이어가기 쉽습니다. 학습한 내용과 실제 수행 결과를 비교하면 다음 공부의 우선순위를 더 구체적으로 정할 수 있습니다.,새움중학교 중등 영어 내신과외를 알아볼 때에는 과외 학습의 방향을 세울 때는 현재 알고 있는 내용과 어려운 부분을 구분하고 점검 기준을 세우는 데 있습니다. 복습을 진행할 때는 배운 내용을 자신의 말로 설명하고 완료 여부보다 이해 과정을 살피는 것이 중요합니다. 중등 과정에서는 오답의 근거를 교과서에서 다시 찾고 시험 직전의 학습 부담을 낮추는 데 도움이 됩니다. 영어 어휘를 익힐 때는 틀린 해석의 원인을 어휘와 구조로 나누고 짧은 예문을 직접 만들면 기억을 점검하기 좋습니다. 내신 교과서를 복습할 때는 답의 근거와 필요한 표현을 함께 정리하고 다음 복습의 우선순위를 정하는 것이 좋습니다. 복습을 진행할 때는 계획과 실제 수행량의 차이를 확인하고 완료 여부보다 이해 과정을 살피는 것이 중요합니다. 스스로 세운 계획을 무리하지 않는 범위에서 이어가면 꾸준한 학습 흐름을 만드는 데 도움이 됩니다.,opening_016|body_general_068|body_middle_039|body_english_021|body_internal_exam_071|body_general_083|ending_020,description_general_069|description_general_061|description_general_059|description_general_002,body_english|body_general|body_internal_exam|body_middle|description_general|endings|openings,title_pattern_007,스스로 공부하는 기준을 조금씩 세우는,집중과 휴식의 기준을 점검합니다,grade_subject_exam,새움중학교|중등|영어|내신|과외,0
keyword_combination,school,울산광역시,남구,옥동,,신정중학교,신정중학교,중학교,중등,수학,true,중학생,수학,신정중학교 중등 수학 내신과외,신정중학교중등수학내신과외,신정중학교 중등 수학 내신과외 단기 목표와 누적 복습을 함께 배치하는 문제 해결의 순서를 정리합니다,신정중학교 중등 수학 내신과외를 살펴볼 때에는 학습 계획은 과목별 우선순위를 나누어 보고 스스로 설명하는 시간을 더하면 이해가 선명해집니다. 복습 과정은 틀린 이유를 짧게 설명해 보고 작은 단위로 조정하면 꾸준히 이어가기 쉽습니다. 복습 과정은 하루에 실천할 분량을 구체적으로 정하고 반복 시점을 정해 두면 학습 공백을 줄일 수 있습니다. 학습 계획은 공부한 내용을 기억에서 꺼내 보고 기록을 남기면 다음 계획의 기준이 분명해집니다. 학습한 내용과 실제 수행 결과를 비교하면 다음 공부의 우선순위를 더 구체적으로 정할 수 있습니다.,신정중학교 중등 수학 내신과외를 알아볼 때에는 공부의 출발점은 현재 알고 있는 내용과 어려운 부분을 구분하고 점검 기준을 세우는 데 있습니다. 오답을 관리할 때는 짧은 목표를 세운 뒤 결과를 기록하고 완료 여부보다 이해 과정을 살피는 것이 중요합니다. 중등 과정에서는 교과 개념과 문제 유형을 연결하고 취약 단원을 주간 계획에 다시 배치할 수 있습니다. 수학 응용 문제를 풀 때는 주어진 조건을 식과 그림으로 바꾸고 검산하는 순서를 정하면 실수를 줄이는 데 도움이 됩니다. 내신 교과서를 복습할 때는 답의 근거와 필요한 표현을 함께 정리하고 계획과 실제 진도를 비교하며 조정할 수 있습니다. 오답을 관리할 때는 현재 가능한 분량부터 정하고 다음 공부에 반영하는 과정이 필요합니다. 점검한 오답 내용을 다음 계획에 구체적으로 반영하면 꾸준한 학습 흐름을 만드는 데 도움이 됩니다.,opening_001|body_general_113|body_middle_030|body_math_058|body_internal_exam_075|body_general_101|ending_037,description_general_028|description_general_052|description_general_049|description_general_020,body_general|body_internal_exam|body_math|body_middle|description_general|endings|openings,title_pattern_023,단기 목표와 누적 복습을 함께 배치하는,문제 해결의 순서를 정리합니다,grade_subject_exam,신정중학교|중등|수학|내신|과외,0
keyword_combination,school,인천광역시,미추홀구,관교동,,남인천여자중학교,남인천여자중학교,중학교,중등,과학,true,중학생,과학,남인천여자중학교 중등 과학 내신과외,남인천여자중학교중등과학내신과외,남인천여자중학교 중등 과학 내신과외 교과 진도에 맞는 계획을 알아봅니다 학습 방향을 함께 살펴봅니다,남인천여자중학교 중등 과학 내신과외를 살펴볼 때에는 학습 계획은 과목별 우선순위를 나누어 보고 작은 단위로 조정하면 꾸준히 이어가기 쉽습니다. 학습 계획은 틀린 이유를 짧게 설명해 보고 기록을 남기면 다음 계획의 기준이 분명해집니다. 복습 과정은 모르는 부분을 질문으로 바꾸고 스스로 설명하는 시간을 더하면 이해가 선명해집니다. 학습 계획은 과목별 우선순위를 나누어 보고 반복 시점을 정해 두면 학습 공백을 줄일 수 있습니다. 학습한 내용과 실제 수행 결과를 비교하면 다음 공부의 우선순위를 더 구체적으로 정할 수 있습니다.,남인천여자중학교 중등 과학 내신과외를 알아볼 때에는 공부의 출발점은 배운 내용을 스스로 설명해 보고 점검 기준을 세우는 데 있습니다. 복습을 진행할 때는 이해한 내용과 어려운 내용을 구분하고 정해진 시점에 다시 확인하면 기억을 오래 유지하는 데 도움이 됩니다. 중학생은 과목별 시험 범위와 일정을 먼저 나누고 시험 직전의 학습 부담을 낮추는 데 도움이 됩니다. 과학 개념을 이해할 때는 개념이 실제 상황에 적용되는 과정을 설명하고 근거를 문장으로 정리하는 연습이 유용합니다. 내신 교과서를 복습할 때는 틀린 이유를 개념과 해석 과정으로 나누고 계획과 실제 진도를 비교하며 조정할 수 있습니다. 오답을 관리할 때는 이해한 내용과 어려운 내용을 구분하고 무리하지 않는 범위에서 반복하는 편이 안정적입니다. 정리한 학습 기준을 완료한 뒤 이유까지 돌아보면 꾸준한 학습 흐름을 만드는 데 도움이 됩니다.,opening_005|body_general_060|body_middle_003|body_science_036|body_internal_exam_090|body_general_107|ending_009,description_general_027|description_general_015|description_general_063|description_general_029,body_general|body_internal_exam|body_middle|body_science|description_general|endings|openings,title_pattern_005,핵심 개념의 연결 관계를 다시 보는,교과 진도에 맞는 계획을 알아봅니다,grade_subject_exam,남인천여자중학교|중등|과학|내신|과외,0
keyword_combination,school,전라남도,여수시,덕충동,,충덕중학교,충덕중학교,중학교,중등,국어,true,중학생,국어,충덕중학교 중등 국어 내신과외,충덕중학교중등국어내신과외,충덕중학교 중등 국어 내신과외 오답 관리까지 자연스럽게 연결하는 매일 실천할 공부 기준을 안내합니다,충덕중학교 중등 국어 내신과외를 살펴볼 때에는 복습 과정은 현재 이해한 범위를 먼저 확인하고 반복 시점을 정해 두면 학습 공백을 줄일 수 있습니다. 학습 계획은 공부한 내용을 기억에서 꺼내 보고 기록을 남기면 다음 계획의 기준이 분명해집니다. 학습 계획은 과목별 우선순위를 나누어 보고 스스로 설명하는 시간을 더하면 이해가 선명해집니다. 복습 과정은 틀린 이유를 짧게 설명해 보고 작은 단위로 조정하면 꾸준히 이어가기 쉽습니다. 학습한 내용과 실제 수행 결과를 비교하면 다음 공부의 우선순위를 더 구체적으로 정할 수 있습니다.,충덕중학교 중등 국어 내신과외를 알아볼 때에는 새로운 내용을 익히기 전에는 목표와 사용할 시간을 구체적으로 연결하고 점검 기준을 세우는 데 있습니다. 오답을 관리할 때는 문제의 조건과 요구 사항을 구분하고 무리하지 않는 범위에서 반복하는 편이 안정적입니다. 중등 과정에서는 수업에서 다룬 내용을 당일에 짧게 복습하고 취약 단원을 주간 계획에 다시 배치할 수 있습니다. 국어 서술형을 준비할 때는 낯선 어휘의 뜻을 문맥에서 추론하고 읽은 뒤 짧게 요약하면 이해 여부를 확인할 수 있습니다. 내신 시험 범위를 확인할 때는 수업에서 강조된 내용과 기본 개념을 구분하고 서술형과 객관식의 준비 기준을 함께 세울 수 있습니다. 학습 습관을 만들 때는 질문의 핵심을 한 문장으로 적고 무리하지 않는 범위에서 반복하는 편이 안정적입니다. 반복해서 익힌 습관을 정해진 주기로 다시 살펴보면 꾸준한 학습 흐름을 만드는 데 도움이 됩니다.,opening_034|body_general_147|body_middle_034|body_korean_043|body_internal_exam_004|body_general_037|ending_028,description_general_044|description_general_020|description_general_028|description_general_052,body_general|body_internal_exam|body_korean|body_middle|description_general|endings|openings,title_pattern_012,오답 관리까지 자연스럽게 연결하는,매일 실천할 공부 기준을 안내합니다,grade_subject_exam,충덕중학교|중등|국어|내신|과외,0
keyword_combination,school,전북특별자치도,부안군,부안군교동,,낭주중학교,낭주중학교,중학교,중등,영수,true,중학생,영수,낭주중학교 중등 영수 내신과외,낭주중학교중등영수내신과외,낭주중학교 중등 영수 내신과외 풀이 근거와 판단 순서를 꼼꼼히 살피는 꾸준한 학습 기준을 알아봅니다,낭주중학교 중등 영수 내신과외를 살펴볼 때에는 학습 계획은 과목별 우선순위를 나누어 보고 다음 단계로 연결하는 방식이 좋습니다. 학습 계획은 풀이 과정의 근거를 확인하고 기록을 남기면 다음 계획의 기준이 분명해집니다. 복습 과정은 현재 이해한 범위를 먼저 확인하고 반복 시점을 정해 두면 학습 공백을 줄일 수 있습니다. 학습 계획은 모르는 부분을 질문으로 바꾸고 반복 시점을 정해 두면 학습 공백을 줄일 수 있습니다. 학습한 내용과 실제 수행 결과를 비교하면 다음 공부의 우선순위를 더 구체적으로 정할 수 있습니다.,낭주중학교 중등 영수 내신과외를 알아볼 때에는 현재의 학습 상태를 이해하려면 실천할 수 있는 분량과 순서를 정하고 점검 기준을 세우는 데 있습니다. 학습 습관을 만들 때는 계획과 실제 수행량의 차이를 확인하고 정해진 시점에 다시 확인하면 기억을 오래 유지하는 데 도움이 됩니다. 중등 과정에서는 과목별 시험 범위와 일정을 먼저 나누고 누적 복습 시간을 확보하는 것이 좋습니다. 영수 학습 계획을 세울 때는 주간 결과에서 부족한 과목의 시간을 보완하고 영수 학습의 진행 상황을 한눈에 점검하기 쉬워집니다. 내신 시험 범위를 확인할 때는 틀린 이유를 개념과 해석 과정으로 나누고 다음 복습의 우선순위를 정하는 것이 좋습니다. 복습을 진행할 때는 배운 내용을 자신의 말로 설명하고 무리하지 않는 범위에서 반복하는 편이 안정적입니다. 반복해서 익힌 습관을 다음 계획에 구체적으로 반영하면 꾸준한 학습 흐름을 만드는 데 도움이 됩니다.,opening_012|body_general_035|body_middle_025|body_english_math_035|body_internal_exam_036|body_general_067|ending_027,description_general_026|description_general_035|description_general_044|description_general_024,body_english_math|body_general|body_internal_exam|body_middle|description_general|endings|openings,title_pattern_009,풀이 근거와 판단 순서를 꼼꼼히 살피는,꾸준한 학습 기준을 알아봅니다,grade_subject_exam,낭주중학교|중등|영수|내신|과외,0
keyword_combination,school,제주특별자치도,서귀포시,동홍동,,남주중학교,남주중학교,중학교,중학생,영어,true,중학생,영어,남주중학교 중학생 영어 내신과외,남주중학교중학생영어내신과외,남주중학교 중학생 영어 내신과외 학습 습관을 현실적으로 조정하는 교과 진도에 맞는 계획을 알아봅니다,남주중학교 중학생 영어 내신과외를 살펴볼 때에는 학습 계획은 틀린 이유를 짧게 설명해 보고 스스로 설명하는 시간을 더하면 이해가 선명해집니다. 복습 과정은 현재 이해한 범위를 먼저 확인하고 다음 단계로 연결하는 방식이 좋습니다. 학습 계획은 현재 이해한 범위를 먼저 확인하고 반복 시점을 정해 두면 학습 공백을 줄일 수 있습니다. 학습 계획은 풀이 과정의 근거를 확인하고 반복 시점을 정해 두면 학습 공백을 줄일 수 있습니다. 학습한 내용과 실제 수행 결과를 비교하면 다음 공부의 우선순위를 더 구체적으로 정할 수 있습니다.,남주중학교 중학생 영어 내신과외를 알아볼 때에는 효율적인 공부 흐름을 만들려면 과목별 습관과 오답의 원인을 살피고 점검 기준을 세우는 데 있습니다. 학습 습관을 만들 때는 짧은 목표를 세운 뒤 결과를 기록하고 정해진 시점에 다시 확인하면 기억을 오래 유지하는 데 도움이 됩니다. 중학생은 과목별 시험 범위와 일정을 먼저 나누고 취약 단원을 주간 계획에 다시 배치할 수 있습니다. 영어 어휘를 익힐 때는 핵심 문장과 세부 정보를 구분하고 읽은 내용을 한 문장으로 요약하는 연습이 유용합니다. 내신 교과서를 복습할 때는 기억이 약한 범위를 우선 배치하고 계획과 실제 진도를 비교하며 조정할 수 있습니다. 오답을 관리할 때는 짧은 목표를 세운 뒤 결과를 기록하고 다음 공부에 반영하는 과정이 필요합니다. 정리한 학습 기준을 완료한 뒤 이유까지 돌아보면 꾸준한 학습 흐름을 만드는 데 도움이 됩니다.,opening_023|body_general_015|body_middle_002|body_english_019|body_internal_exam_095|body_general_111|ending_009,description_general_013|description_general_041|description_general_004|description_general_034,body_english|body_general|body_internal_exam|body_middle|description_general|endings|openings,title_pattern_003,학습 습관을 현실적으로 조정하는,교과 진도에 맞는 계획을 알아봅니다,grade_subject_exam,남주중학교|중학생|영어|내신|과외,0
keyword_combination,school,충청남도,공주시,신관동,,봉황중학교,봉황중학교,중학교,중학생,수학,true,중학생,수학,봉황중학교 중학생 수학 내신과외,봉황중학교중학생수학내신과외,봉황중학교 중학생 수학 내신과외 학습 기록을 활용하는 방법을 정리합니다 학습 방향을 함께 살펴봅니다,봉황중학교 중학생 수학 내신과외를 살펴볼 때에는 학습 계획은 틀린 이유를 짧게 설명해 보고 다음 단계로 연결하는 방식이 좋습니다. 복습 과정은 현재 이해한 범위를 먼저 확인하고 기록을 남기면 다음 계획의 기준이 분명해집니다. 복습 과정은 모르는 부분을 질문으로 바꾸고 반복 시점을 정해 두면 학습 공백을 줄일 수 있습니다. 학습 계획은 하루에 실천할 분량을 구체적으로 정하고 작은 단위로 조정하면 꾸준히 이어가기 쉽습니다. 학습한 내용과 실제 수행 결과를 비교하면 다음 공부의 우선순위를 더 구체적으로 정할 수 있습니다.,봉황중학교 중학생 수학 내신과외를 알아볼 때에는 목표에 맞는 학습을 준비하려면 과목별 습관과 오답의 원인을 살피고 점검 기준을 세우는 데 있습니다. 오답을 관리할 때는 현재 가능한 분량부터 정하고 무리하지 않는 범위에서 반복하는 편이 안정적입니다. 중등 과정에서는 오답의 근거를 교과서에서 다시 찾고 스스로 점검할 기준이 한층 분명해집니다. 수학 계산을 점검할 때는 주어진 조건을 식과 그림으로 바꾸고 풀이를 비교하면 더 간결한 방법을 찾을 수 있습니다. 내신 교과서를 복습할 때는 단원별 학습량과 남은 시간을 비교하고 계획과 실제 진도를 비교하며 조정할 수 있습니다. 오답을 관리할 때는 실수의 원인을 유형별로 나누고 정해진 시점에 다시 확인하면 기억을 오래 유지하는 데 도움이 됩니다. 매주 확인한 결과를 다음 계획에 구체적으로 반영하면 꾸준한 학습 흐름을 만드는 데 도움이 됩니다.,opening_038|body_general_102|body_middle_040|body_math_035|body_internal_exam_080|body_general_125|ending_012,description_general_011|description_general_045|description_general_064|description_general_007,body_general|body_internal_exam|body_math|body_middle|description_general|endings|openings,title_pattern_020,오답 관리까지 자연스럽게 연결하는,학습 기록을 활용하는 방법을 정리합니다,grade_subject_exam,봉황중학교|중학생|수학|내신|과외,0
keyword_combination,school,충청북도,청주시,복대동,,복대중학교,복대중학교,중학교,중학생,과학,true,중학생,과학,복대중학교 중학생 과학 내신과외,복대중학교중학생과학내신과외,복대중학교 중학생 과학 내신과외 교과 진도와 취약 부분을 함께 확인하는 시험 대비 흐름을 점검합니다,복대중학교 중학생 과학 내신과외를 살펴볼 때에는 학습 계획은 현재 이해한 범위를 먼저 확인하고 다음 단계로 연결하는 방식이 좋습니다. 학습 계획은 하루에 실천할 분량을 구체적으로 정하고 스스로 설명하는 시간을 더하면 이해가 선명해집니다. 학습 계획은 공부한 내용을 기억에서 꺼내 보고 기록을 남기면 다음 계획의 기준이 분명해집니다. 학습 계획은 하루에 실천할 분량을 구체적으로 정하고 반복 시점을 정해 두면 학습 공백을 줄일 수 있습니다. 학습한 내용과 실제 수행 결과를 비교하면 다음 공부의 우선순위를 더 구체적으로 정할 수 있습니다.,복대중학교 중학생 과학 내신과외를 알아볼 때에는 공부의 출발점은 배운 내용을 스스로 설명해 보고 점검 기준을 세우는 데 있습니다. 오답을 관리할 때는 실수의 원인을 유형별로 나누고 무리하지 않는 범위에서 반복하는 편이 안정적입니다. 중등 과정에서는 과목별 시험 범위와 일정을 먼저 나누고 스스로 점검할 기준이 한층 분명해집니다. 과학 탐구 과정을 살펴볼 때는 자료에서 근거가 되는 수치를 찾고 근거를 문장으로 정리하는 연습이 유용합니다. 내신 교과서를 복습할 때는 틀린 이유를 개념과 해석 과정으로 나누고 다음 복습의 우선순위를 정하는 것이 좋습니다. 오답을 관리할 때는 중요한 개념을 서로 연결하고 정해진 시점에 다시 확인하면 기억을 오래 유지하는 데 도움이 됩니다. 스스로 세운 계획을 무리하지 않는 범위에서 이어가면 꾸준한 학습 흐름을 만드는 데 도움이 됩니다.,opening_005|body_general_122|body_middle_028|body_science_071|body_internal_exam_086|body_general_145|ending_020,description_general_001|description_general_008|description_general_020|description_general_009,body_general|body_internal_exam|body_middle|body_science|description_general|endings|openings,title_pattern_008,교과 진도와 취약 부분을 함께 확인하는,시험 대비 흐름을 점검합니다,grade_subject_exam,복대중학교|중학생|과학|내신|과외,0
keyword_combination,school,강원특별자치도,춘천시,온의동,,남춘천중학교,남춘천중학교,중학교,중학생,국어,true,중학생,국어,남춘천중학교 중학생 국어 내신과외,남춘천중학교중학생국어내신과외,남춘천중학교 중학생 국어 내신과외 기초부터 차근차근 점검하는 취약 부분을 보완하는 흐름을 알아봅니다,남춘천중학교 중학생 국어 내신과외를 살펴볼 때에는 복습 과정은 모르는 부분을 질문으로 바꾸고 기록을 남기면 다음 계획의 기준이 분명해집니다. 복습 과정은 풀이 과정의 근거를 확인하고 다음 단계로 연결하는 방식이 좋습니다. 복습 과정은 공부한 내용을 기억에서 꺼내 보고 반복 시점을 정해 두면 학습 공백을 줄일 수 있습니다. 학습 계획은 모르는 부분을 질문으로 바꾸고 스스로 설명하는 시간을 더하면 이해가 선명해집니다. 학습한 내용과 실제 수행 결과를 비교하면 다음 공부의 우선순위를 더 구체적으로 정할 수 있습니다.,남춘천중학교 중학생 국어 내신과외를 알아볼 때에는 꾸준한 학습을 위해서는 과목별 습관과 오답의 원인을 살피고 점검 기준을 세우는 데 있습니다. 오답을 관리할 때는 이해한 내용과 어려운 내용을 구분하고 완료 여부보다 이해 과정을 살피는 것이 중요합니다. 중등 과정에서는 수업에서 다룬 내용을 당일에 짧게 복습하고 스스로 점검할 기준이 한층 분명해집니다. 국어 서술형을 준비할 때는 낯선 어휘의 뜻을 문맥에서 추론하고 읽은 뒤 짧게 요약하면 이해 여부를 확인할 수 있습니다. 내신 교과서를 복습할 때는 답의 근거와 필요한 표현을 함께 정리하고 시험 직전의 부담을 나누는 데 도움이 됩니다. 학습 습관을 만들 때는 중요한 개념을 서로 연결하고 다음 공부에 반영하는 과정이 필요합니다. 과목별로 남긴 기록을 정해진 주기로 다시 살펴보면 꾸준한 학습 흐름을 만드는 데 도움이 됩니다.,opening_008|body_general_108|body_middle_036|body_korean_043|body_internal_exam_072|body_general_041|ending_023,description_general_065|description_general_071|description_general_059|description_general_023,body_general|body_internal_exam|body_korean|body_middle|description_general|endings|openings,title_pattern_009,기초부터 차근차근 점검하는,취약 부분을 보완하는 흐름을 알아봅니다,grade_subject_exam,남춘천중학교|중학생|국어|내신|과외,0
keyword_combination,school,경기도,성남시,도촌동,,도촌중학교,도촌중학교,중학교,중학생,영수,true,중학생,영수,도촌중학교 중학생 영수 내신과외,도촌중학교중학생영수내신과외,도촌중학교 중학생 영수 내신과외 학습 부담을 나누어 꾸준히 이어가는 집중과 휴식의 기준을 점검합니다,도촌중학교 중학생 영수 내신과외를 살펴볼 때에는 학습 계획은 과목별 우선순위를 나누어 보고 반복 시점을 정해 두면 학습 공백을 줄일 수 있습니다. 학습 계획은 모르는 부분을 질문으로 바꾸고 반복 시점을 정해 두면 학습 공백을 줄일 수 있습니다. 복습 과정은 공부한 내용을 기억에서 꺼내 보고 반복 시점을 정해 두면 학습 공백을 줄일 수 있습니다. 복습 과정은 현재 이해한 범위를 먼저 확인하고 다음 단계로 연결하는 방식이 좋습니다. 학습한 내용과 실제 수행 결과를 비교하면 다음 공부의 우선순위를 더 구체적으로 정할 수 있습니다.,도촌중학교 중학생 영수 내신과외를 알아볼 때에는 현재의 학습 상태를 이해하려면 목표와 사용할 시간을 구체적으로 연결하고 점검 기준을 세우는 데 있습니다. 오답을 관리할 때는 현재 가능한 분량부터 정하고 정해진 시점에 다시 확인하면 기억을 오래 유지하는 데 도움이 됩니다. 중학생은 수업에서 다룬 내용을 당일에 짧게 복습하고 누적 복습 시간을 확보하는 것이 좋습니다. 영어와 수학 시간을 배분할 때는 주간 결과에서 부족한 과목의 시간을 보완하고 과목별 부담이 한쪽으로 치우치는 것을 줄일 수 있습니다. 내신 시험 범위를 확인할 때는 완료한 범위와 다시 볼 범위를 표시하고 서술형과 객관식의 준비 기준을 함께 세울 수 있습니다. 복습을 진행할 때는 문제의 조건과 요구 사항을 구분하고 무리하지 않는 범위에서 반복하는 편이 안정적입니다. 점검한 오답 내용을 무리하지 않는 범위에서 이어가면 꾸준한 학습 흐름을 만드는 데 도움이 됩니다.,opening_014|body_general_105|body_middle_009|body_english_math_072|body_internal_exam_049|body_general_097|ending_040,description_general_029|description_general_024|description_general_059|description_general_041,body_english_math|body_general|body_internal_exam|body_middle|description_general|endings|openings,title_pattern_024,학습 부담을 나누어 꾸준히 이어가는,집중과 휴식의 기준을 점검합니다,grade_subject_exam,도촌중학교|중학생|영수|내신|과외,0
keyword_combination,school,경상남도,창원시,회원동,,마산무학여자중학교,마산무학여자중학교,중학교,,,false,중학생,국영수과외,마산무학여자중학교과외,마산무학여자중학교과외,마산무학여자중학교과외 기초부터 차근차근 점검하는 학습 기준을 정리합니다 학습 방향을 함께 살펴봅니다,마산무학여자중학교과외를 살펴볼 때에는 복습 과정은 틀린 이유를 짧게 설명해 보고 기록을 남기면 다음 계획의 기준이 분명해집니다. 학습 계획은 하루에 실천할 분량을 구체적으로 정하고 다음 단계로 연결하는 방식이 좋습니다. 학습 계획은 과목별 우선순위를 나누어 보고 다음 단계로 연결하는 방식이 좋습니다. 복습 과정은 하루에 실천할 분량을 구체적으로 정하고 반복 시점을 정해 두면 학습 공백을 줄일 수 있습니다. 학습한 내용과 실제 수행 결과를 비교하면 다음 공부의 우선순위를 더 구체적으로 정할 수 있습니다.,마산무학여자중학교과외를 알아볼 때에는 꾸준한 학습을 위해서는 실천할 수 있는 분량과 순서를 정하고 점검 기준을 세우는 데 있습니다. 오답을 관리할 때는 실수의 원인을 유형별로 나누고 완료 여부보다 이해 과정을 살피는 것이 중요합니다. 학습 습관을 만들 때는 문제의 조건과 요구 사항을 구분하고 조금씩 기준을 높이면 학습 리듬을 유지할 수 있습니다. 오답을 관리할 때는 중요한 개념을 서로 연결하고 조금씩 기준을 높이면 학습 리듬을 유지할 수 있습니다. 오답을 관리할 때는 질문의 핵심을 한 문장으로 적고 무리하지 않는 범위에서 반복하는 편이 안정적입니다. 오답을 관리할 때는 현재 가능한 분량부터 정하고 완료 여부보다 이해 과정을 살피는 것이 중요합니다. 이와 같은 과정을 현재 수준에 맞게 조금씩 조정하면 꾸준한 학습 흐름을 만드는 데 도움이 됩니다.,opening_007|body_general_123|body_general_049|body_general_144|body_general_137|body_general_103|ending_001,description_general_055|description_general_006|description_general_026|description_general_049,body_general|description_general|endings|openings,title_pattern_025,기초부터 차근차근 점검하는,학습 기준을 정리합니다,base,마산무학여자중학교|과외,0
keyword_combination,school,경상북도,포항시,이동,,포항이동중학교,포항이동중학교,중학교,,영어,false,중학생,영어,포항이동중학교 영어과외,포항이동중학교영어과외,포항이동중학교 영어과외 영어 독해와 문장 해석의 학습 방향을 정리합니다 시험 준비을 함께 살펴봅니다,포항이동중학교 영어과외를 살펴볼 때에는 복습 과정은 공부한 내용을 기억에서 꺼내 보고 스스로 설명하는 시간을 더하면 이해가 선명해집니다. 학습 계획은 하루에 실천할 분량을 구체적으로 정하고 다음 단계로 연결하는 방식이 좋습니다. 복습 과정은 모르는 부분을 질문으로 바꾸고 다음 단계로 연결하는 방식이 좋습니다. 복습 과정은 풀이 과정의 근거를 확인하고 반복 시점을 정해 두면 학습 공백을 줄일 수 있습니다. 학습한 내용과 실제 수행 결과를 비교하면 다음 공부의 우선순위를 더 구체적으로 정할 수 있습니다.,포항이동중학교 영어과외를 알아볼 때에는 과외 학습의 방향을 세울 때는 과목별 습관과 오답의 원인을 살피고 점검 기준을 세우는 데 있습니다. 학습 습관을 만들 때는 계획과 실제 수행량의 차이를 확인하고 정해진 시점에 다시 확인하면 기억을 오래 유지하는 데 도움이 됩니다. 학습 습관을 만들 때는 현재 가능한 분량부터 정하고 무리하지 않는 범위에서 반복하는 편이 안정적입니다. 영어 어휘를 익힐 때는 틀린 해석의 원인을 어휘와 구조로 나누고 읽은 내용을 한 문장으로 요약하는 연습이 유용합니다. 오답을 관리할 때는 배운 내용을 자신의 말로 설명하고 무리하지 않는 범위에서 반복하는 편이 안정적입니다. 오답을 관리할 때는 배운 내용을 자신의 말로 설명하고 정해진 시점에 다시 확인하면 기억을 오래 유지하는 데 도움이 됩니다. 점검한 오답 내용을 정해진 주기로 다시 살펴보면 꾸준한 학습 흐름을 만드는 데 도움이 됩니다.,opening_018|body_general_035|body_general_002|body_english_023|body_general_117|body_general_120|ending_038,description_general_058|description_general_006|description_general_061|description_general_074,body_english|body_general|description_general|endings|openings,title_pattern_017,단기 목표와 누적 복습을 함께 배치하는,문제 해결의 순서를 정리합니다,subject_only,포항이동중학교|영어|과외,0
keyword_combination,school,광주광역시,북구,본촌동,,지산중학교,지산중학교,중학교,,수학,false,중학생,수학,지산중학교 수학과외,지산중학교수학과외,지산중학교 수학과외 공부 방향을 살펴봅니다 학습 방향을 함께 살펴봅니다 시험 준비을 함께 살펴봅니다,지산중학교 수학과외를 살펴볼 때에는 복습 과정은 주간 목표와 실제 결과를 비교하고 다음 단계로 연결하는 방식이 좋습니다. 복습 과정은 주간 목표와 실제 결과를 비교하고 기록을 남기면 다음 계획의 기준이 분명해집니다. 학습 계획은 현재 이해한 범위를 먼저 확인하고 다음 단계로 연결하는 방식이 좋습니다. 복습 과정은 현재 이해한 범위를 먼저 확인하고 스스로 설명하는 시간을 더하면 이해가 선명해집니다. 학습한 내용과 실제 수행 결과를 비교하면 다음 공부의 우선순위를 더 구체적으로 정할 수 있습니다.,지산중학교 수학과외를 알아볼 때에는 새로운 내용을 익히기 전에는 과목별 습관과 오답의 원인을 살피고 점검 기준을 세우는 데 있습니다. 복습을 진행할 때는 중요한 개념을 서로 연결하고 조금씩 기준을 높이면 학습 리듬을 유지할 수 있습니다. 오답을 관리할 때는 짧은 목표를 세운 뒤 결과를 기록하고 정해진 시점에 다시 확인하면 기억을 오래 유지하는 데 도움이 됩니다. 수학 응용 문제를 풀 때는 정의와 조건을 먼저 확인하고 검산하는 순서를 정하면 실수를 줄이는 데 도움이 됩니다. 오답을 관리할 때는 계획과 실제 수행량의 차이를 확인하고 완료 여부보다 이해 과정을 살피는 것이 중요합니다. 오답을 관리할 때는 짧은 목표를 세운 뒤 결과를 기록하고 조금씩 기준을 높이면 학습 리듬을 유지할 수 있습니다. 과목별로 남긴 기록을 무리하지 않는 범위에서 이어가면 꾸준한 학습 흐름을 만드는 데 도움이 됩니다.,opening_033|body_general_094|body_general_115|body_math_050|body_general_133|body_general_114|ending_025,description_general_076|description_general_080|description_general_001|description_general_043,body_general|body_math|description_general|endings|openings,title_pattern_025,서술 과정과 답의 근거를 함께 점검하는,공부 방향을 살펴봅니다,subject_only,지산중학교|수학|과외,0
keyword_combination,school,대구광역시,달서구,두류동,,구남중학교,구남중학교,중학교,,과학,false,중학생,과학,구남중학교 과학과외,구남중학교과학과외,구남중학교 과학과외 공부 방향을 살펴봅니다 학습 방향을 함께 살펴봅니다 시험 준비을 함께 살펴봅니다,구남중학교 과학과외를 살펴볼 때에는 복습 과정은 현재 이해한 범위를 먼저 확인하고 반복 시점을 정해 두면 학습 공백을 줄일 수 있습니다. 학습 계획은 주간 목표와 실제 결과를 비교하고 스스로 설명하는 시간을 더하면 이해가 선명해집니다. 학습 계획은 하루에 실천할 분량을 구체적으로 정하고 다음 단계로 연결하는 방식이 좋습니다. 학습 계획은 풀이 과정의 근거를 확인하고 작은 단위로 조정하면 꾸준히 이어가기 쉽습니다. 학습한 내용과 실제 수행 결과를 비교하면 다음 공부의 우선순위를 더 구체적으로 정할 수 있습니다.,구남중학교 과학과외를 알아볼 때에는 현재의 학습 상태를 이해하려면 과목별 습관과 오답의 원인을 살피고 점검 기준을 세우는 데 있습니다. 학습 습관을 만들 때는 현재 가능한 분량부터 정하고 다음 공부에 반영하는 과정이 필요합니다. 학습 습관을 만들 때는 짧은 목표를 세운 뒤 결과를 기록하고 무리하지 않는 범위에서 반복하는 편이 안정적입니다. 과학 개념을 이해할 때는 관찰한 현상과 원인을 구분하고 근거를 문장으로 정리하는 연습이 유용합니다. 복습을 진행할 때는 문제의 조건과 요구 사항을 구분하고 완료 여부보다 이해 과정을 살피는 것이 중요합니다. 오답을 관리할 때는 질문의 핵심을 한 문장으로 적고 완료 여부보다 이해 과정을 살피는 것이 중요합니다. 스스로 세운 계획을 현재 수준에 맞게 조금씩 조정하면 꾸준한 학습 흐름을 만드는 데 도움이 됩니다.,opening_013|body_general_001|body_general_012|body_science_001|body_general_098|body_general_138|ending_016,description_general_044|description_general_038|description_general_006|description_general_032,body_general|body_science|description_general|endings|openings,title_pattern_025,학습 습관을 현실적으로 조정하는,공부 방향을 살펴봅니다,subject_only,구남중학교|과학|과외,0
keyword_combination,school,강원특별자치도,삼척시,남양동,,삼척여자고등학교,삼척여자고등학교,고등학교,,국어,false,고등학생,국어,삼척여자고등학교 국어과외,삼척여자고등학교국어과외,삼척여자고등학교 국어과외 매일 이어갈 수 있는 학습 리듬을 만드는 시험 범위별 우선순위를 확인합니다,삼척여자고등학교 국어과외를 살펴볼 때에는 학습 계획은 공부한 내용을 기억에서 꺼내 보고 반복 시점을 정해 두면 학습 공백을 줄일 수 있습니다. 학습 계획은 하루에 실천할 분량을 구체적으로 정하고 기록을 남기면 다음 계획의 기준이 분명해집니다. 복습 과정은 공부한 내용을 기억에서 꺼내 보고 스스로 설명하는 시간을 더하면 이해가 선명해집니다. 복습 과정은 하루에 실천할 분량을 구체적으로 정하고 작은 단위로 조정하면 꾸준히 이어가기 쉽습니다. 학습한 내용과 실제 수행 결과를 비교하면 다음 공부의 우선순위를 더 구체적으로 정할 수 있습니다.,삼척여자고등학교 국어과외를 알아볼 때에는 공부의 출발점은 실천할 수 있는 분량과 순서를 정하고 점검 기준을 세우는 데 있습니다. 오답을 관리할 때는 실수의 원인을 유형별로 나누고 정해진 시점에 다시 확인하면 기억을 오래 유지하는 데 도움이 됩니다. 학습 습관을 만들 때는 현재 가능한 분량부터 정하고 정해진 시점에 다시 확인하면 기억을 오래 유지하는 데 도움이 됩니다. 국어 독해에서는 낯선 어휘의 뜻을 문맥에서 추론하고 자신의 말로 핵심을 다시 설명해 보는 것이 좋습니다. 복습을 진행할 때는 중요한 개념을 서로 연결하고 무리하지 않는 범위에서 반복하는 편이 안정적입니다. 학습 습관을 만들 때는 실수의 원인을 유형별로 나누고 조금씩 기준을 높이면 학습 리듬을 유지할 수 있습니다. 이와 같은 과정을 무리하지 않는 범위에서 이어가면 꾸준한 학습 흐름을 만드는 데 도움이 됩니다.,opening_002|body_general_125|body_general_005|body_korean_017|body_general_092|body_general_024|ending_005,description_general_019|description_general_010|description_general_058|description_general_047,body_general|body_korean|description_general|endings|openings,title_pattern_026,매일 이어갈 수 있는 학습 리듬을 만드는,시험 범위별 우선순위를 확인합니다,subject_only,삼척여자고등학교|국어|과외,0
keyword_combination,school,경기도,광명시,철산동,,광명북고등학교,광명북고등학교,고등학교,,영수,false,고등학생,영수,광명북고등학교 영수과외,광명북고등학교영수과외,광명북고등학교 영수과외 과목별 복습과 시험 일정 관리 기준을 정리합니다 학습 방향을 함께 살펴봅니다,광명북고등학교 영수과외를 살펴볼 때에는 학습 계획은 모르는 부분을 질문으로 바꾸고 스스로 설명하는 시간을 더하면 이해가 선명해집니다. 학습 계획은 과목별 우선순위를 나누어 보고 다음 단계로 연결하는 방식이 좋습니다. 복습 과정은 풀이 과정의 근거를 확인하고 다음 단계로 연결하는 방식이 좋습니다. 학습 계획은 틀린 이유를 짧게 설명해 보고 반복 시점을 정해 두면 학습 공백을 줄일 수 있습니다. 학습한 내용과 실제 수행 결과를 비교하면 다음 공부의 우선순위를 더 구체적으로 정할 수 있습니다.,"광명북고등학교 영수과외를 알아볼 때에는 공부의 출발점은 배운 내용을 스스로 설명해 보고 점검 기준을 세우는 데 있습니다. 복습을 진행할 때는 이해한 내용과 어려운 내용을 구분하고 완료 여부보다 이해 과정을 살피는 것이 중요합니다. 복습을 진행할 때는 질문의 핵심을 한 문장으로 적고 조금씩 기준을 높이면 학습 리듬을 유지할 수 있습니다. 영어와 수학 시간을 배분할 때는 영어는 문장 근거를, 수학은 풀이 근거를 확인하고 각 과목에 맞는 복습 기준을 분명하게 세울 수 있습니다. 오답을 관리할 때는 이해한 내용과 어려운 내용을 구분하고 다음 공부에 반영하는 과정이 필요합니다. 학습 습관을 만들 때는 질문의 핵심을 한 문장으로 적고 정해진 시점에 다시 확인하면 기억을 오래 유지하는 데 도움이 됩니다. 스스로 세운 계획을 완료한 뒤 이유까지 돌아보면 꾸준한 학습 흐름을 만드는 데 도움이 됩니다.",opening_005|body_general_058|body_general_089|body_english_math_063|body_general_106|body_general_040|ending_019,description_general_023|description_general_026|description_general_071|description_general_014,body_english_math|body_general|description_general|endings|openings,title_pattern_020,실수를 유형별로 나누어 돌아보는,오답을 줄이는 과정을 살펴봅니다,subject_only,광명북고등학교|영수|과외,0
keyword_combination,school,경상남도,창원시,양덕동,,한일여자고등학교,한일여자고등학교,고등학교,고등,,false,고등학생,국영수과외,한일여자고등학교 고등과외,한일여자고등학교고등과외,한일여자고등학교 고등과외 반복 학습의 시점과 방법을 조정하는 학습 기록을 활용하는 방법을 정리합니다,한일여자고등학교 고등과외를 살펴볼 때에는 학습 계획은 공부한 내용을 기억에서 꺼내 보고 반복 시점을 정해 두면 학습 공백을 줄일 수 있습니다. 학습 계획은 풀이 과정의 근거를 확인하고 스스로 설명하는 시간을 더하면 이해가 선명해집니다. 학습 계획은 하루에 실천할 분량을 구체적으로 정하고 반복 시점을 정해 두면 학습 공백을 줄일 수 있습니다. 학습 계획은 풀이 과정의 근거를 확인하고 작은 단위로 조정하면 꾸준히 이어가기 쉽습니다. 학습한 내용과 실제 수행 결과를 비교하면 다음 공부의 우선순위를 더 구체적으로 정할 수 있습니다.,한일여자고등학교 고등과외를 알아볼 때에는 꾸준한 학습을 위해서는 과목별 습관과 오답의 원인을 살피고 점검 기준을 세우는 데 있습니다. 오답을 관리할 때는 계획과 실제 수행량의 차이를 확인하고 조금씩 기준을 높이면 학습 리듬을 유지할 수 있습니다. 고등 과정에서는 기출 문제에서 반복되는 판단 기준을 찾고 장기적인 공부 흐름을 안정적으로 유지할 수 있습니다. 복습을 진행할 때는 이해한 내용과 어려운 내용을 구분하고 정해진 시점에 다시 확인하면 기억을 오래 유지하는 데 도움이 됩니다. 학습 습관을 만들 때는 중요한 개념을 서로 연결하고 다음 공부에 반영하는 과정이 필요합니다. 오답을 관리할 때는 실수의 원인을 유형별로 나누고 정해진 시점에 다시 확인하면 기억을 오래 유지하는 데 도움이 됩니다. 과목별로 남긴 기록을 현재 수준에 맞게 조금씩 조정하면 꾸준한 학습 흐름을 만드는 데 도움이 됩니다.,opening_008|body_general_134|body_high_036|body_general_060|body_general_041|body_general_125|ending_021,description_general_019|description_general_033|description_general_009|description_general_032,body_general|body_high|description_general|endings|openings,title_pattern_025,반복 학습의 시점과 방법을 조정하는,학습 기록을 활용하는 방법을 정리합니다,grade_only,한일여자고등학교|고등|과외,0
keyword_combination,school,경상북도,포항시,두호동,,두호고등학교,두호고등학교,고등학교,고등학생,,false,고등학생,국영수과외,두호고등학교 고등학생과외,두호고등학교고등학생과외,두호고등학교 고등학생과외 학습 부담을 나누어 꾸준히 이어가는 학습 기록을 활용하는 방법을 정리합니다,두호고등학교 고등학생과외를 살펴볼 때에는 복습 과정은 모르는 부분을 질문으로 바꾸고 스스로 설명하는 시간을 더하면 이해가 선명해집니다. 학습 계획은 주간 목표와 실제 결과를 비교하고 반복 시점을 정해 두면 학습 공백을 줄일 수 있습니다. 학습 계획은 현재 이해한 범위를 먼저 확인하고 작은 단위로 조정하면 꾸준히 이어가기 쉽습니다. 복습 과정은 주간 목표와 실제 결과를 비교하고 작은 단위로 조정하면 꾸준히 이어가기 쉽습니다. 학습한 내용과 실제 수행 결과를 비교하면 다음 공부의 우선순위를 더 구체적으로 정할 수 있습니다.,두호고등학교 고등학생과외를 알아볼 때에는 목표에 맞는 학습을 준비하려면 목표와 사용할 시간을 구체적으로 연결하고 점검 기준을 세우는 데 있습니다. 복습을 진행할 때는 문제의 조건과 요구 사항을 구분하고 조금씩 기준을 높이면 학습 리듬을 유지할 수 있습니다. 고등 과정에서는 제한 시간 안에서 풀이 순서를 점검하고 취약 영역을 다음 계획에 바로 반영할 수 있습니다. 학습 습관을 만들 때는 질문의 핵심을 한 문장으로 적고 정해진 시점에 다시 확인하면 기억을 오래 유지하는 데 도움이 됩니다. 학습 습관을 만들 때는 계획과 실제 수행량의 차이를 확인하고 무리하지 않는 범위에서 반복하는 편이 안정적입니다. 학습 습관을 만들 때는 문제의 조건과 요구 사항을 구분하고 무리하지 않는 범위에서 반복하는 편이 안정적입니다. 점검한 오답 내용을 완료한 뒤 이유까지 돌아보면 꾸준한 학습 흐름을 만드는 데 도움이 됩니다.,opening_039|body_general_099|body_high_047|body_general_040|body_general_032|body_general_047|ending_039,description_general_063|description_general_039|description_general_002|description_general_077,body_general|body_high|description_general|endings|openings,title_pattern_008,학습 부담을 나누어 꾸준히 이어가는,학습 기록을 활용하는 방법을 정리합니다,grade_only,두호고등학교|고등학생|과외,0
keyword_combination,school,광주광역시,광산구,수완동,,명진고등학교,명진고등학교,고등학교,고등,영어,false,고등학생,영어,명진고등학교 고등 영어과외,명진고등학교고등영어과외,명진고등학교 고등 영어과외 교과 내용을 자신의 말로 설명해 보는 교과 진도에 맞는 계획을 알아봅니다,명진고등학교 고등 영어과외를 살펴볼 때에는 학습 계획은 하루에 실천할 분량을 구체적으로 정하고 기록을 남기면 다음 계획의 기준이 분명해집니다. 학습 계획은 현재 이해한 범위를 먼저 확인하고 기록을 남기면 다음 계획의 기준이 분명해집니다. 복습 과정은 모르는 부분을 질문으로 바꾸고 스스로 설명하는 시간을 더하면 이해가 선명해집니다. 복습 과정은 모르는 부분을 질문으로 바꾸고 작은 단위로 조정하면 꾸준히 이어가기 쉽습니다. 학습한 내용과 실제 수행 결과를 비교하면 다음 공부의 우선순위를 더 구체적으로 정할 수 있습니다.,명진고등학교 고등 영어과외를 알아볼 때에는 매일의 학습을 안정적으로 이어가려면 과목별 습관과 오답의 원인을 살피고 점검 기준을 세우는 데 있습니다. 복습을 진행할 때는 실수의 원인을 유형별로 나누고 무리하지 않는 범위에서 반복하는 편이 안정적입니다. 고등 과정에서는 주간 진도와 누적 복습의 비율을 조정하고 근거를 설명할 수 있을 때까지 확인하는 편이 좋습니다. 영어 문장을 해석할 때는 단어를 문장 속 의미와 함께 기억하고 문장 구조를 표시하면 해석의 근거가 분명해집니다. 학습 습관을 만들 때는 현재 가능한 분량부터 정하고 무리하지 않는 범위에서 반복하는 편이 안정적입니다. 복습을 진행할 때는 실수의 원인을 유형별로 나누고 완료 여부보다 이해 과정을 살피는 것이 중요합니다. 점검한 오답 내용을 완료한 뒤 이유까지 돌아보면 꾸준한 학습 흐름을 만드는 데 도움이 됩니다.,opening_028|body_general_072|body_high_042|body_english_026|body_general_002|body_general_073|ending_039,description_general_010|description_general_005|description_general_063|description_general_062,body_english|body_general|body_high|description_general|endings|openings,title_pattern_012,교과 내용을 자신의 말로 설명해 보는,교과 진도에 맞는 계획을 알아봅니다,grade_subject,명진고등학교|고등|영어|과외,0
keyword_combination,school,대구광역시,동구,신평동,,조일고등학교,조일고등학교,고등학교,고등,수학,false,고등학생,수학,조일고등학교 고등 수학과외,조일고등학교고등수학과외,조일고등학교 고등 수학과외 수학 개념 이해와 문제풀이 순서를 점검합니다 학습 방향을 함께 살펴봅니다,조일고등학교 고등 수학과외를 살펴볼 때에는 복습 과정은 주간 목표와 실제 결과를 비교하고 작은 단위로 조정하면 꾸준히 이어가기 쉽습니다. 복습 과정은 모르는 부분을 질문으로 바꾸고 작은 단위로 조정하면 꾸준히 이어가기 쉽습니다. 복습 과정은 풀이 과정의 근거를 확인하고 스스로 설명하는 시간을 더하면 이해가 선명해집니다. 복습 과정은 풀이 과정의 근거를 확인하고 반복 시점을 정해 두면 학습 공백을 줄일 수 있습니다. 학습한 내용과 실제 수행 결과를 비교하면 다음 공부의 우선순위를 더 구체적으로 정할 수 있습니다.,조일고등학교 고등 수학과외를 알아볼 때에는 매일의 학습을 안정적으로 이어가려면 과목별 습관과 오답의 원인을 살피고 점검 기준을 세우는 데 있습니다. 오답을 관리할 때는 중요한 개념을 서로 연결하고 조금씩 기준을 높이면 학습 리듬을 유지할 수 있습니다. 고등학생은 과목별 목표와 사용할 시간을 구체적으로 나누고 취약 영역을 다음 계획에 바로 반영할 수 있습니다. 수학 응용 문제를 풀 때는 계산 순서와 부호를 단계별로 살피고 비슷한 유형에 적용하며 이해를 확인하는 것이 좋습니다. 학습 습관을 만들 때는 질문의 핵심을 한 문장으로 적고 정해진 시점에 다시 확인하면 기억을 오래 유지하는 데 도움이 됩니다. 복습을 진행할 때는 현재 가능한 분량부터 정하고 완료 여부보다 이해 과정을 살피는 것이 중요합니다. 작게 나눈 목표를 완료한 뒤 이유까지 돌아보면 꾸준한 학습 흐름을 만드는 데 도움이 됩니다.,opening_028|body_general_144|body_high_003|body_math_053|body_general_040|body_general_053|ending_034,description_general_077|description_general_062|description_general_073|description_general_074,body_general|body_high|body_math|description_general|endings|openings,title_pattern_013,과목 특성에 맞는 복습 방법을 찾는,자기주도학습 방법을 살펴봅니다,grade_subject,조일고등학교|고등|수학|과외,0
keyword_combination,school,대전광역시,유성구,노은동,,대전노은고등학교,대전노은고등학교,고등학교,고등,과학,false,고등학생,과학,대전노은고등학교 고등 과학과외,대전노은고등학교고등과학과외,대전노은고등학교 고등 과학과외 과학 원리와 문제 적용 순서를 점검합니다 학습 방향을 함께 살펴봅니다,대전노은고등학교 고등 과학과외를 살펴볼 때에는 복습 과정은 모르는 부분을 질문으로 바꾸고 반복 시점을 정해 두면 학습 공백을 줄일 수 있습니다. 학습 계획은 공부한 내용을 기억에서 꺼내 보고 기록을 남기면 다음 계획의 기준이 분명해집니다. 학습 계획은 현재 이해한 범위를 먼저 확인하고 작은 단위로 조정하면 꾸준히 이어가기 쉽습니다. 학습 계획은 공부한 내용을 기억에서 꺼내 보고 작은 단위로 조정하면 꾸준히 이어가기 쉽습니다. 학습한 내용과 실제 수행 결과를 비교하면 다음 공부의 우선순위를 더 구체적으로 정할 수 있습니다.,대전노은고등학교 고등 과학과외를 알아볼 때에는 새로운 내용을 익히기 전에는 과목별 습관과 오답의 원인을 살피고 점검 기준을 세우는 데 있습니다. 복습을 진행할 때는 계획과 실제 수행량의 차이를 확인하고 다음 공부에 반영하는 과정이 필요합니다. 내신과 모의고사를 함께 준비할 때는 과목별 목표와 사용할 시간을 구체적으로 나누고 학습 우선순위를 정하는 기준이 필요합니다. 과학 탐구 과정을 살펴볼 때는 관찰한 현상과 원인을 구분하고 새로운 문제에서도 같은 원리를 찾아볼 수 있습니다. 학습 습관을 만들 때는 짧은 목표를 세운 뒤 결과를 기록하고 완료 여부보다 이해 과정을 살피는 것이 중요합니다. 학습 습관을 만들 때는 집중이 유지되는 시간을 기준으로 쉬는 때를 정하고 다음 공부에 반영하는 과정이 필요합니다. 스스로 세운 계획을 다음 계획에 구체적으로 반영하면 꾸준한 학습 흐름을 만드는 데 도움이 됩니다.,opening_033|body_general_081|body_high_049|body_science_043|body_general_013|body_general_026|ending_017,description_general_064|description_general_020|description_general_002|description_general_017,body_general|body_high|body_science|description_general|endings|openings,title_pattern_013,시험 준비 방향을 구체적으로 정리하는,오답을 줄이는 과정을 살펴봅니다,grade_subject,대전노은고등학교|고등|과학|과외,0
keyword_combination,school,부산광역시,서구,동대신동,,경남고등학교,경남고등학교,고등학교,고등,국어,false,고등학생,국어,경남고등학교 고등 국어과외,경남고등학교고등국어과외,경남고등학교 고등 국어과외 매일 이어갈 수 있는 학습 리듬을 만드는 오답을 줄이는 과정을 살펴봅니다,경남고등학교 고등 국어과외를 살펴볼 때에는 학습 계획은 과목별 우선순위를 나누어 보고 기록을 남기면 다음 계획의 기준이 분명해집니다. 복습 과정은 모르는 부분을 질문으로 바꾸고 다음 단계로 연결하는 방식이 좋습니다. 학습 계획은 풀이 과정의 근거를 확인하고 다음 단계로 연결하는 방식이 좋습니다. 복습 과정은 모르는 부분을 질문으로 바꾸고 작은 단위로 조정하면 꾸준히 이어가기 쉽습니다. 학습한 내용과 실제 수행 결과를 비교하면 다음 공부의 우선순위를 더 구체적으로 정할 수 있습니다.,경남고등학교 고등 국어과외를 알아볼 때에는 과외 학습의 방향을 세울 때는 목표와 사용할 시간을 구체적으로 연결하고 점검 기준을 세우는 데 있습니다. 복습을 진행할 때는 문제의 조건과 요구 사항을 구분하고 정해진 시점에 다시 확인하면 기억을 오래 유지하는 데 도움이 됩니다. 고등학생은 기출 문제에서 반복되는 판단 기준을 찾고 취약 영역을 다음 계획에 바로 반영할 수 있습니다. 국어 서술형을 준비할 때는 문단의 중심 내용과 연결 관계를 표시하고 근거와 결론을 함께 적으면 답안이 선명해집니다. 학습 습관을 만들 때는 중요한 개념을 서로 연결하고 조금씩 기준을 높이면 학습 리듬을 유지할 수 있습니다. 오답을 관리할 때는 배운 내용을 자신의 말로 설명하고 완료 여부보다 이해 과정을 살피는 것이 중요합니다. 매주 확인한 결과를 현재 수준에 맞게 조금씩 조정하면 꾸준한 학습 흐름을 만드는 데 도움이 됩니다.,opening_019|body_general_100|body_high_011|body_korean_026|body_general_044|body_general_118|ending_011,description_general_030|description_general_061|description_general_031|description_general_062,body_general|body_high|body_korean|description_general|endings|openings,title_pattern_005,매일 이어갈 수 있는 학습 리듬을 만드는,오답을 줄이는 과정을 살펴봅니다,grade_subject,경남고등학교|고등|국어|과외,0
keyword_combination,school,서울특별시,동작구,사당동,,동작고등학교,동작고등학교,고등학교,고등,영수,false,고등학생,영수,동작고등학교 고등 영수과외,동작고등학교고등영수과외,동작고등학교 고등 영수과외 매일 이어갈 수 있는 학습 리듬을 만드는 개념과 적용의 연결을 살펴봅니다,동작고등학교 고등 영수과외를 살펴볼 때에는 학습 계획은 공부한 내용을 기억에서 꺼내 보고 반복 시점을 정해 두면 학습 공백을 줄일 수 있습니다. 복습 과정은 하루에 실천할 분량을 구체적으로 정하고 기록을 남기면 다음 계획의 기준이 분명해집니다. 학습 계획은 현재 이해한 범위를 먼저 확인하고 다음 단계로 연결하는 방식이 좋습니다. 학습 계획은 과목별 우선순위를 나누어 보고 기록을 남기면 다음 계획의 기준이 분명해집니다. 학습한 내용과 실제 수행 결과를 비교하면 다음 공부의 우선순위를 더 구체적으로 정할 수 있습니다.,동작고등학교 고등 영수과외를 알아볼 때에는 효율적인 공부 흐름을 만들려면 과목별 습관과 오답의 원인을 살피고 점검 기준을 세우는 데 있습니다. 복습을 진행할 때는 문제의 조건과 요구 사항을 구분하고 완료 여부보다 이해 과정을 살피는 것이 중요합니다. 고등 과정에서는 주간 진도와 누적 복습의 비율을 조정하고 장기적인 공부 흐름을 안정적으로 유지할 수 있습니다. 영수 학습 계획을 세울 때는 영어의 읽기 분량과 수학의 풀이 분량을 따로 정하고 두 과목의 학습 흐름을 안정적으로 이어갈 수 있습니다. 학습 습관을 만들 때는 이해한 내용과 어려운 내용을 구분하고 조금씩 기준을 높이면 학습 리듬을 유지할 수 있습니다. 오답을 관리할 때는 질문의 핵심을 한 문장으로 적고 조금씩 기준을 높이면 학습 리듬을 유지할 수 있습니다. 이와 같은 과정을 정해진 주기로 다시 살펴보면 꾸준한 학습 흐름을 만드는 데 도움이 됩니다.,opening_023|body_general_098|body_high_044|body_english_math_001|body_general_009|body_general_139|ending_003,description_general_019|description_general_050|description_general_001|description_general_030,body_english_math|body_general|body_high|description_general|endings|openings,title_pattern_020,매일 이어갈 수 있는 학습 리듬을 만드는,개념과 적용의 연결을 살펴봅니다,grade_subject,동작고등학교|고등|영수|과외,0
keyword_combination,school,세종특별자치시,세종시,반곡동,,반곡고등학교,반곡고등학교,고등학교,고등학생,영어,false,고등학생,영어,반곡고등학교 고등학생 영어과외,반곡고등학교고등학생영어과외,반곡고등학교 고등학생 영어과외 현재 수준에 맞춰 단계적으로 접근하는 질문과 설명의 과정을 안내합니다,반곡고등학교 고등학생 영어과외를 살펴볼 때에는 학습 계획은 틀린 이유를 짧게 설명해 보고 다음 단계로 연결하는 방식이 좋습니다. 복습 과정은 현재 이해한 범위를 먼저 확인하고 스스로 설명하는 시간을 더하면 이해가 선명해집니다. 복습 과정은 과목별 우선순위를 나누어 보고 작은 단위로 조정하면 꾸준히 이어가기 쉽습니다. 복습 과정은 과목별 우선순위를 나누어 보고 다음 단계로 연결하는 방식이 좋습니다. 학습한 내용과 실제 수행 결과를 비교하면 다음 공부의 우선순위를 더 구체적으로 정할 수 있습니다.,반곡고등학교 고등학생 영어과외를 알아볼 때에는 새로운 내용을 익히기 전에는 현재 알고 있는 내용과 어려운 부분을 구분하고 점검 기준을 세우는 데 있습니다. 학습 습관을 만들 때는 계획과 실제 수행량의 차이를 확인하고 조금씩 기준을 높이면 학습 리듬을 유지할 수 있습니다. 내신과 모의고사를 함께 준비할 때는 기출 문제에서 반복되는 판단 기준을 찾고 학습 우선순위를 정하는 기준이 필요합니다. 영어 어휘를 익힐 때는 틀린 해석의 원인을 어휘와 구조로 나누고 반복해서 만나는 표현을 따로 모아 복습할 수 있습니다. 학습 습관을 만들 때는 이해한 내용과 어려운 내용을 구분하고 다음 공부에 반영하는 과정이 필요합니다. 학습 습관을 만들 때는 짧은 목표를 세운 뒤 결과를 기록하고 다음 공부에 반영하는 과정이 필요합니다. 매주 확인한 결과를 현재 수준에 맞게 조금씩 조정하면 꾸준한 학습 흐름을 만드는 데 도움이 됩니다.,opening_031|body_general_034|body_high_057|body_english_024|body_general_006|body_general_011|ending_011,description_general_011|description_general_043|description_general_067|description_general_066,body_english|body_general|body_high|description_general|endings|openings,title_pattern_015,현재 수준에 맞춰 단계적으로 접근하는,질문과 설명의 과정을 안내합니다,grade_subject,반곡고등학교|고등학생|영어|과외,0
keyword_combination,school,울산광역시,남구,신정동,,울산강남고등학교,울산강남고등학교,고등학교,고등학생,수학,false,고등학생,수학,울산강남고등학교 고등학생 수학과외,울산강남고등학교고등학생수학과외,울산강남고등학교 고등학생 수학과외 이해와 적용의 순서를 분명하게 잡는 문제 해결의 순서를 정리합니다,울산강남고등학교 고등학생 수학과외를 살펴볼 때에는 학습 계획은 과목별 우선순위를 나누어 보고 반복 시점을 정해 두면 학습 공백을 줄일 수 있습니다. 복습 과정은 하루에 실천할 분량을 구체적으로 정하고 기록을 남기면 다음 계획의 기준이 분명해집니다. 복습 과정은 주간 목표와 실제 결과를 비교하고 기록을 남기면 다음 계획의 기준이 분명해집니다. 복습 과정은 틀린 이유를 짧게 설명해 보고 다음 단계로 연결하는 방식이 좋습니다. 학습한 내용과 실제 수행 결과를 비교하면 다음 공부의 우선순위를 더 구체적으로 정할 수 있습니다.,울산강남고등학교 고등학생 수학과외를 알아볼 때에는 효율적인 공부 흐름을 만들려면 목표와 사용할 시간을 구체적으로 연결하고 점검 기준을 세우는 데 있습니다. 학습 습관을 만들 때는 계획과 실제 수행량의 차이를 확인하고 조금씩 기준을 높이면 학습 리듬을 유지할 수 있습니다. 고등 과정에서는 과목별 목표와 사용할 시간을 구체적으로 나누고 근거를 설명할 수 있을 때까지 확인하는 편이 좋습니다. 수학 계산을 점검할 때는 공식이 성립하는 이유를 예와 연결하고 검산하는 순서를 정하면 실수를 줄이는 데 도움이 됩니다. 복습을 진행할 때는 실수의 원인을 유형별로 나누고 완료 여부보다 이해 과정을 살피는 것이 중요합니다. 오답을 관리할 때는 이해한 내용과 어려운 내용을 구분하고 완료 여부보다 이해 과정을 살피는 것이 중요합니다. 과목별로 남긴 기록을 다음 계획에 구체적으로 반영하면 꾸준한 학습 흐름을 만드는 데 도움이 됩니다.,opening_024|body_general_034|body_high_026|body_math_042|body_general_073|body_general_108|ending_022,description_general_029|description_general_050|description_general_080|description_general_051,body_general|body_high|body_math|description_general|endings|openings,title_pattern_013,이해와 적용의 순서를 분명하게 잡는,문제 해결의 순서를 정리합니다,grade_subject,울산강남고등학교|고등학생|수학|과외,0
keyword_combination,school,인천광역시,부평구,산곡동,,부광고등학교,부광고등학교,고등학교,고등학생,과학,false,고등학생,과학,부광고등학교 고등학생 과학과외,부광고등학교고등학생과학과외,부광고등학교 고등학생 과학과외 과학 원리와 문제 적용 순서를 점검합니다 학습 방향을 함께 살펴봅니다,부광고등학교 고등학생 과학과외를 살펴볼 때에는 학습 계획은 풀이 과정의 근거를 확인하고 다음 단계로 연결하는 방식이 좋습니다. 학습 계획은 하루에 실천할 분량을 구체적으로 정하고 작은 단위로 조정하면 꾸준히 이어가기 쉽습니다. 학습 계획은 풀이 과정의 근거를 확인하고 기록을 남기면 다음 계획의 기준이 분명해집니다. 복습 과정은 과목별 우선순위를 나누어 보고 스스로 설명하는 시간을 더하면 이해가 선명해집니다. 학습한 내용과 실제 수행 결과를 비교하면 다음 공부의 우선순위를 더 구체적으로 정할 수 있습니다.,부광고등학교 고등학생 과학과외를 알아볼 때에는 꾸준한 학습을 위해서는 목표와 사용할 시간을 구체적으로 연결하고 점검 기준을 세우는 데 있습니다. 학습 습관을 만들 때는 중요한 개념을 서로 연결하고 완료 여부보다 이해 과정을 살피는 것이 중요합니다. 고등 과정에서는 과목별 목표와 사용할 시간을 구체적으로 나누고 장기적인 공부 흐름을 안정적으로 유지할 수 있습니다. 과학 탐구 과정을 살펴볼 때는 가설과 결과 사이의 관계를 확인하고 단순 암기보다 이해한 내용을 오래 유지하는 데 도움이 됩니다. 학습 습관을 만들 때는 문제의 조건과 요구 사항을 구분하고 무리하지 않는 범위에서 반복하는 편이 안정적입니다. 학습 습관을 만들 때는 실수의 원인을 유형별로 나누고 정해진 시점에 다시 확인하면 기억을 오래 유지하는 데 도움이 됩니다. 작게 나눈 목표를 현재 수준에 맞게 조금씩 조정하면 꾸준한 학습 흐름을 만드는 데 도움이 됩니다.,opening_009|body_general_043|body_high_028|body_science_050|body_general_047|body_general_025|ending_031,description_general_031|description_general_007|description_general_035|description_general_068,body_general|body_high|body_science|description_general|endings|openings,title_pattern_031,학습 기록을 다음 계획으로 연결하는,개념과 적용의 연결을 살펴봅니다,grade_subject,부광고등학교|고등학생|과학|과외,0
keyword_combination,school,전라남도,목포시,목포시용당동,,목상고등학교,목상고등학교,고등학교,고등학생,국어,false,고등학생,국어,목상고등학교 고등학생 국어과외,목상고등학교고등학생국어과외,목상고등학교 고등학생 국어과외 교과 내용을 자신의 말로 설명해 보는 질문과 설명의 과정을 안내합니다,목상고등학교 고등학생 국어과외를 살펴볼 때에는 학습 계획은 풀이 과정의 근거를 확인하고 다음 단계로 연결하는 방식이 좋습니다. 학습 계획은 하루에 실천할 분량을 구체적으로 정하고 다음 단계로 연결하는 방식이 좋습니다. 학습 계획은 공부한 내용을 기억에서 꺼내 보고 스스로 설명하는 시간을 더하면 이해가 선명해집니다. 복습 과정은 주간 목표와 실제 결과를 비교하고 작은 단위로 조정하면 꾸준히 이어가기 쉽습니다. 학습한 내용과 실제 수행 결과를 비교하면 다음 공부의 우선순위를 더 구체적으로 정할 수 있습니다.,목상고등학교 고등학생 국어과외를 알아볼 때에는 과외 학습의 방향을 세울 때는 배운 내용을 스스로 설명해 보고 점검 기준을 세우는 데 있습니다. 오답을 관리할 때는 배운 내용을 자신의 말로 설명하고 완료 여부보다 이해 과정을 살피는 것이 중요합니다. 고등 과정에서는 과목별 목표와 사용할 시간을 구체적으로 나누고 학습 우선순위를 정하는 기준이 필요합니다. 국어 독해에서는 화자의 태도와 표현 효과를 구분하고 근거와 결론을 함께 적으면 답안이 선명해집니다. 학습 습관을 만들 때는 계획과 실제 수행량의 차이를 확인하고 정해진 시점에 다시 확인하면 기억을 오래 유지하는 데 도움이 됩니다. 오답을 관리할 때는 현재 가능한 분량부터 정하고 무리하지 않는 범위에서 반복하는 편이 안정적입니다. 작게 나눈 목표를 무리하지 않는 범위에서 이어가면 꾸준한 학습 흐름을 만드는 데 도움이 됩니다.,opening_020|body_general_118|body_high_025|body_korean_010|body_general_035|body_general_102|ending_035,description_general_031|description_general_006|description_general_018|description_general_077,body_general|body_high|body_korean|description_general|endings|openings,title_pattern_032,교과 내용을 자신의 말로 설명해 보는,질문과 설명의 과정을 안내합니다,grade_subject,목상고등학교|고등학생|국어|과외,0
keyword_combination,school,전북특별자치도,전주시,효자동,,동암고등학교,동암고등학교,고등학교,고등학생,영수,false,고등학생,영수,동암고등학교 고등학생 영수과외,동암고등학교고등학생영수과외,동암고등학교 고등학생 영수과외 학습 부담을 나누어 꾸준히 이어가는 시험 범위별 우선순위를 확인합니다,동암고등학교 고등학생 영수과외를 살펴볼 때에는 학습 계획은 주간 목표와 실제 결과를 비교하고 다음 단계로 연결하는 방식이 좋습니다. 학습 계획은 공부한 내용을 기억에서 꺼내 보고 작은 단위로 조정하면 꾸준히 이어가기 쉽습니다. 학습 계획은 모르는 부분을 질문으로 바꾸고 반복 시점을 정해 두면 학습 공백을 줄일 수 있습니다. 학습 계획은 틀린 이유를 짧게 설명해 보고 다음 단계로 연결하는 방식이 좋습니다. 학습한 내용과 실제 수행 결과를 비교하면 다음 공부의 우선순위를 더 구체적으로 정할 수 있습니다.,동암고등학교 고등학생 영수과외를 알아볼 때에는 과외 학습의 방향을 세울 때는 목표와 사용할 시간을 구체적으로 연결하고 점검 기준을 세우는 데 있습니다. 학습 습관을 만들 때는 계획과 실제 수행량의 차이를 확인하고 무리하지 않는 범위에서 반복하는 편이 안정적입니다. 고등학생은 개념의 연결 관계와 출제 조건을 확인하고 장기적인 공부 흐름을 안정적으로 유지할 수 있습니다. 영수 학습 계획을 세울 때는 하루 학습량을 실제 가능한 수준으로 나누고 과목별 부담이 한쪽으로 치우치는 것을 줄일 수 있습니다. 오답을 관리할 때는 집중이 유지되는 시간을 기준으로 쉬는 때를 정하고 다음 공부에 반영하는 과정이 필요합니다. 학습 습관을 만들 때는 실수의 원인을 유형별로 나누고 조금씩 기준을 높이면 학습 리듬을 유지할 수 있습니다. 스스로 세운 계획을 무리하지 않는 범위에서 이어가면 꾸준한 학습 흐름을 만드는 데 도움이 됩니다.,opening_019|body_general_032|body_high_008|body_english_math_027|body_general_126|body_general_024|ending_020,description_general_036|description_general_017|description_general_024|description_general_011,body_english_math|body_general|body_high|description_general|endings|openings,title_pattern_020,학습 부담을 나누어 꾸준히 이어가는,시험 범위별 우선순위를 확인합니다,grade_subject,동암고등학교|고등학생|영수|과외,0
keyword_combination,school,제주특별자치도,제주시,봉개동,,대기고등학교,대기고등학교,고등학교,,,true,고등학생,국영수과외,대기고등학교 내신과외,대기고등학교내신과외,대기고등학교 내신과외 단기 목표와 누적 복습을 함께 배치하는 학습 기록을 활용하는 방법을 정리합니다,대기고등학교 내신과외를 살펴볼 때에는 복습 과정은 틀린 이유를 짧게 설명해 보고 스스로 설명하는 시간을 더하면 이해가 선명해집니다. 복습 과정은 과목별 우선순위를 나누어 보고 다음 단계로 연결하는 방식이 좋습니다. 복습 과정은 풀이 과정의 근거를 확인하고 반복 시점을 정해 두면 학습 공백을 줄일 수 있습니다. 학습 계획은 틀린 이유를 짧게 설명해 보고 다음 단계로 연결하는 방식이 좋습니다. 학습한 내용과 실제 수행 결과를 비교하면 다음 공부의 우선순위를 더 구체적으로 정할 수 있습니다.,대기고등학교 내신과외를 알아볼 때에는 꾸준한 학습을 위해서는 목표와 사용할 시간을 구체적으로 연결하고 점검 기준을 세우는 데 있습니다. 복습을 진행할 때는 실수의 원인을 유형별로 나누고 무리하지 않는 범위에서 반복하는 편이 안정적입니다. 학습 습관을 만들 때는 계획과 실제 수행량의 차이를 확인하고 다음 공부에 반영하는 과정이 필요합니다. 복습을 진행할 때는 짧은 목표를 세운 뒤 결과를 기록하고 완료 여부보다 이해 과정을 살피는 것이 중요합니다. 내신 시험 범위를 확인할 때는 틀린 이유를 개념과 해석 과정으로 나누고 계획과 실제 진도를 비교하며 조정할 수 있습니다. 오답을 관리할 때는 중요한 개념을 서로 연결하고 무리하지 않는 범위에서 반복하는 편이 안정적입니다. 점검한 오답 내용을 현재 수준에 맞게 조금씩 조정하면 꾸준한 학습 흐름을 만드는 데 도움이 됩니다.,opening_009|body_general_072|body_general_031|body_general_063|body_internal_exam_040|body_general_142|ending_036,description_general_053|description_general_066|description_general_074|description_general_011,body_general|body_internal_exam|description_general|endings|openings,title_pattern_022,단기 목표와 누적 복습을 함께 배치하는,학습 기록을 활용하는 방법을 정리합니다,exam_only,대기고등학교|내신|과외,0
keyword_combination,school,충청남도,공주시,중학동,,공주고등학교,공주고등학교,고등학교,,영어,true,고등학생,영어,공주고등학교 영어 내신과외,공주고등학교영어내신과외,공주고등학교 영어 내신과외 주간 계획과 실천 결과를 비교하는 학습 기록을 활용하는 방법을 정리합니다,공주고등학교 영어 내신과외를 살펴볼 때에는 복습 과정은 틀린 이유를 짧게 설명해 보고 반복 시점을 정해 두면 학습 공백을 줄일 수 있습니다. 학습 계획은 풀이 과정의 근거를 확인하고 반복 시점을 정해 두면 학습 공백을 줄일 수 있습니다. 학습 계획은 과목별 우선순위를 나누어 보고 스스로 설명하는 시간을 더하면 이해가 선명해집니다. 복습 과정은 과목별 우선순위를 나누어 보고 작은 단위로 조정하면 꾸준히 이어가기 쉽습니다. 학습한 내용과 실제 수행 결과를 비교하면 다음 공부의 우선순위를 더 구체적으로 정할 수 있습니다.,공주고등학교 영어 내신과외를 알아볼 때에는 새로운 내용을 익히기 전에는 과목별 습관과 오답의 원인을 살피고 점검 기준을 세우는 데 있습니다. 복습을 진행할 때는 이해한 내용과 어려운 내용을 구분하고 완료 여부보다 이해 과정을 살피는 것이 중요합니다. 학습 습관을 만들 때는 현재 가능한 분량부터 정하고 조금씩 기준을 높이면 학습 리듬을 유지할 수 있습니다. 영어 어휘를 익힐 때는 단어를 문장 속 의미와 함께 기억하고 짧은 예문을 직접 만들면 기억을 점검하기 좋습니다. 내신 시험 범위를 확인할 때는 시험일까지 필요한 복습 횟수를 계산하고 서술형과 객관식의 준비 기준을 함께 세울 수 있습니다. 학습 습관을 만들 때는 배운 내용을 자신의 말로 설명하고 정해진 시점에 다시 확인하면 기억을 오래 유지하는 데 도움이 됩니다. 반복해서 익힌 습관을 완료한 뒤 이유까지 돌아보면 꾸준한 학습 흐름을 만드는 데 도움이 됩니다.,opening_033|body_general_058|body_general_004|body_english_001|body_internal_exam_034|body_general_020|ending_029,description_general_054|description_general_034|description_general_028|description_general_067,body_english|body_general|body_internal_exam|description_general|endings|openings,title_pattern_021,주간 계획과 실천 결과를 비교하는,학습 기록을 활용하는 방법을 정리합니다,subject_exam,공주고등학교|영어|내신|과외,0
keyword_combination,school,충청북도,청주시,용담동,,주성고등학교,주성고등학교,고등학교,,수학,true,고등학생,수학,주성고등학교 수학 내신과외,주성고등학교수학내신과외,주성고등학교 수학 내신과외 풀이 근거와 판단 순서를 꼼꼼히 살피는 시험 범위별 우선순위를 확인합니다,주성고등학교 수학 내신과외를 살펴볼 때에는 학습 계획은 과목별 우선순위를 나누어 보고 작은 단위로 조정하면 꾸준히 이어가기 쉽습니다. 학습 계획은 풀이 과정의 근거를 확인하고 기록을 남기면 다음 계획의 기준이 분명해집니다. 학습 계획은 주간 목표와 실제 결과를 비교하고 다음 단계로 연결하는 방식이 좋습니다. 복습 과정은 틀린 이유를 짧게 설명해 보고 작은 단위로 조정하면 꾸준히 이어가기 쉽습니다. 학습한 내용과 실제 수행 결과를 비교하면 다음 공부의 우선순위를 더 구체적으로 정할 수 있습니다.,주성고등학교 수학 내신과외를 알아볼 때에는 목표에 맞는 학습을 준비하려면 현재 알고 있는 내용과 어려운 부분을 구분하고 점검 기준을 세우는 데 있습니다. 오답을 관리할 때는 짧은 목표를 세운 뒤 결과를 기록하고 무리하지 않는 범위에서 반복하는 편이 안정적입니다. 오답을 관리할 때는 중요한 개념을 서로 연결하고 무리하지 않는 범위에서 반복하는 편이 안정적입니다. 수학 계산을 점검할 때는 주어진 조건을 식과 그림으로 바꾸고 검산하는 순서를 정하면 실수를 줄이는 데 도움이 됩니다. 내신 시험 범위를 확인할 때는 기억이 약한 범위를 우선 배치하고 서술형과 객관식의 준비 기준을 함께 세울 수 있습니다. 오답을 관리할 때는 배운 내용을 자신의 말로 설명하고 정해진 시점에 다시 확인하면 기억을 오래 유지하는 데 도움이 됩니다. 작게 나눈 목표를 정해진 주기로 다시 살펴보면 꾸준한 학습 흐름을 만드는 데 도움이 됩니다.,opening_036|body_general_112|body_general_142|body_math_034|body_internal_exam_044|body_general_120|ending_033,description_general_027|description_general_035|description_general_036|description_general_052,body_general|body_internal_exam|body_math|description_general|endings|openings,title_pattern_005,풀이 근거와 판단 순서를 꼼꼼히 살피는,시험 범위별 우선순위를 확인합니다,subject_exam,주성고등학교|수학|내신|과외,0
keyword_combination,school,강원특별자치도,강릉시,지변동,,강릉문성고등학교,강릉문성고등학교,고등학교,,과학,true,고등학생,과학,강릉문성고등학교 과학 내신과외,강릉문성고등학교과학내신과외,강릉문성고등학교 과학 내신과외 과목별 공부 순서를 균형 있게 살펴보는 자기주도학습 방법을 살펴봅니다,강릉문성고등학교 과학 내신과외를 살펴볼 때에는 학습 계획은 하루에 실천할 분량을 구체적으로 정하고 기록을 남기면 다음 계획의 기준이 분명해집니다. 학습 계획은 공부한 내용을 기억에서 꺼내 보고 반복 시점을 정해 두면 학습 공백을 줄일 수 있습니다. 복습 과정은 틀린 이유를 짧게 설명해 보고 다음 단계로 연결하는 방식이 좋습니다. 학습 계획은 현재 이해한 범위를 먼저 확인하고 작은 단위로 조정하면 꾸준히 이어가기 쉽습니다. 학습한 내용과 실제 수행 결과를 비교하면 다음 공부의 우선순위를 더 구체적으로 정할 수 있습니다.,강릉문성고등학교 과학 내신과외를 알아볼 때에는 꾸준한 학습을 위해서는 실천할 수 있는 분량과 순서를 정하고 점검 기준을 세우는 데 있습니다. 오답을 관리할 때는 계획과 실제 수행량의 차이를 확인하고 무리하지 않는 범위에서 반복하는 편이 안정적입니다. 오답을 관리할 때는 현재 가능한 분량부터 정하고 다음 공부에 반영하는 과정이 필요합니다. 과학 개념을 이해할 때는 실험 조건과 달라진 변인을 나누고 서술형 답안의 흐름을 분명하게 만들 수 있습니다. 내신 시험 범위를 확인할 때는 수업에서 강조된 내용과 기본 개념을 구분하고 시험 직전의 부담을 나누는 데 도움이 됩니다. 오답을 관리할 때는 계획과 실제 수행량의 차이를 확인하고 다음 공부에 반영하는 과정이 필요합니다. 반복해서 익힌 습관을 정해진 주기로 다시 살펴보면 꾸준한 학습 흐름을 만드는 데 도움이 됩니다.,opening_007|body_general_132|body_general_101|body_science_029|body_internal_exam_002|body_general_131|ending_028,description_general_010|description_general_019|description_general_051|description_general_002,body_general|body_internal_exam|body_science|description_general|endings|openings,title_pattern_030,과목별 공부 순서를 균형 있게 살펴보는,자기주도학습 방법을 살펴봅니다,subject_exam,강릉문성고등학교|과학|내신|과외,0
keyword_combination,school,경기도,양주시,삼숭동,,양주고등학교,양주고등학교,고등학교,,국어,true,고등학생,국어,양주고등학교 국어 내신과외,양주고등학교국어내신과외,양주고등학교 국어 내신과외 과목별 공부 순서를 균형 있게 살펴보는 시험 범위별 우선순위를 확인합니다,양주고등학교 국어 내신과외를 살펴볼 때에는 학습 계획은 주간 목표와 실제 결과를 비교하고 다음 단계로 연결하는 방식이 좋습니다. 학습 계획은 틀린 이유를 짧게 설명해 보고 다음 단계로 연결하는 방식이 좋습니다. 복습 과정은 풀이 과정의 근거를 확인하고 반복 시점을 정해 두면 학습 공백을 줄일 수 있습니다. 복습 과정은 풀이 과정의 근거를 확인하고 기록을 남기면 다음 계획의 기준이 분명해집니다. 학습한 내용과 실제 수행 결과를 비교하면 다음 공부의 우선순위를 더 구체적으로 정할 수 있습니다.,양주고등학교 국어 내신과외를 알아볼 때에는 공부의 출발점은 목표와 사용할 시간을 구체적으로 연결하고 점검 기준을 세우는 데 있습니다. 학습 습관을 만들 때는 이해한 내용과 어려운 내용을 구분하고 정해진 시점에 다시 확인하면 기억을 오래 유지하는 데 도움이 됩니다. 오답을 관리할 때는 집중이 유지되는 시간을 기준으로 쉬는 때를 정하고 완료 여부보다 이해 과정을 살피는 것이 중요합니다. 국어 독해에서는 답의 근거가 되는 표현을 지문에서 찾고 읽은 뒤 짧게 요약하면 이해 여부를 확인할 수 있습니다. 내신 교과서를 복습할 때는 제출 일정과 평가 기준을 미리 기록하고 학교 시험 준비 과정을 구체적으로 관리할 수 있습니다. 학습 습관을 만들 때는 계획과 실제 수행량의 차이를 확인하고 무리하지 않는 범위에서 반복하는 편이 안정적입니다. 정리한 학습 기준을 정해진 주기로 다시 살펴보면 꾸준한 학습 흐름을 만드는 데 도움이 됩니다.,opening_004|body_general_010|body_general_128|body_korean_007|body_internal_exam_068|body_general_032|ending_008,description_general_036|description_general_011|description_general_074|description_general_075,body_general|body_internal_exam|body_korean|description_general|endings|openings,title_pattern_021,과목별 공부 순서를 균형 있게 살펴보는,시험 범위별 우선순위를 확인합니다,subject_exam,양주고등학교|국어|내신|과외,0
keyword_combination,school,경상남도,창원시,팔용동,,창원성민여자고등학교,창원성민여자고등학교,고등학교,,영수,true,고등학생,영수,창원성민여자고등학교 영수 내신과외,창원성민여자고등학교영수내신과외,창원성민여자고등학교 영수 내신과외 주간 계획과 실천 결과를 비교하는 질문과 설명의 과정을 안내합니다,창원성민여자고등학교 영수 내신과외를 살펴볼 때에는 학습 계획은 모르는 부분을 질문으로 바꾸고 작은 단위로 조정하면 꾸준히 이어가기 쉽습니다. 학습 계획은 풀이 과정의 근거를 확인하고 스스로 설명하는 시간을 더하면 이해가 선명해집니다. 복습 과정은 하루에 실천할 분량을 구체적으로 정하고 스스로 설명하는 시간을 더하면 이해가 선명해집니다. 학습 계획은 과목별 우선순위를 나누어 보고 반복 시점을 정해 두면 학습 공백을 줄일 수 있습니다. 학습한 내용과 실제 수행 결과를 비교하면 다음 공부의 우선순위를 더 구체적으로 정할 수 있습니다.,창원성민여자고등학교 영수 내신과외를 알아볼 때에는 효율적인 공부 흐름을 만들려면 실천할 수 있는 분량과 순서를 정하고 점검 기준을 세우는 데 있습니다. 학습 습관을 만들 때는 실수의 원인을 유형별로 나누고 다음 공부에 반영하는 과정이 필요합니다. 오답을 관리할 때는 짧은 목표를 세운 뒤 결과를 기록하고 완료 여부보다 이해 과정을 살피는 것이 중요합니다. 영어와 수학 시간을 배분할 때는 하루 학습량을 실제 가능한 수준으로 나누고 두 과목의 학습 흐름을 안정적으로 이어갈 수 있습니다. 내신 시험 범위를 확인할 때는 기억이 약한 범위를 우선 배치하고 계획과 실제 진도를 비교하며 조정할 수 있습니다. 학습 습관을 만들 때는 배운 내용을 자신의 말로 설명하고 정해진 시점에 다시 확인하면 기억을 오래 유지하는 데 도움이 됩니다. 이와 같은 과정을 무리하지 않는 범위에서 이어가면 꾸준한 학습 흐름을 만드는 데 도움이 됩니다.,opening_022|body_general_021|body_general_113|body_english_math_066|body_internal_exam_045|body_general_020|ending_005,description_general_022|description_general_033|description_general_048|description_general_029,body_english_math|body_general|body_internal_exam|description_general|endings|openings,title_pattern_031,주간 계획과 실천 결과를 비교하는,질문과 설명의 과정을 안내합니다,subject_exam,창원성민여자고등학교|영수|내신|과외,0
keyword_combination,school,경상북도,영천시,도동,,영천성남여자고등학교,영천성남여자고등학교,고등학교,고등,,true,고등학생,국영수과외,영천성남여자고등학교 고등 내신과외,영천성남여자고등학교고등내신과외,영천성남여자고등학교 고등 내신과외 질문과 설명 습관을 차분히 기르는 집중과 휴식의 기준을 점검합니다,영천성남여자고등학교 고등 내신과외를 살펴볼 때에는 학습 계획은 주간 목표와 실제 결과를 비교하고 스스로 설명하는 시간을 더하면 이해가 선명해집니다. 학습 계획은 모르는 부분을 질문으로 바꾸고 스스로 설명하는 시간을 더하면 이해가 선명해집니다. 복습 과정은 현재 이해한 범위를 먼저 확인하고 작은 단위로 조정하면 꾸준히 이어가기 쉽습니다. 복습 과정은 풀이 과정의 근거를 확인하고 스스로 설명하는 시간을 더하면 이해가 선명해집니다. 학습한 내용과 실제 수행 결과를 비교하면 다음 공부의 우선순위를 더 구체적으로 정할 수 있습니다.,영천성남여자고등학교 고등 내신과외를 알아볼 때에는 현재의 학습 상태를 이해하려면 과목별 습관과 오답의 원인을 살피고 점검 기준을 세우는 데 있습니다. 복습을 진행할 때는 짧은 목표를 세운 뒤 결과를 기록하고 다음 공부에 반영하는 과정이 필요합니다. 고등학생은 오답을 개념과 해석 과정으로 구분하고 학습 우선순위를 정하는 기준이 필요합니다. 오답을 관리할 때는 현재 가능한 분량부터 정하고 정해진 시점에 다시 확인하면 기억을 오래 유지하는 데 도움이 됩니다. 내신 시험 범위를 확인할 때는 시험일까지 필요한 복습 횟수를 계산하고 시험 직전의 부담을 나누는 데 도움이 됩니다. 학습 습관을 만들 때는 집중이 유지되는 시간을 기준으로 쉬는 때를 정하고 다음 공부에 반영하는 과정이 필요합니다. 점검한 오답 내용을 다음 계획에 구체적으로 반영하면 꾸준한 학습 흐름을 만드는 데 도움이 됩니다.,opening_013|body_general_061|body_high_013|body_general_105|body_internal_exam_032|body_general_026|ending_037,description_general_038|description_general_023|description_general_042|description_general_073,body_general|body_high|body_internal_exam|description_general|endings|openings,title_pattern_010,질문과 설명 습관을 차분히 기르는,집중과 휴식의 기준을 점검합니다,grade_exam,영천성남여자고등학교|고등|내신|과외,0
keyword_combination,school,광주광역시,북구,일곡동,,살레시오고등학교,살레시오고등학교,고등학교,고등학생,,true,고등학생,국영수과외,살레시오고등학교 고등학생 내신과외,살레시오고등학교고등학생내신과외,살레시오고등학교 고등학생 내신과외 학습 기록을 다음 계획으로 연결하는 개념 이해의 순서를 확인합니다,살레시오고등학교 고등학생 내신과외를 살펴볼 때에는 복습 과정은 풀이 과정의 근거를 확인하고 기록을 남기면 다음 계획의 기준이 분명해집니다. 학습 계획은 현재 이해한 범위를 먼저 확인하고 다음 단계로 연결하는 방식이 좋습니다. 복습 과정은 과목별 우선순위를 나누어 보고 작은 단위로 조정하면 꾸준히 이어가기 쉽습니다. 학습 계획은 모르는 부분을 질문으로 바꾸고 작은 단위로 조정하면 꾸준히 이어가기 쉽습니다. 학습한 내용과 실제 수행 결과를 비교하면 다음 공부의 우선순위를 더 구체적으로 정할 수 있습니다.,살레시오고등학교 고등학생 내신과외를 알아볼 때에는 효율적인 공부 흐름을 만들려면 실천할 수 있는 분량과 순서를 정하고 점검 기준을 세우는 데 있습니다. 오답을 관리할 때는 질문의 핵심을 한 문장으로 적고 무리하지 않는 범위에서 반복하는 편이 안정적입니다. 고등 과정에서는 오답을 개념과 해석 과정으로 구분하고 근거를 설명할 수 있을 때까지 확인하는 편이 좋습니다. 복습을 진행할 때는 문제의 조건과 요구 사항을 구분하고 완료 여부보다 이해 과정을 살피는 것이 중요합니다. 내신 시험 범위를 확인할 때는 시험일까지 필요한 복습 횟수를 계산하고 시험 직전의 부담을 나누는 데 도움이 됩니다. 복습을 진행할 때는 배운 내용을 자신의 말로 설명하고 완료 여부보다 이해 과정을 살피는 것이 중요합니다. 이와 같은 과정을 무리하지 않는 범위에서 이어가면 꾸준한 학습 흐름을 만드는 데 도움이 됩니다.,opening_022|body_general_137|body_high_038|body_general_098|body_internal_exam_032|body_general_068|ending_005,description_general_075|description_general_001|description_general_067|description_general_022,body_general|body_high|body_internal_exam|description_general|endings|openings,title_pattern_015,학습 기록을 다음 계획으로 연결하는,개념 이해의 순서를 확인합니다,grade_exam,살레시오고등학교|고등학생|내신|과외,0
keyword_combination,school,대구광역시,동구,신천동,,청구고등학교,청구고등학교,고등학교,고등,영어,true,고등학생,영어,청구고등학교 고등 영어 내신과외,청구고등학교고등영어내신과외,청구고등학교 고등 영어 내신과외 학습 기록을 활용하는 방법을 정리합니다 학습 방향을 함께 살펴봅니다,청구고등학교 고등 영어 내신과외를 살펴볼 때에는 학습 계획은 틀린 이유를 짧게 설명해 보고 다음 단계로 연결하는 방식이 좋습니다. 복습 과정은 공부한 내용을 기억에서 꺼내 보고 스스로 설명하는 시간을 더하면 이해가 선명해집니다. 복습 과정은 모르는 부분을 질문으로 바꾸고 작은 단위로 조정하면 꾸준히 이어가기 쉽습니다. 복습 과정은 공부한 내용을 기억에서 꺼내 보고 작은 단위로 조정하면 꾸준히 이어가기 쉽습니다. 학습한 내용과 실제 수행 결과를 비교하면 다음 공부의 우선순위를 더 구체적으로 정할 수 있습니다.,청구고등학교 고등 영어 내신과외를 알아볼 때에는 과외 학습의 방향을 세울 때는 배운 내용을 스스로 설명해 보고 점검 기준을 세우는 데 있습니다. 복습을 진행할 때는 배운 내용을 자신의 말로 설명하고 정해진 시점에 다시 확인하면 기억을 오래 유지하는 데 도움이 됩니다. 내신과 모의고사를 함께 준비할 때는 과목별 목표와 사용할 시간을 구체적으로 나누고 취약 영역을 다음 계획에 바로 반영할 수 있습니다. 영어 어휘를 익힐 때는 단어를 문장 속 의미와 함께 기억하고 짧은 예문을 직접 만들면 기억을 점검하기 좋습니다. 내신 시험 범위를 확인할 때는 프린트의 핵심 문장과 보충 내용을 나누고 시험 직전의 부담을 나누는 데 도움이 됩니다. 오답을 관리할 때는 질문의 핵심을 한 문장으로 적고 완료 여부보다 이해 과정을 살피는 것이 중요합니다. 스스로 세운 계획을 정해진 주기로 다시 살펴보면 꾸준한 학습 흐름을 만드는 데 도움이 됩니다.,opening_020|body_general_070|body_high_051|body_english_001|body_internal_exam_012|body_general_138|ending_018,description_general_011|description_general_058|description_general_062|description_general_057,body_english|body_general|body_high|body_internal_exam|description_general|endings|openings,title_pattern_014,복습 주기와 학습량을 함께 조절하는,학습 기록을 활용하는 방법을 정리합니다,grade_subject_exam,청구고등학교|고등|영어|내신|과외,0
keyword_combination,school,대전광역시,유성구,관평동,,중일고등학교,중일고등학교,고등학교,고등,수학,true,고등학생,수학,중일고등학교 고등 수학 내신과외,중일고등학교고등수학내신과외,중일고등학교 고등 수학 내신과외 학습 기록을 활용하는 방법을 정리합니다 학습 방향을 함께 살펴봅니다,중일고등학교 고등 수학 내신과외를 살펴볼 때에는 복습 과정은 풀이 과정의 근거를 확인하고 스스로 설명하는 시간을 더하면 이해가 선명해집니다. 복습 과정은 하루에 실천할 분량을 구체적으로 정하고 다음 단계로 연결하는 방식이 좋습니다. 학습 계획은 풀이 과정의 근거를 확인하고 반복 시점을 정해 두면 학습 공백을 줄일 수 있습니다. 복습 과정은 주간 목표와 실제 결과를 비교하고 기록을 남기면 다음 계획의 기준이 분명해집니다. 학습한 내용과 실제 수행 결과를 비교하면 다음 공부의 우선순위를 더 구체적으로 정할 수 있습니다.,중일고등학교 고등 수학 내신과외를 알아볼 때에는 꾸준한 학습을 위해서는 목표와 사용할 시간을 구체적으로 연결하고 점검 기준을 세우는 데 있습니다. 오답을 관리할 때는 문제의 조건과 요구 사항을 구분하고 완료 여부보다 이해 과정을 살피는 것이 중요합니다. 고등학생은 주간 진도와 누적 복습의 비율을 조정하고 근거를 설명할 수 있을 때까지 확인하는 편이 좋습니다. 수학 개념을 익힐 때는 틀린 부분을 개념과 계산으로 구분하고 검산하는 순서를 정하면 실수를 줄이는 데 도움이 됩니다. 내신 시험 범위를 확인할 때는 프린트의 핵심 문장과 보충 내용을 나누고 시험 직전의 부담을 나누는 데 도움이 됩니다. 복습을 진행할 때는 중요한 개념을 서로 연결하고 다음 공부에 반영하는 과정이 필요합니다. 점검한 오답 내용을 완료한 뒤 이유까지 돌아보면 꾸준한 학습 흐름을 만드는 데 도움이 됩니다.,opening_009|body_general_148|body_high_018|body_math_014|body_internal_exam_012|body_general_091|ending_039,description_general_073|description_general_046|description_general_034|description_general_080,body_general|body_high|body_internal_exam|body_math|description_general|endings|openings,title_pattern_022,교과 진도와 취약 부분을 함께 확인하는,학습 기록을 활용하는 방법을 정리합니다,grade_subject_exam,중일고등학교|고등|수학|내신|과외,0
keyword_combination,school,부산광역시,동래구,사직동,,사직여자고등학교,사직여자고등학교,고등학교,고등,과학,true,고등학생,과학,사직여자고등학교 고등 과학 내신과외,사직여자고등학교고등과학내신과외,사직여자고등학교 고등 과학 내신과외 매일 실천할 공부 기준을 안내합니다 학습 방향을 함께 살펴봅니다,사직여자고등학교 고등 과학 내신과외를 살펴볼 때에는 학습 계획은 하루에 실천할 분량을 구체적으로 정하고 다음 단계로 연결하는 방식이 좋습니다. 복습 과정은 틀린 이유를 짧게 설명해 보고 스스로 설명하는 시간을 더하면 이해가 선명해집니다. 학습 계획은 하루에 실천할 분량을 구체적으로 정하고 스스로 설명하는 시간을 더하면 이해가 선명해집니다. 복습 과정은 현재 이해한 범위를 먼저 확인하고 작은 단위로 조정하면 꾸준히 이어가기 쉽습니다. 학습한 내용과 실제 수행 결과를 비교하면 다음 공부의 우선순위를 더 구체적으로 정할 수 있습니다.,사직여자고등학교 고등 과학 내신과외를 알아볼 때에는 목표에 맞는 학습을 준비하려면 목표와 사용할 시간을 구체적으로 연결하고 점검 기준을 세우는 데 있습니다. 학습 습관을 만들 때는 실수의 원인을 유형별로 나누고 정해진 시점에 다시 확인하면 기억을 오래 유지하는 데 도움이 됩니다. 내신과 모의고사를 함께 준비할 때는 과목별 목표와 사용할 시간을 구체적으로 나누고 장기적인 공부 흐름을 안정적으로 유지할 수 있습니다. 과학 탐구 과정을 살펴볼 때는 관찰한 현상과 원인을 구분하고 단순 암기보다 이해한 내용을 오래 유지하는 데 도움이 됩니다. 내신 시험 범위를 확인할 때는 완료한 범위와 다시 볼 범위를 표시하고 학교 시험 준비 과정을 구체적으로 관리할 수 있습니다. 학습 습관을 만들 때는 이해한 내용과 어려운 내용을 구분하고 다음 공부에 반영하는 과정이 필요합니다. 점검한 오답 내용을 무리하지 않는 범위에서 이어가면 꾸준한 학습 흐름을 만드는 데 도움이 됩니다.,opening_039|body_general_025|body_high_052|body_science_045|body_internal_exam_048|body_general_006|ending_040,description_general_006|description_general_053|description_general_008|description_general_042,body_general|body_high|body_internal_exam|body_science|description_general|endings|openings,title_pattern_016,복습 주기와 학습량을 함께 조절하는,매일 실천할 공부 기준을 안내합니다,grade_subject_exam,사직여자고등학교|고등|과학|내신|과외,0
keyword_combination,school,서울특별시,은평구,진관동,,신도고등학교,신도고등학교,고등학교,고등,국어,true,고등학생,국어,신도고등학교 고등 국어 내신과외,신도고등학교고등국어내신과외,신도고등학교 고등 국어 내신과외 풀이 근거와 판단 순서를 꼼꼼히 살피는 시험 대비 흐름을 점검합니다,신도고등학교 고등 국어 내신과외를 살펴볼 때에는 학습 계획은 틀린 이유를 짧게 설명해 보고 작은 단위로 조정하면 꾸준히 이어가기 쉽습니다. 학습 계획은 주간 목표와 실제 결과를 비교하고 다음 단계로 연결하는 방식이 좋습니다. 학습 계획은 과목별 우선순위를 나누어 보고 다음 단계로 연결하는 방식이 좋습니다. 복습 과정은 하루에 실천할 분량을 구체적으로 정하고 작은 단위로 조정하면 꾸준히 이어가기 쉽습니다. 학습한 내용과 실제 수행 결과를 비교하면 다음 공부의 우선순위를 더 구체적으로 정할 수 있습니다.,신도고등학교 고등 국어 내신과외를 알아볼 때에는 공부의 출발점은 실천할 수 있는 분량과 순서를 정하고 점검 기준을 세우는 데 있습니다. 오답을 관리할 때는 질문의 핵심을 한 문장으로 적고 정해진 시점에 다시 확인하면 기억을 오래 유지하는 데 도움이 됩니다. 고등학생은 제한 시간 안에서 풀이 순서를 점검하고 장기적인 공부 흐름을 안정적으로 유지할 수 있습니다. 국어 독해에서는 화자의 태도와 표현 효과를 구분하고 오답 선택지가 틀린 이유까지 살피면 판단 기준이 생깁니다. 내신 시험 범위를 확인할 때는 틀린 이유를 개념과 해석 과정으로 나누고 학교 시험 준비 과정을 구체적으로 관리할 수 있습니다. 복습을 진행할 때는 계획과 실제 수행량의 차이를 확인하고 완료 여부보다 이해 과정을 살피는 것이 중요합니다. 정리한 학습 기준을 현재 수준에 맞게 조금씩 조정하면 꾸준한 학습 흐름을 만드는 데 도움이 됩니다.,opening_002|body_general_140|body_high_024|body_korean_012|body_internal_exam_038|body_general_083|ending_006,description_general_012|description_general_036|description_general_026|description_general_047,body_general|body_high|body_internal_exam|body_korean|description_general|endings|openings,title_pattern_024,풀이 근거와 판단 순서를 꼼꼼히 살피는,시험 대비 흐름을 점검합니다,grade_subject_exam,신도고등학교|고등|국어|내신|과외,0
keyword_combination,school,세종특별자치시,세종시,종촌동,,종촌고등학교,종촌고등학교,고등학교,고등,영수,true,고등학생,영수,종촌고등학교 고등 영수 내신과외,종촌고등학교고등영수내신과외,종촌고등학교 고등 영수 내신과외 취약 부분을 보완하는 흐름을 알아봅니다 학습 방향을 함께 살펴봅니다,종촌고등학교 고등 영수 내신과외를 살펴볼 때에는 복습 과정은 과목별 우선순위를 나누어 보고 스스로 설명하는 시간을 더하면 이해가 선명해집니다. 복습 과정은 과목별 우선순위를 나누어 보고 기록을 남기면 다음 계획의 기준이 분명해집니다. 복습 과정은 틀린 이유를 짧게 설명해 보고 반복 시점을 정해 두면 학습 공백을 줄일 수 있습니다. 학습 계획은 과목별 우선순위를 나누어 보고 기록을 남기면 다음 계획의 기준이 분명해집니다. 학습한 내용과 실제 수행 결과를 비교하면 다음 공부의 우선순위를 더 구체적으로 정할 수 있습니다.,종촌고등학교 고등 영수 내신과외를 알아볼 때에는 꾸준한 학습을 위해서는 실천할 수 있는 분량과 순서를 정하고 점검 기준을 세우는 데 있습니다. 학습 습관을 만들 때는 집중이 유지되는 시간을 기준으로 쉬는 때를 정하고 무리하지 않는 범위에서 반복하는 편이 안정적입니다. 고등 과정에서는 기출 문제에서 반복되는 판단 기준을 찾고 취약 영역을 다음 계획에 바로 반영할 수 있습니다. 영수 학습 계획을 세울 때는 주간 결과에서 부족한 과목의 시간을 보완하고 과목별 부담이 한쪽으로 치우치는 것을 줄일 수 있습니다. 내신 시험 범위를 확인할 때는 틀린 이유를 개념과 해석 과정으로 나누고 시험 직전의 부담을 나누는 데 도움이 됩니다. 복습을 진행할 때는 실수의 원인을 유형별로 나누고 다음 공부에 반영하는 과정이 필요합니다. 이와 같은 과정을 무리하지 않는 범위에서 이어가면 꾸준한 학습 흐름을 만드는 데 도움이 됩니다.,opening_007|body_general_027|body_high_035|body_english_math_032|body_internal_exam_037|body_general_071|ending_005,description_general_068|description_general_070|description_general_054|description_general_030,body_english_math|body_general|body_high|body_internal_exam|description_general|endings|openings,title_pattern_007,학습 습관을 현실적으로 조정하는,취약 부분을 보완하는 흐름을 알아봅니다,grade_subject_exam,종촌고등학교|고등|영수|내신|과외,0
keyword_combination,school,울산광역시,남구,선암동,,울산삼일고등학교,울산삼일고등학교,고등학교,고등학생,영어,true,고등학생,영어,울산삼일고등학교 고등학생 영어 내신과외,울산삼일고등학교고등학생영어내신과외,울산삼일고등학교 고등학생 영어 내신과외 개념과 적용의 연결을 살펴봅니다 학습 방향을 함께 살펴봅니다,울산삼일고등학교 고등학생 영어 내신과외를 살펴볼 때에는 복습 과정은 틀린 이유를 짧게 설명해 보고 스스로 설명하는 시간을 더하면 이해가 선명해집니다. 학습 계획은 과목별 우선순위를 나누어 보고 기록을 남기면 다음 계획의 기준이 분명해집니다. 복습 과정은 틀린 이유를 짧게 설명해 보고 반복 시점을 정해 두면 학습 공백을 줄일 수 있습니다. 학습 계획은 현재 이해한 범위를 먼저 확인하고 다음 단계로 연결하는 방식이 좋습니다. 학습한 내용과 실제 수행 결과를 비교하면 다음 공부의 우선순위를 더 구체적으로 정할 수 있습니다.,울산삼일고등학교 고등학생 영어 내신과외를 알아볼 때에는 꾸준한 학습을 위해서는 현재 알고 있는 내용과 어려운 부분을 구분하고 점검 기준을 세우는 데 있습니다. 복습을 진행할 때는 짧은 목표를 세운 뒤 결과를 기록하고 무리하지 않는 범위에서 반복하는 편이 안정적입니다. 고등학생은 주간 진도와 누적 복습의 비율을 조정하고 취약 영역을 다음 계획에 바로 반영할 수 있습니다. 영어 문장을 해석할 때는 문법 요소가 문장에서 하는 역할을 찾고 읽은 내용을 한 문장으로 요약하는 연습이 유용합니다. 내신 시험 범위를 확인할 때는 제출 일정과 평가 기준을 미리 기록하고 다음 복습의 우선순위를 정하는 것이 좋습니다. 학습 습관을 만들 때는 질문의 핵심을 한 문장으로 적고 조금씩 기준을 높이면 학습 리듬을 유지할 수 있습니다. 정리한 학습 기준을 정해진 주기로 다시 살펴보면 꾸준한 학습 흐름을 만드는 데 도움이 됩니다.,opening_006|body_general_062|body_high_019|body_english_039|body_internal_exam_016|body_general_039|ending_008,description_general_053|description_general_030|description_general_054|description_general_001,body_english|body_general|body_high|body_internal_exam|description_general|endings|openings,title_pattern_029,현재 수준에 맞춰 단계적으로 접근하는,개념과 적용의 연결을 살펴봅니다,grade_subject_exam,울산삼일고등학교|고등학생|영어|내신|과외,0
keyword_combination,school,인천광역시,중구,운서동,,인천하늘고등학교,인천하늘고등학교,고등학교,고등학생,수학,true,고등학생,수학,인천하늘고등학교 고등학생 수학 내신과외,인천하늘고등학교고등학생수학내신과외,인천하늘고등학교 고등학생 수학 내신과외 집중과 휴식의 기준을 점검합니다 학습 방향을 함께 살펴봅니다,인천하늘고등학교 고등학생 수학 내신과외를 살펴볼 때에는 복습 과정은 현재 이해한 범위를 먼저 확인하고 다음 단계로 연결하는 방식이 좋습니다. 복습 과정은 과목별 우선순위를 나누어 보고 다음 단계로 연결하는 방식이 좋습니다. 복습 과정은 모르는 부분을 질문으로 바꾸고 기록을 남기면 다음 계획의 기준이 분명해집니다. 학습 계획은 하루에 실천할 분량을 구체적으로 정하고 기록을 남기면 다음 계획의 기준이 분명해집니다. 학습한 내용과 실제 수행 결과를 비교하면 다음 공부의 우선순위를 더 구체적으로 정할 수 있습니다.,인천하늘고등학교 고등학생 수학 내신과외를 알아볼 때에는 새로운 내용을 익히기 전에는 배운 내용을 스스로 설명해 보고 점검 기준을 세우는 데 있습니다. 복습을 진행할 때는 중요한 개념을 서로 연결하고 무리하지 않는 범위에서 반복하는 편이 안정적입니다. 고등학생은 과목별 목표와 사용할 시간을 구체적으로 나누고 취약 영역을 다음 계획에 바로 반영할 수 있습니다. 수학 계산을 점검할 때는 정의와 조건을 먼저 확인하고 조건이 달라졌을 때의 변화를 살펴보면 응용력이 자랍니다. 내신 교과서를 복습할 때는 단원별 학습량과 남은 시간을 비교하고 계획과 실제 진도를 비교하며 조정할 수 있습니다. 복습을 진행할 때는 중요한 개념을 서로 연결하고 완료 여부보다 이해 과정을 살피는 것이 중요합니다. 매주 확인한 결과를 정해진 주기로 다시 살펴보면 꾸준한 학습 흐름을 만드는 데 도움이 됩니다.,opening_035|body_general_092|body_high_003|body_math_028|body_internal_exam_080|body_general_093|ending_013,description_general_041|description_general_066|description_general_065|description_general_010,body_general|body_high|body_internal_exam|body_math|description_general|endings|openings,title_pattern_007,스스로 공부하는 기준을 조금씩 세우는,집중과 휴식의 기준을 점검합니다,grade_subject_exam,인천하늘고등학교|고등학생|수학|내신|과외,0
keyword_combination,school,전라남도,순천시,순천시용당동,,순천효산고등학교,순천효산고등학교,고등학교,고등학생,과학,true,고등학생,과학,순천효산고등학교 고등학생 과학 내신과외,순천효산고등학교고등학생과학내신과외,순천효산고등학교 고등학생 과학 내신과외 질문과 설명의 과정을 안내합니다 학습 방향을 함께 살펴봅니다,순천효산고등학교 고등학생 과학 내신과외를 살펴볼 때에는 복습 과정은 주간 목표와 실제 결과를 비교하고 다음 단계로 연결하는 방식이 좋습니다. 학습 계획은 모르는 부분을 질문으로 바꾸고 작은 단위로 조정하면 꾸준히 이어가기 쉽습니다. 복습 과정은 모르는 부분을 질문으로 바꾸고 작은 단위로 조정하면 꾸준히 이어가기 쉽습니다. 학습 계획은 모르는 부분을 질문으로 바꾸고 스스로 설명하는 시간을 더하면 이해가 선명해집니다. 학습한 내용과 실제 수행 결과를 비교하면 다음 공부의 우선순위를 더 구체적으로 정할 수 있습니다.,순천효산고등학교 고등학생 과학 내신과외를 알아볼 때에는 과외 학습의 방향을 세울 때는 과목별 습관과 오답의 원인을 살피고 점검 기준을 세우는 데 있습니다. 학습 습관을 만들 때는 계획과 실제 수행량의 차이를 확인하고 무리하지 않는 범위에서 반복하는 편이 안정적입니다. 고등 과정에서는 오답을 개념과 해석 과정으로 구분하고 학습 우선순위를 정하는 기준이 필요합니다. 과학 탐구 과정을 살펴볼 때는 실험 조건과 달라진 변인을 나누고 예상과 결과의 차이를 돌아보는 과정이 필요합니다. 내신 교과서를 복습할 때는 단원별 학습량과 남은 시간을 비교하고 서술형과 객관식의 준비 기준을 함께 세울 수 있습니다. 학습 습관을 만들 때는 집중이 유지되는 시간을 기준으로 쉬는 때를 정하고 조금씩 기준을 높이면 학습 리듬을 유지할 수 있습니다. 반복해서 익힌 습관을 완료한 뒤 이유까지 돌아보면 꾸준한 학습 흐름을 만드는 데 도움이 됩니다.,opening_018|body_general_032|body_high_037|body_science_067|body_internal_exam_079|body_general_029|ending_029,description_general_076|description_general_022|description_general_062|description_general_023,body_general|body_high|body_internal_exam|body_science|description_general|endings|openings,title_pattern_029,문제 해결 과정을 근거부터 확인하는,질문과 설명의 과정을 안내합니다,grade_subject_exam,순천효산고등학교|고등학생|과학|내신|과외,0
keyword_combination,school,전북특별자치도,전주시,장동,,양현고등학교,양현고등학교,고등학교,고등학생,국어,true,고등학생,국어,양현고등학교 고등학생 국어 내신과외,양현고등학교고등학생국어내신과외,양현고등학교 고등학생 국어 내신과외 질문과 설명 습관을 차분히 기르는 자기주도학습 방법을 살펴봅니다,양현고등학교 고등학생 국어 내신과외를 살펴볼 때에는 복습 과정은 과목별 우선순위를 나누어 보고 기록을 남기면 다음 계획의 기준이 분명해집니다. 학습 계획은 모르는 부분을 질문으로 바꾸고 다음 단계로 연결하는 방식이 좋습니다. 복습 과정은 하루에 실천할 분량을 구체적으로 정하고 다음 단계로 연결하는 방식이 좋습니다. 복습 과정은 하루에 실천할 분량을 구체적으로 정하고 기록을 남기면 다음 계획의 기준이 분명해집니다. 학습한 내용과 실제 수행 결과를 비교하면 다음 공부의 우선순위를 더 구체적으로 정할 수 있습니다.,양현고등학교 고등학생 국어 내신과외를 알아볼 때에는 새로운 내용을 익히기 전에는 현재 알고 있는 내용과 어려운 부분을 구분하고 점검 기준을 세우는 데 있습니다. 학습 습관을 만들 때는 실수의 원인을 유형별로 나누고 정해진 시점에 다시 확인하면 기억을 오래 유지하는 데 도움이 됩니다. 내신과 모의고사를 함께 준비할 때는 기출 문제에서 반복되는 판단 기준을 찾고 학습 우선순위를 정하는 기준이 필요합니다. 국어 독해에서는 답의 근거가 되는 표현을 지문에서 찾고 자신의 말로 핵심을 다시 설명해 보는 것이 좋습니다. 내신 시험 범위를 확인할 때는 틀린 이유를 개념과 해석 과정으로 나누고 시험 직전의 부담을 나누는 데 도움이 됩니다. 복습을 진행할 때는 이해한 내용과 어려운 내용을 구분하고 정해진 시점에 다시 확인하면 기억을 오래 유지하는 데 도움이 됩니다. 스스로 세운 계획을 무리하지 않는 범위에서 이어가면 꾸준한 학습 흐름을 만드는 데 도움이 됩니다.,opening_031|body_general_025|body_high_057|body_korean_005|body_internal_exam_037|body_general_060|ending_020,description_general_070|description_general_021|description_general_046|description_general_050,body_general|body_high|body_internal_exam|body_korean|description_general|endings|openings,title_pattern_024,질문과 설명 습관을 차분히 기르는,자기주도학습 방법을 살펴봅니다,grade_subject_exam,양현고등학교|고등학생|국어|내신|과외,0
keyword_combination,school,제주특별자치도,제주시,이도이동,,제주중앙여자고등학교,제주중앙여자고등학교,고등학교,고등학생,영수,true,고등학생,영수,제주중앙여자고등학교 고등학생 영수 내신과외,제주중앙여자고등학교고등학생영수내신과외,제주중앙여자고등학교 고등학생 영수 내신과외 주간 학습 흐름을 확인합니다 학습 방향을 함께 살펴봅니다,제주중앙여자고등학교 고등학생 영수 내신과외를 살펴볼 때에는 학습 계획은 주간 목표와 실제 결과를 비교하고 반복 시점을 정해 두면 학습 공백을 줄일 수 있습니다. 학습 계획은 현재 이해한 범위를 먼저 확인하고 작은 단위로 조정하면 꾸준히 이어가기 쉽습니다. 복습 과정은 풀이 과정의 근거를 확인하고 스스로 설명하는 시간을 더하면 이해가 선명해집니다. 복습 과정은 과목별 우선순위를 나누어 보고 기록을 남기면 다음 계획의 기준이 분명해집니다. 학습한 내용과 실제 수행 결과를 비교하면 다음 공부의 우선순위를 더 구체적으로 정할 수 있습니다.,제주중앙여자고등학교 고등학생 영수 내신과외를 알아볼 때에는 매일의 학습을 안정적으로 이어가려면 현재 알고 있는 내용과 어려운 부분을 구분하고 점검 기준을 세우는 데 있습니다. 복습을 진행할 때는 계획과 실제 수행량의 차이를 확인하고 조금씩 기준을 높이면 학습 리듬을 유지할 수 있습니다. 고등 과정에서는 기출 문제에서 반복되는 판단 기준을 찾고 취약 영역을 다음 계획에 바로 반영할 수 있습니다. 영수 학습 계획을 세울 때는 하루 학습량을 실제 가능한 수준으로 나누고 두 과목의 학습 흐름을 안정적으로 이어갈 수 있습니다. 내신 교과서를 복습할 때는 기억이 약한 범위를 우선 배치하고 다음 복습의 우선순위를 정하는 것이 좋습니다. 오답을 관리할 때는 집중이 유지되는 시간을 기준으로 쉬는 때를 정하고 다음 공부에 반영하는 과정이 필요합니다. 작게 나눈 목표를 무리하지 않는 범위에서 이어가면 꾸준한 학습 흐름을 만드는 데 도움이 됩니다.,opening_026|body_general_084|body_high_035|body_english_math_026|body_internal_exam_091|body_general_126|ending_035,description_general_039|description_general_002|description_general_073|description_general_070,body_english_math|body_general|body_high|body_internal_exam|description_general|endings|openings,title_pattern_013,기초부터 차근차근 점검하는,주간 학습 흐름을 확인합니다,grade_subject_exam,제주중앙여자고등학교|고등학생|영수|내신|과외,0
keyword_combination,school,충청남도,논산시,등화동,,논산대건고등학교,논산대건고등학교,고등학교,,,false,고등학생,국영수과외,논산대건고등학교과외,논산대건고등학교과외,논산대건고등학교과외 공부 방향을 살펴봅니다 학습 방향을 함께 살펴봅니다 시험 준비을 함께 살펴봅니다,논산대건고등학교과외를 살펴볼 때에는 학습 계획은 주간 목표와 실제 결과를 비교하고 스스로 설명하는 시간을 더하면 이해가 선명해집니다. 복습 과정은 공부한 내용을 기억에서 꺼내 보고 스스로 설명하는 시간을 더하면 이해가 선명해집니다. 학습 계획은 과목별 우선순위를 나누어 보고 스스로 설명하는 시간을 더하면 이해가 선명해집니다. 복습 과정은 현재 이해한 범위를 먼저 확인하고 스스로 설명하는 시간을 더하면 이해가 선명해집니다. 학습한 내용과 실제 수행 결과를 비교하면 다음 공부의 우선순위를 더 구체적으로 정할 수 있습니다.,논산대건고등학교과외를 알아볼 때에는 꾸준한 학습을 위해서는 과목별 습관과 오답의 원인을 살피고 점검 기준을 세우는 데 있습니다. 학습 습관을 만들 때는 계획과 실제 수행량의 차이를 확인하고 다음 공부에 반영하는 과정이 필요합니다. 학습 습관을 만들 때는 문제의 조건과 요구 사항을 구분하고 정해진 시점에 다시 확인하면 기억을 오래 유지하는 데 도움이 됩니다. 학습 습관을 만들 때는 배운 내용을 자신의 말로 설명하고 조금씩 기준을 높이면 학습 리듬을 유지할 수 있습니다. 복습을 진행할 때는 실수의 원인을 유형별로 나누고 완료 여부보다 이해 과정을 살피는 것이 중요합니다. 복습을 진행할 때는 이해한 내용과 어려운 내용을 구분하고 조금씩 기준을 높이면 학습 리듬을 유지할 수 있습니다. 이와 같은 과정을 현재 수준에 맞게 조금씩 조정하면 꾸준한 학습 흐름을 만드는 데 도움이 됩니다.,opening_008|body_general_031|body_general_050|body_general_019|body_general_073|body_general_059|ending_001,description_general_038|description_general_058|description_general_028|description_general_043,body_general|description_general|endings|openings,title_pattern_030,스스로 공부하는 기준을 조금씩 세우는,공부 방향을 살펴봅니다,base,논산대건고등학교|과외,0
keyword_combination,school,충청북도,영동군,영동군영동,,영동미래고등학교,영동미래고등학교,고등학교,,영어,false,고등학생,영어,영동미래고등학교 영어과외,영동미래고등학교영어과외,영동미래고등학교 영어과외 어휘 복습과 독해 문제 접근 기준을 살펴봅니다 학습 방향을 함께 살펴봅니다,영동미래고등학교 영어과외를 살펴볼 때에는 학습 계획은 공부한 내용을 기억에서 꺼내 보고 기록을 남기면 다음 계획의 기준이 분명해집니다. 학습 계획은 하루에 실천할 분량을 구체적으로 정하고 다음 단계로 연결하는 방식이 좋습니다. 학습 계획은 과목별 우선순위를 나누어 보고 기록을 남기면 다음 계획의 기준이 분명해집니다. 학습 계획은 모르는 부분을 질문으로 바꾸고 다음 단계로 연결하는 방식이 좋습니다. 학습한 내용과 실제 수행 결과를 비교하면 다음 공부의 우선순위를 더 구체적으로 정할 수 있습니다.,영동미래고등학교 영어과외를 알아볼 때에는 현재의 학습 상태를 이해하려면 실천할 수 있는 분량과 순서를 정하고 점검 기준을 세우는 데 있습니다. 학습 습관을 만들 때는 집중이 유지되는 시간을 기준으로 쉬는 때를 정하고 무리하지 않는 범위에서 반복하는 편이 안정적입니다. 학습 습관을 만들 때는 현재 가능한 분량부터 정하고 조금씩 기준을 높이면 학습 리듬을 유지할 수 있습니다. 영어 문장을 해석할 때는 틀린 해석의 원인을 어휘와 구조로 나누고 짧은 예문을 직접 만들면 기억을 점검하기 좋습니다. 오답을 관리할 때는 실수의 원인을 유형별로 나누고 무리하지 않는 범위에서 반복하는 편이 안정적입니다. 학습 습관을 만들 때는 배운 내용을 자신의 말로 설명하고 완료 여부보다 이해 과정을 살피는 것이 중요합니다. 정리한 학습 기준을 무리하지 않는 범위에서 이어가면 꾸준한 학습 흐름을 만드는 데 도움이 됩니다.,opening_012|body_general_027|body_general_004|body_english_045|body_general_122|body_general_018|ending_010,description_general_020|description_general_006|description_general_030|description_general_021,body_english|body_general|description_general|endings|openings,title_pattern_016,개념과 문제풀이를 함께 보는,시험 범위별 우선순위를 확인합니다,subject_only,영동미래고등학교|영어|과외,0
keyword_combination,school,강원특별자치도,강릉시,초당동,,강릉고등학교,강릉고등학교,고등학교,,수학,false,고등학생,수학,강릉고등학교 수학과외,강릉고등학교수학과외,강릉고등학교 수학과외 풀이 근거와 판단 순서를 꼼꼼히 살피는 학습 기록을 활용하는 방법을 정리합니다,강릉고등학교 수학과외를 살펴볼 때에는 학습 계획은 틀린 이유를 짧게 설명해 보고 기록을 남기면 다음 계획의 기준이 분명해집니다. 학습 계획은 현재 이해한 범위를 먼저 확인하고 기록을 남기면 다음 계획의 기준이 분명해집니다. 복습 과정은 풀이 과정의 근거를 확인하고 다음 단계로 연결하는 방식이 좋습니다. 복습 과정은 현재 이해한 범위를 먼저 확인하고 반복 시점을 정해 두면 학습 공백을 줄일 수 있습니다. 학습한 내용과 실제 수행 결과를 비교하면 다음 공부의 우선순위를 더 구체적으로 정할 수 있습니다.,강릉고등학교 수학과외를 알아볼 때에는 효율적인 공부 흐름을 만들려면 현재 알고 있는 내용과 어려운 부분을 구분하고 점검 기준을 세우는 데 있습니다. 복습을 진행할 때는 실수의 원인을 유형별로 나누고 완료 여부보다 이해 과정을 살피는 것이 중요합니다. 학습 습관을 만들 때는 집중이 유지되는 시간을 기준으로 쉬는 때를 정하고 정해진 시점에 다시 확인하면 기억을 오래 유지하는 데 도움이 됩니다. 수학 계산을 점검할 때는 주어진 조건을 식과 그림으로 바꾸고 풀이를 비교하면 더 간결한 방법을 찾을 수 있습니다. 복습을 진행할 때는 실수의 원인을 유형별로 나누고 다음 공부에 반영하는 과정이 필요합니다. 오답을 관리할 때는 현재 가능한 분량부터 정하고 다음 공부에 반영하는 과정이 필요합니다. 과목별로 남긴 기록을 완료한 뒤 이유까지 돌아보면 꾸준한 학습 흐름을 만드는 데 도움이 됩니다.,opening_021|body_general_073|body_general_030|body_math_035|body_general_071|body_general_101|ending_024,description_general_015|description_general_005|description_general_071|description_general_044,body_general|body_math|description_general|endings|openings,title_pattern_013,풀이 근거와 판단 순서를 꼼꼼히 살피는,학습 기록을 활용하는 방법을 정리합니다,subject_only,강릉고등학교|수학|과외,0
keyword_combination,school,경기도,시흥시,하상동,,시흥고등학교,시흥고등학교,고등학교,,과학,false,고등학생,과학,시흥고등학교 과학과외,시흥고등학교과학과외,시흥고등학교 과학과외 서술 과정과 답의 근거를 함께 점검하는 학습 기록을 활용하는 방법을 정리합니다,시흥고등학교 과학과외를 살펴볼 때에는 학습 계획은 주간 목표와 실제 결과를 비교하고 기록을 남기면 다음 계획의 기준이 분명해집니다. 학습 계획은 풀이 과정의 근거를 확인하고 스스로 설명하는 시간을 더하면 이해가 선명해집니다. 학습 계획은 모르는 부분을 질문으로 바꾸고 기록을 남기면 다음 계획의 기준이 분명해집니다. 학습 계획은 과목별 우선순위를 나누어 보고 다음 단계로 연결하는 방식이 좋습니다. 학습한 내용과 실제 수행 결과를 비교하면 다음 공부의 우선순위를 더 구체적으로 정할 수 있습니다.,시흥고등학교 과학과외를 알아볼 때에는 공부의 출발점은 현재 알고 있는 내용과 어려운 부분을 구분하고 점검 기준을 세우는 데 있습니다. 오답을 관리할 때는 중요한 개념을 서로 연결하고 정해진 시점에 다시 확인하면 기억을 오래 유지하는 데 도움이 됩니다. 학습 습관을 만들 때는 실수의 원인을 유형별로 나누고 무리하지 않는 범위에서 반복하는 편이 안정적입니다. 과학 탐구 과정을 살펴볼 때는 단원마다 반복되는 원리를 연결하고 예상과 결과의 차이를 돌아보는 과정이 필요합니다. 오답을 관리할 때는 짧은 목표를 세운 뒤 결과를 기록하고 정해진 시점에 다시 확인하면 기억을 오래 유지하는 데 도움이 됩니다. 오답을 관리할 때는 질문의 핵심을 한 문장으로 적고 정해진 시점에 다시 확인하면 기억을 오래 유지하는 데 도움이 됩니다. 이와 같은 과정을 정해진 주기로 다시 살펴보면 꾸준한 학습 흐름을 만드는 데 도움이 됩니다.,opening_001|body_general_145|body_general_022|body_science_062|body_general_115|body_general_140|ending_003,description_general_040|description_general_033|description_general_025|description_general_026,body_general|body_science|description_general|endings|openings,title_pattern_010,서술 과정과 답의 근거를 함께 점검하는,학습 기록을 활용하는 방법을 정리합니다,subject_only,시흥고등학교|과학|과외,0
keyword_combination,school,경상남도,김해시,율하동,,김해외국어고등학교,김해외국어고등학교,고등학교,,국어,false,고등학생,국어,김해외국어고등학교 국어과외,김해외국어고등학교국어과외,김해외국어고등학교 국어과외 질문과 설명 습관을 차분히 기르는 취약 부분을 보완하는 흐름을 알아봅니다,김해외국어고등학교 국어과외를 살펴볼 때에는 복습 과정은 현재 이해한 범위를 먼저 확인하고 다음 단계로 연결하는 방식이 좋습니다. 복습 과정은 풀이 과정의 근거를 확인하고 다음 단계로 연결하는 방식이 좋습니다. 복습 과정은 풀이 과정의 근거를 확인하고 작은 단위로 조정하면 꾸준히 이어가기 쉽습니다. 복습 과정은 주간 목표와 실제 결과를 비교하고 반복 시점을 정해 두면 학습 공백을 줄일 수 있습니다. 학습한 내용과 실제 수행 결과를 비교하면 다음 공부의 우선순위를 더 구체적으로 정할 수 있습니다.,김해외국어고등학교 국어과외를 알아볼 때에는 목표에 맞는 학습을 준비하려면 실천할 수 있는 분량과 순서를 정하고 점검 기준을 세우는 데 있습니다. 복습을 진행할 때는 계획과 실제 수행량의 차이를 확인하고 완료 여부보다 이해 과정을 살피는 것이 중요합니다. 복습을 진행할 때는 이해한 내용과 어려운 내용을 구분하고 정해진 시점에 다시 확인하면 기억을 오래 유지하는 데 도움이 됩니다. 국어 서술형을 준비할 때는 주장과 뒷받침 내용을 나누어 정리하고 오답 선택지가 틀린 이유까지 살피면 판단 기준이 생깁니다. 복습을 진행할 때는 문제의 조건과 요구 사항을 구분하고 정해진 시점에 다시 확인하면 기억을 오래 유지하는 데 도움이 됩니다. 복습을 진행할 때는 현재 가능한 분량부터 정하고 다음 공부에 반영하는 과정이 필요합니다. 반복해서 익힌 습관을 완료한 뒤 이유까지 돌아보면 꾸준한 학습 흐름을 만드는 데 도움이 됩니다.,opening_037|body_general_083|body_general_060|body_korean_048|body_general_100|body_general_051|ending_029,description_general_041|description_general_071|description_general_072|description_general_079,body_general|body_korean|description_general|endings|openings,title_pattern_006,질문과 설명 습관을 차분히 기르는,취약 부분을 보완하는 흐름을 알아봅니다,subject_only,김해외국어고등학교|국어|과외,0
keyword_combination,school,경상북도,경산시,경산시사동,,사동고등학교,사동고등학교,고등학교,,영수,false,고등학생,영수,사동고등학교 영수과외,사동고등학교영수과외,사동고등학교 영수과외 집중 시간과 공부 분량을 알맞게 나누는 학습 기록을 활용하는 방법을 정리합니다,사동고등학교 영수과외를 살펴볼 때에는 학습 계획은 풀이 과정의 근거를 확인하고 스스로 설명하는 시간을 더하면 이해가 선명해집니다. 복습 과정은 하루에 실천할 분량을 구체적으로 정하고 반복 시점을 정해 두면 학습 공백을 줄일 수 있습니다. 학습 계획은 풀이 과정의 근거를 확인하고 반복 시점을 정해 두면 학습 공백을 줄일 수 있습니다. 학습 계획은 과목별 우선순위를 나누어 보고 반복 시점을 정해 두면 학습 공백을 줄일 수 있습니다. 학습한 내용과 실제 수행 결과를 비교하면 다음 공부의 우선순위를 더 구체적으로 정할 수 있습니다.,사동고등학교 영수과외를 알아볼 때에는 공부의 출발점은 실천할 수 있는 분량과 순서를 정하고 점검 기준을 세우는 데 있습니다. 복습을 진행할 때는 중요한 개념을 서로 연결하고 정해진 시점에 다시 확인하면 기억을 오래 유지하는 데 도움이 됩니다. 오답을 관리할 때는 중요한 개념을 서로 연결하고 정해진 시점에 다시 확인하면 기억을 오래 유지하는 데 도움이 됩니다. 영어와 수학 시간을 배분할 때는 과목을 바꾸는 시점과 쉬는 시간을 미리 정하고 영수 학습의 진행 상황을 한눈에 점검하기 쉬워집니다. 오답을 관리할 때는 배운 내용을 자신의 말로 설명하고 정해진 시점에 다시 확인하면 기억을 오래 유지하는 데 도움이 됩니다. 복습을 진행할 때는 실수의 원인을 유형별로 나누고 정해진 시점에 다시 확인하면 기억을 오래 유지하는 데 도움이 됩니다. 매주 확인한 결과를 완료한 뒤 이유까지 돌아보면 꾸준한 학습 흐름을 만드는 데 도움이 됩니다.,opening_002|body_general_095|body_general_145|body_english_math_055|body_general_120|body_general_075|ending_014,description_general_033|description_general_049|description_general_034|description_general_029,body_english_math|body_general|description_general|endings|openings,title_pattern_028,집중 시간과 공부 분량을 알맞게 나누는,학습 기록을 활용하는 방법을 정리합니다,subject_only,사동고등학교|영수|과외,0
keyword_combination,school,광주광역시,서구,화정동,,광덕고등학교,광덕고등학교,고등학교,고등,,false,고등학생,국영수과외,광덕고등학교 고등과외,광덕고등학교고등과외,광덕고등학교 고등과외 단기 목표와 누적 복습을 함께 배치하는 취약 부분을 보완하는 흐름을 알아봅니다,광덕고등학교 고등과외를 살펴볼 때에는 학습 계획은 풀이 과정의 근거를 확인하고 작은 단위로 조정하면 꾸준히 이어가기 쉽습니다. 복습 과정은 풀이 과정의 근거를 확인하고 기록을 남기면 다음 계획의 기준이 분명해집니다. 학습 계획은 과목별 우선순위를 나누어 보고 다음 단계로 연결하는 방식이 좋습니다. 복습 과정은 모르는 부분을 질문으로 바꾸고 기록을 남기면 다음 계획의 기준이 분명해집니다. 학습한 내용과 실제 수행 결과를 비교하면 다음 공부의 우선순위를 더 구체적으로 정할 수 있습니다.,광덕고등학교 고등과외를 알아볼 때에는 꾸준한 학습을 위해서는 실천할 수 있는 분량과 순서를 정하고 점검 기준을 세우는 데 있습니다. 오답을 관리할 때는 질문의 핵심을 한 문장으로 적고 다음 공부에 반영하는 과정이 필요합니다. 고등학생은 오답을 개념과 해석 과정으로 구분하고 근거를 설명할 수 있을 때까지 확인하는 편이 좋습니다. 학습 습관을 만들 때는 짧은 목표를 세운 뒤 결과를 기록하고 완료 여부보다 이해 과정을 살피는 것이 중요합니다. 복습을 진행할 때는 집중이 유지되는 시간을 기준으로 쉬는 때를 정하고 다음 공부에 반영하는 과정이 필요합니다. 복습을 진행할 때는 중요한 개념을 서로 연결하고 다음 공부에 반영하는 과정이 필요합니다. 반복해서 익힌 습관을 현재 수준에 맞게 조금씩 조정하면 꾸준한 학습 흐름을 만드는 데 도움이 됩니다.,opening_007|body_general_136|body_high_014|body_general_013|body_general_076|body_general_091|ending_026,description_general_032|description_general_075|description_general_026|description_general_065,body_general|body_high|description_general|endings|openings,title_pattern_016,단기 목표와 누적 복습을 함께 배치하는,취약 부분을 보완하는 흐름을 알아봅니다,grade_only,광덕고등학교|고등|과외,0
keyword_combination,school,대구광역시,수성구,욱수동,,덕원고등학교,덕원고등학교,고등학교,고등학생,,false,고등학생,국영수과외,덕원고등학교 고등학생과외,덕원고등학교고등학생과외,덕원고등학교 고등학생과외 풀이 근거와 판단 순서를 꼼꼼히 살피는 교과 진도에 맞는 계획을 알아봅니다,덕원고등학교 고등학생과외를 살펴볼 때에는 학습 계획은 주간 목표와 실제 결과를 비교하고 스스로 설명하는 시간을 더하면 이해가 선명해집니다. 학습 계획은 틀린 이유를 짧게 설명해 보고 반복 시점을 정해 두면 학습 공백을 줄일 수 있습니다. 복습 과정은 주간 목표와 실제 결과를 비교하고 작은 단위로 조정하면 꾸준히 이어가기 쉽습니다. 학습 계획은 현재 이해한 범위를 먼저 확인하고 기록을 남기면 다음 계획의 기준이 분명해집니다. 학습한 내용과 실제 수행 결과를 비교하면 다음 공부의 우선순위를 더 구체적으로 정할 수 있습니다.,덕원고등학교 고등학생과외를 알아볼 때에는 효율적인 공부 흐름을 만들려면 목표와 사용할 시간을 구체적으로 연결하고 점검 기준을 세우는 데 있습니다. 학습 습관을 만들 때는 문제의 조건과 요구 사항을 구분하고 정해진 시점에 다시 확인하면 기억을 오래 유지하는 데 도움이 됩니다. 내신과 모의고사를 함께 준비할 때는 개념의 연결 관계와 출제 조건을 확인하고 장기적인 공부 흐름을 안정적으로 유지할 수 있습니다. 학습 습관을 만들 때는 현재 가능한 분량부터 정하고 무리하지 않는 범위에서 반복하는 편이 안정적입니다. 학습 습관을 만들 때는 집중이 유지되는 시간을 기준으로 쉬는 때를 정하고 다음 공부에 반영하는 과정이 필요합니다. 학습 습관을 만들 때는 짧은 목표를 세운 뒤 결과를 기록하고 완료 여부보다 이해 과정을 살피는 것이 중요합니다. 점검한 오답 내용을 정해진 주기로 다시 살펴보면 꾸준한 학습 흐름을 만드는 데 도움이 됩니다.,opening_024|body_general_050|body_high_056|body_general_002|body_general_026|body_general_013|ending_038,description_general_038|description_general_014|description_general_077|description_general_005,body_general|body_high|description_general|endings|openings,title_pattern_008,풀이 근거와 판단 순서를 꼼꼼히 살피는,교과 진도에 맞는 계획을 알아봅니다,grade_only,덕원고등학교|고등학생|과외,0
